customer_id,customer_name,total_orders,total_items,total_spent,average_order_value,first_order_date,latest_order_date
CUST001326,Vrinda Om,17,155,6689875.81,393522.11,2024-03-13,2026-07-21
CUST000498,Yuvraj Gokhale,19,168,6600734.51,347407.08,2024-01-13,2026-03-30
CUST003492,Tanay Kar,17,160,6282903.31,369582.55,2024-03-22,2026-05-27
CUST002558,Aarush Dhawan,20,175,6243863.97,312193.2,2024-07-02,2026-07-21
CUST000697,Damini Sarma,15,150,6132012.38,408800.83,2024-01-18,2026-07-04
CUST000905,Widisha Dubey,17,154,6099553.83,358797.28,2024-04-21,2026-02-23
CUST002308,Faraj Majumdar,17,161,6054735.36,356160.9,2024-05-02,2026-06-03
CUST003438,Rachit Savant,20,165,5950298.37,297514.92,2024-04-27,2026-07-01
CUST000450,Ojasvi Chaudhry,19,158,5944786.82,312883.52,2024-05-03,2026-07-16
CUST002427,Ikshita Palla,21,170,5939395.92,282828.38,2024-02-24,2026-07-10
CUST004370,Baljiwan Gara,16,149,5927549.10,370471.82,2024-02-11,2026-06-01
CUST003707,Wishi Mani,16,156,5823904.99,363994.06,2024-02-17,2026-04-21
CUST002423,Tanmayi Sama,17,150,5818877.16,342286.89,2024-02-19,2026-06-07
CUST001108,Megha Mane,17,161,5716526.95,336266.29,2024-02-01,2026-04-17
CUST004090,Tarak Oommen,16,145,5703975.97,356498.5,2024-08-30,2026-05-16
CUST003098,Aayush Nayar,15,133,5640469.15,376031.28,2024-02-03,2026-06-05
CUST003140,Vansha Mannan,19,137,5627272.14,296172.22,2024-03-11,2026-07-14
CUST002787,Krisha Sachdeva,15,135,5614506.82,374300.45,2024-02-05,2026-07-21
CUST004804,Yochana Virk,17,146,5604586.01,329681.53,2024-01-18,2026-03-30
CUST000658,Warinder Dhar,18,152,5590154.81,310564.16,2024-04-03,2026-04-05
CUST003691,Balveer Swamy,15,125,5575535.98,371702.4,2024-02-09,2026-02-27
CUST003643,Vivaan Toor,14,135,5559515.86,397108.28,2024-03-21,2025-12-18
CUST001029,Yashodhara Bala,15,129,5553267.10,370217.81,2024-02-15,2026-07-21
CUST001796,Aarush Parsa,19,148,5532549.96,291186.84,2024-04-30,2026-07-21
CUST004417,Kiaan Bal,18,140,5490881.42,305048.97,2024-01-12,2026-03-09
CUST001357,Wazir Prabhu,17,151,5483457.43,322556.32,2024-01-16,2026-07-19
CUST000839,Laban Deshmukh,15,133,5476555.38,365103.69,2024-01-26,2026-07-08
CUST002115,Chaitaly Badal,17,157,5459498.43,321146.97,2024-03-13,2026-06-23
CUST001104,Daksha Shanker,17,138,5450619.30,320624.66,2024-02-11,2026-04-25
CUST000358,Rachit Joshi,16,151,5447626.79,340476.67,2024-01-21,2026-07-21
CUST002757,Gautam Rajagopal,17,131,5402206.28,317776.84,2024-01-08,2026-05-01
CUST001146,Ikshita Anne,13,147,5400199.60,415399.97,2024-01-15,2026-07-06
CUST003551,Finn Ranganathan,18,131,5397918.42,299884.36,2024-03-17,2026-07-21
CUST002004,Chakradhar Dayal,19,166,5383013.67,283316.51,2024-01-05,2026-07-21
CUST004474,Simon Varkey,16,151,5382232.60,336389.54,2024-03-29,2026-04-12
CUST003621,Omaja Sankar,16,137,5376080.92,336005.06,2024-01-01,2026-07-21
CUST001774,Darpan Boase,15,147,5366281.18,357752.08,2024-02-28,2026-07-07
CUST003497,Yadavi Cherian,16,136,5359103.46,334943.97,2024-01-09,2026-06-01
CUST003255,Oscar Tank,14,156,5351278.68,382234.19,2024-01-15,2026-04-08
CUST001418,Karan Kumar,15,149,5332004.90,355466.99,2024-04-10,2026-07-11
CUST000918,Shravya Palan,16,133,5329531.70,333095.73,2024-01-11,2026-06-12
CUST004853,Raagini Raj,18,153,5328828.21,296046.01,2024-03-20,2026-06-21
CUST003824,Eesha Patil,17,142,5324013.61,313177.27,2024-03-30,2026-06-14
CUST004299,Warinder Choudhury,16,140,5321215.73,332575.98,2024-04-24,2026-04-07
CUST000008,Bhavya Konda,18,135,5309210.31,294956.13,2024-01-07,2026-07-21
CUST003544,Aarnav Magar,14,142,5303722.28,378837.31,2024-05-25,2026-07-21
CUST000955,Tripti Keer,17,143,5294280.84,311428.28,2024-01-25,2026-07-10
CUST002116,Krisha Venkataraman,18,134,5287133.17,293729.62,2024-05-30,2026-07-21
CUST004236,Triya Soman,17,148,5272717.13,310159.83,2024-01-17,2026-06-28
CUST004521,Zayyan Sidhu,19,158,5261930.27,276943.7,2024-02-12,2026-07-06
CUST000945,Mohammed Taneja,18,138,5253196.32,291844.24,2024-03-17,2026-03-24
CUST003071,Anita Bhattacharyya,15,143,5233726.94,348915.13,2024-04-01,2026-05-18
CUST000609,Sanya Maharaj,17,138,5226688.54,307452.27,2024-02-27,2026-06-21
CUST003040,Falak Yogi,18,154,5221601.40,290088.97,2024-03-06,2026-07-07
CUST004842,Dhriti Chopra,13,140,5220445.62,401572.74,2024-01-11,2026-07-07
CUST004323,Girish Keer,14,158,5216348.85,372596.35,2024-07-11,2026-05-27
CUST003057,Girik Mall,13,121,5213038.72,401002.98,2024-02-11,2026-02-23
CUST000794,Frederick Prabhu,13,131,5207642.10,400587.85,2024-02-26,2026-03-03
CUST002956,Oliver Devi,14,137,5204053.54,371718.11,2024-04-03,2026-07-13
CUST003860,Leela Puri,19,151,5197509.93,273553.15,2024-01-17,2025-10-21
CUST004908,Faris Dua,17,143,5188753.95,305220.82,2024-03-12,2026-05-01
CUST004081,Avi Prabhakar,18,141,5184417.01,288023.17,2024-02-22,2026-04-29
CUST003293,Yasti Tata,16,135,5172389.50,323274.34,2024-03-03,2026-06-22
CUST002966,Lohit Natt,20,125,5169424.56,258471.23,2024-03-02,2026-04-01
CUST003662,Upkaar Palla,15,127,5163970.72,344264.71,2024-08-18,2026-07-21
CUST004266,Tanish Dewan,19,137,5158900.37,271521.07,2024-02-20,2026-03-18
CUST004276,Karan Kar,17,141,5150695.16,302982.07,2024-01-07,2026-06-25
CUST002064,Indira Memon,19,142,5150495.42,271078.71,2024-01-21,2026-06-29
CUST001837,Wishi Atwal,12,142,5147676.24,428973.02,2024-02-21,2026-05-21
CUST000596,Karan Sabharwal,17,135,5134328.04,302019.3,2024-05-06,2026-07-21
CUST002456,Shivani Sen,15,143,5123247.06,341549.8,2024-01-20,2026-07-13
CUST004045,Vaishnavi Nigam,17,144,5121078.64,301239.92,2024-01-15,2026-05-25
CUST004048,Henry Dubey,14,125,5117630.17,365545.01,2024-02-03,2026-04-26
CUST000531,Gaurika Prabhakar,14,127,5101445.77,364388.98,2024-10-29,2026-07-21
CUST000016,Viraj Sarin,20,153,5099714.47,254985.72,2024-01-16,2026-06-29
CUST004814,Madhavi Bajwa,20,145,5088613.85,254430.69,2024-03-04,2026-07-21
CUST002341,Irya Sen,17,157,5085788.57,299164.03,2024-02-01,2025-11-05
CUST003890,Chaaya Mall,21,147,5077952.73,241807.27,2024-01-08,2026-07-21
CUST001112,Fariq Barad,19,131,5074857.00,267097.74,2024-02-22,2026-07-17
CUST000147,Hiral Kulkarni,19,135,5040645.33,265297.12,2024-01-30,2026-07-21
CUST002708,Nihal Sodhi,18,137,5038405.66,279911.43,2024-02-14,2026-07-21
CUST004756,Rayaan Bansal,17,140,5033165.16,296068.54,2024-04-21,2026-07-10
CUST004645,Kala Barad,18,132,5026799.19,279266.62,2024-03-30,2026-07-11
CUST001559,Chandresh Dugar,18,157,5019817.99,278878.78,2024-01-21,2026-06-27
CUST000639,Chakradev Krishnan,15,123,5016509.60,334433.97,2024-01-03,2026-03-09
CUST003864,Anvi Prasad,15,110,5015095.30,334339.69,2024-01-21,2026-03-25
CUST000118,Laban Swamy,18,140,5009101.98,278283.44,2024-02-24,2026-07-04
CUST003261,Oscar Bajaj,17,138,5006123.34,294477.84,2024-02-12,2026-05-11
CUST003271,Barkha Mohan,17,122,4999379.27,294081.13,2024-07-15,2026-04-09
CUST001261,Jalsa Rajagopalan,17,137,4987883.14,293404.89,2024-01-09,2026-03-18
CUST004735,Falak Shenoy,18,136,4983408.46,276856.03,2024-03-29,2026-07-18
CUST004423,Ekanta Agarwal,16,130,4979388.36,311211.77,2024-01-21,2026-06-17
CUST004071,Thomas Iyer,18,132,4974776.69,276376.48,2024-01-16,2026-07-01
CUST004702,Geetika Gopal,17,152,4948929.98,291113.53,2024-03-16,2026-04-30
CUST003678,Abdul Kanda,15,128,4941276.91,329418.46,2024-01-02,2026-07-19
CUST001864,Jhalak Kannan,18,122,4936157.30,274230.96,2024-01-16,2026-06-27
CUST002742,Diya Borde,11,98,4934448.07,448586.19,2024-08-30,2025-10-31
CUST001131,Arjun Shere,16,148,4932598.64,308287.42,2024-02-16,2026-07-07
CUST001886,Aahana Ramesh,16,129,4931277.67,308204.85,2024-05-27,2026-07-12
CUST004670,Ryan Palla,15,126,4929944.89,328662.99,2024-01-06,2026-05-05
CUST001673,Upkaar Munshi,11,117,4928226.29,448020.57,2024-02-10,2026-01-21
CUST003018,Saksham Thakur,16,131,4919089.14,307443.07,2024-01-13,2026-06-05
CUST002614,Finn Gala,18,116,4913802.01,272989.0,2024-01-08,2026-07-12
CUST004072,Balvan Kala,16,120,4901604.03,306350.25,2024-05-10,2026-05-29
CUST001953,Vasatika Sahota,15,126,4895881.19,326392.08,2024-04-19,2026-03-16
CUST001625,Jeet Ramesh,18,138,4894290.81,271905.05,2024-03-11,2026-07-21
CUST000992,Vamakshi Savant,16,125,4890835.51,305677.22,2024-04-15,2026-06-29
CUST002404,Gaurav Agate,12,112,4887126.98,407260.58,2024-04-04,2026-07-21
CUST001207,Jasmit Keer,18,133,4884933.46,271385.19,2024-03-29,2026-07-10
CUST000581,Amruta Aggarwal,14,126,4884357.76,348882.7,2024-04-03,2026-04-09
CUST001163,Ira Sanghvi,14,128,4880128.08,348580.58,2024-02-03,2026-03-04
CUST000624,Mohammed Agate,12,112,4879948.42,406662.37,2024-01-05,2026-04-28
CUST001479,Pavani Menon,18,158,4877202.26,270955.68,2024-01-14,2026-02-21
CUST003378,Darika Gole,15,119,4863144.67,324209.64,2024-01-20,2026-06-27
CUST000650,Orinder Choudhry,21,141,4854343.95,231159.24,2024-01-07,2026-06-16
CUST002934,Sathvik Gill,14,126,4851298.80,346521.34,2024-04-10,2026-07-19
CUST004033,Lipika Keer,12,112,4847181.40,403931.78,2024-06-26,2026-05-10
CUST001336,Manan Bose,15,141,4844911.72,322994.11,2024-02-25,2026-06-06
CUST003789,Tanmayi Mander,14,123,4838939.08,345638.51,2024-02-13,2026-04-03
CUST003235,Mohammed Nanda,17,148,4834991.52,284411.27,2024-01-06,2026-07-21
CUST001934,Darpan Bhattacharyya,13,113,4828642.96,371434.07,2024-02-03,2026-07-14
CUST004443,Yamini Ahuja,14,131,4824926.53,344637.61,2024-04-21,2026-04-27
CUST004387,Falak Butala,17,135,4824613.65,283800.8,2024-01-13,2026-07-09
CUST003411,Dalbir Date,13,132,4822975.07,370998.08,2024-01-02,2026-07-21
CUST004569,Vasudha Borde,17,134,4818390.15,283434.71,2024-06-06,2026-04-23
CUST002644,Christopher Sekhon,15,126,4817977.98,321198.53,2024-02-04,2026-02-19
CUST000519,Sachi Barman,12,143,4815938.80,401328.23,2024-01-05,2025-11-16
CUST001346,Zansi Shenoy,15,130,4813772.72,320918.18,2024-03-31,2026-05-10
CUST001114,Eiravati Luthra,14,129,4809208.18,343514.87,2024-01-24,2026-03-27
CUST004596,Jeremiah Suresh,17,136,4798951.50,282291.26,2024-02-09,2026-05-15
CUST002159,Charles Lata,15,122,4793916.76,319594.45,2024-02-05,2026-07-09
CUST003180,Urvi Kala,15,117,4792642.27,319509.48,2024-07-05,2026-06-19
CUST000505,Ati Wadhwa,10,113,4780573.09,478057.31,2024-04-13,2026-03-25
CUST000137,Harrison Chanda,15,138,4779270.63,318618.04,2024-02-17,2026-07-21
CUST004015,Harshil Arya,18,157,4772694.24,265149.68,2024-02-09,2026-04-15
CUST004112,Shivansh Kunda,13,126,4766563.52,366658.73,2024-02-02,2026-05-29
CUST001159,Sai Khatri,14,121,4762656.59,340189.76,2024-02-20,2026-04-06
CUST000681,Sanya Gulati,15,118,4759988.76,317332.58,2024-02-02,2026-04-19
CUST002176,Amara Sant,17,127,4750022.47,279413.09,2024-01-18,2026-05-29
CUST002336,Yoshita Kari,16,129,4748428.54,296776.78,2024-01-18,2026-07-05
CUST003076,Omkaar Thakur,15,124,4747621.45,316508.1,2024-03-21,2026-06-09
CUST004104,Pooja Panchal,15,127,4747083.80,316472.25,2024-03-16,2026-03-16
CUST003461,Charles Banik,17,137,4743512.45,279030.14,2024-02-01,2026-06-05
CUST003284,Yashica Deol,14,128,4740818.14,338629.87,2024-01-24,2026-07-12
CUST002030,Faqid Biswas,14,127,4737516.92,338394.07,2024-01-22,2026-07-18
CUST003858,Nidra Rao,16,137,4734500.50,295906.28,2024-01-29,2026-07-07
CUST004874,Pratyush Pradhan,20,135,4734073.61,236703.68,2024-01-20,2026-06-29
CUST001442,Champak Sharma,15,116,4731925.74,315461.72,2024-02-11,2025-12-28
CUST002091,Ayushman Nayar,14,106,4729969.38,337854.96,2024-04-13,2026-06-30
CUST003327,Sanya Viswanathan,14,116,4729320.98,337808.64,2024-01-25,2026-05-03
CUST000030,Nimrat Pandey,15,139,4726491.66,315099.44,2024-01-05,2026-07-17
CUST004524,Bhanumati Bawa,13,125,4722728.58,363286.81,2024-04-21,2026-06-13
CUST000684,Arya Jaggi,15,122,4719931.65,314662.11,2024-03-04,2026-07-18
CUST004176,Krishna Mannan,17,139,4714993.18,277352.54,2024-01-15,2026-06-02
CUST000027,Tristan Saxena,16,135,4697596.04,293599.75,2024-04-13,2026-07-14
CUST003903,Harinakshi Babu,15,148,4694564.49,312970.97,2024-01-03,2026-07-18
CUST004836,Brinda Chaudhari,17,133,4694297.40,276135.14,2024-03-24,2026-06-05
CUST002208,Garima Oommen,13,114,4693282.47,361021.73,2024-03-25,2026-02-19
CUST003781,Krisha Mishra,17,114,4690415.42,275906.79,2024-02-05,2026-05-28
CUST001101,Netra Biswas,13,137,4689698.81,360746.06,2024-02-19,2026-07-10
CUST000312,Sathvik Ahluwalia,15,150,4689014.83,312600.99,2024-04-28,2026-07-21
CUST002479,Raksha Sane,13,115,4683355.28,360258.1,2024-03-27,2026-04-29
CUST002287,Chakradev Shukla,18,138,4678832.33,259935.13,2024-01-25,2026-06-25
CUST001045,Dalaja Biswas,16,119,4677771.51,292360.72,2024-02-28,2026-07-14
CUST002836,Vritti Sehgal,14,119,4677511.04,334107.93,2024-01-11,2026-04-18
CUST004027,Zilmil Roy,14,108,4669948.55,333567.75,2024-09-25,2026-06-19
CUST004760,Adweta Mani,11,111,4666089.49,424189.95,2024-01-02,2026-05-14
CUST001748,Pavani Roy,13,124,4666083.38,358929.49,2024-01-10,2026-07-09
CUST004592,Sai Sant,14,127,4659510.06,332822.15,2024-05-24,2026-06-25
CUST001373,Vyanjana Keer,13,125,4659462.77,358420.21,2024-05-15,2026-04-24
CUST001912,Madhavi Ratti,17,134,4659147.25,274067.49,2024-01-13,2026-06-19
CUST003245,Chakrika Bora,14,112,4650975.36,332212.53,2024-02-21,2026-06-04
CUST003187,Hemang Patla,15,123,4649805.71,309987.05,2024-03-30,2026-06-27
CUST000017,Raksha Solanki,20,142,4646805.74,232340.29,2024-01-08,2026-03-30
CUST003939,Waida Chandra,12,128,4637236.42,386436.37,2024-08-21,2026-04-14
CUST002704,George Kunda,20,127,4635359.48,231767.97,2024-01-20,2026-07-05
CUST001453,George Karnik,14,134,4634742.88,331053.06,2024-06-18,2026-06-03
CUST004962,Harrison Contractor,13,120,4631098.76,356238.37,2024-01-29,2026-07-18
CUST000985,Eiravati Rama,16,124,4629917.47,289369.84,2024-01-24,2026-06-12
CUST000975,Chasmum Roy,13,120,4626650.70,355896.21,2024-02-17,2026-03-25
CUST004221,Quincy Prasad,16,126,4626272.68,289142.04,2024-01-11,2026-02-20
CUST001757,Guneet Swaminathan,15,131,4622161.34,308144.09,2024-02-10,2026-04-14
CUST000418,Upadhriti Saha,16,131,4620917.94,288807.37,2024-03-15,2026-04-02
CUST000823,Vinaya Amble,17,119,4618589.77,271681.75,2024-02-23,2025-11-29
CUST002982,Arin Virk,15,125,4617610.34,307840.69,2024-03-23,2026-07-18
CUST004504,Bhavya Sen,14,120,4616541.94,329753.0,2024-02-02,2026-07-06
CUST003941,Krishna Bahl,16,129,4615848.27,288490.52,2024-01-11,2026-07-21
CUST001936,Ekaraj Walla,14,111,4615431.19,329673.66,2024-01-10,2026-02-16
CUST002783,Omaja Bhasin,14,129,4612915.84,329493.99,2024-01-17,2026-05-18
CUST004125,Hemal Korpal,15,130,4611599.77,307439.98,2024-04-18,2026-04-24
CUST003340,Fariq Rai,14,109,4608219.62,329158.54,2024-01-30,2026-04-09
CUST004135,Nitesh Balay,15,128,4606034.97,307069.0,2024-04-06,2026-07-21
CUST002101,Harish Tara,15,129,4605627.01,307041.8,2024-04-16,2026-06-25
CUST004307,Shaurya Batta,13,111,4604314.03,354178.0,2024-02-23,2025-12-09
CUST004339,Yatan Padmanabhan,14,124,4602902.52,328778.75,2024-04-11,2026-02-16
CUST000961,Shravya Radhakrishnan,15,123,4601081.18,306738.75,2024-04-14,2026-04-01
CUST003013,Chaitanya Krishnamurthy,13,114,4596137.20,353549.02,2024-02-12,2026-02-10
CUST002559,Amrita Bhavsar,14,117,4591725.22,327980.37,2024-03-09,2026-05-22
CUST003346,Rushil Bhattacharyya,16,136,4588754.49,286797.16,2024-01-20,2026-03-04
CUST004432,Udant Sarkar,16,127,4585421.81,286588.86,2024-02-10,2026-05-02
CUST001584,Ekbal Sheth,14,119,4584562.16,327468.73,2024-06-19,2026-07-03
CUST002461,William Kuruvilla,14,112,4583191.02,327370.79,2024-01-05,2026-07-14
CUST004451,Jairaj Murthy,17,128,4581633.50,269507.85,2024-01-10,2026-06-19
CUST002877,Tanmayi Dewan,17,135,4580902.34,269464.84,2024-01-01,2026-07-21
CUST004775,Janani Madan,15,127,4577563.36,305170.89,2024-03-02,2026-06-09
CUST000836,Sneha Patel,13,111,4576807.80,352062.14,2024-02-15,2026-04-19
CUST004251,Warda Pathak,17,134,4572434.33,268966.73,2024-01-13,2026-07-21
CUST002799,Zashil Manda,16,123,4570102.82,285631.43,2024-01-06,2026-05-15
CUST000273,Ria Dhar,12,126,4555128.12,379594.01,2024-04-14,2026-07-09
CUST004689,Wridesh Banik,17,127,4554907.44,267935.73,2024-01-18,2026-05-04
CUST004603,Harsh Nath,11,118,4551210.72,413746.43,2024-03-19,2026-06-29
CUST002351,Vaishnavi Rai,16,115,4549448.02,284340.5,2024-03-01,2026-04-20
CUST003561,Tanish Gandhi,14,123,4548695.71,324906.84,2024-04-22,2026-06-30
CUST000525,Udant Nagy,13,136,4546052.43,349696.34,2024-06-08,2026-07-21
CUST002448,Yuvraj Narayan,12,127,4539345.22,378278.77,2024-02-16,2026-04-12
CUST003430,Zaitra Oommen,14,117,4538231.12,324159.37,2024-04-17,2026-06-21
CUST004329,Bachittar Behl,17,140,4537037.66,266884.57,2024-01-06,2026-04-05
CUST002225,Varsha Pai,18,137,4532663.33,251814.63,2024-02-16,2026-06-26
CUST003733,Finn Nanda,15,120,4528827.26,301921.82,2024-01-07,2026-02-23
CUST004400,Nicholas Chahal,13,117,4521253.97,347788.77,2024-04-07,2026-07-02
CUST001539,Isha Nori,15,115,4519524.52,301301.63,2024-04-06,2026-05-08
CUST002749,Nitara Tailor,14,119,4516490.27,322606.45,2024-02-06,2026-05-18
CUST003175,Charvi Bhatnagar,17,139,4515836.67,265637.45,2024-03-20,2026-07-14
CUST002145,Qabil Sani,17,144,4515702.01,265629.53,2024-02-12,2026-07-21
CUST002775,Ojas Konda,13,115,4513930.40,347225.42,2024-04-27,2026-06-27
CUST001154,Aadhya Venkatesh,17,113,4509238.32,265249.31,2024-01-05,2026-07-21
CUST002319,Warinder Tara,12,112,4497245.87,374770.49,2024-01-08,2026-07-16
CUST000256,Ikshita Pillay,13,129,4491207.53,345477.5,2024-03-02,2026-05-22
CUST002474,Bishakha Mitra,13,130,4483450.57,344880.81,2024-03-07,2026-06-27
CUST001157,Sachi Agate,16,133,4481646.17,280102.89,2024-04-10,2026-05-03
CUST002772,Chameli Kannan,16,121,4478637.90,279914.87,2024-01-18,2026-06-02
CUST004182,Aahana Khalsa,14,124,4475989.70,319713.55,2024-01-12,2026-05-19
CUST001247,Chaitaly Sathe,19,135,4473975.54,235472.4,2024-01-23,2026-06-18
CUST004366,Caleb Bhagat,14,106,4472157.08,319439.79,2024-04-11,2026-02-17
CUST004698,Vedhika Nagarajan,14,123,4470164.10,319297.44,2024-05-24,2025-12-24
CUST003289,Zehaan Chada,12,125,4466737.85,372228.15,2024-05-30,2026-06-30
CUST002813,Meghana Pingle,15,127,4465732.88,297715.53,2024-05-12,2026-07-11
CUST003936,Maanas Deol,11,116,4462382.16,405671.11,2024-02-26,2026-07-19
CUST004005,Balvan Pillay,14,131,4460416.54,318601.18,2024-01-07,2026-06-06
CUST002418,Manan Krishnamurthy,17,116,4459796.38,262340.96,2024-01-15,2026-07-19
CUST001075,Nakul Murthy,14,112,4457666.60,318404.76,2024-01-15,2026-07-21
CUST004143,Fitan Sura,14,133,4454706.84,318193.35,2024-04-09,2026-07-07
CUST000521,Chandani Garde,15,139,4451679.99,296778.67,2024-01-21,2025-10-31
CUST003626,Owen Ahluwalia,15,118,4448953.51,296596.9,2024-05-20,2026-06-04
CUST001823,Isha Roy,12,116,4446398.68,370533.22,2024-01-27,2026-05-11
CUST003338,Yoshita Gara,13,116,4441024.42,341617.26,2024-01-11,2026-01-10
CUST003169,Ekantika Ghose,19,123,4434945.00,233418.16,2024-04-16,2026-07-06
CUST004137,Inaya Chad,12,112,4433277.62,369439.8,2024-05-17,2026-06-23
CUST002746,Harinakshi Sarin,14,112,4432730.02,316623.57,2024-02-17,2026-03-02
CUST004367,Gaurangi Acharya,14,134,4429390.86,316385.06,2024-01-31,2026-07-13
CUST004526,Anamika Gole,13,120,4422292.96,340176.38,2024-02-27,2026-06-03
CUST001305,Balendra Morar,18,153,4414487.83,245249.32,2024-01-06,2026-06-20
CUST000023,Ekbal Rout,16,122,4413907.71,275869.23,2024-03-12,2026-07-21
CUST001962,Ayushman Balasubramanian,10,103,4412394.18,441239.42,2024-01-29,2026-05-03
CUST001715,Ayush Pal,14,122,4412112.46,315150.89,2024-02-01,2026-03-22
CUST002373,Shivani Soman,16,122,4411669.50,275729.34,2024-05-10,2026-07-21
CUST004982,Veer Gara,10,101,4411456.28,441145.63,2024-03-04,2026-07-21
CUST000420,Mitali Kadakia,12,124,4408619.33,367384.94,2024-01-04,2026-06-02
CUST003315,Fiyaz Aggarwal,17,128,4408584.45,259328.5,2024-01-18,2026-07-04
CUST000817,Mitali Bath,16,137,4406006.05,275375.38,2024-03-03,2026-05-14
CUST004851,Chasmum Sachdeva,15,140,4404547.16,293636.48,2024-03-04,2026-07-21
CUST003823,Anika Varughese,13,99,4401495.69,338576.59,2024-01-18,2026-05-11
CUST002668,Laban Gole,13,99,4401470.31,338574.64,2024-03-24,2026-02-27
CUST001591,Sachi Gandhi,15,115,4398030.23,293202.02,2024-02-13,2026-07-01
CUST002672,Jeet Panchal,12,107,4395877.04,366323.09,2024-03-13,2026-07-18
CUST003020,Krishna Randhawa,15,120,4394247.23,292949.82,2024-03-08,2026-07-01
CUST003719,Brijesh Lalla,17,109,4391174.29,258304.37,2024-04-16,2026-07-21
CUST001858,Nimrat Oak,16,110,4389182.46,274323.9,2024-04-16,2026-07-21
CUST004063,Faraj Nori,13,119,4388561.09,337581.62,2024-02-08,2026-06-14
CUST001468,Lipika Krishna,13,141,4386973.81,337459.52,2024-01-14,2026-04-19
CUST003124,Farhan Mohanty,18,134,4381900.06,243438.89,2024-01-21,2026-04-10
CUST002093,Bhavika Kara,15,126,4381754.21,292116.95,2024-05-14,2026-06-29
CUST000814,Jeet Krishnamurthy,18,130,4376963.95,243164.66,2024-01-10,2026-06-20
CUST000150,Adya Sinha,16,119,4376496.61,273531.04,2024-01-30,2026-01-22
CUST002869,Lopa Date,14,116,4375486.66,312534.76,2024-03-27,2026-05-16
CUST000190,Ekbal Tiwari,12,123,4372714.91,364392.91,2024-02-02,2026-06-19
CUST000090,Ridhi Atwal,11,106,4371623.31,397420.3,2024-01-01,2025-08-03
CUST004064,Parth Gole,17,113,4370617.96,257095.17,2024-02-16,2026-05-09
CUST000805,Pranav Nayar,16,124,4366827.32,272926.71,2024-03-19,2026-07-14
CUST001855,Leena Ramaswamy,14,118,4364417.86,311744.13,2024-03-12,2026-07-09
CUST003369,Charita Khalsa,13,102,4361152.39,335473.26,2024-01-11,2026-05-19
CUST000746,Aditya Badami,16,113,4359704.50,272481.53,2024-01-14,2026-07-16
CUST004675,Odika Parmer,13,114,4358988.11,335306.78,2024-01-01,2026-07-08
CUST000139,Rachana Muni,14,104,4358526.66,311323.33,2024-01-18,2026-07-17
CUST001324,Aadhya Parmar,14,113,4357377.71,311241.27,2024-04-30,2026-01-28
CUST002750,Agastya Sinha,14,118,4355396.70,311099.76,2024-01-13,2026-07-12
CUST000321,Agastya Date,13,128,4354915.74,334993.52,2024-02-22,2026-03-25
CUST000388,Zaitra Mann,12,115,4354551.80,362879.32,2024-01-01,2025-12-08
CUST004337,Daksh Mukherjee,13,113,4354208.03,334939.08,2024-03-09,2026-05-29
CUST000089,Indali Tella,13,116,4352878.66,334836.82,2024-02-21,2026-07-16
CUST004705,Viraj Mall,19,134,4351199.46,229010.5,2024-05-16,2026-05-05
CUST004796,Joshua Shah,16,116,4350967.19,271935.45,2024-02-14,2026-07-04
CUST002407,Om Vasa,14,110,4345224.22,310373.16,2024-01-08,2026-07-21
CUST000100,Yagnesh Bassi,16,118,4344923.53,271557.72,2024-01-18,2026-07-21
CUST001771,Bhavika Hora,14,128,4343533.32,310252.38,2024-02-26,2026-05-28
CUST004720,Omisha Sarma,14,130,4342341.24,310167.23,2024-03-05,2026-05-17
CUST004975,Quincy Mane,14,110,4341845.18,310131.8,2024-03-09,2026-04-04
CUST001264,Brijesh Bassi,14,129,4341416.13,310101.15,2024-01-01,2026-07-08
CUST000263,Chaitaly Mannan,16,133,4340680.36,271292.52,2024-07-27,2026-03-31
CUST003081,Indira Sankar,13,111,4340591.09,333891.62,2024-03-09,2026-03-10
CUST003938,Dalbir Savant,14,129,4340470.56,310033.61,2024-08-31,2026-04-05
CUST001650,Naveen Thaman,16,119,4340368.59,271273.04,2024-02-04,2026-07-21
CUST003223,Quincy Oak,12,111,4337166.70,361430.56,2024-01-08,2026-05-08
CUST004786,Yashica Saran,14,116,4334095.83,309578.27,2024-04-19,2026-07-13
CUST000645,Xalak Palla,16,128,4330902.65,270681.42,2024-03-30,2026-07-21
CUST004773,Oscar Gala,13,113,4330790.62,333137.74,2024-05-20,2026-02-17
CUST000216,Nikita Ahuja,15,98,4329474.21,288631.61,2024-02-11,2026-06-15
CUST001126,Krisha Gole,15,124,4328909.00,288593.93,2024-02-24,2026-06-18
CUST002170,Avi Chhabra,16,136,4328633.98,270539.62,2024-03-31,2026-06-29
CUST001633,Bhavini Roy,15,110,4328283.21,288552.21,2024-03-31,2026-07-14
CUST004161,Warinder Mand,11,108,4327661.39,393423.76,2024-02-18,2026-07-16
CUST002494,Vritti Dyal,13,131,4327378.65,332875.28,2024-06-18,2026-06-27
CUST001430,Rachit Rau,18,128,4327110.37,240395.02,2024-01-24,2026-06-26
CUST003172,Nilima Sachdeva,15,120,4320296.86,288019.79,2024-01-09,2026-07-21
CUST003756,Adweta Ghosh,21,132,4320247.59,205726.08,2024-02-14,2026-06-03
CUST001449,Abdul Oza,20,141,4317911.57,215895.58,2024-04-24,2026-04-24
CUST000275,Thomas Andra,14,122,4316783.49,308341.68,2024-01-04,2026-05-03
CUST004754,Sai Dyal,17,119,4316674.43,253922.03,2024-01-18,2026-07-09
CUST000768,Nitesh Varghese,11,93,4312188.19,392017.11,2024-02-06,2026-05-25
CUST002929,Yatan Pillai,17,116,4311513.13,253618.42,2024-01-01,2026-05-19
CUST001235,Brijesh Bala,15,120,4309530.35,287302.02,2024-01-09,2026-04-22
CUST003138,Urmi Yogi,13,116,4301171.45,330859.34,2024-04-06,2026-03-26
CUST000787,Radha Bali,13,113,4296290.16,330483.86,2024-03-14,2026-07-12
CUST004180,Aarini Purohit,19,122,4295645.01,226086.58,2024-01-19,2026-07-08
CUST002108,Liam Handa,15,135,4294818.41,286321.23,2024-01-31,2026-07-10
CUST002386,Sanya Behl,11,107,4289733.71,389975.79,2024-08-04,2026-02-28
CUST002739,Eiravati Padmanabhan,16,130,4288380.18,268023.76,2024-04-13,2026-07-16
CUST000065,Rishi Ramanathan,12,102,4286037.57,357169.8,2024-01-10,2026-03-26
CUST000939,Gagan Tripathi,13,97,4281823.35,329371.03,2024-01-16,2026-07-21
CUST000345,Praneel Srinivasan,16,123,4280570.36,267535.65,2024-01-29,2026-07-11
CUST002470,Triveni Swaminathan,14,121,4277430.54,305530.75,2024-07-17,2026-07-13
CUST000516,Lekha Bir,14,109,4274816.58,305344.04,2024-02-12,2026-06-18
CUST000813,Sanaya Dora,11,97,4274204.64,388564.06,2024-01-05,2026-01-24
CUST001524,Jeevika Das,13,120,4272272.49,328636.35,2024-08-03,2026-05-16
CUST004911,Saksham Saran,14,125,4270692.37,305049.46,2024-01-06,2026-01-12
CUST002590,Victor Bir,16,126,4270472.66,266904.54,2024-04-29,2026-07-05
CUST002506,Eshana Mann,12,98,4268387.94,355699.0,2024-03-11,2026-06-17
CUST003703,Qarin Chahal,15,114,4267581.83,284505.46,2024-01-11,2026-07-21
CUST002897,Jack Gala,11,107,4263337.20,387576.11,2024-01-20,2026-01-28
CUST002674,Ekiya Sharma,14,131,4259894.58,304278.18,2024-03-02,2026-06-22
CUST004809,Fariq Thaker,13,106,4258398.08,327569.08,2024-04-11,2026-07-21
CUST001257,Zayan Borde,14,116,4257200.74,304085.77,2024-01-08,2026-06-11
CUST000157,Brinda Chopra,13,101,4254310.66,327254.67,2024-05-16,2026-06-01
CUST000084,Sara Ranganathan,11,102,4244354.94,385850.45,2024-02-17,2026-06-15
CUST002014,Lekha Krish,11,102,4240079.26,385461.75,2024-05-08,2026-04-16
CUST000718,Gavin Randhawa,13,124,4237414.51,325954.96,2024-08-08,2026-05-11
CUST004833,Varenya Sarkar,17,129,4236232.28,249190.13,2024-03-19,2026-05-08
CUST001007,Balhaar Andra,12,108,4235018.15,352918.18,2024-01-27,2026-05-05
CUST000333,Ijaya Chakraborty,14,116,4233607.39,302400.53,2024-02-15,2026-07-14
CUST002318,Kamala Narain,12,116,4233392.49,352782.71,2024-01-14,2026-06-21
CUST000357,Ridhi Rana,14,114,4231449.04,302246.36,2024-01-21,2026-03-20
CUST004878,Maanav Tiwari,14,114,4230828.62,302202.04,2024-01-10,2025-12-01
CUST000237,Mitesh Narula,14,125,4229480.34,302105.74,2024-05-19,2026-02-28
CUST000807,Ekaja Karpe,11,108,4228979.01,384452.64,2024-04-18,2026-05-05
CUST002087,Advika Narasimhan,15,132,4228115.81,281874.39,2024-04-21,2026-06-16
CUST000249,Vrinda Dash,13,129,4226587.25,325122.1,2024-09-08,2026-07-21
CUST002260,Ekani Kashyap,15,108,4221699.49,281446.63,2024-01-10,2026-05-17
CUST002193,Ekapad Deol,14,125,4221412.12,301529.44,2024-04-21,2026-06-03
CUST000413,Meghana Palan,16,129,4220019.54,263751.22,2024-03-14,2026-07-21
CUST001822,Pushti Garde,12,105,4219893.43,351657.79,2024-01-20,2026-06-12
CUST001412,Yutika Tak,14,100,4219209.91,301372.14,2024-03-15,2026-07-21
CUST003168,Omisha Swamy,12,118,4219110.68,351592.56,2024-03-31,2026-06-22
CUST002988,Dayita Kapur,19,125,4217975.63,221998.72,2024-01-15,2026-06-14
CUST000868,Jai Bhagat,15,119,4216640.82,281109.39,2024-05-02,2026-04-02
CUST004691,Zaitra Seth,12,114,4212526.35,351043.86,2024-02-07,2026-06-25
CUST004968,Hardik Deep,13,124,4208815.18,323755.01,2024-03-10,2026-07-21
CUST003106,Mitali Varkey,16,119,4208263.65,263016.48,2024-01-17,2026-05-20
CUST000095,Tamanna Sachar,14,113,4206948.84,300496.35,2024-02-12,2026-07-21
CUST004519,Ira Mangal,14,112,4206254.20,300446.73,2024-07-30,2026-06-21
CUST004679,Parth Varma,12,110,4201583.69,350131.97,2024-03-23,2026-07-21
CUST004113,Vidhi Babu,17,118,4200275.70,247075.04,2024-01-05,2026-03-07
CUST004415,Vritti Dada,17,119,4200081.20,247063.6,2024-01-20,2026-06-19
CUST003188,Prisha Sha,11,99,4197631.22,381602.84,2024-01-01,2026-02-16
CUST004227,Anya Prabhu,13,113,4188885.69,322221.98,2024-03-29,2026-06-21
CUST003171,Vedika Dave,14,111,4187845.69,299131.84,2024-01-31,2026-06-02
CUST004793,Ekbal Padmanabhan,13,111,4182371.81,321720.91,2024-03-16,2026-07-03
CUST003847,Balveer Batra,14,103,4182271.73,298733.7,2024-01-29,2026-05-16
CUST003849,Rachita Bobal,11,101,4182161.16,380196.47,2024-03-23,2026-05-11
CUST000960,Charles Bhargava,14,131,4179974.40,298569.6,2024-03-15,2026-06-25
CUST002019,Eta Murty,16,114,4173777.01,260861.06,2024-01-30,2026-06-28
CUST004330,Laban Kulkarni,14,119,4173063.77,298075.98,2024-01-09,2026-06-16
CUST003506,Maanav Saxena,11,109,4169367.86,379033.44,2024-03-11,2026-05-17
CUST000052,Jatin Bumb,13,110,4167456.76,320573.6,2024-01-17,2026-06-11
CUST000432,Aadhya Murty,14,113,4166151.68,297582.26,2024-07-21,2026-07-21
CUST003055,Divya Sarna,13,127,4165486.11,320422.01,2024-02-19,2026-06-18
CUST002632,Bina Virk,13,104,4162739.64,320210.74,2024-03-19,2026-07-21
CUST004205,Timothy Manda,14,122,4162729.32,297337.81,2024-01-14,2026-07-02
CUST000260,Ekavir Arya,15,98,4162063.30,277470.89,2024-01-18,2026-06-08
CUST001408,Aditya Palan,11,102,4161634.66,378330.42,2024-08-07,2026-07-13
CUST002731,Shaurya Pingle,12,105,4157449.31,346454.11,2024-05-30,2026-07-21
CUST004627,Mohammed Rajagopal,12,114,4155227.68,346268.97,2024-02-20,2026-07-05
CUST004078,Ekbal Karnik,13,105,4155074.29,319621.1,2024-04-17,2026-04-01
CUST004332,Pavani Anand,15,111,4154790.62,276986.04,2024-05-19,2026-07-21
CUST000423,Gautam Sekhon,14,115,4154555.72,296753.98,2024-01-03,2026-06-01
CUST004147,Vanya Chokshi,12,104,4153434.20,346119.52,2024-01-20,2026-06-24
CUST002202,Abdul Ben,15,113,4151419.33,276761.29,2024-01-24,2026-05-11
CUST003300,Tanish Dhawan,14,115,4149946.78,296424.77,2024-06-05,2026-05-15
CUST002875,Xalak Bedi,14,107,4148757.93,296339.85,2024-02-20,2026-07-21
CUST003091,Aryan Mani,12,126,4142973.11,345247.76,2024-04-13,2026-06-30
CUST002523,Mahika Amble,17,120,4142256.47,243662.15,2024-05-01,2026-06-19
CUST002196,Fitan Bakshi,15,112,4141435.93,276095.73,2024-02-03,2026-04-09
CUST001006,Inaya Sawhney,13,120,4140753.55,318519.5,2024-01-25,2026-07-21
CUST001347,Niharika Nagar,12,105,4139177.27,344931.44,2024-03-31,2026-06-26
CUST003134,Tanish Tank,13,110,4138249.58,318326.89,2024-01-18,2026-07-12
CUST000326,Nathan Mohan,15,130,4137921.26,275861.42,2024-04-09,2026-07-06
CUST002015,Madhav Ramaswamy,15,117,4130504.67,275366.98,2024-02-22,2026-07-21
CUST001494,Ekani Jha,14,118,4129754.30,294982.45,2024-06-27,2026-07-13
CUST002113,Nimrat Pall,15,112,4123737.68,274915.85,2024-01-23,2026-06-09
CUST003366,Libni Deo,20,121,4123311.18,206165.56,2024-04-18,2026-07-21
CUST003347,Chasmum Anne,16,117,4119410.37,257463.15,2024-04-07,2026-06-14
CUST003586,Omisha Venkatesh,14,114,4117193.41,294085.24,2024-01-02,2026-07-10
CUST003382,Ekta Vala,15,113,4117060.16,274470.68,2024-04-22,2026-07-07
CUST002777,Dipta Sharma,13,111,4116882.20,316683.25,2024-01-04,2026-07-21
CUST002526,Mugdha Hora,12,104,4113137.11,342761.43,2024-02-09,2026-05-20
CUST003473,Deepa Khosla,13,105,4108969.26,316074.56,2024-09-06,2026-07-21
CUST002368,Samar Kala,12,114,4108872.63,342406.05,2024-01-02,2026-06-11
CUST004649,Rayaan Kuruvilla,10,99,4108860.81,410886.08,2024-05-06,2026-02-15
CUST004036,Ekani Pant,13,108,4108361.68,316027.82,2024-03-08,2026-05-11
CUST002301,Abhimanyu Khatri,16,119,4107774.72,256735.92,2024-02-06,2026-06-29
CUST000749,Chatresh Chahal,13,114,4107415.07,315955.01,2024-01-14,2026-06-14
CUST002537,Dalbir Pau,14,108,4107042.03,293360.15,2024-05-23,2026-07-21
CUST002298,Liam Ramakrishnan,14,113,4107009.78,293357.84,2024-01-09,2026-07-03
CUST002600,Darika Bahl,12,97,4104865.38,342072.12,2024-01-03,2025-10-06
CUST004490,Ridhi Roy,11,101,4102041.40,372912.85,2024-01-03,2026-05-29
CUST003575,George Rege,16,122,4102034.37,256377.15,2024-01-28,2026-06-13
CUST000428,Unni Bains,14,112,4096479.54,292605.68,2024-03-29,2026-05-19
CUST003058,Upma Verma,13,127,4092994.86,314845.76,2024-01-05,2025-10-05
CUST004050,Balhaar Chaudhuri,17,120,4088839.40,240519.96,2024-01-17,2026-06-26
CUST002984,Chakrika Sunder,13,117,4085758.71,314289.13,2024-04-22,2026-07-08
CUST003363,Oni Date,13,116,4084700.61,314207.74,2024-07-27,2026-01-12
CUST003266,Ayaan Balakrishnan,14,124,4083582.24,291684.45,2024-01-12,2026-07-19
CUST001121,Kalpit Shukla,13,117,4081916.29,313993.56,2024-05-09,2026-01-24
CUST004403,Veda Sem,13,116,4081420.49,313955.42,2024-01-25,2026-07-14
CUST003973,Michael Chaudhry,15,128,4080976.24,272065.08,2024-06-19,2026-07-21
CUST000885,Kamya Kadakia,11,114,4075403.60,370491.24,2024-04-13,2026-05-10
CUST004131,Priya Magar,12,103,4071250.77,339270.9,2024-03-22,2026-05-07
CUST002493,Kashvi Ghosh,13,119,4071019.95,313155.38,2024-01-02,2026-05-12
CUST004164,Jack Bhatia,12,115,4069762.50,339146.88,2024-02-17,2026-02-10
CUST000335,Luke Mane,15,124,4068468.87,271231.26,2024-01-11,2026-05-01
CUST002844,Anita Ramachandran,14,119,4067022.84,290501.63,2024-03-17,2026-06-30
CUST002154,Dayamai Balay,13,118,4065198.46,312707.57,2024-05-16,2026-06-16
CUST001273,Triveni Tank,14,125,4064880.00,290348.57,2024-01-13,2026-05-26
CUST004901,Jalsa Roy,12,117,4064172.72,338681.06,2024-03-17,2026-05-17
CUST004341,Frado Bobal,15,114,4062648.03,270843.2,2024-01-17,2026-06-25
CUST001483,Lohit Sood,17,127,4060020.99,238824.76,2024-03-14,2026-06-26
CUST003653,Janya Sawhney,16,97,4059946.03,253746.63,2024-02-16,2026-05-28
CUST004287,Tara Kothari,11,105,4057042.18,368822.02,2024-02-03,2026-07-19
CUST001011,Pahal Cheema,14,121,4055818.10,289701.29,2024-02-06,2026-07-01
CUST000123,Tanay Chawla,14,96,4055591.85,289685.13,2024-03-17,2026-07-21
CUST003520,Udyati Sharaf,17,126,4055298.09,238546.95,2024-03-01,2026-06-19
CUST004126,Udarsh Oak,10,95,4052076.82,405207.68,2024-02-06,2026-07-17
CUST001411,Vrishti Chaudhry,13,115,4050317.62,311562.89,2024-06-28,2026-04-09
CUST002411,Saksham Chokshi,13,104,4047381.01,311337.0,2024-01-24,2026-07-18
CUST003256,Xiti Oommen,10,90,4041589.47,404158.95,2024-05-08,2026-05-14
CUST001285,Unnati Pillay,14,105,4041336.71,288666.91,2024-03-06,2026-06-28
CUST001496,Forum Dhillon,13,105,4039823.70,310755.67,2024-04-20,2026-07-16
CUST001535,Nikita Agarwal,17,115,4038665.92,237568.58,2024-01-01,2026-07-21
CUST001253,Henry Kara,13,120,4035469.46,310420.73,2024-01-17,2026-05-25
CUST002198,Darpan Prashad,14,107,4032633.16,288045.23,2024-01-29,2026-07-21
CUST000966,Advay Tailor,15,115,4032179.08,268811.94,2024-02-24,2026-07-21
CUST001754,Ethan Mallick,10,94,4032058.93,403205.89,2024-01-13,2026-07-21
CUST003957,Indrajit Mistry,14,109,4029386.34,287813.31,2024-02-09,2026-06-30
CUST001698,Odika Saxena,10,107,4029347.88,402934.79,2024-01-21,2026-05-01
CUST000130,Rachita Buch,15,116,4029207.16,268613.81,2024-07-23,2026-07-21
CUST003389,Fariq Mukhopadhyay,16,116,4027634.50,251727.16,2024-01-11,2026-04-19
CUST003532,Kritika Bhatti,13,105,4027046.80,309772.83,2024-01-18,2026-01-17
CUST001084,Siddharth Virk,13,105,4026864.40,309758.8,2024-01-15,2026-04-18
CUST000350,Agastya Saraf,13,107,4025144.60,309626.51,2024-02-03,2026-04-13
CUST004933,Meghana Mukhopadhyay,14,108,4023860.05,287418.58,2024-03-28,2026-07-21
CUST004704,Karan Basu,11,112,4023077.97,365734.36,2024-04-30,2026-06-02
CUST000411,Tara Balakrishnan,11,96,4020587.87,365507.99,2024-02-19,2026-07-21
CUST000253,Udant Sampath,13,108,4020416.03,309262.77,2024-01-10,2026-04-09
CUST004635,Alka Lalla,14,117,4020163.88,287154.56,2024-01-18,2026-06-30
CUST000342,Nidhi Rai,14,110,4014270.67,286733.62,2024-03-17,2026-07-09
CUST001895,Nidra Cherian,13,120,4012917.05,308685.93,2024-02-11,2026-07-21
CUST000361,William Bhavsar,11,108,4012446.48,364767.86,2024-03-15,2026-07-16
CUST002163,Theodore Kala,14,111,4011092.29,286506.59,2024-02-24,2026-04-27
CUST000629,Janaki Kurian,16,139,4010353.56,250647.1,2024-01-06,2026-07-09
CUST004290,Harshil Pal,14,107,4007703.23,286264.52,2024-01-16,2026-06-15
CUST001888,Rachana Chaudhuri,17,110,4003556.86,235503.34,2024-03-03,2026-07-04
CUST001582,Yashica Krish,15,105,4003483.35,266898.89,2024-01-21,2026-07-07
CUST002736,Aradhana Trivedi,13,127,4000066.20,307697.4,2024-01-24,2026-07-09
CUST001789,Fiyaz Sekhon,12,105,3999630.49,333302.54,2024-06-13,2026-07-21
CUST001375,Jagdish Kunda,18,126,3999245.39,222180.3,2024-07-02,2026-07-21
CUST001964,Oviya Tailor,11,104,3997534.67,363412.24,2024-03-11,2026-05-21
CUST001644,Bhanumati Char,12,108,3997514.99,333126.25,2024-01-27,2026-02-04
CUST000115,Jhalak Murthy,17,128,3997154.49,235126.73,2024-02-20,2026-07-21
CUST002680,Chandresh Sampath,12,106,3996031.13,333002.59,2024-01-12,2026-07-10
CUST000465,Edhitha Arya,13,104,3995000.81,307307.75,2024-04-21,2026-07-12
CUST000387,Ikbal Malhotra,17,111,3994993.08,234999.59,2024-02-15,2026-07-15
CUST001708,Aarush Ben,11,103,3994909.64,363173.6,2024-01-03,2026-07-04
CUST001512,Vasatika Tank,13,102,3993598.54,307199.89,2024-02-14,2026-06-13
CUST001616,Abha Nayar,12,106,3991757.29,332646.44,2024-08-27,2026-04-20
CUST004813,Sai Dua,15,101,3990528.29,266035.22,2024-01-11,2026-05-31
CUST002462,Caleb Kaul,13,106,3990118.46,306932.19,2024-01-22,2026-07-14
CUST004774,Yauvani Nagy,14,104,3988460.80,284890.06,2024-02-25,2026-06-27
CUST000540,Kabir Andra,14,103,3985548.59,284682.04,2024-01-17,2026-04-21
CUST003800,Rajeshri Kapoor,11,99,3978334.82,361666.8,2024-07-25,2026-07-01
CUST004025,Nirja Bir,15,105,3978217.62,265214.51,2024-02-28,2026-07-12
CUST003030,Tanveer Edwin,16,107,3978094.17,248630.89,2024-01-27,2026-06-05
CUST001436,Mohammed Iyer,11,101,3971584.29,361053.12,2024-05-12,2026-06-25
CUST001883,Keya Naik,17,106,3969782.89,233516.64,2024-04-27,2026-07-19
CUST000113,Karan Khalsa,11,106,3969312.33,360846.58,2024-01-13,2026-05-05
CUST003477,Megha Deep,13,104,3968258.50,305250.65,2024-03-13,2026-07-21
CUST004528,Yutika Tandon,17,115,3967657.17,233391.6,2024-01-15,2026-05-17
CUST001874,Wriddhish Vyas,13,105,3966576.62,305121.28,2024-01-07,2026-07-15
CUST001153,Anusha Sane,11,105,3966463.94,360587.63,2024-01-12,2026-06-20
CUST000763,Radhika Bala,10,104,3966282.10,396628.21,2024-03-22,2026-07-21
CUST001527,Forum Comar,17,108,3965743.10,233279.01,2024-02-21,2026-03-05
CUST001520,Adya Madan,14,121,3965322.61,283237.33,2024-02-22,2026-07-13
CUST004232,Charles Narula,18,123,3965048.36,220280.46,2024-01-08,2026-06-12
CUST003841,Vedant Mammen,12,96,3963273.08,330272.76,2024-01-20,2026-06-02
CUST002833,Dhruv Yadav,10,98,3962226.22,396222.62,2024-05-25,2026-07-03
CUST003335,Megha Shankar,17,115,3960881.01,232993.0,2024-02-06,2026-07-10
CUST001500,Mitesh Chaudhuri,13,105,3960020.16,304616.94,2024-04-05,2026-06-06
CUST001367,Naksh Sahota,13,109,3958873.87,304528.76,2024-02-04,2025-10-22
CUST000988,Wazir Koshy,16,122,3957980.38,247373.77,2024-04-08,2026-05-16
CUST004277,Ria Naidu,16,120,3954144.53,247134.03,2024-01-02,2026-06-15
CUST002568,Zarna Sami,11,98,3949396.63,359036.06,2024-03-11,2026-03-18
CUST004746,Chatura Kant,13,112,3948952.68,303765.59,2024-01-04,2026-04-16
CUST004413,Sudiksha Halder,13,111,3947264.29,303635.71,2024-01-15,2026-07-21
CUST002868,Bhavya Kari,14,107,3946686.30,281906.16,2024-02-09,2026-04-26
CUST000363,Anusha Pingle,12,97,3946569.58,328880.8,2024-05-09,2026-05-18
CUST000567,Fariq Deshmukh,14,129,3945950.90,281853.64,2024-03-27,2026-07-11
CUST004550,Upasna Pandit,12,92,3944528.01,328710.67,2024-02-06,2026-06-21
CUST002531,Chavvi Anand,14,129,3942187.74,281584.84,2024-01-01,2026-05-18
CUST004168,Manya Dalal,13,119,3939401.87,303030.91,2024-09-29,2026-02-10
CUST000765,Laksh Mahajan,20,104,3937653.52,196882.68,2024-01-15,2026-06-21
CUST000419,Bina Khalsa,15,114,3933233.44,262215.56,2024-01-17,2026-05-29
CUST002095,Brinda Kale,12,105,3932004.34,327667.03,2024-02-13,2026-03-06
CUST001541,Ojasvi Tailor,13,95,3931000.32,302384.64,2024-01-06,2026-07-21
CUST004948,Arunima Kalla,12,99,3930506.08,327542.17,2024-05-28,2026-03-24
CUST001820,Ethan Pai,11,107,3928872.88,357170.26,2024-04-13,2026-07-21
CUST002066,Watika Bhat,13,101,3925279.07,301944.54,2024-01-09,2026-05-20
CUST003312,Hemani Sehgal,13,105,3923573.37,301813.34,2024-01-25,2026-05-21
CUST003321,Waida Kaul,15,113,3921652.51,261443.5,2024-01-06,2026-06-29
CUST003793,Darpan Palla,12,105,3921591.65,326799.3,2024-02-20,2026-05-16
CUST001040,Girik Shetty,12,106,3920252.83,326687.74,2024-01-04,2026-07-21
CUST002358,Kashvi Nagi,13,98,3918100.35,301392.33,2024-01-10,2026-07-21
CUST001091,Radha Puri,14,100,3917792.29,279842.31,2024-03-14,2026-05-15
CUST001142,Vihaan Chawla,11,87,3917612.45,356146.59,2024-02-15,2026-07-21
CUST003077,Vedika Kothari,11,106,3915470.15,355951.83,2024-02-13,2026-07-09
CUST001959,Bachittar Hayer,14,123,3914673.53,279619.54,2024-02-19,2026-07-21
CUST001110,Warjas Verma,14,103,3912410.66,279457.9,2024-01-01,2026-02-18
CUST004849,Edhitha Narang,12,115,3911323.35,325943.61,2024-08-22,2026-06-01
CUST003029,Harsh Dalal,13,105,3909300.54,300715.43,2024-02-03,2026-07-21
CUST002762,Veer Sundaram,17,114,3909291.88,229958.35,2024-01-14,2026-06-12
CUST001721,Amaira Khosla,14,108,3908910.70,279207.91,2024-04-23,2026-07-03
CUST004358,Siddharth Varma,10,97,3908896.68,390889.67,2024-01-13,2026-07-21
CUST003610,Mohammed Andra,11,93,3908728.30,355338.94,2024-03-23,2026-04-24
CUST003301,Tristan Baria,16,126,3907501.29,244218.83,2024-04-11,2026-06-20
CUST000638,Jairaj Sama,13,109,3907100.70,300546.21,2024-07-26,2026-07-21
CUST004824,Hiral Mandal,17,108,3906929.95,229819.41,2024-02-29,2026-05-29
CUST004363,Darpan Sibal,11,90,3906526.43,355138.77,2024-01-05,2026-07-03
CUST000579,Kevin Konda,14,109,3905593.35,278970.95,2024-01-25,2026-07-21
CUST003999,Ronith Karpe,15,111,3902196.29,260146.42,2024-02-04,2026-07-21
CUST003750,Vedhika Naik,16,115,3901415.89,243838.49,2024-04-22,2026-07-11
CUST000029,Zayyan Sani,16,133,3898814.79,243675.92,2024-01-23,2026-05-13
CUST004449,Yash Subramaniam,17,113,3896161.21,229185.95,2024-01-11,2026-06-25
CUST004421,Udyati Apte,14,99,3894791.35,278199.38,2024-01-16,2026-06-25
CUST000070,Urvi Panchal,11,100,3893668.47,353969.86,2024-01-12,2025-12-15
CUST000006,Bhavani Rau,14,117,3891135.36,277938.24,2024-03-14,2026-03-20
CUST000483,Wakeeta Bassi,8,90,3890921.16,486365.15,2024-01-18,2026-07-21
CUST003826,Gavin Mallick,14,113,3890141.95,277867.28,2024-03-29,2026-05-21
CUST002719,Harita Korpal,15,98,3885187.73,259012.52,2024-02-03,2026-03-03
CUST002717,Pushti Anand,8,92,3882142.33,485267.79,2024-10-15,2026-07-10
CUST003062,Abhimanyu Bedi,18,117,3877633.60,215424.09,2024-01-14,2026-06-06
CUST002840,Yug Bandi,12,108,3877431.70,323119.31,2024-02-13,2026-06-20
CUST000976,Upma Pingle,12,103,3873343.88,322778.66,2024-08-06,2026-07-21
CUST001778,Xiti Mukhopadhyay,14,114,3871924.75,276566.05,2024-02-13,2026-03-14
CUST003920,Rohan Muni,12,108,3871150.87,322595.91,2024-01-02,2026-05-11
CUST004965,Bina Shroff,14,112,3870739.35,276481.38,2024-01-12,2026-07-07
CUST001589,Nisha Vig,12,105,3870549.84,322545.82,2024-02-24,2025-11-11
CUST003783,Suhani Natt,11,115,3869928.32,351811.67,2024-02-12,2026-01-23
CUST004322,Max Handa,13,107,3868470.74,297574.67,2024-04-24,2026-04-11
CUST000849,Vrinda Chanda,16,115,3867264.86,241704.05,2024-01-13,2026-07-16
CUST003324,Pratyush Saini,12,109,3862594.01,321882.83,2024-06-15,2026-07-13
CUST003536,Eshana Dani,14,118,3862065.74,275861.84,2024-02-16,2026-07-21
CUST000168,Victor Banik,13,103,3861320.37,297024.64,2024-01-27,2026-07-14
CUST004086,Yasti Ramesh,11,100,3859175.85,350834.17,2024-02-24,2026-01-26
CUST000840,Sara Vyas,12,92,3858924.75,321577.06,2024-02-05,2026-07-21
CUST000830,Varsha Toor,16,122,3857950.34,241121.9,2024-01-30,2026-04-26
CUST004073,Vasatika Rastogi,13,98,3857315.56,296716.58,2024-04-19,2026-06-12
CUST000832,Sanaya Varughese,12,84,3857171.16,321430.93,2024-01-02,2026-06-03
CUST003189,Yashodhara Raju,13,101,3855926.56,296609.74,2024-01-18,2026-06-10
CUST001867,Amara Kari,17,113,3855901.44,226817.73,2024-01-28,2026-07-14
CUST000678,Qarin Raval,12,105,3855626.75,321302.23,2024-01-07,2026-06-11
CUST001714,Lajita Nagi,13,88,3854882.16,296529.4,2024-02-17,2026-05-13
CUST001433,Lajita Ramanathan,16,109,3854292.99,240893.31,2024-04-06,2026-07-13
CUST002005,Hredhaan Wadhwa,15,108,3853796.26,256919.75,2024-01-14,2026-07-21
CUST003930,Gavin Reddy,14,104,3853070.99,275219.36,2024-02-01,2026-07-21
CUST001701,Rajeshri Sathe,16,120,3850804.11,240675.26,2024-01-16,2026-03-28
CUST004165,Pahal Bawa,9,97,3849891.03,427765.67,2024-01-27,2026-06-08
CUST004407,Pooja Bera,13,115,3848879.20,296067.63,2024-02-02,2026-07-13
CUST002671,Banjeet Johal,17,116,3848625.44,226389.73,2024-02-08,2026-07-21
CUST000670,Wriddhish Anand,11,96,3847706.77,349791.52,2024-01-17,2026-07-07
CUST003459,Barkha Salvi,12,105,3847096.07,320591.34,2024-03-17,2026-03-06
CUST002129,Yatan Sandhu,12,98,3846423.58,320535.3,2024-06-10,2026-03-07
CUST001702,Upasna Aggarwal,11,109,3845283.48,349571.23,2024-03-25,2026-05-08
CUST004530,Baghyawati Wali,10,89,3840614.77,384061.48,2024-08-05,2026-07-21
CUST003515,Hemani Verma,14,108,3840479.94,274320.0,2024-01-03,2026-07-21
CUST000441,Faris Atwal,13,103,3840249.23,295403.79,2024-01-01,2025-12-19
CUST002927,Geetika Nadkarni,15,113,3839904.32,255993.62,2024-05-14,2026-07-05
CUST002345,Idika Ghose,16,134,3837779.72,239861.23,2024-02-26,2026-04-19
CUST003954,Vincent Sankaran,14,107,3837278.45,274091.32,2024-02-21,2026-06-13
CUST001767,Banjeet Mistry,15,119,3834488.47,255632.56,2024-02-26,2026-07-04
CUST001556,Falan Misra,15,110,3833857.34,255590.49,2024-02-14,2026-05-30
CUST004794,Upkaar Dugar,12,103,3833015.84,319417.99,2024-01-28,2026-02-10
CUST004758,Bhavani Mukhopadhyay,13,113,3832732.72,294825.59,2024-04-01,2026-03-09
CUST001088,Alka Sangha,15,125,3832198.53,255479.9,2024-01-23,2026-07-05
CUST001137,Zilmil Chandran,13,108,3831272.42,294713.26,2024-02-19,2026-05-29
CUST001026,Isaac Rana,12,112,3827865.10,318988.76,2024-06-03,2026-07-21
CUST001660,Brijesh Bhalla,12,99,3827851.47,318987.62,2024-01-08,2025-10-04
CUST000508,Wakeeta Kari,12,99,3826267.57,318855.63,2024-03-13,2026-04-30
CUST002828,Vincent Mistry,13,97,3826237.56,294325.97,2024-01-23,2026-03-26
CUST004218,Teerth Dewan,10,89,3825248.12,382524.81,2024-01-11,2026-04-27
CUST000286,Madhav Sanghvi,15,101,3823881.49,254925.43,2024-02-19,2026-05-01
CUST003179,Fitan Bali,13,101,3823586.28,294122.02,2024-01-06,2026-07-14
CUST003065,Edhitha Sandhu,16,92,3823221.34,238951.33,2024-01-11,2026-06-22
CUST003353,Edhitha Bera,16,107,3822501.10,238906.32,2024-05-04,2026-07-21
CUST003976,Chaaya Sarraf,15,118,3822289.16,254819.28,2024-01-01,2026-06-06
CUST001795,Ojasvi Ganesan,15,119,3821677.55,254778.5,2024-02-09,2026-06-24
CUST002464,Radhika Kala,17,95,3820971.22,224763.01,2024-01-06,2026-07-21
CUST004388,Isaiah Saran,12,109,3819168.13,318264.01,2024-01-19,2026-06-19
CUST004977,Frederick Shenoy,13,115,3819012.04,293770.16,2024-02-06,2026-04-04
CUST003041,Tanveer Kale,16,108,3817080.03,238567.5,2024-02-21,2026-07-21
CUST004929,Jeet Bhatia,12,103,3815748.86,317979.07,2024-01-07,2026-04-09
CUST004093,Hema Chowdhury,16,114,3815602.18,238475.14,2024-06-18,2026-06-28
CUST004281,Abhimanyu Patla,13,108,3814505.28,293423.48,2024-02-21,2026-07-07
CUST003619,Matthew Sethi,16,104,3814118.58,238382.41,2024-03-30,2026-03-23
CUST003252,Abeer Tailor,13,99,3812359.45,293258.42,2024-01-18,2026-07-06
CUST003490,Leena Jain,12,104,3812203.47,317683.62,2024-03-03,2026-02-06
CUST000440,Ishaan Yogi,15,115,3811531.44,254102.1,2024-01-15,2026-06-13
CUST001279,Rajeshri Kapadia,15,114,3810806.76,254053.78,2024-03-28,2026-05-25
CUST002685,Sudiksha Soni,12,98,3808288.28,317357.36,2024-02-23,2026-06-28
CUST001055,Rehaan Majumdar,11,98,3807066.22,346096.93,2024-04-01,2026-07-04
CUST000714,Udant Dube,15,104,3806736.47,253782.43,2024-01-10,2026-04-06
CUST001887,Imaran Yohannan,16,120,3805861.19,237866.32,2024-01-31,2026-06-18
CUST001508,Eesha Thakkar,15,118,3804459.82,253630.65,2024-02-21,2026-06-30
CUST002432,Lopa Prabhakar,13,104,3804278.64,292636.82,2024-02-02,2026-06-29
CUST003556,Mugdha Dalal,11,100,3800934.74,345539.52,2024-01-13,2026-06-10
CUST003708,Rayaan Aggarwal,16,124,3800318.11,237519.88,2024-05-24,2026-04-07
CUST001288,Isaac Kalita,12,110,3795535.08,316294.59,2024-01-20,2026-05-30
CUST001230,Zayan Tank,14,121,3795309.77,271093.56,2024-02-02,2026-06-30
CUST002012,Anay Mahajan,13,102,3792264.92,291712.69,2024-04-26,2026-07-14
CUST004900,Teerth Kaur,11,90,3792150.90,344740.99,2024-07-20,2026-07-05
CUST003542,Bhanumati Hayre,11,97,3790413.31,344583.03,2024-01-11,2026-04-01
CUST003206,Fiyaz Tara,17,118,3790260.28,222956.49,2024-03-08,2026-05-15
CUST002018,Yochana Bali,13,94,3790007.66,291539.05,2024-01-13,2026-03-27
CUST003283,Leena Goda,19,106,3789253.10,199434.37,2024-02-20,2026-05-21
CUST001731,Bachittar Soni,15,104,3789190.12,252612.67,2024-01-22,2026-03-31
CUST004351,Ekalinga Brahmbhatt,14,113,3786738.10,270481.29,2024-01-03,2026-07-08
CUST004912,Zaid Sarma,15,117,3785813.18,252387.55,2024-03-27,2026-04-20
CUST002898,Chatura Vora,9,85,3784690.77,420521.2,2024-02-26,2026-06-08
CUST001542,Abdul Saha,14,99,3784685.94,270334.71,2024-03-18,2026-05-14
CUST004571,Pallavi Natarajan,12,123,3784507.09,315375.59,2024-02-05,2026-05-05
CUST000711,Unnati Wagle,14,108,3784337.03,270309.79,2024-04-17,2026-06-24
CUST000063,Chatura Kothari,11,94,3781473.73,343770.34,2024-03-17,2026-05-06
CUST000066,Gunbir Rajagopalan,15,106,3780911.73,252060.78,2024-03-18,2026-07-04
CUST001028,Jack Borde,13,97,3780466.78,290805.14,2024-02-06,2026-07-21
CUST002254,Frado Virk,15,109,3779807.72,251987.18,2024-01-06,2026-06-25
CUST004348,Agastya Ram,16,99,3777681.68,236105.11,2024-01-14,2026-07-21
CUST004643,Utkarsh Peri,12,102,3777638.18,314803.18,2024-05-16,2026-07-21
CUST001726,Vedant Jhaveri,16,112,3777348.58,236084.29,2024-01-02,2026-07-06
CUST002475,Tanmayi Bansal,15,100,3776813.09,251787.54,2024-02-03,2026-07-21
CUST004191,Yachana Bobal,12,113,3776802.44,314733.54,2024-02-27,2026-06-03
CUST003796,Eshana Walia,16,110,3776139.39,236008.71,2024-02-26,2026-07-21
CUST004974,Harrison Peri,14,105,3775237.95,269659.85,2024-03-31,2026-03-18
CUST000821,Irya Arya,10,88,3774310.77,377431.08,2024-03-18,2026-05-20
CUST004991,Yoshita Choudhry,11,94,3773898.24,343081.66,2024-05-03,2026-06-02
CUST001266,Chatura Bhatnagar,19,122,3772656.38,198560.86,2024-01-10,2026-07-21
CUST003178,Nimrat Om,13,92,3771980.96,290152.38,2024-04-19,2026-06-19
CUST002282,Lakshit Hegde,16,116,3769334.90,235583.43,2024-05-03,2026-06-10
CUST000116,Meghana Savant,12,112,3767871.01,313989.25,2024-05-21,2026-02-15
CUST001025,Yachana Gulati,10,95,3766794.46,376679.45,2024-02-05,2026-03-21
CUST002070,Rajeshri Soni,15,117,3765886.13,251059.08,2024-03-09,2026-06-21
CUST001955,Hredhaan Golla,14,110,3765869.46,268990.68,2024-01-07,2026-06-15
CUST001551,Lipika Anne,15,119,3765621.58,251041.44,2024-07-09,2026-06-13
CUST002043,Atharv Sinha,15,107,3765083.62,251005.57,2024-03-15,2026-07-16
CUST004101,Vinaya Tripathi,16,107,3763854.19,235240.89,2024-01-13,2026-05-04
CUST004002,Ladli Karnik,14,115,3763181.23,268798.66,2024-01-11,2025-08-06
CUST000673,Krisha Ray,11,100,3761745.51,341976.86,2024-02-17,2026-03-19
CUST003101,Vedant Dada,10,94,3761311.23,376131.12,2024-08-11,2026-05-07
CUST003753,Aarna Kala,12,109,3756872.45,313072.7,2024-02-24,2026-07-21
CUST000177,Rehaan Sampath,10,89,3756774.03,375677.4,2024-01-27,2026-01-15
CUST004260,Nidra Sridhar,11,101,3756125.35,341465.94,2024-06-11,2026-06-22
CUST002514,Rachita Chaudry,16,120,3756102.50,234756.41,2024-02-20,2026-05-20
CUST003392,Eta Tank,11,116,3755678.73,341425.34,2024-01-19,2026-03-05
CUST000054,Daksh Balay,12,113,3754557.88,312879.82,2024-04-09,2026-05-30
CUST001528,Nathaniel Edwin,11,89,3754159.17,341287.2,2024-01-10,2026-06-14
CUST003508,Kamala Narayanan,14,89,3752874.90,268062.49,2024-02-24,2025-12-12
CUST004479,Vedika Borah,13,90,3750778.44,288521.42,2024-01-26,2026-05-09
CUST004255,Chaman Malhotra,17,112,3748844.94,220520.29,2024-02-19,2026-07-16
CUST000530,Abhiram Ratta,12,118,3748284.40,312357.03,2024-01-07,2026-02-08
CUST004356,Ryan Hayre,11,113,3746744.52,340613.14,2024-02-03,2025-11-17
CUST000448,Hiral Karpe,15,102,3745815.22,249721.01,2024-02-06,2026-04-29
CUST004127,Sanaya Chaudhuri,12,115,3745763.74,312146.98,2024-03-27,2026-07-02
CUST000902,Nathaniel Dugar,12,88,3745498.31,312124.86,2024-07-16,2026-07-05
CUST002046,Qadim Saini,13,121,3744592.74,288045.6,2024-01-03,2026-07-03
CUST004585,Parth Nori,10,96,3744353.73,374435.37,2024-02-10,2026-05-11
CUST004811,Quincy Mahajan,14,107,3743202.43,267371.6,2024-02-12,2026-06-09
CUST004438,Thomas Nayar,12,100,3742574.99,311881.25,2024-01-14,2026-03-28
CUST000864,Tejas Wali,12,98,3742443.98,311870.33,2024-02-01,2026-07-21
CUST004376,Bimala Menon,13,93,3742362.07,287874.01,2024-01-13,2026-07-08
CUST002830,Lila Natarajan,13,109,3742156.19,287858.17,2024-01-08,2026-06-08
CUST001679,Robert Nazareth,12,90,3742076.95,311839.75,2024-02-14,2026-04-27
CUST000709,Urvashi Khare,13,106,3741550.51,287811.58,2024-01-12,2026-07-15
CUST000097,Jagrati Mannan,14,108,3741363.58,267240.26,2024-01-23,2026-05-30
CUST001861,Dhriti Ghosh,12,103,3739889.78,311657.48,2024-02-08,2026-07-15
CUST001672,Abhiram Das,15,94,3739787.98,249319.2,2024-07-16,2026-07-04
CUST000663,Jagvi Vora,14,107,3739111.80,267079.41,2024-05-14,2026-06-27
CUST001881,Gaurav Zachariah,9,90,3737296.38,415255.15,2024-03-14,2026-05-20
CUST003087,Amol Kalita,12,106,3736769.58,311397.47,2024-02-29,2026-07-11
CUST001807,Qabil Atwal,14,88,3734559.72,266754.27,2024-01-03,2026-07-10
CUST001087,Jeremiah Dhillon,16,104,3733705.68,233356.61,2024-01-08,2026-06-18
CUST003918,Dominic Chandra,14,114,3732235.79,266588.27,2024-01-15,2026-06-21
CUST000336,Harish Bhalla,14,105,3732087.33,266577.67,2024-01-11,2026-07-19
CUST001240,Nachiket Tank,12,110,3731297.84,310941.49,2024-01-20,2026-03-29
CUST001089,Yagnesh Chakraborty,13,115,3729853.80,286911.83,2024-03-12,2026-07-13
CUST001704,Rajata Tailor,13,104,3728634.10,286818.01,2024-01-20,2026-06-07
CUST000262,Oscar Mani,14,111,3728628.05,266330.58,2024-01-03,2026-06-06
CUST004178,Gunbir Boase,14,101,3727996.48,266285.46,2024-01-25,2026-06-21
CUST004410,Jai Sastry,10,88,3727872.95,372787.3,2024-03-03,2026-03-22
CUST000425,Triya Singhal,16,119,3726294.57,232893.41,2024-01-09,2026-06-28
CUST001350,Luke Sarkar,13,91,3725743.96,286595.69,2024-06-10,2026-01-30
CUST003441,Vincent Narayanan,11,97,3724708.38,338609.85,2024-05-15,2026-05-10
CUST004461,Keya Majumdar,16,112,3723561.42,232722.59,2024-02-12,2026-06-20
CUST003467,Yachana Gokhale,12,88,3722188.17,310182.35,2024-03-21,2026-06-27
CUST000771,Mohammed Gill,10,104,3721291.48,372129.15,2024-01-31,2026-02-14
CUST003923,Meghana Luthra,12,102,3720523.31,310043.61,2024-04-28,2026-07-07
CUST003674,Oeshi Narayanan,10,89,3719916.59,371991.66,2024-05-16,2026-06-12
CUST002534,Bhavani Grover,13,104,3718822.89,286063.3,2024-02-05,2026-07-21
CUST001921,Jasmit Sama,10,90,3718231.82,371823.18,2024-05-15,2026-07-21
CUST004151,Nakul Yadav,8,97,3716346.08,464543.26,2024-01-02,2026-06-09
CUST003463,Nakul Morar,13,95,3716221.04,285863.16,2024-04-07,2026-07-01
CUST004581,Hemang Kari,13,102,3713265.79,285635.83,2024-03-19,2025-12-30
CUST003535,Karan Dave,11,101,3710676.78,337334.25,2024-01-01,2025-11-06
CUST003710,Theodore Suresh,14,98,3710596.99,265042.64,2024-01-13,2026-07-21
CUST002945,Gabriel Dugar,17,119,3708408.12,218141.65,2024-06-25,2026-05-22
CUST000386,Kashish Bhargava,13,109,3707988.62,285229.89,2024-01-07,2026-07-21
CUST002078,Rushil Krish,13,94,3707958.48,285227.58,2024-02-14,2026-01-15
CUST004752,Dayita Jha,11,108,3706338.25,336939.84,2024-02-08,2025-11-12
CUST003507,Ranveer Gupta,14,97,3705402.92,264671.64,2024-07-14,2026-07-21
CUST001398,Chasmum Saraf,15,103,3704458.90,246963.93,2024-02-09,2026-05-17
CUST004697,Vritti Gola,16,120,3704182.40,231511.4,2024-04-14,2026-05-05
CUST004989,Ayushman Rai,13,100,3704078.44,284929.11,2024-01-24,2026-04-21
CUST000783,Aarnav Tailor,10,96,3703910.98,370391.1,2024-01-25,2026-07-11
CUST001491,Daksha Gandhi,13,99,3701477.46,284729.04,2024-01-09,2026-05-29
CUST000136,Vihaan Sachdev,11,95,3699525.50,336320.5,2024-01-21,2026-04-10
CUST004097,Rohan Luthra,14,107,3699523.03,264251.65,2024-02-23,2026-06-29
CUST000713,Lipika Ravi,11,102,3698470.30,336224.57,2024-01-04,2026-02-28
CUST003371,Isaac Luthra,15,102,3697598.03,246506.54,2024-03-11,2026-06-20
CUST003157,Zaitra Natarajan,14,101,3694674.99,263905.36,2024-01-27,2026-03-25
CUST000766,Naveen Kapadia,11,89,3693271.11,335751.92,2024-09-01,2026-03-06
CUST001440,Pranav Badal,13,102,3692385.31,284029.64,2024-04-15,2026-04-10
CUST002588,Devika Wali,12,91,3691475.48,307622.96,2024-03-06,2025-09-14
CUST002989,Qasim Prabhu,13,96,3691101.88,283930.91,2024-01-23,2026-04-04
CUST002676,Aarna Devi,12,94,3691038.44,307586.54,2024-02-04,2026-02-07
CUST001349,Indali Sharaf,14,92,3690053.75,263575.27,2024-02-05,2026-06-04
CUST001191,Devansh Mangal,14,100,3689884.00,263563.14,2024-04-17,2026-04-18
CUST000226,Damini Dasgupta,12,101,3689863.85,307488.65,2024-02-21,2026-04-08
CUST000080,Nikita Menon,12,96,3689719.32,307476.61,2024-09-18,2026-07-11
CUST001322,Teerth Thaker,10,82,3688744.30,368874.43,2024-03-28,2026-04-27
CUST003316,Qushi Nadkarni,16,112,3688144.37,230509.02,2024-02-12,2026-07-05
CUST003659,Udyati Shere,13,96,3687488.14,283652.93,2024-01-14,2026-06-21
CUST001312,Yashica Biswas,15,91,3686264.88,245750.99,2024-04-26,2026-01-08
CUST002036,Charan Rattan,15,113,3685722.76,245714.85,2024-03-03,2026-07-21
CUST002814,Anjali Wason,13,112,3682883.64,283298.74,2024-02-05,2026-05-25
CUST000759,Tristan Ganesan,11,98,3679373.53,334488.5,2024-04-01,2026-05-31
CUST004542,Meera Sandal,11,93,3675510.01,334137.27,2024-01-13,2026-06-21
CUST002722,Varenya Mangal,13,106,3675318.18,282716.78,2024-03-21,2026-03-09
CUST003598,Hredhaan Sane,10,84,3674182.67,367418.27,2024-03-23,2026-06-24
CUST001756,Vidhi Sridhar,13,95,3671499.46,282423.04,2024-03-01,2026-06-17
CUST002618,Chavvi Kade,15,110,3671354.80,244756.99,2024-04-20,2026-05-12
CUST000488,Kalpit Sachdev,16,119,3671316.66,229457.29,2024-01-06,2026-07-21
CUST002744,Alexander Minhas,13,100,3669615.84,282278.14,2024-01-31,2026-05-27
CUST001005,Simon Bansal,11,100,3669125.02,333556.82,2024-06-25,2026-05-23
CUST000698,Lopa Chada,12,108,3668403.56,305700.3,2024-07-19,2026-07-14
CUST004497,Akshay Sodhi,12,99,3668259.11,305688.26,2024-01-15,2026-07-21
CUST004869,Ishwar Chawla,16,111,3668077.33,229254.83,2024-01-16,2026-06-27
CUST002673,Aarav Ahuja,14,105,3667505.40,261964.67,2024-01-09,2026-06-12
CUST004380,Omisha Chad,13,101,3667471.93,282113.23,2024-01-22,2026-03-12
CUST001671,Udarsh Kanda,12,111,3665570.06,305464.17,2024-05-11,2026-05-09
CUST001993,Balendra Bhasin,14,108,3665295.67,261806.83,2024-04-10,2026-04-15
CUST002457,Siya Rama,14,89,3663492.88,261678.06,2024-05-25,2026-05-10
CUST000549,Fitan Oak,17,119,3662086.71,215416.87,2024-03-27,2026-07-21
CUST004304,Yasti Tank,11,85,3661470.56,332860.96,2024-04-16,2025-10-30
CUST000438,Radha Mallick,12,105,3660205.92,305017.16,2024-04-13,2026-06-21
CUST001206,Michael Brahmbhatt,15,110,3659929.89,243995.33,2024-02-12,2026-02-20
CUST001292,Yashawini Mannan,12,106,3659147.74,304928.98,2024-04-08,2026-07-16
CUST000503,Gaurav Gour,11,92,3658847.52,332622.5,2024-02-14,2026-03-03
CUST002370,Jhalak Raj,11,105,3654847.58,332258.87,2024-03-25,2026-05-20
CUST001381,Victor Devan,9,100,3654119.53,406013.28,2024-07-01,2026-07-07
CUST002541,Finn Dalal,10,92,3653873.39,365387.34,2024-04-07,2026-02-17
CUST003615,Frado Kamdar,11,101,3653306.83,332118.8,2024-02-12,2026-05-12
CUST004913,Timothy Bhatt,13,100,3652991.76,280999.37,2024-05-31,2026-01-02
CUST004313,Chaitaly Balan,13,96,3652819.01,280986.08,2024-03-17,2026-06-10
CUST002936,Ekani Kaul,11,95,3652349.49,332031.77,2024-01-02,2026-03-08
CUST000092,Yadavi Johal,10,98,3652349.36,365234.94,2024-03-26,2025-11-06
CUST002297,Siddharth Choudhry,10,89,3652241.09,365224.11,2024-05-11,2026-03-08
CUST001063,Veer Deshmukh,14,91,3651004.37,260786.03,2024-02-22,2026-04-26
CUST003676,Indrajit Khatri,12,116,3644988.06,303749.01,2024-01-14,2026-07-06
CUST000073,Gaurangi Kumer,12,102,3640266.76,303355.56,2024-02-07,2026-07-21
CUST001232,Naveen Bose,11,92,3640072.35,330915.67,2024-02-24,2026-04-03
CUST002381,Ayushman Parekh,12,100,3637388.27,303115.69,2024-06-01,2026-04-27
CUST002758,Bhavya Choudhry,15,120,3637218.56,242481.24,2024-02-06,2026-06-14
CUST000510,Abdul Bajaj,11,90,3636448.37,330586.22,2024-02-13,2026-07-14
CUST002701,Zashil Sethi,13,94,3636243.64,279711.05,2024-05-10,2026-06-08
CUST000912,Hritik Ganesh,16,101,3635667.11,227229.19,2024-01-08,2026-07-14
CUST001791,Priya Thaker,10,92,3635563.38,363556.34,2024-01-28,2026-01-26
CUST000554,Nikita Loke,12,100,3634820.97,302901.75,2024-03-11,2026-05-12
CUST001269,Elijah Ghose,9,91,3634549.46,403838.83,2024-04-11,2026-03-12
CUST000541,Yash Sandhu,16,96,3633060.37,227066.27,2024-01-02,2026-07-21
CUST001158,Frado Rama,16,95,3632464.96,227029.06,2024-02-02,2026-07-21
CUST004499,Sneha Mukherjee,14,107,3631434.98,259388.21,2024-02-05,2026-06-10
CUST003279,Yug Murthy,12,104,3631207.12,302600.59,2024-08-14,2026-05-25
CUST003850,Finn Chad,15,102,3625734.75,241715.65,2024-01-20,2026-03-23
CUST004532,Caleb Gara,10,90,3625693.78,362569.38,2024-01-26,2026-07-21
CUST000784,Lakshmi Sarna,13,105,3625163.53,278858.73,2024-04-04,2026-07-16
CUST003714,Oscar Yogi,9,91,3622939.91,402548.88,2024-02-24,2026-06-03
CUST001268,Rohan Sen,10,102,3622329.45,362232.95,2024-01-06,2026-05-17
CUST004887,Vrishti Sabharwal,11,106,3622096.11,329281.46,2024-02-20,2026-07-16
CUST003989,Reyansh Magar,15,95,3621821.97,241454.8,2024-01-18,2026-06-01
CUST001132,Tarak Butala,16,129,3621674.19,226354.64,2024-04-02,2026-05-14
CUST002275,Daniel Nagi,10,97,3621663.43,362166.34,2024-04-11,2026-06-12
CUST001501,Charita Aggarwal,14,88,3621063.91,258647.42,2024-01-04,2026-03-14
CUST000857,Maya Doctor,13,96,3620284.42,278483.42,2024-06-02,2026-07-21
CUST004318,Ojas Bobal,14,89,3619970.29,258569.31,2024-01-23,2026-07-19
CUST004553,Owen Mistry,13,90,3618651.89,278357.84,2024-01-18,2026-04-26
CUST000820,Ira Chawla,12,101,3614687.09,301223.92,2024-04-10,2026-05-26
CUST003488,Gaurav Prakash,14,125,3614537.64,258181.26,2024-01-27,2026-07-14
CUST000287,Jackson Bhargava,12,97,3613523.07,301126.92,2024-02-04,2026-06-06
CUST000708,Krish Bakshi,9,81,3612968.63,401440.96,2024-01-07,2026-05-31
CUST003397,Ishanvi Kaur,15,95,3612209.79,240813.99,2024-01-14,2026-05-04
CUST000509,Balhaar Devan,12,101,3611591.13,300965.93,2024-02-17,2026-07-21
CUST001631,Reva Varma,13,88,3611325.85,277794.3,2024-01-07,2026-01-04
CUST003978,Bhanumati Kala,14,125,3610729.32,257909.24,2024-01-11,2026-06-02
CUST003553,Zilmil Mahal,11,99,3610637.49,328239.77,2024-02-09,2026-07-18
CUST001119,Jeet Bhandari,14,99,3610400.23,257885.73,2024-08-21,2026-07-01
CUST002623,Lipika Bajwa,13,109,3610355.74,277719.67,2024-02-08,2026-06-23
CUST000611,Lohit Bath,13,96,3610031.55,277694.73,2024-01-05,2026-05-31
CUST004199,Aarush Nair,13,104,3609009.62,277616.12,2024-02-01,2026-01-06
CUST000466,Bimala Bajaj,12,92,3607242.30,300603.53,2024-03-31,2026-07-21
CUST001678,Saksham Joshi,13,87,3605090.85,277314.68,2024-06-15,2026-06-08
CUST002702,Ayush More,11,106,3603761.48,327614.68,2024-02-21,2026-02-17
CUST000239,Wridesh Sachdev,14,108,3603525.13,257394.65,2024-01-31,2026-04-28
CUST000791,Madhav Tandon,16,116,3603197.54,225199.85,2024-06-21,2026-07-05
CUST002248,Darika Nori,11,103,3601756.80,327432.44,2024-01-23,2025-10-12
CUST004278,Nikita Batta,11,106,3600903.54,327354.87,2024-02-08,2026-07-02
CUST000910,Nathaniel Rastogi,11,95,3600800.30,327345.48,2024-01-08,2026-04-13
CUST002957,Krish Gokhale,14,107,3600290.07,257163.58,2024-05-06,2026-07-21
CUST000309,Vansha Virk,8,83,3599680.35,449960.04,2024-01-22,2026-07-08
CUST001492,Yatan Dua,9,93,3598209.29,399801.03,2024-01-01,2026-06-27
CUST003177,Janaki Kota,12,97,3597021.87,299751.82,2024-03-18,2026-07-15
CUST000222,Radhika Chaudry,12,90,3596998.68,299749.89,2024-02-11,2026-04-02
CUST002699,Fariq Divan,12,100,3595987.24,299665.6,2024-05-18,2026-07-21
CUST002889,Ikbal Mitra,12,97,3595893.37,299657.78,2024-05-19,2026-06-13
CUST004749,Adya Balasubramanian,13,94,3595545.70,276580.44,2024-04-13,2026-07-07
CUST004605,Chanchal Kannan,12,111,3595230.96,299602.58,2024-01-20,2026-06-28
CUST000449,Nisha More,17,120,3593485.82,211381.52,2024-01-09,2026-07-21
CUST000074,Qarin Iyer,12,112,3591925.98,299327.17,2024-01-26,2026-05-09
CUST004816,Aashi Natarajan,12,92,3590608.68,299217.39,2024-04-15,2026-05-20
CUST003499,Abdul Walia,12,116,3589255.87,299104.66,2024-01-31,2026-04-11
CUST003500,Wyatt Palla,11,101,3585951.71,325995.61,2024-03-02,2026-05-02
CUST002367,Mitali Patil,10,93,3585187.48,358518.75,2024-02-28,2026-02-16
CUST001599,Bachittar Walia,13,100,3584667.60,275743.66,2024-07-08,2026-04-22
CUST003391,Rachita Tella,12,107,3584658.15,298721.51,2024-05-22,2026-04-28
CUST004419,Charita Korpal,13,84,3583857.08,275681.31,2024-01-04,2025-05-20
CUST000986,Zashil Konda,11,103,3583182.73,325743.88,2024-02-03,2026-06-26
CUST002442,Bhavani Prakash,12,100,3583088.25,298590.69,2024-01-18,2026-06-12
CUST003434,Gautam Shere,9,97,3581632.56,397959.17,2024-02-06,2025-11-07
CUST003635,Siddharth Gill,13,107,3580998.95,275461.46,2024-01-29,2026-06-22
CUST000564,Qushi Seth,11,82,3580982.10,325543.83,2024-01-07,2026-04-13
CUST003221,Vrinda Deol,12,106,3578905.69,298242.14,2024-01-16,2026-06-24
CUST004314,Nachiket Sastry,11,89,3577317.79,325210.71,2024-01-08,2026-04-29
CUST004486,Kevin Sandal,13,115,3577071.44,275159.34,2024-01-11,2026-07-03
CUST000191,Darsh Palla,15,99,3576725.45,238448.36,2024-05-11,2026-07-12
CUST004744,Deepa Mann,13,104,3574484.84,274960.37,2024-01-13,2026-05-03
CUST002648,Triya Palla,14,88,3574320.56,255308.61,2024-07-05,2026-07-03
CUST004310,Kashvi Mishra,14,91,3573779.33,255269.95,2024-04-07,2026-07-21
CUST004462,Ira Thakkar,16,99,3573636.36,223352.27,2024-05-02,2026-03-10
CUST004941,Upma Ahuja,14,103,3573586.64,255256.19,2024-04-14,2026-07-08
CUST001083,Bhavika Patla,16,117,3572889.10,223305.57,2024-02-23,2026-04-20
CUST003015,Samar Rao,12,100,3571400.51,297616.71,2024-05-24,2026-06-25
CUST002285,Upkaar Bahri,13,83,3571038.94,274695.3,2024-01-07,2026-06-12
CUST000659,Arin Gandhi,13,105,3570608.36,274662.18,2024-01-11,2026-06-10
CUST001236,Pooja Borra,11,121,3570220.58,324565.51,2024-01-05,2025-11-18
CUST002962,Jatin Agrawal,14,102,3570044.48,255003.18,2024-01-14,2026-07-17
CUST000984,Aachal Lanka,10,98,3568639.80,356863.98,2024-02-06,2026-07-12
CUST000004,Yamini Gokhale,14,103,3567488.37,254820.6,2024-07-06,2026-07-03
CUST000534,Hamsini Kurian,14,107,3567480.49,254820.04,2024-01-21,2026-06-22
CUST004241,Chavvi Andra,12,99,3564747.95,297062.33,2024-02-04,2026-02-25
CUST000037,Ati Srivastava,13,97,3562738.86,274056.84,2024-04-13,2026-05-19
CUST002564,Ekani Batta,10,97,3562235.38,356223.54,2024-02-26,2026-06-18
CUST001362,Abhimanyu Chanda,13,110,3562077.93,274005.99,2024-01-10,2026-05-09
CUST001341,Bhavna Balakrishnan,13,107,3561260.13,273943.09,2024-04-25,2026-06-02
CUST001722,Libni Deo,11,94,3560941.39,323721.94,2024-04-07,2026-06-29
CUST000576,Nitesh Kar,11,100,3560934.65,323721.33,2024-01-30,2025-10-11
CUST003194,Upasna Palla,12,101,3560812.67,296734.39,2024-01-20,2026-07-21
CUST002174,Harrison Varty,13,110,3559300.12,273792.32,2024-03-04,2026-05-10
CUST004446,Aayush Konda,16,110,3558100.77,222381.3,2024-02-26,2026-05-28
CUST000194,Benjamin Tella,12,110,3556784.93,296398.74,2024-01-16,2026-07-04
CUST001325,Qarin Khalsa,11,96,3556360.03,323305.46,2024-01-17,2026-05-13
CUST001252,Wyatt Deo,12,98,3555903.46,296325.29,2024-01-18,2025-08-26
CUST003487,Laban Goel,18,117,3555718.80,197539.93,2024-03-07,2026-07-05
CUST001784,Matthew Chawla,11,80,3553534.82,323048.62,2024-04-06,2026-05-19
CUST001301,Hemang Ben,11,84,3553090.13,323008.19,2024-03-11,2026-06-21
CUST003755,Warjas Sant,11,96,3552294.90,322935.9,2024-01-31,2026-06-20
CUST003201,Wridesh Amble,13,110,3552040.57,273233.89,2024-01-18,2026-07-18
CUST001070,Arya Chaudhary,13,116,3551898.76,273222.98,2024-08-14,2026-07-21
CUST000122,Sara Suri,11,100,3551318.69,322847.15,2024-08-01,2026-04-17
CUST004368,Eta Pandey,10,78,3550826.45,355082.65,2024-01-18,2026-07-03
CUST003848,Banjeet Balan,11,94,3550036.81,322730.62,2024-02-07,2026-07-16
CUST000036,Garima Brahmbhatt,13,114,3549889.91,273068.45,2024-01-10,2026-06-19
CUST003045,Reva Sethi,14,85,3549849.71,253560.69,2024-02-24,2026-05-12
CUST001882,Aashi Joshi,10,101,3549378.94,354937.89,2024-01-16,2026-04-28
CUST002274,Ethan Bhardwaj,11,100,3548266.81,322569.71,2024-02-02,2025-11-18
CUST003892,Laksh Deep,12,95,3548262.70,295688.56,2024-01-30,2026-06-16
CUST001862,Chavvi Sur,14,114,3547953.81,253425.27,2024-01-11,2026-07-21
CUST004240,Aahana Banerjee,13,98,3547340.85,272872.37,2024-01-28,2026-06-06
CUST001205,Adweta Aurora,9,95,3546985.61,394109.51,2024-03-17,2025-10-01
CUST000767,Udant Mody,11,101,3546921.64,322447.42,2024-01-06,2026-05-26
CUST002013,Lakshmi Baria,12,94,3546816.34,295568.03,2024-01-24,2026-06-05
CUST003494,Jack Ganesh,13,107,3545935.72,272764.29,2024-05-16,2026-03-12
CUST002040,Udant Bandi,12,109,3545434.02,295452.84,2024-10-04,2026-07-08
CUST003568,Harish Dyal,13,112,3544095.39,272622.72,2024-02-16,2026-04-24
CUST000255,Dominic Rau,10,101,3543708.42,354370.84,2024-01-17,2026-05-22
CUST001573,Timothy Dalal,10,87,3543681.62,354368.16,2024-05-31,2026-02-10
CUST000922,Yochana Swaminathan,11,105,3539357.97,321759.82,2024-06-21,2026-06-07
CUST004924,Indira Desai,12,104,3536415.21,294701.27,2024-03-08,2026-07-21
CUST000800,Unni Raman,10,89,3535285.51,353528.55,2024-01-27,2025-11-21
CUST004404,Upadhriti Bansal,11,91,3535068.83,321369.89,2024-04-02,2026-03-27
CUST001193,Niharika Prabhakar,12,98,3534058.97,294504.91,2024-01-28,2026-07-11
CUST001830,Girish Sane,16,103,3532766.74,220797.92,2024-02-05,2026-07-05
CUST001481,Oscar Raman,14,99,3532140.51,252295.75,2024-03-06,2026-03-10
CUST001092,Daksh Issac,13,100,3530422.88,271570.99,2024-01-23,2026-06-29
CUST003953,Yashasvi Grewal,14,94,3530122.44,252151.6,2024-02-27,2026-07-04
CUST001648,Isha Vaidya,12,95,3528110.64,294009.22,2024-01-07,2026-06-03
CUST000735,Bakhshi Sibal,13,105,3525799.45,271215.34,2024-01-09,2026-03-02
CUST004568,Ethan Nigam,14,100,3525615.08,251829.65,2024-03-24,2026-07-21
CUST000559,Ojasvi Jani,9,78,3522502.31,391389.15,2024-03-27,2025-12-23
CUST001477,Aashi Mann,12,100,3521209.25,293434.1,2024-05-05,2026-07-21
CUST000446,Karan Sane,16,121,3521116.15,220069.76,2024-04-16,2026-05-04
CUST003766,Harrison Mohan,10,94,3519559.35,351955.94,2024-02-17,2025-07-04
CUST000703,Advika Karnik,12,92,3516212.31,293017.69,2024-03-17,2026-03-27
CUST000348,Chaitaly Wadhwa,11,96,3515672.49,319606.59,2024-02-24,2026-07-12
CUST003468,Ansh Hora,14,108,3515215.84,251086.85,2024-03-02,2026-07-16
CUST001706,Fariq Dalal,14,109,3514563.95,251040.28,2024-02-01,2026-03-08
CUST001284,Omaja Uppal,13,115,3514447.23,270342.09,2024-02-24,2026-07-21
CUST001626,Ekani Vaidya,11,113,3514056.90,319459.72,2024-01-02,2026-07-14
CUST003518,Dakshesh Lall,15,105,3512323.05,234154.87,2024-02-18,2026-06-25
CUST003516,Tanveer Chandran,11,83,3511723.26,319247.57,2024-02-26,2026-05-09
CUST000384,Kai Raghavan,13,97,3511350.34,270103.87,2024-05-28,2026-07-07
CUST003911,Benjamin Bath,10,109,3508977.21,350897.72,2024-04-24,2025-10-11
CUST000161,Aarush Rout,14,97,3508790.65,250627.9,2024-01-24,2026-06-06
CUST002878,Yashoda Narain,11,100,3508607.71,318964.34,2024-04-02,2026-01-29
CUST000518,Oviya Khalsa,12,98,3508481.70,292373.48,2024-06-03,2026-05-11
CUST002804,Mitesh Walla,15,117,3507927.01,233861.8,2024-01-15,2026-05-13
CUST003158,Alka Mani,12,96,3507768.93,292314.08,2024-07-21,2026-07-21
CUST002938,Ayushman Wadhwa,9,89,3507155.85,389683.98,2024-08-15,2026-05-30
CUST000360,Ishwar Saxena,13,85,3507114.61,269778.05,2024-02-15,2026-02-03
CUST001773,Udarsh Konda,14,106,3507036.06,250502.58,2024-08-14,2026-06-30
CUST002148,Sudiksha Hegde,13,107,3506795.38,269753.49,2024-01-10,2026-07-11
CUST002211,George Bail,12,104,3506123.77,292176.98,2024-01-07,2026-03-26
CUST001792,Chameli Banik,13,93,3506064.63,269697.28,2024-01-30,2026-07-16
CUST004556,Diya Atwal,12,94,3505651.24,292137.6,2024-08-28,2026-03-06
CUST002310,Urvashi Deshmukh,12,114,3505482.43,292123.54,2024-01-04,2026-07-21
CUST001484,Mugdha Doctor,15,106,3505075.80,233671.72,2024-01-18,2026-04-12
CUST004186,Suhani Dhar,10,103,3503724.23,350372.42,2024-05-02,2026-05-01
CUST001558,Chanakya Tak,14,87,3503477.37,250248.38,2024-04-17,2026-06-12
CUST004543,Krishna Bhat,12,102,3503060.22,291921.69,2024-01-08,2026-05-17
CUST000740,Atharv Ravel,13,119,3502913.68,269454.9,2024-01-17,2026-03-04
CUST004617,Yahvi Madan,11,96,3502110.91,318373.72,2024-01-17,2025-05-16
CUST004604,Peter Patla,9,87,3501532.08,389059.12,2024-02-28,2026-05-02
CUST001169,Avi Bhatia,11,115,3500428.42,318220.77,2024-02-06,2026-06-01
CUST003956,Samuel Hayre,11,87,3500114.01,318192.18,2024-03-12,2026-07-03
CUST001152,Zashil Sood,13,106,3499734.68,269210.36,2024-04-27,2026-07-19
CUST001215,Anamika Palla,10,107,3496875.61,349687.56,2024-03-24,2025-12-26
CUST002953,Aadi Majumdar,14,106,3496713.76,249765.27,2024-01-17,2026-07-21
CUST002733,Upma Ray,13,98,3494997.62,268845.97,2024-02-10,2026-06-25
CUST001339,Manbir Din,12,113,3494746.25,291228.85,2024-01-01,2025-11-17
CUST003684,Pranit Bose,12,92,3494209.85,291184.15,2024-05-21,2026-04-28
CUST002150,Zilmil Andra,14,90,3493575.98,249541.14,2024-07-26,2026-06-27
CUST001516,Upasna Ramaswamy,11,97,3492375.00,317488.64,2024-04-19,2026-04-28
CUST001565,Falan Bassi,13,86,3491920.23,268609.25,2024-02-06,2026-05-31
CUST004527,Sneha Rana,11,85,3490026.21,317275.11,2024-03-18,2026-06-26
CUST003555,Theodore Seth,13,93,3488708.34,268362.18,2024-02-27,2026-02-08
CUST000228,Hamsini Viswanathan,12,97,3487648.27,290637.36,2024-01-21,2026-04-22
CUST000020,Ojasvi Krishna,11,116,3487066.32,317006.03,2024-06-15,2026-06-15
CUST003153,Chaitanya Ganesh,16,121,3487045.49,217940.34,2024-04-12,2026-07-21
CUST000683,Chakradhar Badal,11,105,3484792.76,316799.34,2024-05-30,2026-04-22
CUST003004,Sai Saraf,11,84,3483025.47,316638.68,2024-04-02,2026-06-04
CUST003390,Logan Bandi,12,96,3481419.42,290118.29,2024-01-08,2026-03-16
CUST000644,Manbir Bakshi,14,91,3478240.64,248445.76,2024-01-23,2026-05-22
CUST000504,Kritika Ramesh,15,116,3477356.92,231823.79,2024-01-06,2026-04-22
CUST004279,Ucchal Batra,9,87,3477073.59,386341.51,2024-04-19,2026-07-18
CUST004108,Dakshesh Datta,9,73,3476538.28,386282.03,2024-01-08,2026-05-28
CUST004239,Idika Sarkar,12,103,3475675.64,289639.64,2024-03-02,2026-06-06
CUST002267,Chaman Vala,12,90,3475503.39,289625.28,2024-02-15,2026-03-27
CUST002244,Yasti Som,13,118,3474020.00,267232.31,2024-01-06,2026-04-13
CUST000241,Aashi Randhawa,13,83,3473851.84,267219.37,2024-08-18,2026-07-21
CUST002033,Yachana Parikh,10,101,3472999.91,347299.99,2024-01-10,2026-04-23
CUST003466,Jonathan Parekh,11,107,3472440.25,315676.39,2024-05-27,2026-03-29
CUST001824,Theodore Ben,13,82,3471962.62,267074.05,2024-02-23,2026-01-31
CUST002637,Jacob Venkatesh,10,79,3471506.21,347150.62,2024-08-13,2026-01-28
CUST002182,Orinder Vala,10,88,3470912.19,347091.22,2024-06-09,2026-07-21
CUST002492,Ayushman Shenoy,15,110,3470656.41,231377.09,2024-01-12,2026-05-17
CUST003037,Sanya Kant,14,98,3468717.19,247765.51,2024-01-26,2026-07-05
CUST004020,Ayush Pall,14,104,3468253.27,247732.38,2024-06-01,2025-10-02
CUST002825,Saanvi Dave,12,108,3467913.98,288992.83,2024-02-10,2026-06-17
CUST002892,Wriddhish Narayanan,10,89,3466980.33,346698.03,2024-03-31,2026-01-28
CUST004960,Dalbir Joshi,10,89,3466298.22,346629.82,2024-04-10,2026-04-15
CUST001834,Nidhi Basak,11,75,3464628.36,314966.21,2024-03-02,2026-06-02
CUST001368,Zashil Reddy,13,93,3464460.74,266496.98,2024-04-23,2026-06-15
CUST004800,Nikita Mutti,13,91,3464070.89,266466.99,2024-01-09,2026-07-21
CUST002954,Amrita Dhar,10,85,3463475.03,346347.5,2024-08-08,2026-05-02
CUST001622,Jeet Baria,14,92,3461814.36,247272.45,2024-04-24,2026-07-05
CUST001507,Nachiket Barad,13,87,3460803.40,266215.65,2024-01-05,2026-06-26
CUST000983,Sai Hegde,13,88,3460766.70,266212.82,2024-02-08,2026-03-20
CUST001845,Vedika D’alia,12,98,3460110.13,288342.51,2024-06-05,2026-03-09
CUST004379,Jairaj Atwal,11,89,3458648.35,314422.58,2024-04-23,2026-03-11
CUST003994,Kevin Sarna,10,94,3458512.15,345851.22,2024-06-16,2026-07-02
CUST000323,Diya Doshi,15,108,3458423.60,230561.57,2024-01-22,2026-07-21
CUST003822,Forum Bose,12,92,3457990.57,288165.88,2024-03-30,2026-06-21
CUST002353,Yatan Sahni,10,96,3457784.78,345778.48,2024-04-16,2026-05-17
CUST001376,Vyanjana Brar,13,102,3456116.27,265855.1,2024-06-03,2026-07-16
CUST003780,Fitan Jha,12,105,3454899.29,287908.27,2024-04-23,2026-06-14
CUST002383,Yutika Bumb,13,96,3452925.37,265609.64,2024-02-08,2025-11-11
CUST001465,Aradhana Chanda,10,93,3452555.47,345255.55,2024-01-20,2026-06-14
CUST001255,Dhriti Deshmukh,15,103,3452364.12,230157.61,2024-02-29,2026-07-18
CUST001363,Owen Dubey,13,103,3452312.04,265562.46,2024-08-10,2026-07-19
CUST004267,Charvi Bahri,14,98,3452193.87,246585.28,2024-01-10,2026-06-07
CUST004328,Sai Pant,15,106,3451846.68,230123.11,2024-04-19,2026-06-05
CUST004265,Anmol Bath,14,93,3450843.28,246488.81,2024-04-20,2026-07-21
CUST004509,Andrew Dutt,12,104,3449604.04,287467.0,2024-02-04,2026-02-14
CUST000811,Harrison Oak,12,100,3449377.73,287448.14,2024-09-23,2026-07-21
CUST003825,Tripti Pal,15,102,3448610.22,229907.35,2024-03-10,2026-06-22
CUST004972,Lajita Deshpande,13,97,3448603.39,265277.18,2024-01-06,2026-06-22
CUST000558,Sudiksha Bajwa,12,97,3447723.52,287310.29,2024-06-29,2026-07-13
CUST004327,Qushi Andra,14,114,3446848.82,246203.49,2024-05-25,2026-05-21
CUST000931,Vincent Bajaj,11,96,3446633.80,313330.35,2024-02-19,2026-04-10
CUST004734,Barkha Naidu,13,99,3444741.84,264980.14,2024-01-24,2026-07-01
CUST004288,Yug Wali,12,110,3444290.66,287024.22,2024-05-19,2026-07-10
CUST002388,Zansi Sandal,13,94,3442688.80,264822.22,2024-03-10,2026-03-29
CUST001904,Jyoti Jaggi,9,84,3441831.81,382425.76,2024-01-31,2026-02-27
CUST002709,Madhavi Chander,13,88,3440918.57,264686.04,2024-02-06,2026-06-17
CUST003513,Sai Sami,12,92,3439748.66,286645.72,2024-01-16,2026-06-10
CUST004389,Janaki Sampath,11,85,3437849.42,312531.77,2024-03-16,2026-03-08
CUST004150,Tanveer Sama,12,95,3437702.12,286475.18,2024-01-11,2026-07-16
CUST001067,Wridesh Kata,12,89,3436785.29,286398.77,2024-05-18,2026-07-17
CUST002737,Balhaar Bal,11,94,3436414.82,312401.35,2024-03-25,2026-06-05
CUST002718,Daksha Prabhakar,14,94,3435608.94,245400.64,2024-04-07,2026-06-15
CUST000075,Azaan Saran,13,95,3435156.38,264242.8,2024-01-02,2026-04-27
CUST002792,Owen Palla,10,95,3434141.58,343414.16,2024-05-13,2026-06-30
CUST000604,Mohini Dube,13,93,3432614.22,264047.25,2024-02-27,2026-04-10
CUST004680,Hitesh Jhaveri,15,108,3432229.77,228815.32,2024-01-04,2026-05-30
CUST002307,Ekavir Kala,17,126,3431240.65,201837.69,2024-01-07,2026-06-08
CUST003637,Rishi Pandey,15,103,3431051.19,228736.75,2024-01-19,2026-04-10
CUST004615,Samar Gole,16,108,3429933.17,214370.82,2024-03-14,2026-04-27
CUST003401,Banjeet Khanna,11,94,3429276.33,311752.39,2024-01-07,2026-06-30
CUST000946,Geetika Mandal,11,90,3427755.58,311614.14,2024-06-05,2026-06-17
CUST002209,Patrick Kothari,14,102,3427474.36,244819.6,2024-06-03,2026-06-02
CUST004873,Yashawini Gara,13,85,3426422.25,263570.94,2024-03-02,2026-07-06
CUST004212,Sarthak Varughese,16,110,3426213.14,214138.32,2024-05-17,2026-06-22
CUST001490,Ekavir Sachar,12,102,3426033.97,285502.83,2024-03-26,2026-07-21
CUST002441,Rayaan Sant,9,90,3425768.01,380640.89,2024-04-24,2026-04-22
CUST002001,Vanya Prabhu,14,97,3425658.85,244689.92,2024-06-14,2026-05-26
CUST001239,Gayathri Suresh,12,94,3425365.16,285447.1,2024-07-30,2026-06-17
CUST002384,Rajeshri Barman,10,92,3425341.93,342534.19,2024-07-07,2026-06-08
CUST000854,Brinda Korpal,14,97,3425001.51,244642.97,2024-06-09,2026-03-24
CUST000602,Nathan Kala,11,94,3424648.18,311331.65,2024-03-29,2026-06-13
CUST002666,Samar Pall,13,106,3423637.49,263356.73,2024-01-31,2026-07-21
CUST000844,Forum Date,11,90,3421528.39,311048.04,2024-02-15,2026-06-26
CUST004726,Ojas Edwin,11,89,3421211.04,311019.19,2024-01-08,2026-03-16
CUST004435,Timothy Kunda,13,98,3417572.77,262890.21,2024-05-13,2026-05-28
CUST001670,Falguni Balasubramanian,13,94,3417254.65,262865.74,2024-04-25,2026-02-19
CUST003001,Balvan Dash,11,102,3417042.28,310640.21,2024-07-10,2026-04-09
CUST002543,Mahika Srinivas,11,90,3415994.20,310544.93,2024-01-18,2026-05-24
CUST002659,Chaitanya Choudhary,11,82,3415194.62,310472.24,2024-03-22,2026-07-12
CUST002808,Yagnesh Balasubramanian,15,95,3412594.99,227506.33,2024-01-03,2026-04-28
CUST001961,Jatin Shenoy,15,101,3412555.03,227503.67,2024-02-11,2026-07-06
CUST002880,Chavvi Khare,13,93,3412508.55,262500.66,2024-04-13,2026-07-21
CUST000101,Aarush Bhatnagar,12,104,3411614.58,284301.22,2024-08-21,2026-05-24
CUST000120,Garima Prabhu,8,80,3411284.68,426410.59,2024-01-30,2026-05-18
CUST003297,Janani Comar,16,114,3410432.32,213152.02,2024-01-30,2026-06-06
CUST004197,Reva Kibe,12,88,3409784.67,284148.72,2024-01-08,2026-07-03
CUST004832,Triya Sagar,10,93,3409781.61,340978.16,2024-02-10,2026-06-20
CUST000870,Vrishti Din,13,91,3408515.75,262193.52,2024-06-05,2026-07-21
CUST004133,Amol Bava,11,100,3408237.98,309839.82,2024-01-17,2026-03-09
CUST001445,Finn Panchal,14,95,3407492.66,243392.33,2024-03-18,2026-07-21
CUST003947,Daniel Ratta,9,72,3406628.09,378514.23,2024-01-09,2026-07-08
CUST000755,Baljiwan Master,13,108,3406401.77,262030.91,2024-01-03,2026-07-15
CUST001594,Shivani Jain,11,87,3405872.38,309624.76,2024-09-24,2026-03-20
CUST003449,Ekavir Wagle,11,88,3404942.33,309540.21,2024-06-14,2026-06-06
CUST003585,Darika Borah,11,91,3404181.43,309471.04,2024-02-11,2026-07-14
CUST002935,Dominic Gandhi,12,102,3403411.22,283617.6,2024-01-30,2026-04-24
CUST001717,Eesha Ramakrishnan,12,90,3402640.43,283553.37,2024-04-15,2026-07-21
CUST003155,Tanmayi Mutti,13,93,3400819.80,261601.52,2024-03-08,2026-05-27
CUST002429,Lakshmi More,8,91,3400526.29,425065.79,2024-02-10,2026-05-08
CUST002445,Timothy Mohanty,17,119,3399492.73,199970.16,2024-01-15,2026-05-15
CUST001942,Charvi Bhatt,11,85,3399425.17,309038.65,2024-03-29,2026-04-25
CUST003122,Laksh Viswanathan,11,106,3398926.63,308993.33,2024-01-14,2026-06-06
CUST002798,Udant Ray,12,90,3397656.74,283138.06,2024-03-20,2026-02-23
CUST001975,Samarth Barad,12,111,3397260.31,283105.03,2024-01-25,2026-06-01
CUST003386,Chaitanya Kuruvilla,16,114,3396351.81,212271.99,2024-06-03,2026-06-23
CUST001270,Sathvik Varma,12,98,3396057.11,283004.76,2024-06-20,2026-07-19
CUST001290,Finn Borde,9,88,3394972.97,377219.22,2024-07-02,2026-03-31
CUST001396,Rachita Gole,14,100,3394905.84,242493.27,2024-03-26,2026-04-07
CUST002906,Yashica Biswas,12,87,3393722.78,282810.23,2024-04-09,2026-04-19
CUST002279,Osha Rao,11,87,3392872.18,308442.93,2024-03-27,2026-07-19
CUST000433,Kiaan Kothari,12,94,3392541.26,282711.77,2024-02-14,2026-04-10
CUST002034,Tarak Kari,14,94,3392424.03,242316.0,2024-04-18,2026-07-01
CUST000572,Upma Sura,14,104,3392314.38,242308.17,2024-01-06,2026-03-12
CUST003384,Michael Thakur,12,90,3390584.94,282548.75,2024-08-03,2026-07-14
CUST001459,Advaith Panchal,10,96,3388988.55,338898.86,2024-01-05,2026-04-11
CUST001013,Kala Ganguly,11,105,3387798.07,307981.64,2024-01-11,2026-06-20
CUST003906,Vivaan Murty,13,88,3387069.58,260543.81,2024-03-14,2026-03-25
CUST000038,Falan Wable,9,99,3386946.41,376327.38,2024-01-10,2026-03-23
CUST003945,George Sachdeva,11,97,3386302.35,307845.67,2024-01-10,2025-12-16
CUST000099,Xalak Parmar,14,110,3386210.87,241872.21,2024-01-06,2026-06-28
CUST002140,Vamakshi Dewan,12,116,3385594.14,282132.85,2024-03-10,2026-04-20
CUST002620,Krisha Palan,15,103,3385246.23,225683.08,2024-01-05,2026-07-03
CUST000276,Anya Keer,13,94,3384934.61,260379.59,2024-01-31,2026-06-25
CUST004335,Radha Kulkarni,10,90,3383915.07,338391.51,2024-02-24,2026-06-26
CUST001657,Krishna Suresh,13,88,3383702.11,260284.78,2024-02-21,2026-03-23
CUST004440,Indrajit Dave,15,95,3382766.08,225517.74,2024-01-05,2026-04-29
CUST004411,Faras Shenoy,14,99,3382624.03,241616.0,2024-05-08,2026-01-25
CUST004637,Suhani Gade,11,92,3382032.36,307457.49,2024-09-02,2026-02-20
CUST004393,Isaiah Din,13,122,3379163.41,259935.65,2024-01-19,2026-06-03
CUST004408,Chatresh Parsa,14,85,3377756.20,241268.3,2024-04-15,2026-02-17
CUST004648,Jonathan Banerjee,12,109,3377679.57,281473.3,2024-09-07,2026-07-18
CUST001611,Yachana Halder,16,104,3377655.92,211103.5,2024-01-11,2026-07-21
CUST000628,Reyansh Singh,11,97,3376778.62,306979.87,2024-04-04,2026-04-28
CUST001776,Isha Chand,13,112,3375903.24,259684.86,2024-09-07,2026-04-27
CUST001574,Ekantika Amble,11,93,3375496.42,306863.31,2024-10-28,2026-04-19
CUST000278,Ishwar Dass,13,101,3374953.03,259611.77,2024-01-25,2026-07-15
CUST001697,Rohan Hegde,11,89,3372566.97,306597.0,2024-04-25,2026-06-06
CUST003486,Oni Badal,12,98,3370904.23,280908.69,2024-01-02,2026-05-05
CUST002278,Azad Das,12,95,3370571.75,280880.98,2024-02-06,2026-06-09
CUST004618,Chatura Cherian,11,98,3369980.17,306361.83,2024-02-18,2026-07-21
CUST001489,Janani Wagle,9,68,3369388.01,374376.45,2024-01-22,2025-12-29
CUST002913,Indira Shanker,14,101,3369169.60,240654.97,2024-01-16,2026-05-01
CUST002322,Siddharth Sami,13,98,3367726.81,259055.91,2024-03-05,2026-05-06
CUST000267,Zaitra Ramakrishnan,10,86,3367605.56,336760.56,2024-02-22,2026-06-22
CUST001497,Darpan Raghavan,11,86,3367551.81,306141.07,2024-01-13,2026-01-06
CUST004541,Balendra Sandal,13,96,3367490.84,259037.76,2024-01-20,2026-02-16
CUST001171,Kabir Johal,13,104,3367336.85,259025.91,2024-07-03,2026-05-05
CUST003886,Anay Sarma,11,87,3367304.66,306118.61,2024-02-06,2026-02-23
CUST003801,Gaurav Basak,10,90,3366875.79,336687.58,2024-01-11,2026-07-21
CUST001787,Robert Warrior,11,99,3365328.42,305938.95,2024-04-26,2026-04-15
CUST003704,Eta Char,14,108,3364489.67,240320.69,2024-02-19,2026-07-01
CUST002439,Pahal Krish,11,92,3364182.56,305834.78,2024-03-20,2026-07-17
CUST004946,Lopa Nagar,13,100,3363851.10,258757.78,2024-01-24,2026-06-05
CUST002876,Atharv Nigam,12,96,3362280.01,280190.0,2024-01-20,2026-03-21
CUST001225,Chameli Kalla,13,105,3361776.71,258598.21,2024-04-02,2026-05-07
CUST003837,Ishaan Andra,14,99,3358682.19,239905.87,2024-02-01,2026-05-16
CUST003765,Bhavika Ratti,12,95,3357860.88,279821.74,2024-04-11,2026-06-05
CUST000127,Jagrati Yogi,10,95,3357178.37,335717.84,2024-04-17,2026-04-04
CUST003690,Ria Dash,9,84,3356543.45,372949.27,2024-08-13,2026-06-14
CUST002538,Anay Bassi,11,102,3356366.36,305124.21,2024-01-26,2026-05-31
CUST004663,Urmi Pingle,11,84,3355868.32,305078.94,2024-01-04,2026-06-25
CUST004052,Zayan Choudhury,10,105,3355540.71,335554.07,2024-03-26,2026-07-12
CUST001506,Janani Bora,10,85,3354710.02,335471.0,2024-05-14,2026-07-21
CUST003888,Oliver Warrior,13,92,3353936.21,257995.09,2024-01-18,2026-07-03
CUST002852,Shaurya Chada,12,108,3352451.45,279370.95,2024-02-07,2026-04-19
CUST000374,Anjali Lanka,13,92,3351302.05,257792.47,2024-02-26,2026-07-18
CUST004529,Dakshesh Garde,13,86,3350278.24,257713.71,2024-01-06,2026-07-21
CUST001008,Tara Dass,11,86,3349649.10,304513.55,2024-01-27,2026-06-05
CUST000409,Aashi Jayaraman,14,108,3348210.22,239157.87,2024-02-05,2026-05-12
CUST001924,Frederick Dugal,13,109,3347939.79,257533.83,2024-04-08,2026-07-21
CUST001985,Geetika Nayar,12,92,3347671.71,278972.64,2024-01-03,2026-03-31
CUST004434,Krisha Dubey,13,118,3347323.93,257486.46,2024-02-23,2026-03-19
CUST004792,Faris Hayre,15,103,3347067.41,223137.83,2024-02-14,2026-03-11
CUST000626,Balendra Devi,11,94,3346437.53,304221.59,2024-05-20,2026-03-02
CUST002686,Nitara Dubey,11,86,3345594.07,304144.92,2024-07-26,2026-06-05
CUST002394,Pavani Prasad,11,86,3344176.44,304016.04,2024-06-04,2026-07-21
CUST004837,Naksh Bath,12,94,3344057.55,278671.46,2024-03-18,2026-05-19
CUST003482,Pratyush Wable,13,101,3341463.69,257035.67,2024-04-28,2026-06-22
CUST000499,Max Bhatnagar,14,117,3341303.83,238664.56,2024-01-20,2025-10-08
CUST002356,Zehaan Karan,14,86,3340803.54,238628.82,2024-02-26,2026-02-20
CUST001850,Rachit Deshmukh,11,88,3340747.43,303704.31,2024-03-31,2026-07-06
CUST004436,Oliver Kalita,12,75,3340681.66,278390.14,2024-02-06,2026-06-16
CUST002231,Thomas Nagi,10,91,3339067.12,333906.71,2024-01-11,2026-04-02
CUST002631,Siddharth Oza,13,107,3337215.49,256708.88,2024-05-10,2026-07-08
CUST002919,Ojas Sant,16,102,3336467.58,208529.22,2024-03-10,2026-05-27
CUST000003,Zaid Randhawa,10,90,3336227.88,333622.79,2024-02-10,2026-05-22
CUST001017,Triya Narain,11,98,3336058.68,303278.06,2024-03-11,2026-03-16
CUST004000,Utkarsh Verma,11,97,3335617.99,303238.0,2024-01-03,2026-03-18
CUST002262,George Rana,12,101,3335224.65,277935.39,2024-01-10,2026-04-11
CUST000532,Vyanjana Dada,13,92,3332740.21,256364.63,2024-07-03,2026-06-14
CUST000973,Ira Luthra,13,92,3332576.16,256352.01,2024-04-13,2026-07-14
CUST003836,Nitara Arora,16,98,3332319.76,208269.99,2024-03-09,2026-04-09
CUST000464,Riya Dubey,11,102,3332241.41,302931.04,2024-02-09,2026-02-04
CUST004213,Abha Madan,12,88,3331326.29,277610.52,2024-02-26,2026-05-22
CUST003349,Dayamai Banerjee,12,101,3331214.87,277601.24,2024-07-09,2026-07-21
CUST003712,Bakhshi Wadhwa,14,99,3331070.40,237933.6,2024-04-24,2026-07-21
CUST000618,Maanas Narayan,11,94,3330598.86,302781.71,2024-06-20,2026-06-29
CUST004392,Ranveer Prasad,14,102,3329909.94,237850.71,2024-04-21,2026-05-14
CUST002331,Libni Chanda,14,101,3328773.24,237769.52,2024-02-05,2026-05-01
CUST003844,Sai Chaudhry,13,90,3328264.66,256020.36,2024-02-14,2026-07-21
CUST000700,Quincy Kala,12,82,3328176.90,277348.08,2024-02-02,2025-11-25
CUST002347,Bakhshi Gala,12,104,3327292.61,277274.38,2024-01-07,2026-05-27
CUST004612,Kavya Pandey,10,85,3327108.47,332710.85,2024-04-11,2026-06-17
CUST004085,Anjali Batra,13,105,3325561.05,255812.39,2024-01-02,2026-07-13
CUST003964,Maanav Lala,12,80,3325535.12,277127.93,2024-01-07,2026-07-12
CUST003649,Jonathan Lata,9,81,3325470.27,369496.7,2024-03-17,2026-04-14
CUST002565,Brijesh Sampath,11,93,3324810.63,302255.51,2024-01-12,2026-07-21
CUST003523,Aarush Doctor,15,108,3324710.51,221647.37,2024-01-26,2026-07-21
CUST001989,Hemani Ganguly,15,96,3324375.14,221625.01,2024-04-25,2026-06-12
CUST000234,Baljiwan Gandhi,13,97,3323790.94,255676.23,2024-01-23,2026-07-05
CUST001772,Tanvi Sarin,12,94,3321521.41,276793.45,2024-03-14,2026-06-01
CUST002131,Viraj Grover,11,90,3321111.92,301919.27,2024-03-06,2026-05-03
CUST003286,Warhi Hegde,11,90,3320400.08,301854.55,2024-04-21,2026-06-15
CUST002118,Netra Setty,12,92,3316998.43,276416.54,2024-01-22,2026-01-18
CUST000916,Sai Shetty,11,100,3316467.08,301497.01,2024-01-03,2025-10-10
CUST003429,Bimala Jaggi,13,108,3316079.24,255083.02,2024-03-25,2026-06-20
CUST000408,Rohan Gaba,12,96,3315668.19,276305.68,2024-04-08,2026-07-21
CUST003243,Warda Natt,10,81,3315622.35,331562.24,2024-01-29,2026-04-19
CUST004245,Jasmit Ganguly,12,85,3314850.98,276237.58,2024-01-30,2026-07-21
CUST000865,Banjeet Halder,11,92,3313790.14,301253.65,2024-03-06,2026-05-04
CUST001537,Vedant Vala,11,97,3313676.12,301243.28,2024-03-29,2026-04-10
CUST000994,Teerth Kibe,15,95,3311674.15,220778.28,2024-01-09,2026-07-21
CUST004153,Agastya Bassi,15,115,3311475.43,220765.03,2024-01-19,2026-06-29
CUST001027,Frederick Kakar,12,98,3311171.58,275930.97,2024-07-02,2026-04-05
CUST001244,Abhiram Upadhyay,11,107,3310945.60,300995.05,2024-01-23,2026-06-19
CUST004684,Triveni Korpal,11,101,3310945.29,300995.03,2024-01-02,2026-07-21
CUST001947,Vinaya Bhatia,13,89,3310226.21,254632.79,2024-02-02,2026-06-29
CUST002128,Warinder Desai,11,98,3309695.74,300881.43,2024-01-10,2026-07-21
CUST000501,Chatresh Palan,10,87,3309199.22,330919.92,2024-02-15,2026-06-10
CUST001828,Yuvraj Deep,12,82,3307992.05,275666.0,2024-05-31,2026-07-21
CUST002063,Harish Seth,10,95,3306655.15,330665.52,2025-04-12,2026-07-18
CUST001280,Sanya Kumar,12,101,3306329.07,275527.42,2024-02-09,2026-07-21
CUST001074,Zaitra Ben,15,106,3306209.05,220413.94,2024-01-03,2026-06-18
CUST000662,Xalak Dash,14,90,3304423.17,236030.23,2024-02-10,2026-04-21
CUST001617,Luke Chand,9,75,3303740.66,367082.3,2024-11-30,2026-07-21
CUST004840,Chandani Varkey,14,89,3303718.31,235979.88,2024-02-04,2026-04-17
CUST003670,Krisha Agate,11,98,3301817.41,300165.22,2024-04-26,2026-07-21
CUST001970,Janani Narain,13,118,3301468.70,253959.13,2024-03-02,2026-07-21
CUST002342,Leela Warrior,14,99,3300838.13,235774.15,2024-01-27,2026-05-15
CUST004713,Wridesh Bawa,12,98,3300452.89,275037.74,2024-01-15,2026-07-06
CUST000949,Mohammed Mutti,11,85,3299055.58,299914.14,2024-09-26,2026-05-05
CUST001719,George Tripathi,11,81,3297466.12,299769.65,2024-06-02,2026-05-04
CUST003406,Hiral Chauhan,13,111,3296572.25,253582.48,2024-01-21,2026-05-12
CUST004291,Advika Mitra,12,101,3295482.29,274623.52,2024-02-02,2026-02-19
CUST001785,Lucky Soni,10,91,3295077.50,329507.75,2024-06-25,2026-05-06
CUST004859,Bachittar Dada,13,104,3294739.98,253441.54,2024-05-11,2026-05-07
CUST001836,Xavier Badami,12,85,3292958.46,274413.21,2024-01-31,2026-07-21
CUST004751,Oviya Tank,15,97,3292290.90,219486.06,2024-03-27,2026-07-21
CUST001021,Yachana Mangat,10,90,3291547.87,329154.79,2024-03-31,2026-06-01
CUST001632,Dhruv Sabharwal,11,80,3290440.94,299130.99,2024-01-12,2026-06-10
CUST002057,Rohan Shroff,9,79,3289983.16,365553.68,2024-04-17,2026-04-25
CUST004807,Amaira Sahota,11,82,3289861.75,299078.34,2024-06-26,2026-06-23
CUST000762,Vrishti Agarwal,13,96,3286818.58,252832.2,2024-03-21,2026-03-04
CUST001634,Bachittar Thakur,12,106,3285657.66,273804.81,2024-01-29,2026-02-20
CUST002509,Yuvraj Dugal,14,99,3285553.12,234682.37,2024-02-18,2026-07-06
CUST004614,Yash Shah,10,89,3285009.77,328500.98,2024-02-06,2026-05-05
CUST002304,Sneha Patel,10,88,3283651.91,328365.19,2024-03-22,2026-05-12
CUST001455,Balendra Srinivasan,9,91,3283340.50,364815.61,2024-01-10,2026-03-27
CUST000098,Arunima Raj,14,106,3282419.53,234458.54,2024-01-07,2026-04-13
CUST003640,Shravya Bhatt,11,79,3282371.31,298397.39,2024-03-13,2026-06-26
CUST000610,Madhav Sharma,13,103,3281921.59,252455.51,2024-03-06,2026-07-06
CUST000636,Vedant D’alia,12,102,3280520.02,273376.67,2024-06-05,2026-07-21
CUST000305,Qasim Bajaj,12,89,3279871.37,273322.61,2024-01-08,2026-03-26
CUST004431,Chandran Bahl,11,82,3279253.56,298113.96,2024-01-04,2026-05-06
CUST001930,Tanish Amble,12,86,3279067.89,273255.66,2024-06-06,2026-07-03
CUST004863,Sara Soni,11,98,3278640.16,298058.2,2024-03-21,2026-07-16
CUST004572,Warda Parekh,14,84,3278422.01,234173.0,2024-03-04,2026-05-12
CUST004487,Odika Agate,8,68,3278193.74,409774.22,2024-02-24,2026-06-02
CUST000155,Janani Deo,9,83,3277246.81,364138.53,2024-01-22,2026-05-10
CUST000495,Faris Varkey,14,96,3275414.81,233958.2,2024-01-03,2026-07-17
CUST002059,Madhavi Deep,14,98,3273845.52,233846.11,2024-07-10,2026-07-21
CUST000064,Nathaniel Bhavsar,13,82,3273569.46,251813.04,2024-04-09,2026-06-04
CUST002188,Vedant Wadhwa,11,86,3272891.14,297535.56,2024-01-16,2025-11-21
CUST001095,Rishi Butala,10,76,3271807.83,327180.78,2024-08-12,2026-07-21
CUST001935,Ijaya Chaudhari,11,88,3271345.69,297395.06,2024-03-20,2026-04-25
CUST002201,Chatresh Tailor,14,98,3270444.14,233603.15,2024-04-23,2026-07-09
CUST002468,Sanya Thakkar,14,101,3270152.60,233582.33,2024-04-19,2026-01-08
CUST003716,Jeet Dube,14,87,3267951.50,233425.11,2024-02-01,2026-06-20
CUST001281,Waida Dave,13,100,3267707.03,251362.08,2024-01-07,2026-06-07
CUST000303,Hemang Wagle,14,100,3266778.21,233341.3,2024-01-14,2026-01-06
CUST002343,Watika Arora,12,95,3266575.44,272214.62,2024-03-22,2026-05-12
CUST002525,Radha Shanker,15,102,3265256.50,217683.77,2024-01-18,2026-05-08
CUST000883,Ekantika Raghavan,13,106,3263476.41,251036.65,2024-01-30,2026-07-15
CUST002615,Arjun Raghavan,11,82,3263392.13,296672.01,2024-06-17,2026-06-05
CUST004574,Balhaar Ganesan,13,92,3262302.89,250946.38,2024-07-01,2026-07-21
CUST002605,Rajata Upadhyay,9,95,3261623.79,362402.64,2024-02-16,2026-07-12
CUST001703,Rushil Krish,14,96,3260706.82,232907.63,2024-02-16,2026-07-21
CUST002649,Gunbir Peri,15,97,3259450.08,217296.67,2024-03-10,2026-07-01
CUST000616,Dalaja Ahluwalia,11,101,3259414.09,296310.37,2024-09-06,2026-05-29
CUST001692,Bhavani Sahota,12,84,3258527.53,271543.96,2024-01-12,2026-06-22
CUST001077,Omaja Sehgal,11,95,3257309.72,296119.07,2024-04-13,2025-08-25
CUST004834,Utkarsh Suri,12,93,3256407.69,271367.31,2024-01-25,2026-07-12
CUST002031,Maya Tiwari,10,82,3254775.33,325477.53,2024-02-08,2026-06-20
CUST003975,Balveer Chandran,12,93,3254205.24,271183.77,2024-03-13,2026-07-21
CUST001800,Bakhshi Sandhu,10,86,3254195.60,325419.56,2024-01-16,2025-12-15
CUST002011,Vidhi Mallick,15,98,3253511.36,216900.76,2024-05-21,2026-06-02
CUST003085,Idika Kar,13,97,3253177.27,250244.41,2024-05-13,2026-05-05
CUST004956,Benjamin Dhar,12,105,3253145.34,271095.45,2024-02-10,2026-07-21
CUST000019,Gaurangi Agate,13,94,3252815.46,250216.57,2024-01-08,2026-04-03
CUST004170,Jagdish Deo,12,92,3252624.95,271052.08,2024-05-04,2026-07-15
CUST003433,Bakhshi Mani,10,91,3251910.90,325191.09,2024-11-29,2026-04-24
CUST002179,Avni Ramakrishnan,14,98,3250911.01,232207.93,2024-06-20,2026-07-21
CUST002253,Jasmit Borah,10,90,3250885.00,325088.5,2024-01-26,2026-06-05
CUST000590,Yoshita Randhawa,14,90,3250105.22,232150.37,2024-02-01,2026-03-14
CUST002576,Sneha Mane,13,86,3249885.77,249991.21,2024-04-29,2026-06-19
CUST002203,Chasmum Radhakrishnan,10,72,3249286.48,324928.65,2024-01-21,2026-07-08
CUST000414,Odika Varty,10,80,3248935.68,324893.57,2024-02-16,2026-02-27
CUST001763,Lohit Grewal,11,88,3248019.47,295274.5,2024-02-02,2026-07-21
CUST000743,Chavvi Doshi,14,87,3246538.66,231895.62,2024-01-29,2026-07-17
CUST001814,Hemani Nayak,9,78,3245705.77,360633.97,2024-03-15,2026-06-01
CUST004043,Eta Sunder,13,90,3244783.72,249598.75,2024-06-27,2025-12-28
CUST001825,Hemangini Korpal,12,95,3243621.81,270301.82,2024-05-04,2026-02-27
CUST003935,Widisha Ray,12,109,3243220.46,270268.37,2024-08-25,2026-06-02
CUST002760,Ekantika Devan,14,105,3242164.15,231583.15,2024-04-08,2026-06-14
CUST001736,Baghyawati Dyal,14,97,3241893.40,231563.81,2024-01-05,2026-06-20
CUST000796,Kamala Hegde,11,87,3241809.70,294709.97,2024-05-01,2026-06-14
CUST002433,Charita Mannan,9,85,3241724.21,360191.58,2024-05-14,2026-01-18
CUST002104,Utkarsh Shroff,15,93,3241175.24,216078.35,2024-01-02,2026-05-10
CUST004173,Dipta Char,15,94,3241082.90,216072.19,2024-03-18,2026-06-27
CUST004650,Eshana Banerjee,12,97,3241026.12,270085.51,2024-06-18,2026-06-27
CUST002017,Banjeet Varghese,14,94,3240756.80,231482.63,2024-05-12,2026-07-16
CUST002764,Warhi Naik,16,93,3239264.93,202454.06,2024-06-15,2026-07-21
CUST001827,Falak Kadakia,14,92,3239083.00,231363.07,2024-01-04,2026-06-18
CUST003863,Tanvi Dalal,10,95,3238354.87,323835.49,2024-04-07,2026-05-14
CUST003895,Hitesh Shah,10,91,3237597.65,323759.77,2024-07-29,2026-06-11
CUST003744,Forum Garde,13,103,3237160.89,249012.38,2024-02-10,2026-04-01
CUST000816,Vinaya Balakrishnan,11,82,3236271.61,294206.51,2024-01-14,2026-03-17
CUST004862,Manan Oommen,10,88,3235345.70,323534.57,2024-01-09,2026-07-11
CUST000908,Jason Parsa,13,87,3234018.89,248770.68,2024-01-22,2026-03-29
CUST000368,Pooja Parsa,11,86,3233734.08,293975.83,2024-08-26,2026-06-25
CUST004029,Chaitaly Tak,12,87,3231396.13,269283.01,2024-03-16,2026-06-15
CUST004608,Gunbir Palla,13,97,3231086.06,248545.08,2024-01-06,2025-09-26
CUST004120,Bachittar Butala,10,88,3230981.99,323098.2,2024-01-04,2026-03-17
CUST003120,Sneha Ramachandran,9,76,3230624.62,358958.29,2024-05-04,2026-07-21
CUST000189,Netra Mane,12,99,3230500.72,269208.39,2024-03-14,2026-07-21
CUST004088,Chameli Bail,12,84,3229784.13,269148.68,2024-03-12,2026-07-21
CUST001078,Inaya Chakraborty,15,95,3229496.47,215299.76,2024-01-05,2026-07-16
CUST004196,Pahal Palan,12,92,3227887.30,268990.61,2024-06-15,2026-07-21
CUST003908,Xavier Tata,18,95,3227735.36,179318.63,2024-02-19,2026-06-09
CUST004503,Anusha Hari,11,87,3227323.29,293393.03,2024-01-24,2026-01-06
CUST000404,Aditya Batta,12,83,3226398.24,268866.52,2024-03-16,2026-03-28
CUST000676,Hemang Bhargava,15,98,3225288.03,215019.2,2024-01-29,2026-07-19
CUST000489,Arunima Dar,11,87,3224839.03,293167.18,2024-04-29,2025-12-15
CUST001550,Quincy Borah,14,99,3224202.13,230300.15,2024-01-22,2026-07-21
CUST001585,Charles Vohra,12,97,3223444.21,268620.35,2024-04-07,2026-01-04
CUST004152,Aarna Khanna,11,84,3221832.91,292893.9,2024-02-06,2026-03-24
CUST001522,Azaan Padmanabhan,13,93,3221659.22,247819.94,2024-04-25,2026-04-03
CUST002826,Arunima Hora,13,91,3220698.30,247746.02,2024-01-04,2026-06-20
CUST004522,Manya Sankaran,10,75,3220669.40,322066.94,2024-05-13,2026-07-07
CUST001812,Hitesh Chacko,15,92,3220478.00,214698.53,2024-01-24,2026-06-08
CUST001606,Wriddhish Mangat,13,83,3219660.39,247666.18,2024-03-20,2026-04-17
CUST003611,Vihaan Chaudhuri,13,85,3218473.58,247574.89,2024-01-17,2026-05-13
CUST002204,Bahadurjit Shroff,10,88,3218181.91,321818.19,2024-03-05,2025-12-19
CUST002227,Daksha Som,13,101,3217839.77,247526.14,2024-02-26,2026-06-13
CUST001745,Naveen Nadig,11,93,3217142.17,292467.47,2024-01-21,2026-02-16
CUST002490,Divya Bava,11,78,3216927.38,292447.94,2024-03-23,2026-07-21
CUST003633,Oeshi Sheth,12,99,3216565.49,268047.12,2024-03-02,2026-05-18
CUST002548,Sarthak Banik,12,81,3216231.33,268019.28,2024-02-18,2026-04-02
CUST002403,Aadhya Pandya,11,87,3216073.97,292370.36,2024-07-02,2026-06-05
CUST002963,Yutika Gulati,12,94,3216065.40,268005.45,2024-01-20,2026-06-07
CUST004712,Siya Ramakrishnan,12,101,3215626.91,267968.91,2024-03-10,2026-06-29
CUST000343,Abha Om,9,77,3214666.65,357185.18,2024-01-12,2025-11-01
CUST000932,Frado Pai,12,87,3214566.70,267880.56,2024-01-30,2026-05-19
CUST003320,Urishilla Bawa,12,89,3214557.22,267879.77,2024-07-16,2026-06-22
CUST001530,Aadi Sahni,11,84,3212860.97,292078.27,2024-01-23,2026-04-28
CUST001031,Manthan Sankar,13,96,3211987.76,247075.98,2024-02-18,2026-04-21
CUST004771,Mitali Yogi,10,89,3211323.10,321132.31,2024-02-22,2026-06-17
CUST004710,Chaman Yadav,10,95,3210005.84,321000.58,2024-03-11,2026-06-13
CUST004914,Nihal Kota,11,99,3209962.47,291814.77,2024-01-09,2026-06-05
CUST001397,Jackson Chowdhury,9,87,3209872.35,356652.48,2024-09-05,2026-03-23
CUST004095,Meera Saini,15,94,3209459.48,213963.97,2024-06-17,2026-06-30
CUST003505,Samaksh Mane,10,91,3208628.92,320862.89,2024-03-10,2026-06-17
CUST001369,Anmol Tripathi,11,91,3208496.52,291681.5,2024-04-14,2026-07-21
CUST002229,Wridesh Bansal,10,88,3206210.21,320621.02,2024-01-15,2026-06-18
CUST000487,Maya Prabhakar,10,76,3203803.44,320380.34,2024-02-08,2026-07-21
CUST000162,Tejas Kuruvilla,13,82,3203495.92,246422.76,2024-01-24,2026-06-03
CUST001227,Kashish Raja,13,98,3203451.99,246419.38,2024-01-10,2026-05-31
CUST001536,Krisha Manne,11,88,3203036.50,291185.14,2024-02-20,2026-07-12
CUST004496,Chandani Soni,9,80,3202983.23,355887.03,2024-03-09,2026-07-11
CUST003268,Omya Virk,12,87,3202854.85,266904.57,2024-01-18,2026-07-07
CUST000212,Manbir Jaggi,12,74,3202707.01,266892.25,2024-05-02,2026-04-19
CUST001723,Yashawini Mangal,11,98,3202647.19,291149.74,2024-01-10,2026-05-29
CUST002697,Sneha Doctor,8,78,3201705.98,400213.25,2024-05-27,2026-07-21
CUST003089,Darsh Hans,11,79,3200638.90,290967.17,2024-01-08,2025-08-28
CUST002173,Rayaan Khurana,12,97,3200615.98,266718.0,2024-01-05,2026-02-12
CUST001399,Charan Sunder,12,77,3200380.10,266698.34,2024-01-24,2026-05-21
CUST001707,Panini Devan,10,93,3199903.51,319990.35,2024-01-31,2026-07-06
CUST000231,Faraj Vaidya,11,84,3199098.87,290827.17,2024-01-22,2026-06-10
CUST003775,Wazir Saran,13,79,3198830.79,246063.91,2024-02-22,2026-04-01
CUST001647,Gunbir Ben,10,99,3198463.38,319846.34,2024-02-28,2026-06-13
CUST004107,Damyanti Panchal,9,74,3197288.46,355254.27,2024-07-31,2026-07-21
CUST004639,Ekani Mistry,13,82,3196614.31,245893.41,2024-03-14,2026-07-05
CUST003282,Samaksh Sundaram,10,88,3196520.97,319652.1,2024-04-21,2026-07-03
CUST000086,Raksha Shetty,11,88,3195951.26,290541.02,2024-02-11,2026-05-02
CUST000417,Jalsa Saini,9,94,3195657.20,355073.02,2024-01-07,2025-10-26
CUST003421,Elijah Mittal,14,87,3195284.10,228234.58,2024-05-29,2026-05-19
CUST004342,Balendra Bawa,11,97,3194587.88,290417.08,2024-02-07,2026-03-07
CUST003695,Reva Mani,14,96,3194148.73,228153.48,2024-02-03,2026-07-14
CUST000060,Manbir Koshy,10,86,3192871.65,319287.17,2024-01-13,2026-06-20
CUST000307,Laksh Banik,11,94,3192036.21,290185.11,2024-03-05,2026-07-12
CUST003668,Chaitaly Kadakia,11,76,3191861.12,290169.19,2024-01-14,2026-06-10
CUST001793,Upkaar Murty,13,89,3191770.32,245520.79,2024-09-01,2026-06-14
CUST001918,Bimala Iyengar,10,96,3191527.19,319152.72,2024-02-21,2026-07-04
CUST001228,Reyansh Kuruvilla,10,81,3191491.58,319149.16,2024-01-09,2026-03-07
CUST004707,Gayathri Bumb,11,78,3191120.22,290101.84,2024-01-05,2026-05-24
CUST000655,Atharv Anne,10,103,3190113.68,319011.37,2024-01-28,2026-06-05
CUST000858,Finn Aggarwal,11,82,3189649.59,289968.14,2024-01-29,2026-05-22
CUST002069,Samaksh Biswas,16,93,3188387.43,199274.21,2024-02-06,2026-06-29
CUST004040,Yashawini Prabhu,12,93,3188303.62,265691.97,2024-07-16,2026-03-14
CUST001226,Yashvi Mitter,9,93,3187583.06,354175.9,2024-02-07,2026-05-01
CUST004032,Vincent Menon,12,89,3187553.08,265629.42,2024-06-06,2026-07-12
CUST004505,Wyatt Mistry,8,78,3185412.69,398176.59,2024-06-10,2026-06-05
CUST004159,Ekaja Bail,16,93,3184696.57,199043.54,2024-02-29,2026-06-30
CUST000035,Samarth Nigam,12,94,3184690.44,265390.87,2024-03-19,2025-12-15
CUST004864,Widisha Balan,10,94,3183226.50,318322.65,2024-02-02,2025-09-12
CUST001628,Ekanta Manne,11,80,3181490.82,289226.44,2024-01-25,2026-05-19
CUST002635,Deepa Toor,10,81,3180563.22,318056.32,2024-12-30,2026-05-09
CUST001039,Pranav Nayar,11,74,3179416.47,289037.86,2024-03-24,2026-06-28
CUST004855,Warinder Varma,10,73,3178772.74,317877.27,2024-03-17,2026-07-21
CUST000421,Naveen Lad,9,79,3178692.08,353188.01,2024-02-02,2026-05-19
CUST003181,Viraj Jaggi,19,123,3178254.33,167276.54,2024-01-19,2026-03-14
CUST004714,Unni Dey,11,100,3177225.85,288838.71,2024-01-26,2026-07-09
CUST004866,Divya Bhandari,14,103,3176713.28,226908.09,2024-02-10,2026-07-01
CUST002303,Girindra Dayal,10,85,3176472.41,317647.24,2024-01-25,2026-04-12
CUST001740,Radhika Sathe,9,71,3176319.89,352924.43,2024-02-17,2026-07-21
CUST001210,Nitara Sagar,11,96,3175944.71,288722.25,2024-04-19,2026-02-23
CUST002379,Kabir Halder,15,91,3175756.02,211717.07,2024-01-11,2026-06-09
CUST004992,Chaman Prashad,10,95,3175363.31,317536.33,2024-04-05,2026-05-31
CUST003365,Patrick Kala,13,89,3174956.36,244227.41,2024-02-05,2026-05-25
CUST000963,Maanav Balan,12,91,3174465.15,264538.76,2024-03-04,2026-02-18
CUST002041,Urmi Anand,12,89,3172942.31,264411.86,2024-01-04,2026-05-23
CUST002325,Harinakshi Rana,15,105,3171576.22,211438.41,2024-03-05,2026-05-26
CUST001499,Anjali Dhingra,7,68,3171336.65,453048.09,2024-05-19,2025-12-19
CUST004770,George Kashyap,13,79,3170705.09,243900.39,2024-03-26,2026-07-21
CUST001096,Daksha Jhaveri,8,80,3170556.86,396319.61,2024-04-21,2026-06-08
CUST001958,Tanish Sama,13,105,3170441.54,243880.12,2024-01-18,2026-07-21
CUST002289,Dakshesh Gade,10,83,3169211.56,316921.16,2024-01-06,2026-04-13
CUST001425,Tanay Mannan,15,84,3169057.92,211270.53,2024-01-13,2026-07-03
CUST001161,Gaurangi Sabharwal,12,89,3169016.44,264084.7,2024-01-04,2026-02-12
CUST001806,Deepa Arya,12,81,3168748.63,264062.39,2024-06-19,2026-07-03
CUST000699,Amaira Varghese,12,90,3168728.13,264060.68,2024-02-25,2026-06-07
CUST000400,Anmol Ray,10,91,3168320.91,316832.09,2024-01-18,2026-02-09
CUST000238,Forum Gokhale,13,90,3168277.15,243713.63,2024-06-06,2026-06-29
CUST001267,Maanas Thakur,13,95,3168016.91,243693.61,2024-01-26,2026-06-28
CUST000134,Qarin Raghavan,10,85,3167850.87,316785.09,2024-01-22,2026-07-01
CUST000472,Zarna Roy,13,85,3167545.41,243657.34,2024-03-21,2026-07-21
CUST002130,Avni Chakrabarti,10,93,3164072.99,316407.3,2024-02-12,2026-06-22
CUST003571,Charan Ghosh,11,83,3163959.00,287632.64,2024-01-22,2026-07-13
CUST003616,Tejas Kota,14,96,3163958.14,225997.01,2024-01-08,2026-04-01
CUST002512,Owen Viswanathan,13,92,3163651.12,243357.78,2024-02-09,2026-07-09
CUST002354,Banjeet Chaudhari,13,97,3161105.87,243161.99,2024-01-15,2026-06-26
CUST001608,Aarini Barad,13,116,3161004.69,243154.21,2024-01-06,2026-04-01
CUST004835,Jasmit Oza,11,91,3160916.98,287356.09,2024-02-26,2026-07-02
CUST004654,Mason Bal,12,71,3159343.31,263278.61,2024-02-20,2026-06-10
CUST004516,Urvashi Desai,12,102,3158068.90,263172.41,2024-01-27,2026-06-24
CUST000087,Lajita Mody,10,90,3157768.83,315776.88,2024-03-09,2026-01-07
CUST001951,Lila Banik,14,89,3157397.52,225528.39,2024-02-27,2026-05-15
CUST002821,Sanya Suresh,11,105,3155466.75,286860.61,2024-02-23,2025-12-10
CUST004442,Chavvi Ramakrishnan,13,97,3154235.30,242633.48,2024-01-26,2026-05-30
CUST004895,Isaiah Patel,11,92,3153056.62,286641.51,2024-01-24,2026-02-28
CUST002853,Warda Nazareth,11,92,3152032.53,286548.41,2024-03-05,2026-01-19
CUST001457,Jalsa Ben,12,96,3151805.43,262650.45,2024-03-10,2026-05-15
CUST002909,Liam Shah,11,81,3151057.41,286459.76,2024-01-19,2026-02-21
CUST003003,Jeet Anand,8,82,3150900.35,393862.54,2024-04-28,2026-03-11
CUST002715,Prisha Kant,14,95,3150884.67,225063.19,2024-04-08,2026-06-22
CUST004958,Sachi Mallick,10,88,3150834.04,315083.4,2024-07-23,2026-07-21
CUST001760,Jasmit Randhawa,11,95,3150709.68,286428.15,2024-05-05,2026-07-17
CUST004060,Banjeet Shah,11,86,3150285.32,286389.57,2024-03-06,2026-06-18
CUST004295,Ekavir Iyengar,12,85,3150040.13,262503.34,2024-04-13,2025-08-15
CUST000383,Rishi Nagy,12,84,3148910.82,262409.24,2024-04-02,2025-10-20
CUST003969,Vyanjana Thaker,15,89,3148638.29,209909.22,2024-01-27,2025-10-24
CUST002026,Nilima Suri,14,84,3148305.94,224879.0,2024-06-11,2026-07-08
CUST003722,Saumya Luthra,14,94,3144945.92,224638.99,2024-02-02,2026-07-21
CUST002292,Patrick Shere,15,101,3144792.31,209652.82,2024-01-15,2026-06-24
CUST003501,Bhavna Bedi,10,97,3144370.88,314437.09,2024-02-25,2026-04-19
CUST002598,Eta Rana,12,90,3143983.26,261998.61,2024-01-03,2026-06-05
CUST003929,Kai Narayan,12,90,3143869.96,261989.16,2024-01-13,2026-06-15
CUST000376,Benjamin Chaudhuri,12,84,3143275.74,261939.65,2024-01-06,2026-07-11
CUST000543,Kalpit Bhat,13,80,3142896.78,241761.29,2024-05-16,2026-07-09
CUST003225,Ucchal Dhillon,13,90,3142884.17,241760.32,2024-01-11,2026-07-21
CUST002417,Shravya Soman,12,95,3142876.61,261906.38,2024-01-24,2026-07-06
CUST000279,Kavya Memon,10,78,3141271.09,314127.11,2024-07-09,2026-04-26
CUST003769,Vaishnavi Aurora,12,91,3141203.99,261767.0,2024-06-23,2026-06-08
CUST002161,Yagnesh Rama,11,96,3140887.95,285535.27,2024-03-04,2026-04-16
CUST004007,Yashodhara Kaul,12,79,3140224.84,261685.4,2024-02-14,2026-03-19
CUST001841,Anamika Gupta,12,105,3140070.00,261672.5,2024-01-08,2025-09-25
CUST003204,Chaaya Pandya,12,83,3139038.77,261586.56,2024-02-15,2026-07-06
CUST001919,Anita Bhatnagar,11,73,3138640.00,285330.91,2024-02-28,2026-07-03
CUST004067,Azaan Hegde,14,107,3138408.07,224172.01,2024-01-03,2026-05-12
CUST001609,Krisha Gola,12,85,3138226.80,261518.9,2024-01-08,2026-07-08
CUST002022,Unni Lata,10,94,3136987.25,313698.73,2024-04-15,2026-04-28
CUST000104,Ekani Shetty,17,100,3136787.91,184516.94,2024-02-08,2026-06-12
CUST000831,Eiravati Ratti,15,96,3136276.57,209085.1,2024-02-25,2026-07-09
CUST001847,Odika Chaudhary,11,72,3134225.46,284929.59,2024-07-18,2026-03-14
CUST004140,Lucky Devan,10,90,3133841.66,313384.17,2024-06-22,2026-06-14
CUST004511,Nidhi Chatterjee,11,83,3133401.77,284854.71,2024-05-06,2026-06-25
CUST000582,Maanas Chad,14,82,3133338.24,223809.87,2024-01-02,2026-07-06
CUST004593,Yutika Borde,10,87,3131993.18,313199.32,2024-01-30,2026-07-16
CUST004661,Vedant Saha,13,89,3131574.28,240890.33,2024-03-20,2026-07-15
CUST001426,Baghyawati Varma,11,94,3130661.56,284605.6,2024-04-29,2026-04-24
CUST000863,Vritti Rajan,13,85,3129806.63,240754.36,2024-03-09,2026-05-13
CUST000402,Anita Menon,9,86,3129183.60,347687.07,2024-03-19,2026-05-06
CUST003624,Amara Cherian,15,107,3129146.25,208609.75,2024-03-16,2026-05-31
CUST000199,Sanaya Shetty,12,93,3128587.85,260715.65,2024-02-17,2026-04-07
CUST003593,Laban Subramanian,12,82,3128090.62,260674.22,2024-04-16,2026-06-20
CUST003749,Hitesh Basu,11,81,3126854.26,284259.48,2024-01-10,2025-12-04
CUST004944,Aashi Nagar,11,79,3126370.32,284215.48,2024-03-10,2026-07-04
CUST003215,Panini Pant,11,92,3126185.29,284198.66,2024-05-04,2026-04-28
CUST001689,Luke Rajagopalan,9,88,3125283.35,347253.71,2024-06-18,2026-05-08
CUST002299,Patrick Amble,13,93,3124725.15,240363.47,2024-01-12,2026-07-13
CUST000158,Wyatt Prabhu,9,77,3124588.95,347176.55,2024-07-14,2026-01-09
CUST000148,Aditya Tank,11,74,3123328.50,283938.95,2024-03-06,2025-10-18
CUST002621,Bina Kapur,13,90,3122753.65,240211.82,2024-01-23,2026-03-06
CUST002453,Krishna Nori,13,97,3122513.44,240193.34,2024-02-19,2026-04-03
CUST001220,Nihal Lad,11,91,3121473.95,283770.36,2024-01-05,2025-08-29
CUST003403,Nidhi Mangal,13,83,3121315.19,240101.17,2024-09-24,2026-04-17
CUST001939,Xiti Arya,10,89,3121212.80,312121.28,2024-01-08,2026-06-17
CUST001641,Isha Dar,10,81,3120475.31,312047.53,2024-01-23,2026-05-22
CUST001913,Vasatika Dutt,12,96,3118628.42,259885.7,2024-04-12,2026-06-07
CUST002519,Henry Gupta,13,83,3117633.73,239817.98,2024-02-07,2026-06-25
CUST004898,Sanaya Minhas,12,91,3116030.03,259669.17,2024-01-01,2026-07-14
CUST004091,Advaith Karnik,11,81,3115715.89,283246.9,2024-03-07,2026-07-07
CUST003028,Upadhriti Gade,12,87,3115262.87,259605.24,2024-02-06,2025-10-16
CUST004080,Radha Samra,11,86,3115249.30,283204.48,2024-04-03,2026-06-19
CUST002937,Kamya Chand,12,88,3114612.39,259551.03,2024-01-31,2026-02-23
CUST004993,Praneel Shetty,12,90,3112681.47,259390.12,2024-01-17,2026-07-07
CUST002507,Rushil Sarin,13,80,3112593.35,239430.26,2024-02-09,2025-08-29
CUST003933,Shivani Wali,11,109,3112515.45,282955.95,2024-06-22,2026-03-28
CUST004317,Nihal Mall,11,97,3111370.85,282851.9,2024-07-02,2026-05-27
CUST003368,Upma Bhavsar,14,90,3111356.51,222239.75,2024-02-16,2026-07-18
CUST003309,Zansi Ravel,11,101,3111180.22,282834.57,2024-02-27,2026-04-26
CUST000664,Onkar Sama,11,91,3110308.63,282755.33,2024-01-03,2026-05-10
CUST002251,Tristan Chakraborty,11,90,3109914.39,282719.49,2024-01-18,2026-06-26
CUST001173,Keya Walia,12,93,3108837.74,259069.81,2024-05-07,2026-04-02
CUST004272,Hiral Ray,11,87,3107411.59,282491.96,2024-07-14,2026-06-25
CUST004171,Adweta Saini,14,99,3106902.57,221921.61,2024-01-09,2026-06-18
CUST003702,Dev Devan,10,80,3106684.32,310668.43,2024-02-06,2026-04-27
CUST002874,Imaran Khurana,9,94,3105419.80,345046.64,2024-04-29,2026-07-12
CUST001620,Vasatika Kapur,14,95,3105053.17,221789.51,2024-01-27,2026-06-17
CUST002434,Bhanumati Banerjee,11,84,3104680.14,282243.65,2024-01-07,2026-07-21
CUST000561,Ansh Sehgal,12,97,3104403.14,258700.26,2024-05-17,2026-06-09
CUST004561,Vansha Babu,10,92,3104061.78,310406.18,2024-03-02,2026-03-24
CUST003693,Gagan D’alia,12,89,3103184.03,258598.67,2024-03-24,2026-07-05
CUST002824,Jeevika Chopra,11,72,3102870.89,282079.17,2024-07-04,2026-07-04
CUST003199,Edhitha Sharma,11,81,3102848.61,282077.15,2024-07-02,2026-05-25
CUST003117,Tarak Jaggi,12,80,3102734.83,258561.24,2024-01-20,2026-07-19
CUST003862,Tanvi Mandal,8,85,3102584.78,387823.1,2024-03-24,2025-12-14
CUST003308,Hardik Behl,12,75,3102120.49,258510.04,2024-01-15,2025-12-19
CUST004183,George Kapadia,14,94,3102052.58,221575.18,2024-01-20,2026-07-16
CUST004843,Hitesh Natarajan,12,94,3101994.81,258499.57,2024-02-01,2026-03-24
CUST004229,Ojas Parekh,14,72,3100445.80,221460.41,2024-02-26,2026-07-11
CUST003612,Lakshmi Nayar,11,74,3099601.72,281781.97,2024-01-08,2026-06-26
CUST001813,Jack Chandra,9,80,3099405.92,344378.44,2024-06-18,2026-07-21
CUST000862,Amara Chandran,11,88,3099254.15,281750.38,2024-01-10,2026-06-22
CUST000959,Shravya Pant,9,101,3099186.12,344354.01,2024-04-07,2026-06-23
CUST003982,Lopa Kalla,11,81,3098474.57,281679.51,2024-01-08,2026-05-10
CUST004247,Ryan Rao,13,93,3098268.32,238328.33,2024-02-15,2026-05-24
CUST001534,Chanchal Deshpande,13,83,3096539.90,238195.38,2024-04-09,2026-06-03
CUST000861,Dipta Gaba,10,72,3096116.83,309611.68,2024-03-04,2025-11-23
CUST004828,Meghana Chacko,10,80,3095473.24,309547.32,2024-02-08,2026-03-10
CUST000802,Anthony Rau,11,75,3095429.50,281402.68,2024-03-25,2026-07-21
CUST004391,Oviya Wagle,13,91,3094863.88,238066.45,2024-01-01,2026-01-16
CUST000894,Brinda Pathak,12,93,3094716.23,257893.02,2024-01-14,2026-04-17
CUST001614,Yashasvi Om,10,77,3094231.53,309423.15,2024-01-15,2026-07-02
CUST003470,Xiti Dora,9,75,3093607.43,343734.16,2024-07-15,2026-03-12
CUST004805,Yadavi Agarwal,9,72,3092642.25,343626.92,2024-03-30,2026-05-26
CUST004996,Nicholas Rout,9,83,3092100.19,343566.69,2024-02-12,2026-06-17
CUST004682,Krishna Upadhyay,13,86,3091279.53,237790.73,2024-01-16,2026-04-08
CUST001596,Veer Reddy,9,84,3090876.03,343430.67,2024-01-07,2026-06-16
CUST001196,Arunima Bhavsar,9,70,3089676.47,343297.39,2024-11-15,2026-02-15
CUST002185,Zinal Chhabra,10,80,3088722.99,308872.3,2024-02-26,2026-07-18
CUST002295,Ishani Ranganathan,10,79,3088604.23,308860.42,2024-03-30,2026-05-07
CUST002817,Gaurav Tella,10,99,3086527.37,308652.74,2024-01-14,2026-04-17
CUST004402,Neel Solanki,12,88,3085419.55,257118.3,2024-12-14,2026-07-21
CUST000716,Bhavya Gokhale,10,67,3084384.35,308438.44,2024-01-17,2026-01-19
CUST001917,Raghav Chokshi,13,88,3083827.80,237217.52,2024-01-26,2026-04-21
CUST003686,Tamanna Sachdev,12,79,3081345.47,256778.79,2024-02-13,2026-07-09
CUST003549,Abhiram Upadhyay,11,73,3081016.85,280092.44,2024-02-10,2026-06-14
CUST004181,Liam Thakur,10,72,3080447.48,308044.75,2024-04-29,2026-07-09
CUST003815,Nidhi Sandhu,13,74,3080402.84,236954.06,2024-01-15,2026-07-21
CUST002678,Unnati Desai,10,94,3080327.41,308032.74,2024-02-25,2026-06-04
CUST001653,Robert Wadhwa,12,98,3080270.08,256689.17,2024-01-25,2026-03-23
CUST004046,Harshil Luthra,15,85,3079793.88,205319.59,2024-01-15,2026-06-21
CUST003144,Teerth Comar,9,73,3078235.26,342026.14,2024-04-02,2026-04-17
CUST000630,Inaya Saxena,12,97,3077011.59,256417.63,2024-05-10,2026-05-09
CUST003866,Ria Balan,9,78,3076876.03,341875.11,2024-03-12,2026-05-24
CUST003465,Gaurang Ganesan,9,73,3076021.27,341780.14,2024-05-09,2026-06-30
CUST004062,Gaurangi Om,9,90,3075627.21,341736.36,2024-04-28,2026-04-28
CUST004129,Maanav Sami,8,73,3074998.89,384374.86,2024-02-20,2026-07-21
CUST004847,Tanish Natt,11,89,3074326.97,279484.27,2024-07-07,2026-07-08
CUST003435,Aayush Ramakrishnan,8,82,3073883.57,384235.45,2024-04-25,2026-01-18
CUST004829,Tarak Prasad,13,104,3073494.95,236422.69,2024-01-26,2026-07-21
CUST003440,Nandini Raj,13,73,3073333.92,236410.3,2024-01-31,2026-05-30
CUST004369,Jatin Choudhury,11,92,3073156.49,279377.86,2024-06-20,2026-06-27
CUST002431,Wriddhish Keer,13,85,3072501.56,236346.27,2024-04-11,2026-07-09
CUST004155,Joshua Ahluwalia,12,96,3072068.55,256005.71,2024-04-24,2026-02-13
CUST004927,Pallavi Devan,11,90,3071094.34,279190.39,2024-01-10,2026-07-16
CUST000940,Reva Rau,10,85,3071019.71,307101.97,2024-02-17,2026-04-05
CUST000057,Jyoti Raghavan,14,91,3070731.76,219337.98,2024-04-15,2026-07-01
CUST000915,Anvi Rattan,12,93,3070498.20,255874.85,2024-07-29,2025-10-25
CUST004074,Aishani Luthra,9,84,3070139.60,341126.62,2024-04-30,2026-02-25
CUST003296,Baljiwan Mohan,11,88,3070045.75,279095.07,2024-04-29,2026-07-16
CUST002257,Onkar Gandhi,13,92,3069185.53,236091.19,2024-08-31,2026-07-21
CUST001023,Sneha Sem,10,69,3069010.78,306901.08,2025-02-08,2026-07-21
CUST004491,Vritti Thakkar,13,91,3068234.57,236018.04,2024-02-05,2026-04-18
CUST000154,Manbir Dugar,14,85,3067961.76,219140.13,2024-07-01,2026-06-17
CUST003216,Warda Pall,12,112,3066953.75,255579.48,2024-01-02,2026-05-22
CUST000469,Brinda Brar,14,88,3066313.70,219022.41,2024-03-18,2026-01-18
CUST001454,Ekaraj Gaba,13,100,3064717.25,235747.48,2024-05-03,2026-07-04
CUST001920,Dev Aurora,10,72,3064709.57,306470.96,2024-01-09,2025-08-31
CUST003207,Rishi Balan,11,83,3064584.67,278598.61,2024-01-08,2026-07-17
CUST002167,Amara Ramanathan,10,82,3063032.19,306303.22,2024-01-18,2026-06-12
CUST000871,Anirudh Maharaj,9,87,3059996.13,339999.57,2024-01-12,2026-04-26
CUST001366,Krisha Toor,10,75,3059971.56,305997.16,2024-01-18,2026-07-12
CUST001986,Luke Lata,8,83,3059615.28,382451.91,2024-06-07,2026-07-21
CUST003413,Qabil Shankar,11,84,3059451.73,278131.98,2024-02-08,2026-01-25
CUST001928,Harita Mallick,12,93,3058443.80,254870.32,2024-01-04,2026-06-12
CUST001925,Ishani Tella,11,77,3058368.19,278033.47,2024-04-26,2026-07-17
CUST002029,Lajita Gara,8,77,3058280.49,382285.06,2024-11-01,2026-02-10
CUST002309,Tanveer Thakkar,9,85,3057459.92,339717.77,2024-04-14,2026-04-17
CUST000390,Omaja Bath,8,65,3056777.04,382097.13,2024-05-05,2026-04-07
CUST000329,Yatan Sankar,11,91,3056644.46,277876.77,2024-01-18,2025-11-23
CUST003813,Wishi Butala,13,81,3055662.07,235050.93,2024-02-13,2026-06-01
CUST003869,Indali Palla,11,88,3055050.96,277731.91,2024-04-03,2026-05-29
CUST002121,Urmi Seth,11,86,3054704.22,277700.38,2024-04-10,2026-06-21
CUST001256,Ayaan Chhabra,9,85,3054645.51,339405.06,2024-03-17,2025-03-04
CUST000671,Veer Bains,8,85,3054123.38,381765.42,2024-01-23,2026-07-04
CUST000686,Eesha Devi,11,83,3054108.89,277646.26,2024-07-05,2026-03-16
CUST001053,Bakhshi Raval,11,84,3054087.29,277644.3,2024-03-19,2026-07-07
CUST000026,Utkarsh Pillay,12,76,3053766.70,254480.56,2024-01-22,2026-06-28
CUST000725,Aadi Choudhury,10,72,3053245.52,305324.55,2024-02-15,2026-06-26
CUST001265,Odika Char,8,75,3053132.61,381641.58,2024-04-05,2026-05-08
CUST003038,Bahadurjit Hari,13,85,3053086.06,234852.77,2024-03-11,2026-05-05
CUST000328,Rachana Bose,13,103,3053059.37,234850.72,2024-02-05,2026-04-25
CUST001803,Ati Chacko,9,81,3052306.90,339145.21,2024-02-06,2026-03-19
CUST000546,Osha Ramaswamy,11,73,3051074.00,277370.36,2024-02-03,2026-07-21
CUST003141,Ojas Lata,10,91,3050722.57,305072.26,2024-03-09,2026-04-30
CUST003318,Ojasvi Yogi,10,80,3050004.47,305000.45,2024-01-15,2026-06-14
CUST002220,Janani Raghavan,10,103,3048666.15,304866.62,2024-02-24,2026-05-20
CUST003239,Isaiah Behl,8,88,3047675.62,380959.45,2024-02-15,2026-07-21
CUST000715,Krish Hora,10,84,3046699.86,304669.99,2024-02-09,2026-07-11
CUST001764,Advik Swamy,10,81,3046605.72,304660.57,2025-02-17,2026-07-08
CUST002923,Laban Badami,9,73,3046443.00,338493.67,2024-02-07,2026-04-29
CUST004480,Wishi Ahuja,11,85,3044447.44,276767.95,2024-01-02,2026-05-06
CUST002168,Simon D’alia,11,79,3044082.94,276734.81,2024-01-29,2026-06-28
CUST004263,Max Borra,11,91,3044033.88,276730.35,2024-01-16,2025-06-13
CUST004882,Ranveer Bal,11,94,3043927.93,276720.72,2024-01-18,2025-08-08
CUST000171,Utkarsh Gole,13,87,3042712.51,234054.81,2024-03-01,2026-07-10
CUST003803,Ekantika Banik,10,81,3042128.08,304212.81,2024-06-25,2026-07-07
CUST003638,Riya Ravel,11,75,3042125.28,276556.84,2024-03-30,2026-06-11
CUST003998,Ishani Chopra,12,68,3042077.82,253506.49,2024-03-31,2026-03-22
CUST002622,Hemal Ray,11,77,3040042.18,276367.47,2024-08-25,2026-06-18
CUST004300,Eta Sani,12,86,3040021.28,253335.11,2024-01-30,2026-04-29
CUST002562,Udant Sarin,12,80,3039808.41,253317.37,2024-04-02,2026-07-21
CUST002480,Aahana Cheema,9,75,3039296.68,337699.63,2024-07-09,2026-06-06
CUST000308,Yutika Prasad,11,84,3037962.66,276178.42,2024-09-21,2026-07-16
CUST003609,Wahab Sagar,11,79,3037814.47,276164.95,2024-01-18,2026-06-13
CUST000685,Abha Sahota,7,67,3037312.42,433901.77,2024-01-10,2025-09-06
CUST000625,Ayush Padmanabhan,11,87,3036463.26,276042.11,2024-10-01,2026-04-26
CUST000588,Bhavini Soni,11,77,3036056.49,276005.14,2024-04-16,2026-05-14
CUST004118,Ubika Pal,11,96,3035979.86,275998.17,2024-06-07,2026-06-18
CUST003151,Samaksh Loke,10,98,3035571.56,303557.16,2024-02-04,2026-06-05
CUST003597,Praneel Walia,13,79,3035215.28,233478.1,2024-08-07,2026-07-21
CUST003355,Tara Loke,13,90,3035164.27,233474.17,2024-02-18,2026-05-11
CUST004458,Hemang Purohit,14,110,3035046.50,216789.04,2024-02-02,2026-02-12
CUST002112,Chaitanya Kapoor,10,85,3034856.74,303485.67,2024-02-14,2026-07-01
CUST002348,Anmol Balasubramanian,9,79,3034086.67,337120.74,2024-07-20,2026-05-04
CUST000334,Quincy Ratti,10,85,3033847.85,303384.79,2024-06-22,2026-06-28
CUST000258,Adweta Sharma,9,98,3032276.11,336919.57,2024-04-29,2026-04-18
CUST001615,Caleb Gopal,12,92,3030186.29,252515.52,2024-03-06,2026-07-06
CUST001138,Girik Oza,13,95,3029678.36,233052.18,2024-01-08,2026-02-11
CUST002987,Matthew Sachdev,10,87,3027990.08,302799.01,2024-05-02,2026-07-07
CUST003218,Xavier Karpe,10,79,3027517.63,302751.76,2024-01-27,2026-02-05
CUST000773,Dev Garde,9,90,3027394.08,336377.12,2024-03-10,2026-07-02
CUST000522,Aryan Raval,12,87,3027250.73,252270.89,2024-04-29,2026-06-04
CUST004507,Bina Bhavsar,10,89,3026967.89,302696.79,2024-09-22,2026-07-21
CUST000619,Nathaniel Narula,13,85,3026101.94,232777.07,2024-09-01,2026-05-07
CUST001428,Frederick Nair,12,94,3025454.98,252121.25,2024-01-03,2026-06-07
CUST003679,Vinaya Borah,10,82,3024495.74,302449.57,2024-02-25,2026-03-29
CUST003190,Aachal Wable,9,69,3023834.87,335981.65,2024-02-13,2026-01-19
CUST002769,Anamika Prashad,14,90,3023772.04,215983.72,2024-03-04,2026-05-30
CUST002339,Arjun Hari,13,92,3023607.70,232585.21,2024-02-20,2026-07-11
CUST004343,Dominic Thakur,12,88,3023517.38,251959.78,2024-01-25,2026-05-29
CUST002980,Qadim Palla,11,78,3021674.38,274697.67,2024-02-04,2025-12-30
CUST005000,Ridhi Balakrishnan,11,112,3021385.60,274671.42,2024-03-14,2026-07-21
CUST004476,Ijaya Murthy,12,93,3021023.99,251752.0,2024-04-10,2026-07-10
CUST004950,Wyatt Devi,10,79,3020860.29,302086.03,2024-02-09,2026-05-15
CUST000484,Rohan Gupta,10,99,3020733.54,302073.35,2024-06-14,2026-07-11
CUST002187,Darika Loyal,11,84,3020551.74,274595.61,2024-04-16,2025-11-25
CUST002727,Anamika Gara,16,103,3019613.91,188725.87,2024-03-16,2026-07-09
CUST003630,Baljiwan Rege,13,92,3018446.28,232188.18,2024-01-23,2026-01-25
CUST001513,Bachittar Oommen,10,87,3017976.75,301797.68,2024-12-05,2026-06-26
CUST003511,Ekani Solanki,12,96,3017939.34,251494.95,2024-02-22,2026-06-03
CUST001219,Warda Pingle,11,83,3016162.81,274196.62,2024-01-09,2026-05-11
CUST004483,Lakshmi Khurana,11,79,3015607.67,274146.15,2024-03-14,2026-06-11
CUST002010,Thomas Baria,12,91,3014704.53,251225.38,2024-01-20,2026-07-09
CUST003567,Hema Buch,9,80,3014355.63,334928.4,2024-02-21,2026-07-21
CUST002626,Gayathri Misra,9,86,3013612.60,334845.84,2024-01-09,2026-05-25
CUST003211,Hitesh Chakraborty,10,77,3013538.37,301353.84,2024-03-30,2026-07-21
CUST002240,Guneet Aggarwal,14,88,3013076.17,215219.73,2024-02-17,2026-07-21
CUST004609,Ikshita Singhal,11,100,3012970.67,273906.42,2024-05-02,2026-06-15
CUST001734,Suhani Tara,12,73,3012083.40,251006.95,2024-03-16,2026-03-24
CUST003912,Eshana Jaggi,9,78,3012072.26,334674.7,2024-01-13,2026-01-17
CUST002337,Rishi Apte,10,93,3010813.21,301081.32,2024-03-16,2026-05-01
CUST000850,Anthony Rajan,12,80,3010782.84,250898.57,2024-04-24,2026-07-15
CUST001079,Pratyush Shankar,10,84,3010658.40,301065.84,2024-01-07,2026-04-18
CUST001639,Qabil Sood,8,77,3010232.07,376279.01,2024-06-03,2025-12-15
CUST002313,Niharika Ram,9,85,3009825.21,334425.02,2025-04-24,2026-02-26
CUST000124,Lakshit Vaidya,11,76,3008995.84,273545.08,2024-02-01,2026-07-21
CUST002610,Bhavya Sane,11,95,3008701.07,273518.28,2024-03-31,2026-04-21
CUST002508,Alka Naik,15,96,3008626.07,200575.07,2024-02-02,2026-06-02
CUST002894,Leela Bhagat,11,77,3008520.12,273501.83,2024-05-13,2026-03-15
CUST003566,Warjas Chahal,13,88,3008487.53,231422.12,2024-05-03,2026-07-21
CUST000091,Lakshmi Warrior,13,89,3007890.93,231376.23,2024-03-18,2026-04-24
CUST004121,Ira Chacko,13,92,3007604.66,231354.2,2024-05-20,2026-07-11
CUST002865,Rishi Dubey,10,87,3007234.42,300723.44,2024-04-06,2026-04-10
CUST002146,Aashi Cheema,11,93,3007000.28,273363.66,2024-03-26,2026-06-17
CUST003156,Neel Balakrishnan,11,92,3006583.05,273325.73,2024-02-20,2026-06-29
CUST002999,Aishani Bajaj,13,85,3005662.09,231204.78,2024-01-16,2025-07-16
CUST003968,Arjun Pall,14,91,3004226.36,214587.6,2024-02-09,2026-06-17
CUST000544,Upkaar Acharya,15,95,3003731.63,200248.78,2024-03-10,2026-07-18
CUST003596,Faraj Dayal,13,85,3003031.17,231002.4,2024-02-14,2026-05-03
CUST003868,Onveer Subramanian,10,83,3002922.06,300292.21,2024-01-01,2025-12-11
CUST001526,Vamakshi Char,15,104,3002418.11,200161.21,2024-01-16,2026-06-16
CUST003852,Vasana Bora,15,83,3002024.22,200134.95,2024-04-28,2026-07-01
CUST004831,Dalbir Narasimhan,13,78,3001786.02,230906.62,2024-01-16,2026-05-22
CUST001990,Amol Kurian,7,68,3001562.13,428794.59,2024-03-25,2026-07-21
CUST000808,Darsh Ravel,11,96,3000756.85,272796.08,2024-04-11,2026-06-14
CUST001981,Anay Gole,10,76,2999899.45,299989.95,2024-01-08,2026-07-06
CUST004564,Caleb Dutta,12,82,2999843.66,249986.97,2024-01-08,2026-01-23
CUST002594,Chatura Dubey,8,86,2999801.48,374975.19,2024-01-10,2025-12-12
CUST002656,Hemang Lata,7,73,2998837.65,428405.38,2024-08-19,2026-02-05
CUST000201,Aarush Patil,10,89,2998345.66,299834.57,2024-02-25,2026-07-09
CUST001323,Noah Rajagopal,11,93,2998329.18,272575.38,2024-01-02,2026-05-05
CUST002360,Anmol Bail,9,82,2998284.23,333142.69,2024-05-23,2026-06-01
CUST004059,Kamala Dayal,12,92,2997939.53,249828.29,2024-06-13,2026-04-30
CUST002152,Michael Dyal,11,101,2996857.02,272441.55,2024-11-26,2026-06-28
CUST004740,Warhi Kota,8,74,2996760.20,374595.03,2024-01-13,2026-07-10
CUST000042,Darsh Deshmukh,12,82,2996073.66,249672.81,2024-01-21,2026-03-20
CUST003740,Champak Chaudhuri,8,64,2995029.65,374378.71,2024-02-27,2026-01-24
CUST003942,Chakrika Upadhyay,10,75,2993981.89,299398.19,2024-03-07,2026-06-23
CUST000025,Mekhala Karpe,9,81,2993949.36,332661.04,2024-06-14,2026-06-23
CUST004607,Dayamai Savant,13,98,2993181.94,230244.76,2024-01-28,2026-07-21
CUST000597,Finn Karan,10,68,2992582.23,299258.22,2024-03-14,2026-05-04
CUST003669,Maya Nazareth,12,74,2992049.85,249337.49,2024-01-17,2026-06-24
CUST003035,Rishi Char,11,87,2990583.44,271871.22,2024-04-23,2026-06-11
CUST002094,William Mutti,12,97,2990373.79,249197.82,2024-03-05,2026-07-21
CUST003736,Chaaya Prabhakar,10,68,2990117.00,299011.7,2024-01-19,2026-07-21
CUST002908,Oliver Mody,12,85,2990110.69,249175.89,2024-03-10,2026-03-26
CUST000841,Ekanta Lata,13,110,2989934.54,229994.96,2024-01-08,2026-06-19
CUST001753,Omya Shankar,8,82,2989518.72,373689.84,2024-05-22,2026-03-05
CUST000632,Arjun Kalita,11,77,2988844.95,271713.18,2024-02-07,2025-09-27
CUST004453,Yutika Chaudhuri,14,93,2988729.22,213480.66,2024-01-07,2026-07-18
CUST002931,Faraj Narula,11,90,2988713.86,271701.26,2024-03-24,2026-07-04
CUST002385,Tanish Chaudhuri,12,96,2988445.83,249037.15,2024-01-08,2026-05-23
CUST001345,Rehaan Chaudhary,8,65,2988266.15,373533.27,2024-08-02,2026-06-11
CUST003666,Lopa Desai,10,78,2987514.08,298751.41,2024-04-10,2026-06-22
CUST003697,Victor Nori,12,83,2986830.17,248902.51,2024-07-02,2026-03-06
CUST001217,Rushil Andra,12,82,2986625.29,248885.44,2024-03-24,2026-07-21
CUST002738,Chanchal Karnik,9,82,2985122.97,331680.33,2024-08-05,2026-04-18
CUST004284,Farhan Grover,11,91,2984448.17,271313.47,2024-03-04,2026-07-21
CUST004425,Daksha Sarkar,11,77,2984223.57,271293.05,2024-01-06,2026-06-30
CUST004188,Aarav Ram,10,86,2983799.67,298379.97,2024-05-11,2026-06-20
CUST003774,Yahvi Char,10,90,2983790.39,298379.04,2024-01-08,2026-07-21
CUST004732,Gautam Narula,11,101,2983752.49,271250.23,2024-01-21,2026-05-30
CUST004981,Aayush Choudhry,10,76,2983436.08,298343.61,2024-02-29,2026-07-01
CUST002579,Osha Grewal,9,70,2983398.17,331488.69,2024-01-14,2026-03-27
CUST001909,Damyanti Pant,12,91,2982787.40,248565.62,2024-02-13,2026-06-11
CUST003628,Ronith Subramanian,12,82,2982175.73,248514.64,2024-01-14,2026-06-18
CUST002581,Anirudh Misra,10,72,2980375.71,298037.57,2024-01-06,2026-07-13
CUST001275,Harita Parmer,13,82,2980140.61,229241.59,2024-01-27,2026-06-29
CUST003227,Avi Sachdev,14,85,2979941.67,212852.98,2024-06-17,2026-07-21
CUST003645,Chakradhar Setty,9,81,2979292.95,331032.55,2024-01-03,2026-04-29
CUST003900,Simon Narasimhan,10,78,2978965.95,297896.6,2024-02-22,2026-05-01
CUST000389,Chandran Magar,7,70,2977692.68,425384.67,2024-04-20,2026-06-01
CUST000721,Ayaan Khurana,11,96,2975873.37,270533.94,2024-06-16,2026-07-21
CUST002081,Manya Cherian,9,71,2975479.50,330608.83,2024-06-27,2025-11-20
CUST000011,Saksham Merchant,10,77,2973458.18,297345.82,2024-07-22,2026-04-14
CUST001880,Samarth Das,10,87,2972204.64,297220.46,2024-04-28,2026-01-02
CUST002851,Warhi Golla,12,79,2970684.92,247557.08,2024-03-17,2026-07-16
CUST003675,Oscar Barad,10,78,2970558.84,297055.88,2024-04-25,2026-07-21
CUST001544,Chakradev Mitra,9,95,2970170.06,330018.9,2024-02-17,2026-06-29
CUST002773,Nihal Halder,10,90,2969945.13,296994.51,2024-01-22,2026-04-23
CUST004414,Raksha Chaudhuri,13,82,2968420.40,228340.03,2024-03-04,2025-12-06
CUST003502,Krishna Buch,10,77,2966259.38,296625.94,2024-05-05,2026-04-21
CUST000775,Krisha Vaidya,11,76,2965636.24,269603.29,2024-03-01,2026-01-19
CUST003367,Hema Deo,11,85,2965354.57,269577.69,2024-01-12,2026-04-14
CUST004655,Ranbir Bhargava,13,84,2964423.66,228032.59,2024-01-23,2026-06-17
CUST000517,Forum Ramakrishnan,12,88,2963718.49,246976.54,2024-05-03,2026-07-02
CUST004987,Lipika Saran,10,67,2962715.23,296271.52,2024-03-17,2026-07-21
CUST000856,Aryan Magar,11,70,2962201.91,269291.08,2024-01-11,2025-10-21
CUST002884,Alexander Rajagopalan,8,71,2962186.67,370273.33,2024-04-08,2026-07-05
CUST003370,Amruta Sahota,11,87,2961784.21,269253.11,2024-04-28,2026-04-20
CUST002928,Upadhriti Panchal,16,87,2961726.08,185107.88,2024-01-20,2026-07-21
CUST001478,Balendra Saha,10,83,2961537.05,296153.71,2024-01-16,2025-10-10
CUST001135,Finn Kalla,10,67,2961209.39,296120.94,2024-04-11,2026-06-19
CUST001775,Kabir Doshi,10,81,2960984.74,296098.47,2024-01-24,2026-03-18
CUST002283,Bhavya Mani,11,98,2960956.52,269177.87,2024-03-13,2026-04-16
CUST000001,Mahika Konda,11,85,2960686.19,269153.29,2024-01-17,2026-03-27
CUST002811,Abdul Kulkarni,11,79,2960173.90,269106.72,2024-06-07,2026-05-05
CUST002082,Yuvraj More,12,82,2960046.64,246670.55,2024-02-02,2026-07-03
CUST003981,Isaac Shenoy,11,72,2960044.67,269094.97,2024-01-12,2026-03-24
CUST000347,Dhruv Wagle,11,85,2959687.58,269062.51,2024-01-22,2026-07-21
CUST001821,Damyanti Tailor,9,65,2959630.60,328847.84,2024-05-08,2026-07-15
CUST000493,Harini Bose,12,86,2959410.69,246617.56,2024-07-15,2026-07-12
CUST003458,Netra Karpe,8,74,2959017.79,369877.22,2024-04-11,2026-01-25
CUST001944,Lopa Sule,8,70,2958931.54,369866.44,2024-03-12,2026-06-06
CUST002981,Patrick Kashyap,13,86,2958630.86,227586.99,2024-04-15,2026-07-21
CUST002955,Harrison Maharaj,10,80,2958240.35,295824.04,2024-02-21,2026-07-21
CUST002863,Oeshi Mittal,10,81,2957656.39,295765.64,2024-07-29,2026-03-24
CUST004666,Wyatt Prakash,11,70,2955168.15,268651.65,2024-03-21,2026-05-14
CUST004141,Vincent Srinivasan,9,78,2954952.15,328328.02,2024-03-18,2025-12-16
CUST004686,Zayan Ratti,12,89,2954934.58,246244.55,2024-03-27,2026-02-10
CUST001041,Anita Chaudhary,10,84,2954571.92,295457.19,2024-01-06,2026-06-09
CUST001742,Ikshita Chauhan,12,72,2953063.79,246088.65,2024-05-23,2026-07-08
CUST002969,Lucky Virk,10,98,2952741.32,295274.13,2024-12-18,2026-07-21
CUST002895,Unnati Rajagopalan,13,84,2952729.44,227133.03,2024-03-07,2026-07-02
CUST004957,Omya Mane,12,74,2951797.88,245983.16,2024-02-08,2026-05-31
CUST002002,Orinder Seshadri,12,88,2951788.70,245982.39,2024-02-19,2026-07-21
CUST000860,Theodore Chaudhary,14,76,2951621.93,210830.14,2024-06-14,2026-07-21
CUST004154,Ishaan Sharaf,13,102,2949831.78,226910.14,2024-01-25,2026-02-03
CUST002215,Vrinda Karnik,12,85,2949746.95,245812.25,2024-02-04,2026-06-20
CUST000649,Peter Barad,13,88,2949077.31,226852.1,2024-01-19,2026-04-07
CUST003738,Nikita Pradhan,11,86,2948283.60,268025.78,2024-02-07,2026-06-11
CUST001805,Pooja Nayar,12,114,2948013.31,245667.78,2024-02-09,2026-03-21
CUST003510,Wazir Dey,15,81,2947865.65,196524.38,2024-02-21,2026-07-21
CUST001794,Jack Ram,10,85,2947080.63,294708.06,2024-02-03,2026-02-04
CUST004706,Dalaja Mandal,10,84,2946834.41,294683.44,2024-03-17,2026-05-14
CUST002416,Tanmayi Dave,11,95,2945837.80,267803.44,2024-04-17,2026-07-21
CUST002219,Lavanya Chaudhry,10,72,2945063.10,294506.31,2024-04-09,2026-04-28
CUST003534,Vivaan Grover,8,74,2944587.04,368073.38,2024-03-04,2026-05-09
CUST002072,Ayush Nagar,12,81,2944154.33,245346.19,2024-01-02,2026-04-01
CUST002784,Pooja Vaidya,10,75,2943418.73,294341.87,2024-02-19,2026-06-14
CUST001583,Dominic Ratti,11,86,2943287.24,267571.57,2024-01-23,2026-05-23
CUST004546,Mekhala Memon,12,81,2943251.66,245270.97,2024-02-17,2026-01-30
CUST003126,Triya Oommen,13,107,2942941.96,226380.15,2024-01-31,2026-04-21
CUST004039,Devansh Shan,14,90,2942517.40,210179.81,2024-05-06,2026-02-17
CUST004331,Shivansh Gour,11,88,2942206.21,267473.29,2024-01-19,2026-07-21
CUST003955,Chandani Balasubramanian,12,76,2941650.01,245137.5,2024-04-12,2026-03-06
CUST003940,Yashvi Dey,11,80,2940510.30,267319.12,2024-03-22,2026-06-06
CUST003997,Chandresh Master,11,96,2940305.18,267300.47,2024-03-26,2026-06-21
CUST004935,Zashil Dubey,10,74,2939692.93,293969.29,2024-02-25,2026-06-20
CUST001567,Dhriti Jain,10,107,2939474.34,293947.43,2024-03-26,2026-07-21
CUST004594,David Gour,9,84,2938896.73,326544.08,2024-01-29,2026-05-26
CUST004788,Bhanumati Patla,11,83,2938655.69,267150.52,2024-02-09,2026-04-06
CUST003717,Ekaraj Bala,12,85,2938374.07,244864.51,2024-05-02,2026-07-19
CUST000454,Wridesh Bhatti,14,81,2937383.98,209813.14,2024-03-16,2026-06-21
CUST001927,Tamanna Chaudhuri,15,97,2937056.00,195803.73,2024-03-04,2026-07-15
CUST000169,Sachi Chatterjee,10,79,2936890.66,293689.07,2024-01-13,2025-10-24
CUST000693,Chanakya Mohanty,10,76,2936025.43,293602.54,2024-02-03,2025-12-09
CUST004881,Balhaar Rattan,10,66,2935125.48,293512.55,2024-03-04,2026-05-27
CUST002271,Hemal Talwar,13,94,2934429.40,225725.34,2024-04-26,2026-07-21
CUST001894,Alexander Rajagopal,13,100,2933253.52,225634.89,2024-05-09,2026-06-26
CUST004822,Harshil Murty,11,96,2932049.76,266549.98,2024-01-27,2026-04-26
CUST001049,Peter Suri,11,76,2931882.96,266534.81,2024-01-20,2026-07-01
CUST002455,Indira Vala,15,90,2931703.27,195446.88,2024-01-20,2026-04-06
CUST003233,Aryan Tailor,11,95,2931323.62,266483.97,2024-01-19,2026-07-17
CUST004513,Oni Soni,12,91,2930560.19,244213.35,2024-02-26,2026-07-21
CUST003445,Dhriti Rege,15,88,2930299.80,195353.32,2024-06-06,2026-04-03
CUST004149,Ronith Ravi,11,66,2930193.14,266381.19,2024-08-20,2026-07-14
CUST003043,Inaya Yohannan,9,81,2930015.44,325557.27,2024-01-15,2025-11-28
CUST003698,Lila Bhasin,14,94,2929383.16,209241.65,2024-05-15,2026-06-09
CUST000996,Dipta Raval,11,85,2929224.39,266293.13,2024-03-02,2026-07-21
CUST004743,Krisha Prabhakar,10,86,2928260.30,292826.03,2024-07-03,2026-07-19
CUST001889,Gaurang Batta,9,82,2927021.45,325224.61,2024-03-28,2026-06-09
CUST004006,Rishi Malhotra,9,68,2926909.10,325212.12,2024-02-09,2025-12-26
CUST001971,Ishani Mall,10,77,2926836.93,292683.69,2024-03-19,2026-05-30
CUST001486,Rehaan Dhar,12,85,2925775.92,243814.66,2024-04-11,2026-03-17
CUST003350,Aarnav Prasad,10,81,2924616.05,292461.61,2024-03-09,2026-07-21
CUST001461,Radha Tella,11,79,2924104.79,265827.71,2024-01-05,2026-07-19
CUST003160,Patrick Puri,12,93,2922603.19,243550.27,2024-03-01,2026-01-01
CUST003159,Jackson Pandya,8,68,2921785.89,365223.24,2024-05-18,2025-12-11
CUST004672,Sachi Saran,11,91,2921773.06,265615.73,2024-01-24,2026-06-09
CUST000833,Chavvi Thaman,10,76,2920971.56,292097.16,2024-02-21,2026-07-11
CUST004845,Nidra Nair,10,74,2919373.87,291937.39,2024-04-28,2026-07-05
CUST004144,Nicholas Dhar,17,99,2918668.07,171686.36,2024-01-04,2026-03-04
CUST004463,Raghav Sengupta,10,78,2918634.40,291863.44,2024-06-29,2026-07-12
CUST000370,Yashvi Bail,12,77,2918589.97,243215.83,2024-02-22,2026-02-28
CUST002221,Divya Oommen,12,71,2917237.61,243103.13,2024-02-13,2026-07-05
CUST002037,Yadavi Swamy,10,87,2916497.10,291649.71,2024-01-01,2026-06-25
CUST001766,Prisha Prakash,8,81,2915479.77,364434.97,2024-04-27,2025-09-14
CUST003992,Chatura Barad,10,70,2915203.32,291520.33,2024-04-26,2026-07-21
CUST001262,Pahal Garg,9,87,2914728.68,323858.74,2024-01-07,2026-04-30
CUST000719,Omaja Anne,13,104,2914650.31,224203.87,2024-01-24,2026-05-17
CUST004738,Janya Yadav,8,72,2913338.55,364167.32,2024-01-23,2026-07-21
CUST001652,Warhi Hans,13,96,2912999.44,224076.88,2024-06-01,2025-10-22
CUST001597,Ikshita Chokshi,13,98,2912382.80,224029.45,2024-04-17,2026-04-25
CUST004136,Sathvik Zacharia,15,77,2911881.62,194125.44,2024-02-14,2026-06-17
CUST003967,Ekapad Prasad,9,68,2911575.90,323508.43,2024-04-11,2026-07-21
CUST000067,Theodore Dalal,11,88,2911545.39,264685.94,2024-05-19,2026-06-13
CUST001293,Nihal Sule,12,86,2911509.22,242625.77,2024-04-27,2026-07-21
CUST000082,Shravya Swaminathan,9,70,2910839.00,323426.56,2024-05-28,2026-03-06
CUST004250,Lohit Bail,9,69,2910498.75,323388.75,2024-03-19,2026-05-01
CUST002970,Chanakya Ram,12,97,2909864.52,242488.71,2024-11-24,2026-04-12
CUST002904,Jairaj Zachariah,11,76,2909492.26,264499.3,2024-06-19,2026-02-09
CUST004223,Timothy Jain,10,84,2908602.40,290860.24,2024-01-23,2026-07-07
CUST004647,Samarth Khalsa,9,86,2908145.77,323127.31,2024-08-26,2026-06-06
CUST002234,Nidra Modi,9,78,2907375.25,323041.69,2024-01-19,2026-04-28
CUST004931,Neel Loyal,12,89,2906083.99,242173.67,2024-01-18,2026-07-14
CUST004297,Ijaya Pai,14,91,2905143.79,207510.27,2024-01-09,2026-05-19
CUST004632,George Dugar,10,65,2904734.32,290473.43,2024-06-08,2026-04-09
CUST000724,Watika Varghese,15,99,2903958.90,193597.26,2024-02-26,2026-06-29
CUST004384,Madhav Prabhu,11,69,2903693.85,263972.17,2024-07-20,2026-07-14
CUST002497,Ekaraj Walla,9,79,2902123.48,322458.16,2024-01-29,2025-03-19
CUST000371,Zayan Tata,10,76,2901656.29,290165.63,2024-03-26,2026-05-22
CUST004122,Lajita Badami,11,89,2901585.72,263780.52,2024-03-30,2026-05-21
CUST002770,Meghana Agrawal,11,79,2901499.38,263772.67,2024-05-30,2026-05-28
CUST004372,Frado Agrawal,8,72,2901190.69,362648.84,2024-07-17,2026-04-14
CUST002478,Warjas Bala,9,73,2900308.59,322256.51,2024-03-05,2026-05-25
CUST003958,Mahika Buch,8,81,2899576.52,362447.07,2024-08-10,2026-04-02
CUST000781,Kabir Venkataraman,11,82,2898471.60,263497.42,2024-04-18,2026-06-17
CUST003604,Chaitaly Magar,13,92,2898445.99,222957.38,2024-03-26,2026-05-30
CUST002419,Devansh Comar,8,79,2896788.34,362098.54,2024-02-03,2026-07-21
CUST002084,Warinder Natt,11,79,2895476.14,263225.1,2024-01-25,2026-07-21
CUST004764,Falak Pathak,11,99,2895410.26,263219.11,2024-01-26,2026-05-20
CUST004552,Chameli Shanker,11,89,2894876.55,263170.6,2024-02-27,2026-06-22
CUST001968,Irya Barad,10,68,2894524.22,289452.42,2024-01-29,2026-06-02
CUST004700,Balveer Khosla,12,88,2893679.68,241139.97,2024-01-26,2026-06-12
CUST002008,Elijah Dora,12,89,2892701.48,241058.46,2024-03-27,2026-01-13
CUST000392,Jeevika Desai,15,107,2892599.38,192839.96,2024-02-25,2026-05-12
CUST000933,Leela Bora,9,74,2892125.66,321347.3,2024-04-19,2026-05-27
CUST004055,Raghav Jani,14,96,2891848.48,206560.61,2024-06-12,2026-04-05
CUST004653,Aadhya Mammen,9,81,2891299.00,321255.44,2024-04-24,2026-06-18
CUST001758,Warjas Mohanty,12,88,2891101.06,240925.09,2024-03-11,2026-07-21
CUST004216,Logan Bandi,10,68,2891061.30,289106.13,2024-05-04,2026-05-14
CUST003409,Upasna Garg,9,73,2890332.95,321148.11,2024-04-20,2026-06-01
CUST002807,Dev Koshy,6,68,2890099.15,481683.19,2024-10-31,2026-06-20
CUST002155,Kala Sehgal,9,73,2890088.63,321120.96,2024-03-03,2026-04-05
CUST001510,Saumya Rau,10,70,2889521.63,288952.16,2024-04-24,2026-02-10
CUST003173,Gopal Goel,12,74,2889507.54,240792.3,2024-04-26,2026-06-08
CUST002720,Vanya Mani,9,81,2888943.36,320993.71,2024-04-27,2026-07-10
CUST003416,Wahab Minhas,10,82,2888792.31,288879.23,2024-01-05,2026-07-18
CUST000170,Yadavi Thakkar,14,90,2888584.84,206327.49,2024-05-04,2026-06-18
CUST003469,Nakul Kanda,11,85,2888248.31,262568.03,2024-01-02,2026-07-07
CUST003332,Bhavini Kade,9,73,2887568.23,320840.91,2024-01-13,2026-01-19
CUST003961,Aryan Hari,13,81,2887290.39,222099.26,2024-04-19,2026-07-14
CUST000969,Tanvi Shenoy,12,83,2886380.63,240531.72,2024-03-10,2026-07-18
CUST001353,Chatresh Natt,10,84,2885824.07,288582.41,2024-01-22,2026-06-18
CUST003291,Vedhika Saxena,10,75,2885051.68,288505.17,2024-03-19,2026-07-21
CUST002958,Nidra Dada,9,93,2884972.29,320552.48,2024-06-16,2026-07-21
CUST001250,Kashvi Madan,8,79,2884570.85,360571.36,2024-06-14,2025-12-12
CUST001372,Ekansh Purohit,9,89,2884122.57,320458.06,2024-10-16,2026-06-11
CUST002123,Shaurya Bera,9,86,2883288.44,320365.38,2024-01-05,2026-03-28
CUST000748,Neelima Char,13,78,2882548.87,221734.53,2024-01-15,2026-06-23
CUST001786,Nilima Shan,13,96,2882404.93,221723.46,2024-02-05,2026-04-20
CUST000325,Ucchal Ramesh,11,84,2881730.24,261975.48,2024-01-18,2026-03-20
CUST002243,Lohit Vig,7,73,2881726.26,411675.18,2024-05-10,2026-02-21
CUST004514,Hemangini Thakkar,11,79,2881495.13,261954.1,2024-01-28,2026-03-22
CUST004014,Harinakshi Parmar,11,80,2880829.65,261893.6,2024-06-08,2026-07-07
CUST002862,Kai Baral,10,89,2880347.81,288034.78,2024-02-10,2025-07-14
CUST002389,Rajeshri Batta,10,70,2880046.31,288004.63,2024-07-03,2026-06-16
CUST000452,Chakradev Devi,10,79,2879933.12,287993.31,2024-02-16,2025-10-09
CUST003835,Dev Keer,11,74,2878233.26,261657.57,2024-01-02,2026-04-03
CUST003861,Hemangini Tripathi,13,96,2878065.58,221389.66,2024-02-29,2026-05-09
CUST000780,Yashvi Dube,9,82,2877071.54,319674.62,2024-04-03,2026-05-04
CUST001352,Jagrati Lala,10,70,2875258.16,287525.82,2024-05-26,2026-06-29
CUST000185,Eiravati Ghose,9,80,2875054.55,319450.51,2024-01-06,2026-05-05
CUST000886,Onkar Nigam,13,73,2874998.64,221153.74,2024-01-12,2026-05-01
CUST002816,Ekaraj Nanda,10,84,2874927.76,287492.78,2024-07-29,2026-06-29
CUST004047,Aradhana Sibal,12,83,2873425.57,239452.13,2024-02-08,2026-05-16
CUST004439,Janani Gola,10,76,2872178.82,287217.88,2024-02-28,2026-03-15
CUST003270,Vasudha Gala,12,76,2871116.74,239259.73,2024-02-15,2026-06-15
CUST003495,Panini Bahl,16,102,2870378.53,179398.66,2024-01-09,2026-07-21
CUST000244,Bahadurjit Mammen,9,72,2870339.06,318926.56,2024-02-09,2026-05-01
CUST000679,Vasana Tella,12,81,2869732.42,239144.37,2024-02-13,2026-07-13
CUST000405,Tamanna Bhakta,10,84,2869110.81,286911.08,2024-06-10,2026-06-17
CUST001320,Caleb Banerjee,8,81,2868245.75,358530.72,2024-03-18,2026-06-02
CUST001241,Arin Batta,10,84,2866651.68,286665.17,2024-02-24,2026-01-06
CUST000175,Benjamin Choudhry,9,71,2865980.90,318442.32,2024-02-03,2026-04-01
CUST000435,Chaman Mistry,10,89,2865928.83,286592.88,2024-03-18,2026-05-18
CUST003383,Naveen Chada,11,85,2864923.33,260447.58,2024-02-02,2026-07-11
CUST004098,Jhalak Luthra,9,73,2864725.01,318302.78,2024-02-02,2026-07-05
CUST003748,Gunbir Balay,10,68,2863930.42,286393.04,2024-01-07,2026-06-09
CUST000729,Omisha Raval,10,75,2863645.34,286364.53,2024-04-11,2025-12-29
CUST001287,Sathvik Bhavsar,13,79,2863460.51,220266.19,2024-04-03,2026-06-17
CUST001429,Agastya Hans,7,79,2862559.69,408937.1,2024-03-07,2026-04-23
CUST002553,Vrinda Deshmukh,11,84,2862559.04,260232.64,2024-01-15,2026-04-27
CUST003248,Warinder Pingle,11,81,2862444.42,260222.22,2024-05-02,2026-03-06
CUST004471,Xalak Shenoy,11,77,2862440.07,260221.82,2024-01-11,2026-07-21
CUST003876,Radhika Datta,15,92,2862302.83,190820.19,2024-01-30,2026-06-25
CUST004537,Krish Bora,12,80,2862197.37,238516.45,2024-01-03,2026-06-16
CUST001554,Oscar Bhatti,14,99,2861631.40,204402.24,2024-02-08,2026-04-05
CUST002290,Noah Sabharwal,10,83,2861307.99,286130.8,2024-03-28,2026-06-14
CUST001751,Hitesh Barman,8,66,2860289.84,357536.23,2024-03-22,2026-04-09
CUST004591,Rayaan Singh,11,68,2859766.71,259978.79,2024-02-19,2026-07-18
CUST004243,Varenya Menon,11,90,2858817.91,259892.54,2024-04-26,2026-04-06
CUST003600,Jairaj Dar,11,83,2858385.38,259853.22,2024-06-21,2026-01-31
CUST004100,Libni Batra,10,75,2858338.10,285833.81,2025-03-02,2026-07-05
CUST000981,Chakradhar Chaudhry,10,94,2858252.87,285825.29,2024-03-02,2026-05-03
CUST000552,Warjas Sarin,15,90,2857231.48,190482.1,2024-02-19,2026-07-10
CUST001310,Upkaar Hayer,12,77,2856930.60,238077.55,2024-07-02,2026-04-11
CUST004772,Krish Biswas,18,111,2856875.17,158715.29,2024-03-27,2026-07-21
CUST001876,Krish Khurana,12,82,2856770.69,238064.22,2024-04-16,2026-06-08
CUST003579,Anvi Luthra,11,75,2856638.87,259694.44,2024-01-31,2026-07-02
CUST002326,Harsh Peri,9,72,2856610.15,317401.13,2024-02-04,2026-01-12
CUST003897,Faraj Chaudry,12,93,2856235.68,238019.64,2024-01-08,2026-05-05
CUST002396,Sai Oza,11,72,2856131.59,259648.33,2024-03-25,2026-06-20
CUST000669,Tara Halder,13,84,2855606.25,219662.02,2024-02-11,2026-07-02
CUST003471,Orinder Misra,12,85,2855322.20,237943.52,2024-01-14,2026-04-19
CUST001274,Dayita Mital,9,90,2855103.15,317233.68,2024-04-01,2026-02-01
CUST002587,Tripti Sathe,10,80,2854907.03,285490.7,2024-01-28,2026-06-02
CUST003721,Harinakshi Srinivasan,11,79,2854483.33,259498.48,2024-01-05,2026-07-19
CUST004041,Ethan Pall,13,78,2854291.98,219560.92,2024-01-27,2026-06-08
CUST002713,Nathaniel Soman,11,87,2853969.96,259451.81,2024-03-12,2026-06-27
CUST001532,Udyati Reddy,13,87,2853834.16,219525.7,2024-03-13,2026-06-03
CUST000393,Maya Mutti,12,81,2853339.85,237778.32,2024-01-15,2026-03-23
CUST003530,Sneha Ratta,11,80,2852447.83,259313.44,2024-02-24,2026-07-16
CUST001204,Kevin Vohra,11,74,2851278.73,259207.16,2024-02-26,2026-07-21
CUST001548,Jeet Chaudhari,13,91,2851166.00,219320.46,2024-02-22,2026-07-19
CUST000653,Ranbir Shukla,12,77,2849682.19,237473.52,2024-02-03,2026-06-15
CUST000869,George Bhatt,13,77,2849287.46,219175.96,2024-01-03,2026-05-22
CUST002092,Ekapad Khosla,10,80,2848742.99,284874.3,2024-06-04,2026-02-13
CUST003103,Advaith Bandi,10,72,2848612.33,284861.23,2024-06-05,2026-07-21
CUST004789,Jyoti Virk,15,77,2848418.79,189894.59,2024-01-14,2026-07-13
CUST001386,Arya Agrawal,11,94,2847980.97,258907.36,2024-01-04,2026-05-06
CUST000331,Bhavya Gera,14,87,2847645.56,203403.25,2024-04-04,2026-02-26
CUST003242,Hardik Chand,11,75,2846386.28,258762.39,2024-02-24,2026-02-14
CUST000324,Yug Sankaran,11,82,2846006.01,258727.82,2024-02-02,2026-06-12
CUST000598,Gayathri Bose,10,95,2845992.81,284599.28,2024-02-15,2026-07-15
CUST003154,Teerth Baral,9,75,2844472.54,316052.5,2024-02-27,2026-06-22
CUST001693,Pratyush Prabhakar,11,77,2844429.14,258584.47,2024-03-13,2026-07-01
CUST001999,Ekapad Buch,11,76,2844310.42,258573.67,2024-01-29,2026-07-04
CUST004952,Adweta Sampath,9,69,2843335.26,315926.14,2024-01-29,2026-07-04
CUST002284,Vedika Vala,10,78,2843068.98,284306.9,2024-02-02,2026-06-12
CUST000129,Dominic Jhaveri,12,94,2842762.16,236896.85,2024-02-03,2026-06-11
CUST002498,Jasmit Sharma,9,77,2842191.01,315799.0,2024-05-03,2026-06-08
CUST001605,Yoshita Bobal,11,84,2841512.60,258319.33,2024-04-26,2026-06-09
CUST002944,Lekha Goel,10,72,2841271.71,284127.17,2024-12-16,2026-04-01
CUST002779,Dalaja Srinivas,11,79,2839411.20,258128.29,2024-06-06,2026-06-14
CUST004959,Aishani Sathe,11,79,2839060.96,258096.45,2024-01-30,2026-07-05
CUST001165,Advay Oak,11,63,2839049.93,258095.45,2024-04-03,2026-07-21
CUST002068,Suhani Behl,10,91,2838495.25,283849.53,2024-01-22,2026-04-17
CUST003005,Zehaan Bahri,10,88,2837299.57,283729.96,2024-03-14,2026-06-02
CUST003050,Dipta Jaggi,9,71,2837224.53,315247.17,2024-04-30,2026-06-08
CUST002500,David Gade,11,102,2836304.73,257845.88,2024-01-28,2026-07-11
CUST002472,Farhan Iyengar,9,74,2835667.04,315074.12,2024-01-13,2026-06-27
CUST000176,Raksha Garde,9,88,2834721.23,314969.03,2024-02-09,2026-06-17
CUST003594,Jeremiah Gole,13,78,2833210.26,217939.25,2024-05-24,2026-05-22
CUST003715,Michael Divan,11,80,2832402.81,257491.16,2024-02-07,2026-02-28
CUST003112,Falan Ranganathan,9,69,2831845.70,314649.52,2024-04-06,2026-07-16
CUST001211,Udarsh Datta,11,72,2831235.22,257385.02,2024-05-20,2026-06-06
CUST001118,Ubika Kapoor,8,77,2830903.26,353862.91,2024-06-09,2026-06-25
CUST002832,Yadavi Kibe,10,66,2829731.21,282973.12,2024-08-07,2026-05-04
CUST003919,Parth Balay,12,72,2828903.28,235741.94,2024-01-02,2026-06-25
CUST001640,Udyati Devi,9,83,2828145.17,314238.35,2024-05-26,2026-06-14
CUST002921,Balhaar Dani,10,81,2827617.30,282761.73,2024-04-12,2025-12-26
CUST002190,Joshua Hegde,9,82,2827532.41,314170.27,2024-04-30,2026-07-04
CUST001849,Finn Trivedi,11,88,2827030.95,257002.81,2024-01-27,2026-07-14
CUST004558,Hemangini Tandon,11,79,2826794.55,256981.32,2024-01-21,2026-05-20
CUST002809,Daniel Balasubramanian,13,77,2826252.41,217404.03,2024-01-10,2025-10-29
CUST000164,Balvan Bahl,14,83,2825645.63,201831.83,2024-01-05,2026-05-11
CUST004737,Yatan Agate,10,68,2825550.48,282555.05,2024-01-04,2026-07-05
CUST003336,Veda Kala,11,83,2825435.93,256857.81,2024-02-19,2026-05-18
CUST003375,Brijesh Gour,13,92,2824944.67,217303.44,2024-03-03,2026-07-21
CUST004767,Omya Purohit,11,90,2824840.88,256803.72,2024-08-13,2026-07-14
CUST004345,Nilima Prasad,8,72,2824677.66,353084.71,2024-03-24,2026-02-23
CUST001593,Tejas Minhas,12,84,2824664.49,235388.71,2024-02-03,2026-01-13
CUST001783,Ekaraj Dyal,14,88,2823730.50,201695.04,2024-02-16,2026-06-30
CUST000264,Shivansh Roy,8,74,2823124.36,352890.55,2024-01-20,2026-06-01
CUST003072,Adweta Ram,6,71,2822895.47,470482.58,2024-10-02,2026-06-22
CUST001983,Frado Kakar,12,83,2821703.23,235141.94,2024-03-23,2026-05-27
CUST001314,Ayushman Lala,11,66,2821619.31,256510.85,2024-02-03,2026-03-27
CUST000153,Christopher Nanda,11,80,2821466.80,256496.98,2024-01-11,2026-06-28
CUST001568,Bhavani Bala,11,75,2819126.81,256284.26,2024-02-03,2026-07-09
CUST000852,Robert Choudhury,10,73,2818696.18,281869.62,2024-01-23,2026-05-31
CUST000442,Gaurika Grover,10,70,2818688.81,281868.88,2024-06-27,2026-07-21
CUST002584,Aarush Pai,11,89,2818344.83,256213.17,2024-03-07,2026-03-28
CUST004768,Theodore Karnik,10,66,2817580.28,281758.03,2024-01-24,2026-04-06
CUST001298,Yutika Naidu,11,70,2817562.92,256142.08,2024-01-02,2026-06-26
CUST001380,Amara Sane,12,84,2817073.52,234756.13,2024-02-24,2026-07-01
CUST000892,Divya Murthy,8,68,2816805.94,352100.74,2024-01-03,2026-03-17
CUST000140,Bimala Mittal,14,93,2816713.87,201193.85,2024-01-06,2026-06-25
CUST000797,Gaurangi Saran,9,79,2816113.92,312901.55,2025-04-01,2026-05-16
CUST004427,Oscar Sengupta,9,84,2815864.50,312873.83,2024-01-18,2026-07-21
CUST000047,Zehaan Upadhyay,10,86,2815673.58,281567.36,2024-02-25,2026-06-06
CUST004469,Hiral Shankar,10,91,2815325.77,281532.58,2024-03-14,2026-07-21
CUST002210,Gaurav Bava,10,72,2813822.89,281382.29,2024-01-21,2026-07-21
CUST003865,Watika Chanda,9,70,2813671.49,312630.17,2024-02-15,2026-07-21
CUST004954,Devansh Dani,12,79,2813573.13,234464.43,2024-03-07,2026-05-29
CUST000398,Benjamin Shere,10,71,2812939.98,281294.0,2024-07-31,2026-04-22
CUST000355,Bhavika Mand,11,87,2812867.52,255715.23,2024-05-08,2025-12-07
CUST004699,Chaitaly Saxena,10,81,2811713.94,281171.39,2024-02-08,2026-06-20
CUST001033,Wakeeta Bahl,15,88,2811436.08,187429.07,2024-03-22,2026-07-21
CUST001308,Megha Deo,9,79,2811267.75,312363.08,2024-04-08,2026-03-22
CUST003606,Abhiram Raju,12,71,2811172.83,234264.4,2024-03-31,2026-07-21
CUST000486,Udarsh Nayar,14,72,2810094.14,200721.01,2024-01-15,2026-05-18
CUST000010,Bakhshi Mallick,10,91,2808819.09,280881.91,2024-01-22,2025-11-01
CUST001903,Warhi Narain,13,83,2808743.89,216057.22,2024-02-26,2025-08-20
CUST003275,Vyanjana Kapoor,13,98,2808195.26,216015.02,2024-04-16,2026-06-08
CUST003304,Yachana Date,14,74,2806133.74,200438.12,2024-01-04,2026-07-06
CUST003056,Lila Kakar,8,78,2806021.08,350752.64,2024-01-02,2026-02-25
CUST000458,Chakrika Deshmukh,10,87,2804967.49,280496.75,2024-05-03,2026-05-15
CUST002846,Lakshmi Lall,10,68,2804117.70,280411.77,2024-02-17,2026-03-19
CUST000248,Patrick Sandhu,10,83,2803609.73,280360.97,2024-05-24,2026-07-05
CUST002375,Waida Tripathi,12,87,2803380.62,233615.05,2024-01-18,2026-07-21
CUST000520,Hredhaan Madan,10,81,2802994.89,280299.49,2024-01-03,2026-04-22
CUST000072,Ayush Konda,10,72,2802398.81,280239.88,2024-01-09,2026-06-17
CUST004226,Joshua Chana,11,71,2801889.56,254717.23,2024-01-06,2026-07-13
CUST002774,Avni Bajaj,14,88,2801782.94,200127.35,2024-01-24,2026-07-04
CUST003613,Faqid Randhawa,9,66,2801365.69,311262.85,2024-04-15,2026-06-18
CUST003330,Isha Soni,9,66,2801276.02,311252.89,2024-02-16,2026-01-13
CUST000702,Sathvik Goyal,12,73,2800516.89,233376.41,2024-07-21,2026-06-27
CUST000353,Vincent Bhagat,12,84,2800466.71,233372.23,2024-02-23,2026-06-26
CUST003966,Vamakshi Yohannan,10,62,2798891.77,279889.18,2024-09-04,2026-06-13
CUST004733,Hemani Wali,9,67,2798197.25,310910.81,2024-04-23,2026-07-21
CUST002871,Charles Mishra,11,82,2798168.46,254378.95,2024-01-14,2025-06-20
CUST003777,Harita Devan,11,81,2797062.21,254278.38,2024-05-29,2026-05-25
CUST003934,Yasti Chaudhari,9,66,2796614.21,310734.91,2024-06-27,2026-05-18
CUST002312,Waida Verma,9,68,2795275.42,310586.16,2024-01-06,2026-07-12
CUST000704,Lakshit Varkey,12,91,2795197.32,232933.11,2024-07-12,2026-07-21
CUST001184,Vaishnavi Trivedi,10,69,2794986.49,279498.65,2024-05-24,2026-04-05
CUST000539,Ishita Rattan,12,85,2793084.93,232757.08,2024-01-08,2026-06-05
CUST002074,Dipta Sha,11,74,2792499.33,253863.58,2024-03-24,2026-04-23
CUST000296,Wyatt Rattan,11,96,2792103.92,253827.63,2024-05-04,2026-04-21
CUST000443,Guneet Buch,12,73,2791856.74,232654.73,2024-03-16,2026-07-21
CUST004156,Imaran Manda,12,86,2791674.42,232639.54,2024-01-30,2026-01-06
CUST004551,Megha Kade,10,73,2791014.47,279101.45,2024-02-17,2026-07-14
CUST004625,Lopa Narasimhan,12,80,2790846.04,232570.5,2024-07-28,2026-06-28
CUST002695,Harita Keer,10,75,2790601.66,279060.17,2024-02-04,2025-12-02
CUST003557,Bakhshi Sathe,11,86,2789540.65,253594.6,2024-03-14,2026-06-01
CUST000742,Girik Munshi,11,77,2789196.03,253563.28,2024-01-30,2026-06-05
CUST001379,Upadhriti Mammen,11,77,2789113.71,253555.79,2024-02-04,2026-01-17
CUST003809,Gagan Menon,11,82,2789066.90,253551.54,2024-01-15,2026-06-16
CUST002103,Vivaan Rajagopal,13,90,2788738.03,214518.31,2024-02-29,2026-07-21
CUST004861,Barkha Sethi,7,67,2787679.32,398239.9,2024-01-23,2026-03-25
CUST002839,Rachana Bawa,10,68,2787054.69,278705.47,2024-01-30,2025-12-09
CUST001085,Charita Sem,12,100,2785735.74,232144.65,2024-01-12,2026-04-26
CUST001463,Varenya Nayar,9,71,2785687.78,309520.86,2024-05-05,2026-07-21
CUST004193,Jairaj Majumdar,10,72,2785329.18,278532.92,2024-02-05,2025-12-31
CUST004517,Yashoda Chacko,9,81,2784925.56,309436.17,2024-05-06,2026-07-21
CUST004298,Rayaan Dewan,9,67,2784910.50,309434.5,2024-04-11,2026-01-12
CUST001001,Jason Dada,13,75,2783804.98,214138.84,2024-06-02,2026-07-18
CUST004065,George Nair,11,94,2783226.55,253020.6,2024-03-03,2026-05-20
CUST004554,Victor Kaur,11,86,2782656.68,252968.79,2024-09-22,2026-07-04
CUST002450,Raksha Manda,10,89,2782648.62,278264.86,2024-01-07,2026-07-13
CUST002858,Advika Chaudhari,14,96,2781973.05,198712.36,2024-03-13,2026-07-08
CUST003319,Kiaan Dhillon,11,85,2780931.45,252811.95,2024-01-04,2025-09-20
CUST002249,Oni Saini,11,83,2779790.53,252708.23,2024-01-13,2026-01-17
CUST003423,Lavanya Virk,10,66,2779269.69,277926.97,2024-04-11,2026-07-21
CUST001014,Hritik Ratta,10,69,2778777.62,277877.76,2024-01-08,2026-05-02
CUST002135,Yochana Ramesh,11,83,2777692.41,252517.49,2024-02-22,2026-02-22
CUST002465,Aarini Rama,9,78,2777654.74,308628.3,2024-01-18,2026-05-25
CUST004688,Ikshita Mandal,10,79,2777385.62,277738.56,2024-02-24,2026-01-14
CUST001967,Janaki Lata,9,77,2777277.55,308586.39,2024-04-06,2026-05-03
CUST003647,Girindra Raj,10,79,2776922.67,277692.27,2024-07-06,2026-04-12
CUST001851,Kiaan Deshpande,9,75,2776696.82,308521.87,2024-11-23,2026-06-26
CUST003264,Gaurika Gola,11,80,2776275.43,252388.68,2024-01-11,2026-04-26
CUST002224,Samuel Mammen,13,95,2775947.74,213534.44,2024-01-11,2026-06-09
CUST002496,Sudiksha Suri,10,76,2775707.94,277570.79,2024-09-19,2026-01-11
CUST002591,Shivansh Bhakta,11,80,2775234.26,252294.02,2024-01-05,2026-07-21
CUST002075,Yatan Upadhyay,11,83,2774724.14,252247.65,2024-03-23,2026-04-18
CUST000603,Watika Brahmbhatt,12,74,2774639.07,231219.92,2024-03-13,2026-02-27
CUST003109,Yatan Sood,11,88,2773831.17,252166.47,2024-01-14,2025-12-20
CUST002661,Frado Rajan,10,74,2772681.91,277268.19,2024-02-25,2026-07-01
CUST004883,Zaid Kulkarni,8,82,2772334.22,346541.78,2024-03-26,2026-04-01
CUST002692,Liam Anand,14,87,2771968.69,197997.76,2024-03-23,2026-05-23
CUST004428,Balhaar Dalal,8,76,2771409.07,346426.13,2024-01-27,2026-04-08
CUST001203,Ganga Narula,12,82,2769905.80,230825.48,2024-03-01,2026-07-18
CUST001995,Vrishti Tripathi,8,69,2768945.30,346118.16,2024-02-01,2026-03-13
CUST000297,Urmi Chana,9,78,2768811.53,307645.73,2024-01-27,2026-03-15
CUST001180,Varenya Maharaj,11,69,2768270.22,251660.93,2024-01-02,2026-03-25
CUST002885,Sarthak Pant,10,81,2767839.37,276783.94,2024-03-29,2026-07-21
CUST000548,Kashish Bawa,9,62,2766955.25,307439.47,2024-04-24,2026-05-29
CUST000061,Hamsini Dewan,10,72,2766754.52,276675.45,2024-02-28,2026-03-25
CUST001448,Qabil Chatterjee,14,83,2766470.39,197605.03,2024-04-10,2026-07-06
CUST002570,Rachita Lalla,13,79,2766361.37,212797.03,2024-02-18,2026-06-06
CUST002747,Yashica Basak,13,97,2766324.39,212794.18,2024-01-14,2026-07-21
CUST003323,Urvi Sen,10,79,2766298.05,276629.81,2024-01-22,2026-05-19
CUST001905,Rayaan Deol,9,66,2766225.12,307358.35,2024-03-16,2026-03-17
CUST002723,Sanya Pandya,13,83,2765697.41,212745.95,2024-01-25,2026-04-24
CUST004616,Arya De,11,85,2765067.24,251369.75,2024-03-15,2026-05-24
CUST001482,Adya Sura,10,76,2763398.33,276339.83,2024-06-26,2026-06-07
CUST000235,Benjamin Lalla,12,91,2763379.29,230281.61,2024-01-16,2025-12-29
CUST002486,Vanya Bansal,11,94,2763321.64,251211.06,2024-01-16,2026-06-13
CUST003651,Gautam Sahni,8,86,2762753.97,345344.25,2024-03-02,2026-07-15
CUST000769,Tara Ratti,15,95,2759433.62,183962.24,2024-01-06,2026-04-16
CUST002247,Pranav Srinivasan,9,60,2759261.97,306584.66,2024-03-13,2025-12-03
CUST001549,Vrinda Ratti,10,77,2758751.37,275875.14,2024-05-02,2026-05-26
CUST001221,Falak Luthra,11,72,2758246.55,250749.69,2024-01-15,2026-06-17
CUST001419,Jackson Kara,9,77,2758241.11,306471.23,2024-01-31,2026-02-24
CUST003220,Yug Batra,9,78,2755738.78,306193.2,2024-02-22,2026-03-15
CUST003133,Ronith Nagar,11,78,2755594.55,250508.6,2024-01-11,2026-05-03
CUST001645,Keya Choudhury,10,89,2754882.09,275488.21,2024-01-20,2026-01-07
CUST004909,Chaitanya Nath,8,64,2754580.56,344322.57,2024-06-02,2025-10-17
CUST002127,Hemal Tata,13,85,2754508.51,211885.27,2024-01-30,2026-06-20
CUST004631,Jackson Dua,10,79,2754355.17,275435.52,2024-02-02,2026-05-04
CUST003408,Jhalak Pall,8,76,2754295.83,344286.98,2024-01-07,2026-05-17
CUST004124,Umang Kurian,12,70,2752118.66,229343.22,2024-04-15,2026-03-27
CUST000978,Rayaan Hayre,12,92,2751885.12,229323.76,2024-03-19,2026-06-16
CUST003234,Qadim Gole,11,65,2750170.43,250015.49,2024-02-03,2026-06-09
CUST004468,Isha Prasad,10,73,2750161.03,275016.1,2024-05-03,2026-04-23
CUST002978,Umang Kalla,12,73,2750122.79,229176.9,2024-02-08,2026-02-27
CUST004103,Michael Bahl,10,78,2750039.59,275003.96,2024-05-05,2026-06-17
CUST001403,Bhavika Kanda,11,82,2749390.81,249944.62,2024-03-01,2026-02-17
CUST004035,Darpan Dugar,11,70,2748969.19,249906.29,2024-03-29,2026-06-27
CUST001623,Irya Narang,10,98,2748881.43,274888.14,2024-06-28,2026-06-14
CUST002125,Vrinda Deo,8,74,2748328.99,343541.12,2024-04-26,2025-10-10
CUST001915,Faras Minhas,9,70,2747105.91,305233.99,2024-03-06,2026-07-01
CUST004656,Ishanvi Rau,12,91,2746626.97,228885.58,2024-05-03,2026-07-10
CUST003011,Ati Sangha,9,75,2746078.12,305119.79,2024-05-29,2025-09-10
CUST004646,Jeet Om,10,78,2745113.76,274511.38,2024-03-09,2026-07-08
CUST000453,Ekta Date,8,77,2744705.91,343088.24,2024-09-21,2026-07-04
CUST003834,Jason Pathak,9,69,2744574.21,304952.69,2024-06-22,2026-07-21
CUST001809,Harsh Ramanathan,9,75,2744474.19,304941.58,2024-02-29,2026-07-21
CUST003786,Nisha Reddy,14,78,2743213.69,195943.84,2024-02-03,2026-06-04
CUST001155,Bahadurjit Sekhon,9,78,2743181.02,304797.89,2024-01-20,2026-05-09
CUST000995,Nathaniel Mangat,11,89,2742754.92,249341.36,2024-02-07,2026-06-26
CUST003734,Bina Dugar,9,89,2742483.32,304720.37,2024-02-11,2026-05-02
CUST001604,Abhimanyu Mandal,11,79,2741343.72,249213.07,2024-02-17,2026-04-28
CUST004999,Logan Deep,10,79,2741336.01,274133.6,2024-01-23,2026-06-22
CUST001246,Oliver Singh,9,73,2740933.72,304548.19,2024-07-06,2026-02-23
CUST000707,Pooja Ram,9,79,2740431.70,304492.41,2024-05-06,2026-03-31
CUST002563,Jeet Kala,9,72,2738795.75,304310.64,2024-02-01,2026-07-11
CUST000406,Rachita Din,9,67,2738413.96,304268.22,2024-03-12,2026-05-14
CUST004217,Jackson Narain,12,70,2738410.50,228200.88,2024-01-22,2026-07-21
CUST003830,Dayita Warrior,9,69,2738345.35,304260.59,2024-03-01,2025-11-25
CUST003627,Rajeshri Pingle,8,59,2737369.70,342171.21,2024-04-22,2026-07-16
CUST000444,Yashasvi Nair,9,80,2737053.61,304117.07,2024-07-11,2026-04-16
CUST003325,Fiyaz Tank,10,81,2736972.94,273697.29,2024-02-27,2026-06-11
CUST002790,Harsh Krishnamurthy,12,78,2736957.65,228079.8,2024-04-23,2026-07-21
CUST002619,Nicholas Sanghvi,10,90,2736298.92,273629.89,2024-01-26,2026-02-04
CUST000040,Ryan Sarraf,10,79,2736096.31,273609.63,2024-05-03,2026-07-21
CUST001741,Indira Ben,12,87,2736006.75,228000.56,2024-06-15,2026-05-18
CUST001383,Parth Kalla,12,89,2735726.57,227977.21,2024-03-01,2026-04-10
CUST004642,Kai Oza,10,76,2735097.04,273509.7,2024-04-03,2026-04-13
CUST000412,Falan Bora,12,74,2733824.34,227818.7,2024-01-31,2026-05-31
CUST000143,Aarini Tara,8,74,2733730.93,341716.37,2024-05-06,2025-11-14
CUST001579,Ikbal Sura,13,75,2733675.88,210282.76,2024-03-25,2026-06-02
CUST000937,Viraj Badal,10,74,2733256.49,273325.65,2024-08-13,2026-07-21
CUST002601,Ikshita Mall,8,75,2732964.24,341620.53,2024-03-12,2026-01-09
CUST002834,Barkha Srinivasan,11,77,2731873.38,248352.13,2024-01-13,2026-03-03
CUST002544,Urvashi Aggarwal,11,95,2731453.58,248313.96,2024-03-09,2026-06-18
CUST001134,Agastya Thakur,10,93,2730442.69,273044.27,2024-04-30,2026-05-15
CUST002643,Gavin Borde,8,71,2730157.04,341269.63,2024-04-25,2026-04-18
CUST002016,Advika Dada,9,76,2727096.12,303010.68,2024-01-29,2026-06-23
CUST004613,Timothy Parekh,9,81,2727038.15,303004.24,2024-01-20,2026-02-18
CUST004826,Yutika Tella,11,77,2726948.95,247904.45,2024-03-16,2026-06-22
CUST001613,Girik Sarna,13,95,2725682.70,209667.9,2024-07-07,2026-04-05
CUST004102,Varenya Patla,8,64,2725147.00,340643.38,2024-02-10,2026-01-09
CUST004578,Abha Kamdar,11,73,2724869.96,247715.45,2024-01-24,2026-05-14
CUST001739,Harsh Arya,10,79,2723063.58,272306.36,2024-04-26,2026-06-05
CUST000232,Dayamai Luthra,11,98,2722097.22,247463.38,2024-03-10,2026-06-25
CUST000180,Sai Chanda,11,77,2721230.85,247384.62,2024-03-27,2026-07-21
CUST001462,Naveen Singh,10,94,2721020.12,272102.01,2024-03-26,2026-03-18
CUST000165,Inaya Manda,12,74,2718241.34,226520.11,2024-03-25,2026-07-21
CUST001839,Odika Bassi,12,70,2718080.20,226506.68,2024-02-01,2026-07-05
CUST000236,Aishani Mukherjee,10,75,2717319.86,271731.99,2024-05-04,2026-04-08
CUST000712,Shivani Mukherjee,8,72,2717263.84,339657.98,2024-02-05,2026-04-18
CUST000672,Aditya Mall,10,74,2717077.61,271707.76,2024-02-08,2026-06-08
CUST004405,Libni Chatterjee,10,90,2716182.77,271618.28,2024-04-16,2026-02-04
CUST001656,Deepa Bala,10,77,2716117.58,271611.76,2024-07-12,2026-06-27
CUST000112,Chatresh Dar,11,89,2715168.23,246833.48,2024-04-10,2026-02-15
CUST002679,Maya Bhagat,11,69,2714378.59,246761.69,2024-01-23,2026-06-28
CUST004662,Rudra Halder,11,81,2714132.30,246739.3,2024-03-19,2026-04-30
CUST003529,Benjamin Seth,11,70,2714099.73,246736.34,2024-03-20,2026-07-21
CUST002047,Jacob Bains,10,73,2714093.48,271409.35,2024-08-27,2026-06-05
CUST000982,Banjeet Saini,11,80,2713579.72,246689.07,2024-01-25,2026-02-21
CUST002452,Rehaan Randhawa,13,77,2713518.92,208732.22,2024-02-14,2026-02-12
CUST001602,Triya Kanda,9,70,2712343.07,301371.45,2024-02-03,2026-02-11
CUST000114,Rushil Chaudhary,8,65,2711580.43,338947.55,2024-01-12,2026-07-21
CUST000007,Bhavani Murthy,11,81,2710823.91,246438.54,2024-03-23,2026-05-22
CUST002089,Victor Prasad,11,66,2710464.52,246405.87,2024-02-16,2026-07-21
CUST001700,Alexander Goel,11,81,2709532.28,246321.12,2024-01-05,2026-07-21
CUST001799,Isha Sankar,8,64,2708744.22,338593.03,2024-02-03,2026-03-12
CUST004506,Warhi Barman,6,74,2708016.73,451336.12,2024-11-22,2025-11-12
CUST003285,Anay Wable,11,81,2707986.97,246180.63,2024-02-12,2026-06-18
CUST002520,Logan Dani,13,91,2707637.64,208279.82,2024-03-24,2026-06-03
CUST002569,Gunbir Karan,9,75,2707403.80,300822.64,2024-02-15,2026-07-21
CUST001893,Vasudha Gulati,10,76,2706919.05,270691.91,2024-01-18,2026-05-13
CUST002109,Rudra Suresh,11,83,2706467.14,246042.47,2024-02-01,2026-05-11
CUST001896,Leela Iyer,11,74,2706028.94,246002.63,2024-01-05,2026-01-28
CUST000822,Warda Kapur,10,81,2705493.82,270549.38,2024-05-11,2026-02-14
CUST000117,Mekhala Singh,9,65,2704432.63,300492.51,2024-02-15,2026-03-20
CUST004582,Upma Dhar,12,83,2704355.40,225362.95,2024-02-08,2026-05-06
CUST004396,Fariq Lanka,11,75,2704069.20,245824.47,2024-01-03,2026-03-06
CUST001488,Yuvraj Subramanian,11,68,2704056.91,245823.36,2024-03-25,2026-07-21
CUST004925,Qadim Contractor,9,70,2703394.70,300377.19,2024-02-08,2026-03-14
CUST000515,Anay Jain,9,70,2702635.07,300292.79,2024-02-24,2026-07-21
CUST004094,Chakradev Ghosh,12,81,2702418.03,225201.5,2024-07-15,2026-07-06
CUST003915,Kavya Sodhi,14,83,2701766.78,192983.34,2024-01-14,2026-02-25
CUST004349,Amaira Randhawa,9,80,2700891.47,300099.05,2024-05-06,2026-03-19
CUST004012,Elijah Kari,9,67,2699527.16,299947.46,2024-03-27,2026-03-17
CUST003902,Ryan Vyas,9,79,2697658.57,299739.84,2024-02-11,2026-05-23
CUST002189,Vidhi Kata,9,74,2696609.49,299623.28,2024-03-05,2026-05-03
CUST002504,Ayush Kant,10,62,2696063.01,269606.3,2024-01-19,2026-05-31
CUST004280,Kavya Bali,10,66,2695382.00,269538.2,2024-05-16,2026-05-31
CUST001277,Andrew Rajagopalan,8,77,2695000.44,336875.06,2024-02-06,2026-02-03
CUST002255,Chasmum Chander,9,72,2694157.06,299350.78,2024-05-13,2026-05-23
CUST002266,Upkaar Pandit,11,96,2693646.02,244876.91,2024-01-14,2026-03-28
CUST003974,Gopal Oza,9,83,2693240.83,299248.98,2024-03-09,2026-07-05
CUST000930,Nachiket Parikh,7,66,2690885.56,384412.22,2024-04-03,2026-07-04
CUST004729,Aarav Golla,9,75,2689860.96,298873.44,2024-01-03,2026-05-01
CUST002181,Odika Mohan,12,74,2689304.02,224108.67,2024-01-28,2026-06-04
CUST000752,Kai Keer,10,79,2689127.50,268912.75,2024-03-27,2026-05-10
CUST004051,Kamya Chhabra,13,78,2688852.39,206834.8,2024-02-27,2026-05-27
CUST001480,Yashawini Pandya,10,69,2687375.64,268737.56,2024-03-04,2026-06-04
CUST003095,Orinder Gour,9,80,2687240.21,298582.25,2024-01-23,2026-07-08
CUST002950,Farhan Bajaj,10,71,2686847.95,268684.8,2024-02-08,2026-07-16
CUST002194,Chasmum Bora,12,82,2684783.34,223731.95,2024-01-25,2026-02-13
CUST001315,Gaurangi Sibal,9,77,2683976.85,298219.65,2024-01-15,2026-01-17
CUST001391,Chakradhar Wason,9,72,2683916.41,298212.93,2024-03-25,2026-03-27
CUST004667,Rohan Amble,10,68,2683347.28,268334.73,2025-01-07,2026-02-02
CUST003959,Mohini Dewan,10,79,2683052.30,268305.23,2024-01-10,2025-12-25
CUST001072,Kevin Panchal,14,84,2682822.19,191630.16,2024-02-19,2026-06-14
CUST002669,Krish Natt,13,87,2682210.82,206323.91,2024-01-01,2026-07-06
CUST004301,Avi Vyas,11,90,2682046.37,243822.4,2024-05-26,2026-03-28
CUST000456,Om Doshi,10,77,2682020.49,268202.05,2024-02-05,2026-04-08
CUST001684,Jagdish Jhaveri,13,81,2682013.15,206308.7,2024-01-21,2026-05-16
CUST003787,Zaid Brar,11,75,2681885.64,243807.79,2024-01-15,2026-03-03
CUST000225,Rayaan Gade,10,76,2681602.66,268160.27,2024-08-07,2026-06-21
CUST003901,Mohini Saha,11,65,2680871.94,243715.63,2024-02-20,2026-05-20
CUST004493,Charles Grewal,10,71,2680399.53,268039.95,2024-05-04,2026-06-19
CUST001071,Abdul Rout,11,65,2680182.12,243652.92,2024-03-12,2026-05-24
CUST000806,Atharv Kala,10,84,2679835.83,267983.58,2024-01-14,2026-03-01
CUST002599,Chandresh Borra,8,69,2679241.84,334905.23,2024-03-08,2026-02-21
CUST000214,Sachi Sheth,12,86,2678397.45,223199.79,2024-05-03,2026-05-28
CUST000987,Kashish Chhabra,13,88,2677791.66,205983.97,2024-04-11,2026-04-18
CUST000291,Vaishnavi Suri,11,64,2677645.15,243422.29,2024-02-07,2026-07-21
CUST001759,Bhanumati Golla,11,75,2677124.14,243374.92,2024-03-15,2026-07-01
CUST002567,Ethan Nagar,9,79,2677040.44,297448.94,2024-01-19,2026-07-15
CUST002949,Guneet Kaur,10,85,2675007.55,267500.76,2024-06-21,2026-06-15
CUST001592,Harrison Rajan,12,74,2674785.77,222898.81,2024-01-21,2026-07-15
CUST000479,Isha D’alia,8,68,2674501.80,334312.73,2024-05-16,2026-02-18
CUST004394,Christopher Raja,9,77,2673999.78,297111.09,2024-01-18,2026-05-09
CUST003559,Lavanya Gaba,11,82,2673617.13,243056.1,2024-02-09,2026-01-05
CUST000758,Urmi Soni,10,72,2673090.44,267309.04,2024-01-21,2026-03-27
CUST002147,Neelima Brar,9,65,2671968.27,296885.36,2024-04-15,2026-07-21
CUST003694,Shaurya Srinivasan,12,86,2671785.56,222648.8,2024-04-03,2026-07-06
CUST001906,Gopal Dhaliwal,9,67,2671160.35,296795.59,2024-02-26,2026-03-04
CUST003024,Elijah Pandya,10,79,2671147.12,267114.71,2024-01-23,2026-06-22
CUST003751,Christopher Kade,11,82,2670747.59,242795.24,2024-04-08,2026-06-24
CUST000204,Vaishnavi Kaur,8,64,2670735.82,333841.98,2024-03-23,2025-07-31
CUST003563,Zehaan Ray,7,69,2670246.02,381463.72,2024-02-01,2026-07-05
CUST001042,Daniel Ghosh,8,65,2669854.09,333731.76,2024-03-20,2026-07-21
CUST001407,Dalbir Dhaliwal,10,81,2669488.41,266948.84,2024-02-05,2026-07-21
CUST001035,Jyoti Dugar,13,82,2669464.74,205343.44,2024-03-20,2026-06-09
CUST003086,Umang Bajaj,13,74,2668944.27,205303.41,2024-02-11,2026-03-13
CUST000202,Bhavini Dani,11,67,2668936.81,242630.62,2024-05-17,2026-07-19
CUST003983,Yash Raghavan,8,73,2668775.56,333596.95,2024-01-20,2026-01-30
CUST002144,Pratyush Rastogi,11,85,2667650.40,242513.67,2024-01-21,2026-02-01
CUST002946,Hritik Nadkarni,11,80,2667632.01,242512.0,2024-02-23,2026-07-10
CUST001729,Kamala Zachariah,9,80,2666351.61,296261.29,2024-04-14,2025-12-16
CUST002513,Chaaya Magar,9,69,2665508.29,296167.59,2024-01-15,2026-05-27
CUST000923,Neelima Dhaliwal,9,72,2665397.74,296155.3,2024-01-05,2026-07-08
CUST000921,Arunima Nori,8,66,2664227.44,333028.43,2024-01-06,2025-10-05
CUST004587,Jairaj Savant,7,72,2664044.37,380577.77,2024-03-17,2026-03-21
CUST004918,Keya Memon,8,62,2663351.49,332918.94,2024-08-01,2026-05-30
CUST001405,Vihaan Goel,11,77,2662795.07,242072.28,2024-03-16,2026-03-28
CUST001732,Krishna Kapur,9,69,2661583.55,295731.51,2024-02-03,2026-05-19
CUST001291,Lakshit Panchal,10,70,2661428.94,266142.89,2024-10-27,2026-07-21
CUST004722,Benjamin Subramaniam,10,68,2660285.96,266028.6,2024-02-13,2026-06-29
CUST004856,Upasna Sandhu,14,81,2659403.26,189957.38,2024-01-19,2026-06-16
CUST001937,Pooja Mukherjee,11,66,2658496.18,241681.47,2024-02-25,2026-07-21
CUST000299,Vasana Apte,10,91,2658304.95,265830.5,2024-03-12,2026-05-25
CUST003078,Panini Pradhan,10,76,2658081.30,265808.13,2024-05-17,2026-05-07
CUST003090,Chavvi Swamy,10,61,2657748.76,265774.88,2024-02-10,2026-03-09
CUST003288,Mason Manne,12,86,2657111.77,221425.98,2024-01-05,2026-05-11
CUST000250,Chandran Date,9,64,2656542.26,295171.36,2024-03-13,2026-06-13
CUST000337,Isaac Banik,11,99,2655609.02,241419.0,2024-02-26,2025-10-24
CUST000547,Warjas Nagar,11,82,2654742.45,241340.22,2024-04-20,2026-05-09
CUST000666,Tanish Sethi,11,72,2653201.91,241200.17,2024-01-26,2026-06-24
CUST004570,Sai Khatri,9,74,2652800.47,294755.61,2024-01-07,2026-07-21
CUST003294,Osha Khatri,9,63,2651800.59,294644.51,2024-07-30,2026-06-24
CUST001737,Dipta Rege,9,67,2651346.90,294594.1,2024-01-12,2026-07-05
CUST003573,Yagnesh Hayre,9,70,2651254.78,294583.86,2024-04-27,2026-04-12
CUST004629,Dhruv Shanker,10,75,2650868.62,265086.86,2024-10-12,2026-07-21
CUST004545,Ayush Chaudry,12,82,2650423.97,220868.66,2024-07-12,2026-05-26
CUST003971,Balendra Bora,10,60,2650370.72,265037.07,2024-01-31,2026-04-15
CUST000874,Wahab Butala,12,81,2650291.03,220857.59,2024-03-26,2025-10-23
CUST003893,Elijah Sem,12,74,2649746.07,220812.17,2024-03-13,2026-03-28
CUST002812,Neel Ahluwalia,8,77,2649172.56,331146.57,2024-01-03,2026-06-24
CUST003802,Gaurav Mand,10,78,2648992.36,264899.24,2024-01-30,2026-06-13
CUST003096,Madhavi Vora,14,77,2648539.96,189181.43,2024-02-20,2026-05-29
CUST004494,Gabriel Iyer,16,97,2648515.66,165532.23,2024-03-11,2026-07-12
CUST003457,Gauri Chaudhary,8,82,2648018.56,331002.32,2024-05-15,2026-03-16
CUST000230,Anusha Deol,9,79,2647836.14,294204.02,2024-02-21,2026-06-11
CUST001695,Bhavya Karpe,11,75,2647548.04,240686.19,2024-01-27,2026-05-01
CUST003509,Isaiah Kaur,10,72,2646915.93,264691.59,2024-01-19,2026-06-23
CUST000846,Noah Nigam,8,70,2646108.11,330763.51,2024-06-08,2025-12-07
CUST003039,Zehaan Sandal,11,90,2645548.28,240504.39,2024-02-11,2026-06-30
CUST001686,Triya Kaul,9,72,2645535.30,293948.37,2024-03-06,2026-06-16
CUST001580,Ikshita Dhingra,10,77,2644687.75,264468.78,2024-01-18,2026-04-23
CUST004776,Jason Ranganathan,12,73,2644645.68,220387.14,2024-02-03,2026-01-26
CUST002838,Mugdha Banerjee,11,71,2643263.78,240296.71,2024-06-04,2026-06-01
CUST002485,Tamanna Walia,8,85,2643241.01,330405.13,2024-02-12,2026-06-17
CUST001581,Atharv Kale,12,86,2642312.83,220192.74,2024-01-12,2026-03-20
CUST001685,Anthony Nayar,9,79,2642117.87,293568.65,2024-04-17,2026-05-12
CUST003810,Rachita Chaudhuri,8,69,2639937.27,329992.16,2024-04-05,2026-01-12
CUST003092,Naveen Deshpande,9,81,2639578.97,293286.55,2024-02-28,2026-07-18
CUST003176,Nisha Mannan,8,68,2639225.52,329903.19,2024-01-08,2026-06-01
CUST002421,Isaiah Raj,12,82,2638371.03,219864.25,2024-02-21,2026-07-21
CUST000178,Tanveer Mandal,15,78,2638365.62,175891.04,2024-04-13,2026-04-17
CUST003952,Dalaja Peri,10,66,2636425.97,263642.6,2024-03-16,2026-03-17
CUST001902,Vedika Bail,9,67,2635593.58,292843.73,2024-02-18,2026-07-21
CUST002781,Hemangini Chandran,11,70,2635001.64,239545.6,2024-01-11,2026-05-23
CUST002870,Alka Bhakta,10,85,2633147.02,263314.7,2024-06-08,2026-06-16
CUST003262,Tanmayi Sankar,9,75,2632423.76,292491.53,2024-06-04,2026-07-05
CUST003960,Shaurya Sahota,12,65,2631759.73,219313.31,2024-01-15,2026-04-28
CUST002646,Indira Andra,10,85,2631410.76,263141.08,2024-04-07,2026-06-29
CUST004692,Nathaniel Prasad,11,82,2631149.23,239195.38,2024-07-15,2026-05-06
CUST004018,Yash Salvi,12,87,2631100.59,219258.38,2024-01-17,2026-02-22
CUST004473,Yachana Sampath,12,90,2631067.89,219255.66,2024-01-21,2026-07-21
CUST003503,Chandani Tara,9,75,2630925.18,292325.02,2024-03-21,2026-03-24
CUST000196,Meera Parmar,8,71,2630885.89,328860.74,2024-09-10,2026-03-01
CUST003208,Wahab Jain,9,63,2630382.76,292264.75,2024-01-04,2026-07-21
CUST004668,Hiral Hans,11,89,2629458.76,239041.71,2024-02-06,2026-07-01
CUST004896,Ucchal Vaidya,9,72,2629340.94,292148.99,2024-02-08,2026-02-20
CUST004803,Aashi Mohan,10,69,2629067.56,262906.76,2024-06-01,2026-04-27
CUST000437,Ansh Sarin,12,87,2628886.74,219073.9,2024-02-03,2026-07-12
CUST000575,Kashish Balakrishnan,11,80,2628787.22,238980.66,2024-03-03,2026-06-17
CUST001956,Anamika Thakur,11,95,2628248.54,238931.69,2024-08-11,2026-07-21
CUST004812,Qabil Datta,6,64,2628033.39,438005.57,2025-01-16,2025-11-24
CUST003720,Veer Varty,11,75,2628007.15,238909.74,2024-03-31,2026-06-19
CUST001414,Dominic Agarwal,10,64,2627978.99,262797.9,2024-08-29,2026-06-29
CUST001826,Wridesh Khurana,7,72,2627362.75,375337.54,2024-05-05,2026-03-02
CUST002088,Jagvi Aggarwal,8,59,2626962.81,328370.35,2024-08-02,2026-04-01
CUST004917,Madhavi Hegde,10,83,2626715.80,262671.58,2024-04-05,2025-12-05
CUST004715,Kala Lall,12,84,2625151.23,218762.6,2024-04-17,2026-01-02
CUST004334,Kiaan Sur,8,69,2624428.81,328053.6,2024-01-26,2026-06-18
CUST002192,Nandini Sethi,8,69,2623353.43,327919.18,2025-06-04,2026-07-21
CUST004179,Tanveer Ahuja,10,70,2622383.12,262238.31,2024-05-27,2026-04-23
CUST002067,Urvashi Atwal,9,64,2622181.23,291353.47,2024-02-18,2025-11-25
CUST004548,Nachiket Sem,10,65,2622016.72,262201.67,2024-02-02,2026-04-17
CUST002768,Aarnav Kala,8,64,2620950.36,327618.8,2024-10-02,2026-03-03
CUST003857,Tanveer Yogi,11,84,2620799.72,238254.52,2024-05-12,2026-05-26
CUST000835,Abhiram Tak,11,88,2620641.35,238240.12,2024-02-04,2026-06-05
CUST003290,Frado Swaminathan,8,86,2620233.64,327529.21,2024-02-05,2026-02-22
CUST002886,Eiravati Kant,9,87,2619777.64,291086.4,2024-02-11,2026-07-16
CUST003991,Bahadurjit Walia,12,84,2619400.30,218283.36,2024-02-29,2026-07-11
CUST000786,Nakul Mand,13,81,2618012.89,201385.61,2024-04-11,2026-05-30
CUST000613,Charita Dar,11,75,2617493.73,237953.98,2024-05-27,2026-06-28
CUST000569,Veda Baria,12,69,2617436.51,218119.71,2024-06-06,2026-06-18
CUST000394,Leena Natarajan,10,76,2615660.81,261566.08,2024-07-26,2026-07-21
CUST004305,Vritti Dass,9,84,2615040.27,290560.03,2024-06-14,2026-07-21
CUST000646,Yahvi Hayre,8,70,2614921.33,326865.17,2024-03-31,2026-06-05
CUST004685,Krisha Sha,9,82,2614898.29,290544.25,2025-03-19,2026-06-11
CUST003728,Zinal Garde,9,78,2614896.93,290544.1,2025-01-19,2026-07-12
CUST003814,Samesh Thakur,11,91,2614856.57,237714.23,2024-02-03,2026-05-16
CUST003763,Ikbal Shroff,7,56,2614169.67,373452.81,2024-03-01,2026-05-29
CUST003605,Ishita Suresh,7,73,2613543.82,373363.4,2024-06-12,2025-12-10
CUST002585,Niharika Chadha,9,71,2613103.89,290344.88,2024-05-30,2026-07-08
CUST004876,Charvi Khosla,10,71,2612774.71,261277.47,2024-01-31,2026-07-03
CUST001140,Vaishnavi Kothari,10,75,2612543.84,261254.38,2024-02-13,2026-07-05
CUST002501,Warda Chanda,9,70,2612452.80,290272.53,2024-03-16,2026-04-21
CUST000661,Ranbir Dhillon,7,72,2612269.10,373181.3,2024-01-27,2026-01-07
CUST004157,Aarini Goswami,9,69,2611542.71,290171.41,2024-02-10,2026-05-26
CUST001665,Anvi Yadav,8,54,2610890.25,326361.28,2024-05-08,2026-03-08
CUST004830,Liam Sangha,9,69,2610796.47,290088.5,2024-04-25,2026-06-08
CUST004452,Dhruv Wason,10,72,2610643.84,261064.38,2024-06-24,2026-06-06
CUST003791,Advik Ratti,8,68,2609960.16,326245.02,2024-06-25,2026-04-17
CUST004889,Imaran Rattan,9,58,2608964.97,289885.0,2024-05-11,2025-07-15
CUST001538,Madhav Kothari,7,56,2608683.74,372669.11,2024-07-19,2026-06-11
CUST002177,Maya Walia,12,71,2607970.15,217330.85,2024-01-15,2026-07-04
CUST001182,Ladli Barman,9,76,2607281.30,289697.92,2024-05-24,2026-05-26
CUST004383,Gunbir Kaul,10,63,2607073.51,260707.35,2024-04-22,2026-07-18
CUST004567,Vrinda Contractor,10,81,2605943.86,260594.39,2024-01-26,2026-02-21
CUST002582,Udant Roy,11,74,2605888.52,236898.96,2024-08-20,2026-07-15
CUST000223,Wakeeta Mahal,8,64,2605441.76,325680.22,2024-07-11,2026-05-31
CUST004433,Umang Tella,11,68,2605397.69,236854.34,2024-07-19,2026-02-13
CUST001435,Lucky Kata,11,87,2605098.18,236827.11,2024-02-14,2026-05-06
CUST001309,Aahana Gade,13,87,2605033.06,200387.16,2024-06-02,2026-07-07
CUST004326,Amol Kamdar,12,73,2604684.16,217057.01,2024-01-25,2026-03-12
CUST003588,Chanakya Wable,11,84,2603855.40,236714.13,2024-07-05,2026-01-12
CUST002536,Upasna Chaudhuri,7,70,2603142.99,371877.57,2024-05-18,2024-12-18
CUST000471,Nitara More,9,78,2602928.51,289214.28,2024-01-15,2026-06-22
CUST001890,Ekaja Sridhar,9,69,2602696.13,289188.46,2024-08-21,2026-03-19
CUST001304,Ayaan Parsa,11,84,2602280.58,236570.96,2024-06-14,2026-07-11
CUST004659,Aryan Oza,9,83,2601903.15,289100.35,2024-04-22,2026-05-03
CUST002754,Yamini Lala,11,75,2601199.96,236472.72,2024-02-13,2026-04-30
CUST004533,Orinder Jayaraman,8,81,2600792.80,325099.1,2024-02-16,2026-07-04
CUST001713,Samuel Bassi,8,68,2600566.99,325070.87,2024-05-04,2025-09-29
CUST004724,Janaki Arora,13,86,2599758.09,199981.39,2024-09-21,2026-05-06
CUST001525,Tanay Manda,9,76,2598403.91,288711.55,2024-02-15,2026-05-20
CUST003859,Jagdish Bhavsar,9,63,2597277.71,288586.41,2024-01-08,2026-06-06
CUST004037,Pranav Singh,14,71,2596825.91,185487.57,2024-02-12,2026-07-19
CUST004919,Sara Kibe,11,82,2596475.89,236043.26,2024-12-10,2026-06-29
CUST004374,Aryan Madan,7,62,2595158.28,370736.9,2024-06-28,2026-07-21
CUST001931,Sai Talwar,7,59,2595097.29,370728.18,2025-01-31,2026-05-14
CUST001313,Vivaan Gara,10,82,2594415.38,259441.54,2024-08-16,2026-05-02
CUST001466,Indira Sabharwal,9,64,2593514.10,288168.23,2024-04-20,2026-07-04
CUST002162,Timothy Raval,8,74,2593220.81,324152.6,2024-05-28,2026-03-22
CUST004915,Oeshi Borra,10,73,2593036.66,259303.67,2024-03-23,2026-07-03
CUST002111,Arya Bora,10,70,2591770.35,259177.04,2024-07-22,2026-07-18
CUST004854,Raksha Prabhu,10,73,2591062.90,259106.29,2024-06-04,2025-11-18
CUST004293,Abeer Krishnamurthy,13,72,2590165.68,199243.51,2024-02-23,2026-07-11
CUST002974,Leena Kata,10,69,2590111.03,259011.1,2024-06-08,2026-07-10
CUST002321,Harish Mishra,8,51,2590041.88,323755.24,2024-03-11,2026-01-27
CUST000056,Ishita Natarajan,11,91,2589801.36,235436.49,2024-02-09,2026-07-04
CUST001356,Jairaj Butala,10,68,2589460.22,258946.02,2024-04-05,2026-03-24
CUST002239,Viraj Pant,11,83,2589379.31,235398.12,2024-01-20,2026-02-18
CUST003210,Liam Borra,9,77,2589059.28,287673.25,2024-04-21,2026-02-10
CUST004198,Ayush Varma,16,92,2588749.38,161796.84,2024-01-05,2026-06-06
CUST003685,Wriddhish Seshadri,8,67,2588584.49,323573.06,2025-02-17,2026-05-30
CUST004426,Ekapad Madan,11,65,2588394.06,235308.55,2024-03-14,2025-10-09
CUST001859,Pallavi Kashyap,8,65,2588108.09,323513.51,2024-02-12,2026-04-06
CUST004539,Upasna Ahuja,11,72,2588029.33,235275.39,2024-08-26,2026-03-30
CUST002184,Pranit Bobal,8,72,2587903.89,323487.99,2024-08-23,2026-06-17
CUST003770,Ekta Soni,9,65,2587176.78,287464.09,2024-08-12,2026-06-10
CUST000586,Zaid Virk,9,80,2587096.43,287455.16,2024-07-13,2025-12-09
CUST004658,Ansh Nigam,8,64,2587046.73,323380.84,2024-04-11,2026-05-03
CUST003582,Nikita Suresh,10,76,2586908.27,258690.83,2024-02-18,2026-07-17
CUST002232,Kai Chad,9,77,2586666.38,287407.38,2024-05-12,2026-06-25
CUST004312,Wahab Mannan,10,77,2586393.42,258639.34,2024-05-18,2026-07-19
CUST002169,Yochana Sharma,10,86,2586181.27,258618.13,2024-01-12,2026-05-04
CUST004857,Tanmayi Keer,10,63,2585581.00,258558.1,2024-02-28,2026-03-05
CUST003105,Abhimanyu Tella,10,83,2585394.85,258539.49,2024-11-03,2026-07-21
CUST002555,Januja Agrawal,8,70,2585285.05,323160.63,2024-03-15,2026-07-18
CUST002801,Anjali Mitra,10,74,2584977.39,258497.74,2024-02-07,2026-04-10
CUST000044,Chaitaly Bath,10,84,2584679.16,258467.92,2024-06-17,2026-04-21
CUST003002,Sudiksha Golla,11,74,2584255.37,234932.31,2024-02-09,2026-06-18
CUST002545,Bhavika Sabharwal,9,64,2584070.69,287118.97,2024-01-22,2026-06-05
CUST002359,Arya Mitra,12,91,2583714.15,215309.51,2024-02-10,2026-05-01
CUST004492,Dominic Arya,9,75,2583613.76,287068.2,2024-05-08,2026-01-08
CUST001954,Viraj Thakur,7,61,2583464.84,369066.41,2024-02-17,2025-08-07
CUST001960,Charan Dara,10,72,2582767.67,258276.77,2024-08-28,2025-11-28
CUST004259,Lekha Maharaj,9,63,2582178.79,286908.75,2024-02-16,2026-04-23
CUST003977,Noah Nagi,12,85,2581530.48,215127.54,2024-01-27,2026-05-27
CUST004512,Hemangini Gulati,12,79,2581522.74,215126.9,2024-01-10,2026-07-21
CUST003200,Chasmum Walla,9,73,2580638.55,286737.62,2024-05-12,2026-04-05
CUST004489,Manthan Savant,8,72,2580214.83,322526.85,2024-01-04,2026-02-02
CUST001065,Osha Sathe,10,69,2580060.62,258006.06,2024-02-17,2026-06-14
CUST001853,Zehaan Gour,9,73,2578941.63,286549.07,2024-06-05,2026-05-28
CUST002941,Lavanya Chatterjee,12,83,2578795.28,214899.61,2024-01-30,2026-01-29
CUST002171,Mason Gera,9,69,2577383.94,286375.99,2024-02-21,2026-02-09
CUST000478,Ekansh Chakraborty,7,63,2576363.90,368051.99,2024-02-08,2025-09-17
CUST002766,Isha Ghosh,13,79,2576197.69,198169.05,2024-01-03,2026-05-28
CUST001493,Agastya Gulati,12,61,2576099.61,214674.97,2024-04-27,2026-07-02
CUST002759,Bhavani Barman,9,75,2576076.41,286230.71,2024-01-23,2026-05-12
CUST002939,Eiravati Gopal,10,64,2576070.85,257607.09,2024-01-02,2026-04-25
CUST001557,Charvi Bains,11,73,2575906.03,234173.28,2024-03-10,2026-05-20
CUST000298,Zashil Agarwal,10,86,2574657.09,257465.71,2024-02-13,2026-06-28
CUST002712,Garima Shenoy,12,61,2574466.94,214538.91,2024-04-03,2026-04-18
CUST000577,Faraj Sama,9,78,2574337.37,286037.49,2024-01-08,2026-06-28
CUST001360,Ranbir Gupta,9,69,2573963.03,285995.89,2024-03-28,2026-07-21
CUST003196,Upasna Arya,9,75,2573698.01,285966.45,2024-01-31,2026-07-05
CUST000507,Yashvi Bedi,13,79,2573540.74,197964.67,2024-01-29,2026-06-29
CUST000382,Yashodhara Das,11,71,2573505.27,233955.02,2024-02-17,2026-06-05
CUST002060,Andrew Reddy,11,84,2573453.42,233950.31,2024-01-16,2026-07-21
CUST003878,Hredhaan Hegde,9,78,2573211.00,285912.33,2024-06-28,2026-07-21
CUST001174,Vasana Gokhale,11,69,2572894.02,233899.46,2024-01-12,2026-06-01
CUST003182,Gunbir Menon,11,76,2572717.51,233883.41,2024-02-18,2026-06-30
CUST001047,Tanay Rau,8,55,2572639.83,321579.98,2024-05-24,2026-07-07
CUST001762,Wyatt Mannan,12,71,2571402.32,214283.53,2024-11-04,2026-06-06
CUST004308,Udant Din,9,65,2570385.90,285598.43,2024-03-21,2026-05-22
CUST003951,Udarsh Behl,9,60,2569878.26,285542.03,2024-02-10,2026-05-12
CUST001972,Nicholas Memon,12,72,2569121.71,214093.48,2024-06-10,2026-07-01
CUST003205,Ubika Mitter,11,69,2569097.81,233554.35,2024-07-11,2026-03-20
CUST004953,Zaitra Bava,7,62,2568993.48,366999.07,2024-03-13,2026-06-10
CUST002122,Pavani Oommen,8,66,2568833.95,321104.24,2024-02-29,2025-12-19
CUST003540,Onveer Sama,9,69,2568249.77,285361.09,2024-05-29,2026-01-15
CUST003761,Farhan Wable,12,88,2566811.85,213900.99,2024-01-01,2026-04-27
CUST004190,Ekaraj Kara,10,73,2565311.51,256531.15,2024-01-21,2026-05-25
CUST003629,Warda Sarkar,12,71,2564403.98,213700.33,2024-01-06,2026-02-12
CUST002608,Bhanumati Kala,11,81,2564196.18,233108.74,2024-01-10,2026-07-21
CUST003614,Chaitaly Raju,12,85,2563900.56,213658.38,2024-03-22,2026-05-06
CUST000776,Qarin Shere,13,84,2562837.73,197141.36,2024-05-16,2026-05-09
CUST003546,Vedika Dugar,13,76,2562678.97,197129.15,2024-02-18,2026-06-20
CUST000485,Nidhi Kata,10,69,2562641.11,256264.11,2024-03-02,2026-07-04
CUST004538,Yash Sangha,12,82,2562191.61,213515.97,2024-04-03,2026-07-16
CUST002879,Harini Datta,12,70,2561501.89,213458.49,2024-02-11,2026-07-16
CUST000477,Arin Pathak,14,73,2561375.88,182955.42,2024-02-20,2026-06-18
CUST003067,Teerth Gour,12,73,2561099.03,213424.92,2024-03-27,2026-06-17
CUST003819,Samaksh Kala,10,88,2560980.71,256098.07,2024-03-02,2026-07-21
CUST000809,Yagnesh Kuruvilla,11,79,2560651.80,232786.53,2024-11-18,2026-07-21
CUST001002,Ojas Sarkar,8,69,2558068.79,319758.6,2024-03-19,2026-03-02
CUST002400,Jyoti Singhal,9,71,2557891.91,284210.21,2024-03-30,2026-07-21
CUST002272,Devansh Menon,9,60,2557741.82,284193.54,2024-09-17,2026-06-22
CUST000687,Rachita Chander,9,81,2557692.86,284188.1,2024-06-27,2026-03-21
CUST002197,Ranbir Raman,12,79,2557219.85,213101.65,2024-05-01,2026-06-28
CUST000720,Adya Malhotra,11,78,2556854.34,232441.3,2024-01-06,2026-06-19
CUST000379,Ekiya Khatri,8,71,2556782.84,319597.86,2024-03-07,2026-04-27
CUST001382,Tarak Iyengar,13,70,2556749.88,196673.07,2024-02-20,2026-06-23
CUST003307,Yug Edwin,8,71,2556095.18,319511.9,2024-01-31,2026-06-06
CUST001060,Advik Mukherjee,13,70,2555597.29,196584.41,2024-03-02,2026-06-17
CUST002532,Gavin Deol,8,68,2555596.57,319449.57,2024-08-16,2026-02-19
CUST001302,Thomas Venkataraman,9,68,2555384.46,283931.61,2024-09-02,2026-05-22
CUST000259,Kritika Choudhry,8,60,2555374.31,319421.79,2024-03-16,2026-02-15
CUST002050,Nimrat Dutta,11,78,2555104.36,232282.21,2024-04-19,2026-07-08
CUST003877,Warjas Chahal,9,60,2554690.13,283854.46,2024-02-13,2025-11-23
CUST004184,Zaitra Ravi,10,65,2554624.12,255462.41,2024-05-07,2026-01-05
CUST001030,Charita Chawla,12,76,2554369.77,212864.15,2024-02-27,2026-07-21
CUST000046,Radhika Mani,12,78,2554186.31,212848.86,2024-03-17,2026-06-05
CUST002841,Varsha Kade,8,72,2553517.57,319189.7,2024-04-30,2026-07-01
CUST001892,Nirja Mander,8,77,2553404.51,319175.56,2024-01-11,2026-02-01
CUST002748,Damyanti Reddy,10,81,2553088.02,255308.8,2024-06-26,2026-05-20
CUST003995,Ladli Mannan,9,69,2552988.01,283665.33,2024-08-11,2026-07-17
CUST000132,Finn Dasgupta,9,73,2552436.46,283604.05,2024-03-24,2026-07-14
CUST004230,Nihal Deo,12,86,2552267.04,212688.92,2024-01-01,2026-04-30
CUST001966,Meghana Chaudhari,12,67,2552011.07,212667.59,2024-03-08,2026-05-15
CUST001218,Oni Sridhar,10,72,2550550.88,255055.09,2024-05-30,2026-03-03
CUST003379,Oliver Varma,9,69,2550089.54,283343.28,2024-09-14,2026-06-28
CUST002212,Lipika Mody,9,63,2549962.11,283329.12,2024-10-25,2026-04-23
CUST003356,Manya Wagle,9,74,2549298.68,283255.41,2024-01-09,2026-07-10
CUST001598,Rachit Venkataraman,7,75,2549204.32,364172.05,2024-02-02,2026-04-01
CUST002469,Xalak Shankar,9,70,2549163.77,283240.42,2024-08-14,2026-06-18
CUST003724,Wakeeta Wali,10,67,2549117.75,254911.78,2024-02-07,2026-04-28
CUST003258,Amol Kant,10,68,2548850.18,254885.02,2024-04-11,2026-02-05
CUST003842,Gaurang Karnik,10,84,2548470.76,254847.08,2024-02-25,2025-09-19
CUST000605,Deepa Johal,9,77,2548402.52,283155.84,2024-01-21,2026-06-08
CUST002207,Aradhana Hayer,10,73,2548151.28,254815.13,2024-02-16,2026-06-17
CUST004621,Wriddhish Subramanian,10,80,2548069.96,254807.0,2024-01-17,2026-05-13
CUST000911,Avni Batra,10,78,2546750.48,254675.05,2024-03-27,2026-06-29
CUST002729,Charvi Patla,13,70,2546109.40,195854.57,2024-03-07,2026-07-21
CUST004038,Darpan Bera,9,65,2545474.15,282830.46,2024-01-21,2025-12-21
CUST003654,Baghyawati Brahmbhatt,11,90,2544711.36,231337.4,2024-05-21,2026-06-10
CUST003732,Qasim Banik,9,62,2544061.50,282673.5,2024-01-01,2025-12-13
CUST003224,Jagdish Kapoor,12,79,2544042.48,212003.54,2024-04-05,2026-07-12
CUST001560,Orinder Sarin,9,72,2543485.84,282609.54,2024-05-03,2026-01-16
CUST004725,Oeshi Basak,11,81,2542542.51,231140.23,2024-01-02,2026-04-19
CUST002575,Tarak Sankaran,9,69,2542147.02,282460.78,2024-07-28,2026-06-03
CUST002900,Ekani Vaidya,11,67,2540673.39,230970.31,2024-01-06,2026-06-18
CUST004399,Zashil Dalal,10,83,2540252.44,254025.24,2024-03-01,2026-05-23
CUST002258,Widisha Prasad,10,70,2539447.78,253944.78,2024-02-23,2026-07-13
CUST003948,Vritti Ramanathan,8,62,2538237.61,317279.7,2024-01-13,2026-03-23
CUST000197,Ati Naidu,10,74,2536571.10,253657.11,2024-03-04,2026-01-12
CUST002006,Owen Badal,9,75,2536274.19,281808.24,2024-05-06,2026-07-15
CUST002136,Charita Tiwari,7,67,2536186.99,362312.43,2024-02-06,2026-07-06
CUST000789,Pahal Sen,11,80,2536055.65,230550.51,2024-03-18,2026-05-10
CUST002961,Gautam Ravel,14,83,2536027.05,181144.79,2024-05-31,2026-06-27
CUST003373,Jairaj Chatterjee,7,59,2535822.60,362260.37,2024-05-14,2026-06-01
CUST003142,Harish Khatri,11,71,2535469.46,230497.22,2024-03-17,2026-07-21
CUST003681,Balendra Koshy,10,75,2535215.21,253521.52,2024-03-28,2026-02-16
CUST003145,Yagnesh Bava,11,77,2534646.96,230422.45,2024-02-02,2026-02-16
CUST001932,Ganga Sama,10,86,2534273.89,253427.39,2024-02-04,2026-06-25
CUST002241,Harrison Kale,11,87,2534047.57,230367.96,2024-08-26,2026-07-16
CUST001710,Jatin Goswami,10,85,2532848.62,253284.86,2024-01-04,2026-05-25
CUST001969,Frado Sandhu,11,84,2531434.77,230130.43,2024-08-27,2026-05-10
CUST001743,Qarin Prasad,12,76,2531228.48,210935.71,2024-02-25,2026-06-26
CUST004030,Harini Rao,10,84,2531030.89,253103.09,2024-05-07,2026-05-01
CUST003484,Azad Dey,10,72,2530498.03,253049.8,2024-01-08,2026-02-14
CUST001393,Ikbal Bajaj,11,74,2530278.52,230025.32,2024-04-14,2026-02-16
CUST004827,Aryan Madan,12,71,2530072.45,210839.37,2024-02-07,2026-03-31
CUST001223,Ranbir Shanker,12,69,2529342.34,210778.53,2024-02-13,2026-07-10
CUST004128,Tamanna Suresh,10,86,2528539.66,252853.97,2024-04-06,2026-07-21
CUST002413,Bahadurjit Bhargava,10,78,2527512.84,252751.28,2024-06-01,2026-05-27
CUST000818,Ekaraj Edwin,9,68,2526683.11,280742.57,2024-03-14,2025-10-19
CUST001797,Advik Sawhney,7,60,2526316.15,360902.31,2024-08-05,2025-10-07
CUST001728,Anusha Ravel,11,70,2526007.81,229637.07,2024-06-30,2026-07-14
CUST000941,Darika Narang,8,60,2525929.48,315741.19,2024-02-08,2025-10-25
CUST000107,Isha Virk,9,56,2525888.92,280654.32,2024-03-04,2026-04-11
CUST001387,Charan Sathe,10,79,2525452.00,252545.2,2024-01-19,2026-05-03
CUST003034,Tripti Chauhan,8,72,2525182.34,315647.79,2024-01-15,2025-12-27
CUST004061,Krishna Bhatnagar,8,70,2525105.78,315638.22,2024-02-18,2026-07-21
CUST004076,Krish Gara,11,72,2524994.72,229544.97,2024-02-06,2025-08-16
CUST000901,Pratyush Murty,14,97,2524426.28,180316.16,2024-01-31,2026-05-13
CUST003311,Advay Nayar,10,81,2524035.55,252403.56,2024-03-27,2026-06-04
CUST002705,Praneel Lad,8,59,2523383.20,315422.9,2024-10-23,2026-04-24
CUST000563,Garima Kapoor,13,80,2523122.62,194086.36,2024-01-18,2026-07-18
CUST002032,Darpan Lal,11,73,2522980.06,229361.82,2024-01-16,2025-08-20
CUST003272,Chaman Banik,10,66,2522941.89,252294.19,2024-04-04,2026-03-26
CUST001724,Girik Kant,10,71,2522492.21,252249.22,2024-01-13,2026-03-15
CUST002845,Priya Balakrishnan,8,50,2522012.16,315251.52,2024-07-13,2026-04-21
CUST004201,Vamakshi Gill,12,74,2521701.16,210141.76,2024-02-04,2026-06-03
CUST000512,Osha Nagy,11,80,2521377.70,229216.15,2024-04-02,2025-10-22
CUST001327,Laban Saxena,10,67,2521016.78,252101.68,2024-03-01,2026-02-10
CUST000536,Saksham Konda,8,71,2520953.11,315119.14,2024-01-13,2026-05-14
CUST001283,Harini Warrior,13,93,2520832.18,193910.17,2024-02-18,2026-07-21
CUST000257,Brinda Borde,10,66,2520268.95,252026.9,2024-03-01,2026-06-21
CUST002338,Ayaan Badal,7,55,2519918.72,359988.39,2024-01-07,2026-03-08
CUST002305,Nitara Balasubramanian,9,69,2519691.59,279965.73,2024-01-10,2026-05-28
CUST004995,Kamya Kari,13,82,2518296.63,193715.13,2024-01-21,2026-03-06
CUST001897,Aachal Kala,8,70,2517922.69,314740.34,2024-03-17,2026-06-23
CUST000186,Chatresh Chaudry,9,60,2517566.12,279729.57,2024-05-20,2026-06-10
CUST000935,Sarthak Saha,8,64,2517248.98,314656.12,2024-01-21,2026-04-22
CUST002728,Bimala Acharya,8,77,2517235.58,314654.45,2024-04-05,2026-07-06
CUST002976,Neha Tella,13,67,2516395.88,193568.91,2024-01-04,2026-07-13
CUST002311,Kai Prakash,9,85,2516370.52,279596.72,2024-09-30,2026-07-16
CUST003790,Abha Rajan,12,79,2516049.87,209670.82,2024-02-11,2026-07-21
CUST004148,Raagini Uppal,9,80,2515827.57,279536.4,2024-06-09,2026-07-11
CUST003100,Hitesh Swaminathan,10,73,2515678.37,251567.84,2024-01-31,2026-07-19
CUST000381,Jacob Ramachandran,8,63,2514279.45,314284.93,2024-03-22,2026-05-19
CUST000751,Devika Jha,8,71,2514164.60,314270.58,2024-02-24,2026-04-02
CUST000826,Janani Goda,10,79,2513751.31,251375.13,2024-03-08,2026-07-21
CUST002740,Chaitanya Chauhan,9,72,2513460.43,279273.38,2024-02-01,2026-02-23
CUST002021,Eshana Sibal,11,80,2513274.91,228479.54,2024-06-26,2026-03-07
CUST002552,Charles Jayaraman,9,66,2512903.04,279211.45,2024-02-20,2026-04-25
CUST000705,Wridesh Arora,9,74,2511084.37,279009.37,2024-03-25,2026-02-01
CUST004283,Yashoda Varma,10,68,2510884.62,251088.46,2024-02-08,2026-02-27
CUST000788,Wazir Oza,10,81,2510680.89,251068.09,2024-03-09,2026-01-24
CUST002854,Yashawini Karnik,6,70,2510673.80,418445.63,2025-01-04,2026-06-06
CUST004936,Parth Rajagopal,10,70,2510175.90,251017.59,2024-02-05,2026-04-23
CUST002446,Chatura Sem,8,77,2509778.48,313722.31,2024-08-11,2026-07-09
CUST004401,Jatin Rege,11,78,2509758.77,228159.89,2024-06-02,2026-03-26
CUST001458,Arjun Venkataraman,11,71,2509485.79,228135.07,2024-06-04,2026-07-21
CUST001545,Vaishnavi Suresh,10,72,2509439.77,250943.98,2024-05-07,2026-03-18
CUST000727,Faris Sagar,10,70,2509307.99,250930.8,2024-07-03,2026-07-21
CUST002916,Vyanjana Swamy,9,68,2508554.91,278728.32,2024-11-15,2026-05-08
CUST004681,Atharv Saraf,10,80,2508384.61,250838.46,2024-03-13,2026-05-18
CUST003871,Aarna Purohit,10,64,2508231.05,250823.11,2024-01-30,2026-04-28
CUST004600,Hemani Basak,10,71,2506334.23,250633.42,2024-04-05,2026-03-01
CUST000736,Pranav Natt,10,66,2505486.90,250548.69,2024-04-12,2026-07-18
CUST002515,Warjas Korpal,9,66,2505422.59,278380.29,2024-08-08,2026-01-27
CUST000167,Darika Das,9,66,2505282.09,278364.68,2024-01-14,2026-02-16
CUST000506,Indali Dash,12,69,2505218.00,208768.17,2024-01-18,2025-12-04
CUST003278,Shravya Golla,13,87,2505179.83,192706.14,2024-01-07,2026-07-21
CUST004019,Damyanti Sarraf,12,72,2505089.86,208757.49,2024-07-05,2026-05-23
CUST003074,Nikita Bhatnagar,9,64,2504511.78,278279.09,2024-04-21,2026-05-08
CUST002488,Chameli Barad,9,64,2504252.83,278250.31,2024-06-14,2026-07-21
CUST000468,Janaki Roy,11,64,2504078.07,227643.46,2024-01-04,2026-07-21
CUST002716,Jatin Vasa,11,79,2503266.32,227569.67,2024-04-03,2026-06-23
CUST002529,Gaurav Jayaraman,8,69,2502883.62,312860.45,2024-04-16,2026-07-21
CUST001050,Eshana Kumar,10,60,2502696.20,250269.62,2024-03-11,2026-01-08
CUST000266,Yashodhara Iyer,10,68,2502380.89,250238.09,2024-12-06,2026-04-16
CUST000942,Faraj Sharaf,11,78,2501299.76,227390.89,2024-01-30,2026-05-28
CUST004932,Lavanya Kalla,15,96,2500709.48,166713.97,2024-05-06,2026-07-01
CUST004808,Aarna Naidu,10,64,2500421.78,250042.18,2024-07-01,2026-03-27
CUST003700,Rachana Samra,7,71,2500412.52,357201.79,2024-02-24,2025-06-18
CUST002505,Hiral Sabharwal,11,74,2499915.11,227265.01,2024-01-09,2026-05-25
CUST002443,Inaya Chahal,11,62,2499299.32,227209.03,2024-08-13,2026-07-02
CUST000974,Suhani Varma,7,55,2498794.72,356970.67,2024-07-26,2025-11-19
CUST003475,Chaaya Ganesh,10,67,2498694.83,249869.48,2024-07-21,2026-06-06
CUST000407,Robert Bhatnagar,8,82,2495797.12,311974.64,2024-03-19,2026-05-16
CUST004017,David Kohli,8,70,2495733.94,311966.74,2024-06-20,2026-06-18
CUST000281,Dev Setty,9,55,2493995.84,277110.65,2024-03-13,2026-05-15
CUST001024,Yagnesh Varghese,11,79,2493759.15,226705.38,2024-05-14,2026-07-04
CUST002589,Tara Kota,14,102,2493165.60,178083.26,2024-02-05,2026-07-21
CUST000254,Jalsa Shroff,11,83,2492153.22,226559.38,2024-01-28,2026-04-16
CUST000747,Siya Kant,8,65,2491948.55,311493.57,2025-01-27,2026-05-07
CUST003541,Amaira Edwin,12,71,2491402.08,207616.84,2024-01-02,2026-04-02
CUST004042,Peter Mitter,12,86,2490955.01,207579.58,2024-07-07,2026-04-11
CUST003012,Abhiram Dhawan,10,65,2490687.64,249068.76,2024-08-14,2026-04-20
CUST001865,Balendra Karpe,9,65,2488970.47,276552.27,2024-02-08,2026-04-22
CUST001907,Orinder Mani,8,60,2488378.75,311047.34,2024-02-27,2025-09-03
CUST000200,Madhav Pillay,10,74,2488249.97,248825.0,2024-07-02,2026-05-23
CUST000318,Harini Ghosh,7,78,2488219.68,355459.95,2024-02-18,2026-05-19
CUST001940,Omya Khosla,10,67,2488104.43,248810.44,2024-02-20,2026-05-24
CUST001842,Ekani Nagar,8,66,2487543.73,310942.97,2024-06-16,2026-03-15
CUST002556,Gavin Balasubramanian,14,72,2487115.14,177651.08,2024-03-20,2026-07-13
CUST001125,Vihaan Sampath,8,64,2486841.15,310855.14,2024-01-12,2026-05-07
CUST000372,Harsh Sheth,7,68,2486786.79,355255.26,2024-04-21,2025-11-19
CUST002683,Andrew Mitra,7,65,2486780.50,355254.36,2024-01-30,2025-08-28
CUST000853,Zaid Seshadri,9,62,2486152.01,276239.11,2024-01-03,2026-03-26
CUST000884,Varenya Kari,9,66,2485124.16,276124.91,2024-06-05,2026-06-04
CUST003404,Ishani Mand,8,75,2483956.03,310494.5,2024-01-05,2026-07-04
CUST003729,Owen Sem,9,62,2483796.81,275977.42,2024-01-08,2026-06-25
CUST004336,Azad Warrior,11,77,2483506.28,225773.3,2024-03-14,2026-04-26
CUST001997,Samaksh Ben,8,62,2483141.27,310392.66,2024-01-09,2026-04-18
CUST002483,Bimala Baral,9,73,2482891.84,275876.87,2024-03-21,2025-05-01
CUST000028,Adweta Ghosh,12,85,2481809.24,206817.44,2024-01-13,2026-02-26
CUST002350,Chandani Dey,11,70,2481675.77,225606.89,2024-01-19,2026-05-02
CUST000085,Logan Swamy,10,71,2480968.10,248096.81,2024-01-01,2026-02-28
CUST003152,Abha Kulkarni,9,61,2480705.25,275633.92,2024-01-06,2026-06-24
CUST002667,Vincent Zacharia,10,69,2480527.50,248052.75,2024-03-03,2026-04-12
CUST001116,Aadhya Om,8,60,2479900.98,309987.62,2024-05-04,2026-06-21
CUST004282,Caleb Narasimhan,7,61,2479164.02,354166.29,2024-04-22,2026-07-21
CUST002380,Umang Sunder,10,68,2478956.63,247895.66,2024-02-07,2025-09-17
CUST002992,George Bajwa,14,80,2478691.59,177049.4,2024-01-17,2026-06-17
CUST001769,Reva Srinivasan,8,69,2477771.39,309721.42,2024-05-09,2026-06-28
CUST004116,Omaja Borra,12,72,2477300.71,206441.73,2024-04-03,2026-07-21
CUST001561,Chavvi Mallick,11,85,2477125.54,225193.23,2024-01-12,2025-11-04
CUST003474,Harsh Mukhopadhyay,7,58,2476650.03,353807.15,2024-09-04,2026-01-21
CUST002922,Jairaj Dalal,10,77,2475424.49,247542.45,2024-07-25,2026-07-10
CUST000320,Sanya Bava,14,80,2474861.07,176775.79,2024-01-12,2026-06-01
CUST004576,Alka Nigam,9,75,2474489.21,274943.25,2024-04-08,2026-03-15
CUST001446,Varenya Borra,8,62,2474483.67,309310.46,2024-06-11,2026-07-12
CUST003601,Samar Badami,8,73,2474437.46,309304.68,2024-02-08,2026-04-27
CUST004525,Hemani Ganguly,9,56,2473818.37,274868.71,2024-02-29,2026-07-14
CUST004455,Oviya Nayak,11,66,2473595.85,224872.35,2024-02-09,2026-06-25
CUST004258,Rachit Dayal,10,71,2472581.67,247258.17,2024-01-16,2026-02-13
CUST003875,Bachittar Devi,7,74,2472489.22,353212.75,2024-01-24,2026-06-16
CUST004785,Shaurya Bhakta,10,71,2471896.99,247189.7,2024-03-05,2026-07-19
CUST002905,Advaith Nath,12,71,2471596.19,205966.35,2024-02-02,2026-02-20
CUST004905,Alka Pradhan,6,61,2470872.78,411812.13,2024-03-28,2026-03-13
CUST004022,Brinda Varkey,6,69,2470864.09,411810.68,2024-08-31,2026-02-09
CUST003167,Om Venkataraman,14,75,2470481.61,176462.97,2024-01-07,2026-07-21
CUST003807,Bakhshi Balay,12,70,2469812.45,205817.7,2024-01-08,2026-03-22
CUST004228,Manthan Dasgupta,12,71,2469786.61,205815.55,2024-07-27,2026-05-09
CUST000970,Bhavini Khanna,9,71,2469729.85,274414.43,2024-01-22,2026-07-21
CUST002085,Faqid Majumdar,10,83,2468839.34,246883.93,2024-01-02,2026-06-04
CUST003980,Yadavi Bala,8,75,2468748.83,308593.6,2024-08-22,2026-04-20
CUST000770,Eiravati Bose,11,67,2467612.51,224328.41,2024-06-19,2026-06-08
CUST002007,Yachana Kade,11,66,2467546.42,224322.4,2024-03-19,2026-06-13
CUST004459,Gopal Chaudhry,5,52,2467056.71,493411.34,2024-02-21,2026-07-21
CUST001884,Indira Kade,9,74,2467029.93,274114.44,2024-01-19,2026-01-17
CUST000103,Nirja Koshy,10,74,2465712.62,246571.26,2024-11-08,2026-06-17
CUST000293,Anya Majumdar,10,63,2465430.35,246543.04,2024-02-06,2026-06-04
CUST003237,Vincent Mander,8,71,2464886.37,308110.8,2024-03-26,2026-07-21
CUST002096,Ishani Jha,10,69,2464856.24,246485.62,2024-02-27,2026-05-03
CUST002395,Alexander Singhal,9,68,2464745.40,273860.6,2024-02-27,2026-04-12
CUST004877,Ishani Mody,10,72,2464280.02,246428.0,2024-02-20,2026-03-29
CUST004708,Lakshit Agarwal,8,59,2463432.41,307929.05,2024-03-27,2026-05-30
CUST002120,Bishakha Kulkarni,9,70,2463341.53,273704.61,2024-01-29,2026-06-11
CUST003337,Chatresh Muni,11,74,2461637.49,223785.23,2024-02-09,2026-04-20
CUST001190,Vedika Golla,10,69,2460781.88,246078.19,2024-01-22,2026-06-18
CUST000909,Chanakya Thaker,9,69,2460529.72,273392.19,2024-04-24,2026-04-14
CUST002466,Urvashi Jani,9,73,2460121.74,273346.86,2024-02-14,2026-06-19
CUST003580,Garima Prasad,11,78,2459673.04,223606.64,2024-02-09,2026-06-23
CUST001150,Idika Memon,9,73,2459523.04,273280.34,2024-03-01,2026-07-11
CUST001840,Max Contractor,10,68,2458988.00,245898.8,2024-01-19,2026-04-29
CUST004319,Abhimanyu Aurora,11,83,2458788.72,223526.25,2024-03-14,2026-05-11
CUST004385,Saumya Rajagopalan,10,73,2458499.55,245849.96,2024-12-17,2026-06-29
CUST001910,Yatan Babu,7,68,2457797.76,351113.97,2024-08-23,2026-06-06
CUST003203,Chameli Gandhi,7,64,2457679.26,351097.04,2024-07-26,2026-03-12
CUST002652,Onveer Chad,8,68,2457557.98,307194.75,2024-08-19,2026-06-05
CUST003843,Ojas Varty,9,76,2455132.84,272792.54,2024-06-27,2026-06-03
CUST001010,Janya Tella,11,75,2454676.87,223152.44,2024-01-01,2026-07-07
CUST004092,Isaiah Sachdeva,11,72,2454517.10,223137.92,2024-02-28,2026-03-30
CUST001213,Ikbal Ranganathan,11,69,2454171.92,223106.54,2024-02-23,2026-05-12
CUST002357,Daksh Chacko,13,76,2453763.90,188751.07,2024-03-10,2026-07-21
CUST002864,Ikbal Goel,9,67,2453602.60,272622.51,2024-01-01,2026-03-12
CUST002820,Faraj Krish,10,66,2452213.36,245221.34,2024-01-15,2026-07-16
CUST002151,Krish Kamdar,9,82,2452154.66,272461.63,2024-06-20,2026-07-12
CUST002698,Yasti Dutta,10,77,2451715.23,245171.52,2024-02-21,2026-07-21
CUST001136,Ati Hans,11,62,2450600.79,222781.89,2024-01-03,2026-07-09
CUST001941,Michael Verma,10,87,2450556.10,245055.61,2024-09-21,2026-06-11
CUST001469,Ganga Mitra,7,57,2450158.61,350022.66,2024-11-11,2025-12-19
CUST004324,Arjun Acharya,9,67,2449715.97,272190.66,2024-02-11,2026-01-03
CUST000867,Widisha Thakkar,10,64,2449523.85,244952.39,2024-06-30,2026-05-11
CUST002080,Onkar Raja,7,66,2449215.48,349887.93,2024-09-04,2026-07-17
CUST003730,Jatin Narasimhan,7,78,2449116.26,349873.75,2024-01-22,2026-07-14
CUST002596,Wridesh Chatterjee,11,88,2448102.17,222554.74,2024-07-11,2025-11-25
CUST003747,Mekhala Jayaraman,10,80,2448027.94,244802.79,2024-08-03,2026-06-14
CUST004644,Frado Chad,9,69,2447897.16,271988.57,2024-01-02,2025-11-03
CUST001808,Abhimanyu Kumer,9,78,2447084.92,271898.32,2024-06-21,2026-01-30
CUST002291,Wishi Morar,10,64,2447052.25,244705.23,2024-08-23,2026-06-06
CUST000934,Jeet Cherian,9,72,2446673.88,271852.65,2024-01-15,2026-04-29
CUST000551,Gunbir Goyal,8,69,2446667.05,305833.38,2024-07-27,2026-07-21
CUST002206,Falak Kannan,10,71,2445398.02,244539.8,2024-02-29,2026-06-13
CUST000142,Samaksh Raj,7,61,2445265.71,349323.67,2024-01-05,2025-11-16
CUST003816,Ayush Krishnan,6,66,2445217.19,407536.2,2025-01-24,2026-07-04
CUST003963,Gavin Krishnan,11,63,2445116.76,222283.34,2024-02-26,2026-01-18
CUST004897,Sanaya Dhillon,8,69,2444570.64,305571.33,2024-07-11,2025-08-12
CUST004418,Hema Bajaj,9,71,2444210.53,271578.95,2024-05-24,2026-04-26
CUST004779,Raghav Zacharia,9,80,2443364.12,271484.9,2024-01-18,2026-07-21
CUST002882,Fariq Ghose,10,73,2443361.35,244336.14,2024-01-04,2026-06-21
CUST001610,Krishna Naik,10,73,2443198.50,244319.85,2024-01-16,2026-07-21
CUST004082,Urvashi Murty,8,69,2442994.47,305374.31,2024-10-11,2026-06-26
CUST002294,Nimrat Kannan,11,69,2442504.65,222045.88,2024-01-08,2026-06-27
CUST003887,Vedant Wadhwa,11,67,2441550.57,221959.14,2024-03-10,2026-05-16
CUST001798,Yauvani Wable,6,61,2441122.08,406853.68,2024-02-28,2026-05-01
CUST002920,Kala Mittal,8,63,2440803.37,305100.42,2024-01-26,2026-07-17
CUST004841,Bhavini Char,11,53,2440738.68,221885.33,2024-01-16,2026-02-01
CUST004890,Amara Bahri,10,59,2440126.28,244012.63,2024-01-24,2026-01-09
CUST002079,Lohit Mishra,9,62,2439883.22,271098.14,2024-02-12,2026-03-25
CUST002611,Yug Purohit,9,67,2439650.45,271072.27,2024-01-14,2026-01-22
CUST003798,Meghana Balasubramanian,10,73,2439392.44,243939.24,2024-07-04,2026-06-07
CUST004355,Ranbir Sehgal,9,65,2438129.54,270903.28,2024-03-31,2026-05-30
CUST002049,Henry Rajagopalan,8,65,2438007.80,304750.98,2024-01-30,2026-01-10
CUST002065,Nitesh Dube,10,65,2437890.09,243789.01,2024-01-01,2026-05-20
CUST000633,Udarsh Choudhary,13,66,2437723.65,187517.2,2024-01-24,2026-06-16
CUST000251,Megha Lala,11,83,2436833.24,221530.29,2024-01-05,2025-09-23
CUST003491,Leela Pal,10,67,2436790.11,243679.01,2024-02-02,2026-07-12
CUST004174,Jyoti Issac,10,59,2436624.82,243662.48,2024-01-22,2026-06-01
CUST001948,Thomas Chowdhury,11,81,2436300.34,221481.85,2024-01-10,2026-04-22
CUST000172,Siddharth Bansal,12,64,2436232.74,203019.4,2024-10-21,2026-07-21
CUST001543,Yagnesh Gokhale,12,76,2435991.45,202999.29,2024-01-01,2026-06-02
CUST000014,Vivaan Datta,11,79,2434926.24,221356.93,2024-06-22,2026-05-11
CUST004586,Ayush Das,6,58,2434687.06,405781.18,2024-03-07,2026-07-01
CUST001038,Ridhi Sarin,9,65,2434676.38,270519.6,2024-02-03,2026-04-13
CUST002317,Jackson Sarna,9,77,2434591.72,270510.19,2024-09-28,2026-06-10
CUST002533,Sachi Sastry,11,79,2434570.58,221324.6,2024-01-15,2026-04-26
CUST003031,Lohit Issac,9,56,2434117.74,270457.53,2024-02-16,2026-06-11
CUST000108,Girindra Ahluwalia,13,68,2433677.94,187206.0,2024-04-15,2026-06-01
CUST000215,Unnati Koshy,8,73,2433506.43,304188.3,2024-05-29,2026-05-24
CUST002782,Teerth Nadkarni,11,63,2432981.47,221180.13,2024-02-06,2026-06-02
CUST002119,Yashvi Shetty,10,73,2432522.75,243252.28,2024-07-19,2026-02-17
CUST003341,Pooja Banik,10,71,2432231.87,243223.19,2024-03-07,2026-06-17
CUST000920,Faris Choudhry,9,66,2431615.73,270179.53,2024-01-20,2026-01-26
CUST003418,Lipika Rama,9,68,2431349.51,270149.95,2024-01-18,2026-06-23
CUST001472,Nilima Butala,7,69,2431320.33,347331.48,2024-05-07,2025-09-04
CUST004606,Vedant Agate,10,74,2430907.64,243090.76,2024-07-10,2026-07-17
CUST004979,Frado Shah,10,84,2430427.52,243042.75,2024-03-06,2026-06-26
CUST004893,Simon Majumdar,9,70,2430218.52,270024.28,2024-11-14,2026-07-10
CUST003545,Deepa Jha,12,78,2429810.22,202484.19,2024-02-12,2026-06-20
CUST004412,Hemang Mohan,10,75,2429165.89,242916.59,2024-01-19,2026-06-21
CUST001145,Ucchal Krishnamurthy,10,86,2429157.54,242915.75,2024-02-02,2026-07-08
CUST000952,Chandani Gill,9,62,2428091.70,269787.97,2024-01-17,2026-07-16
CUST003310,Unnati Nadig,11,66,2426025.98,220547.82,2024-01-12,2026-07-02
CUST003778,Jatin Subramaniam,12,79,2425433.63,202119.47,2024-04-08,2026-07-21
CUST004731,Ubika Bhatia,9,72,2425393.35,269488.15,2024-02-16,2025-12-02
CUST002780,Prisha Choudhury,10,71,2425374.86,242537.49,2024-01-04,2026-07-15
CUST003932,Tripti Mukherjee,9,76,2424893.55,269432.62,2024-02-02,2026-04-10
CUST003451,Anirudh Jayaraman,8,57,2424272.04,303034.01,2024-04-03,2026-07-21
CUST002300,Henry Kade,10,84,2423799.37,242379.94,2024-02-28,2026-05-13
CUST000193,Agastya Bhardwaj,7,55,2423560.53,346222.93,2024-05-24,2026-04-23
CUST001563,Joshua Chander,8,63,2423548.59,302943.57,2024-02-08,2026-06-19
CUST000373,Victor Palan,12,80,2422608.88,201884.07,2024-05-06,2026-03-07
CUST003617,Advik Brar,9,62,2422455.73,269161.75,2024-01-06,2026-07-16
CUST000964,Sai Char,12,83,2421742.03,201811.84,2024-01-09,2026-03-13
CUST004350,Laksh Toor,9,59,2421563.04,269062.56,2024-01-12,2026-03-19
CUST002363,Hritik Dara,8,65,2421531.82,302691.48,2024-01-26,2026-07-18
CUST004920,Victor Jayaraman,8,59,2421200.58,302650.07,2024-06-17,2026-05-17
CUST000265,Ekanta Kapoor,10,77,2421097.32,242109.73,2024-05-01,2026-07-10
CUST001100,Samuel Chander,9,72,2420335.86,268926.21,2024-01-12,2026-04-04
CUST001452,Chasmum Bhagat,12,91,2419959.11,201663.26,2024-02-17,2026-06-30
CUST000728,Abeer Jain,11,77,2419748.69,219977.15,2024-04-02,2026-06-22
CUST001901,Vedhika Saraf,11,70,2419309.90,219937.26,2024-01-04,2026-06-28
CUST003447,Gauri Samra,7,59,2418756.31,345536.62,2024-07-11,2026-07-02
CUST004138,Idika Prabhu,11,69,2418721.10,219883.74,2024-01-19,2026-03-25
CUST003574,Brinda Rama,8,63,2417982.89,302247.86,2024-03-10,2026-01-22
CUST003496,Bhavika Gour,8,63,2417775.75,302221.97,2024-06-19,2026-06-29
CUST002199,Chanakya Verma,10,70,2417640.60,241764.06,2024-03-14,2026-07-12
CUST001804,Nitesh Khosla,12,76,2417407.78,201450.65,2024-01-18,2026-06-09
CUST000410,Upasna Majumdar,12,63,2416945.69,201412.14,2024-01-02,2026-06-19
CUST000876,Jagrati Rai,10,69,2416639.18,241663.92,2024-08-17,2026-06-05
CUST001952,Bhavna Shenoy,13,72,2415645.71,185818.9,2024-06-07,2026-07-07
CUST002083,Charles Varty,9,72,2415481.07,268386.79,2024-02-07,2026-01-19
CUST004939,Oliver Talwar,9,71,2415446.76,268382.97,2024-05-02,2026-06-05
CUST003023,Ijaya Sodhi,10,58,2415300.60,241530.06,2024-06-16,2026-07-15
CUST001779,Jason Mitra,10,74,2415165.11,241516.51,2024-03-06,2026-06-17
CUST001330,Fiyaz Shetty,9,61,2414938.70,268326.52,2024-02-02,2026-05-28
CUST002166,Fariq Purohit,10,61,2414438.42,241443.84,2024-03-10,2026-03-07
CUST002547,Ishani Zacharia,13,77,2413669.37,185666.87,2024-01-08,2026-07-16
CUST004745,Nikita Acharya,8,65,2413569.65,301696.21,2024-01-12,2026-03-08
CUST002827,Nandini Date,9,74,2412948.45,268105.38,2024-04-12,2026-03-07
CUST001846,Zayan Mahajan,12,73,2411980.93,200998.41,2024-05-22,2026-06-07
CUST001987,Indali Mann,10,66,2411900.17,241190.02,2024-01-18,2026-07-19
CUST001682,Harish Bava,13,81,2411734.90,185518.07,2024-03-06,2026-07-04
CUST002677,Christopher Lal,14,78,2410634.72,172188.19,2024-04-10,2026-07-21
CUST003333,Hritik Varty,8,65,2410530.84,301316.36,2024-04-25,2025-11-02
CUST004728,Simon Sane,13,84,2410180.97,185398.54,2024-03-14,2026-01-21
CUST000652,Nachiket Nayak,10,65,2410094.08,241009.41,2024-04-12,2026-07-04
CUST000710,Ekaraj Mody,12,73,2409819.25,200818.27,2024-02-05,2026-03-13
CUST002967,Gautami Nanda,14,70,2408053.73,172003.84,2024-01-20,2026-05-03
CUST004963,Banjeet Gandhi,8,63,2408009.40,301001.18,2024-03-12,2026-03-28
CUST000455,Ishaan Dhaliwal,8,65,2406595.22,300824.4,2024-05-29,2026-03-29
CUST003026,Aarna Sur,8,76,2406325.52,300790.69,2024-02-21,2026-06-04
CUST004676,Vasudha Balasubramanian,8,69,2405117.64,300639.71,2024-02-27,2026-05-02
CUST000674,Lohit Kakar,9,79,2404821.16,267202.35,2024-03-29,2026-05-04
CUST002850,Theodore Bera,12,74,2404137.39,200344.78,2024-02-15,2026-06-27
CUST000359,Samesh Chandran,10,63,2403945.33,240394.53,2024-05-23,2026-06-12
CUST003889,Mohammed Madan,8,67,2403896.62,300487.08,2024-04-30,2026-02-02
CUST002020,Chakrika Mitra,10,68,2403619.42,240361.94,2024-03-24,2026-07-14
CUST001036,Omaja Chanda,8,60,2403090.01,300386.25,2024-04-25,2026-03-16
CUST001388,Yuvraj Behl,9,73,2402951.49,266994.61,2024-07-28,2026-06-23
CUST004456,Rachita Jayaraman,7,54,2402317.34,343188.19,2024-01-12,2026-06-23
CUST004450,Jack Uppal,11,63,2402250.82,218386.44,2024-04-11,2026-07-21
CUST000739,Pratyush Nagy,10,75,2402139.00,240213.9,2024-08-16,2026-03-19
CUST001475,Gagan Chandran,10,64,2401377.16,240137.72,2024-03-25,2026-06-26
CUST001498,Yoshita Bhavsar,8,61,2400892.98,300111.62,2024-03-09,2025-09-15
CUST003745,Anirudh Konda,6,61,2400751.85,400125.31,2024-02-27,2026-02-22
CUST002230,Yoshita Anne,8,75,2400744.71,300093.09,2024-01-01,2026-02-08
CUST002891,Chameli Sachdeva,9,73,2400468.62,266718.74,2024-02-26,2025-09-05
CUST003771,Nihal Devan,11,63,2400274.25,218206.75,2024-05-21,2026-06-21
CUST000280,Gaurav Dhar,10,62,2400065.52,240006.55,2024-01-17,2026-05-15
CUST000875,Tamanna Dyal,8,63,2399669.62,299958.7,2024-01-02,2026-01-27
CUST001202,Qarin Ramakrishnan,14,73,2399535.06,171395.36,2024-01-27,2026-07-21
CUST001655,Barkha Bhandari,9,70,2398596.19,266510.69,2024-01-22,2026-07-21
CUST001117,Varsha Narasimhan,11,62,2396778.55,217888.96,2024-03-08,2026-05-31
CUST001831,Urishilla Dube,9,61,2396657.74,266295.3,2024-07-22,2026-05-30
CUST000192,Vyanjana Thakkar,8,61,2395644.70,299455.59,2024-04-12,2026-07-12
CUST001263,Unni Tailor,10,79,2395615.54,239561.55,2024-04-11,2026-03-15
CUST000459,Aarna Ramaswamy,9,67,2395186.82,266131.87,2024-01-16,2025-11-06
CUST001358,Gagan Brahmbhatt,12,74,2393396.92,199449.74,2024-06-05,2026-06-25
CUST001587,Ijaya Balay,14,70,2392590.49,170899.32,2024-01-07,2025-12-12
CUST002566,Vrinda Tandon,6,53,2392440.86,398740.14,2024-03-19,2025-02-26
CUST000270,Sudiksha Bhandari,9,69,2391352.71,265705.86,2024-01-22,2026-07-12
CUST000842,Dominic Randhawa,10,57,2390984.40,239098.44,2024-02-26,2026-05-19
CUST001141,Faras Purohit,10,86,2390457.47,239045.75,2024-03-13,2025-12-21
CUST002134,Utkarsh Amble,10,64,2390043.72,239004.37,2024-01-07,2026-04-17
CUST004386,Ryan Das,11,74,2389950.07,217268.19,2024-02-05,2026-06-27
CUST001667,Prisha Garde,10,77,2389309.90,238930.99,2024-07-01,2026-04-03
CUST004424,Nirja Balasubramanian,8,70,2388212.53,298526.57,2024-02-06,2026-07-10
CUST001868,Noah Raju,9,77,2387383.07,265264.79,2024-03-04,2025-07-01
CUST004885,Jonathan Dalal,12,80,2386809.41,198900.78,2024-08-09,2026-07-21
CUST002951,Diya Oza,9,69,2386028.30,265114.26,2024-01-15,2026-06-29
CUST001852,Rohan Kala,12,78,2385986.53,198832.21,2024-01-03,2026-07-01
CUST003345,Radhika Goyal,8,62,2385948.93,298243.62,2024-11-29,2026-04-28
CUST001340,Yutika Suresh,9,81,2385785.57,265087.29,2024-10-03,2026-06-05
CUST003185,Yashawini Jhaveri,12,81,2385586.99,198798.92,2024-04-25,2026-07-21
CUST000284,Vanya Rout,9,79,2385121.97,265013.55,2024-05-20,2026-06-27
CUST000798,Alexander Datta,8,48,2384719.59,298089.95,2024-01-15,2025-06-29
CUST003652,Idika Bhandari,11,73,2384407.66,216764.33,2024-01-09,2026-07-21
CUST002371,Naksh Rout,12,74,2384272.69,198689.39,2024-03-16,2026-06-28
CUST001636,Chanakya Mistry,9,56,2383722.21,264858.02,2024-06-07,2026-03-29
CUST004762,Praneel Nanda,10,73,2383448.04,238344.8,2024-07-01,2025-12-12
CUST004623,Yashasvi Hans,12,70,2383354.48,198612.87,2024-01-01,2026-04-16
CUST004701,Gavin Suri,8,84,2382458.01,297807.25,2024-02-20,2026-07-10
CUST002482,Falguni Sawhney,11,68,2382343.02,216576.64,2024-06-12,2026-06-19
CUST000848,Chavvi Bedi,10,68,2382018.07,238201.81,2024-07-01,2026-05-06
CUST001098,Widisha Palla,7,71,2381558.30,340222.61,2024-01-12,2026-06-16
CUST002205,Ekani Toor,12,72,2381435.01,198452.92,2024-03-21,2026-05-31
CUST003896,Unni Bera,7,53,2380967.78,340138.25,2024-06-25,2026-07-13
CUST000904,Vanya Murty,9,81,2379798.20,264422.02,2024-03-30,2026-07-09
CUST003577,Chasmum Kulkarni,9,72,2379551.22,264394.58,2024-01-24,2025-12-11
CUST000640,Abhiram Nagarajan,7,63,2379501.56,339928.79,2024-02-20,2026-06-20
CUST001306,Faraj Patla,11,77,2379021.39,216274.67,2024-06-30,2025-12-29
CUST001245,Frederick Lala,12,62,2377394.17,198116.18,2024-03-20,2026-04-04
CUST001669,Saanvi Basu,8,60,2377364.29,297170.54,2024-03-16,2026-06-08
CUST003444,Sathvik Ranganathan,8,66,2375964.28,296995.54,2024-06-17,2025-11-17
CUST002528,Ishani Nagarajan,11,78,2375959.83,215996.35,2024-05-03,2026-07-21
CUST000015,Vidhi Kunda,10,68,2375768.56,237576.86,2024-03-01,2026-07-11
CUST004053,Daksh Wable,11,72,2375042.16,215912.92,2024-03-20,2026-07-19
CUST004268,Triya Garg,9,76,2373785.49,263753.94,2024-05-12,2026-07-18
CUST003357,Gopal Khare,9,69,2373451.24,263716.8,2024-02-23,2026-05-02
CUST000651,Vaishnavi Krishna,8,70,2373113.49,296639.19,2024-02-24,2026-01-05
CUST002918,Siddharth Borra,9,59,2372854.63,263650.51,2024-01-13,2026-05-06
CUST004215,Faqid Sant,5,61,2372193.81,474438.76,2024-10-24,2025-12-03
CUST004395,Nitara Chhabra,9,62,2371574.86,263508.32,2024-01-20,2026-03-26
CUST004235,Zilmil Bora,8,70,2371551.48,296443.94,2024-04-21,2026-07-13
CUST002899,Forum Rai,11,66,2371181.10,215561.92,2024-01-10,2026-07-05
CUST002265,Rajata Radhakrishnan,10,68,2370241.66,237024.17,2024-06-03,2026-04-15
CUST003393,Watika Bhatt,12,75,2370016.59,197501.38,2024-01-03,2026-07-14
CUST003528,Vedant Pradhan,11,67,2369823.87,215438.53,2024-05-16,2026-07-16
CUST003462,Girik Narain,8,67,2369753.08,296219.14,2024-01-22,2026-07-03
CUST001649,Chanchal Zacharia,12,63,2369675.44,197472.95,2024-01-14,2026-06-29
CUST004998,Sanaya Halder,9,59,2368934.78,263214.98,2024-02-08,2026-05-22
CUST003905,Gunbir Ganesh,8,66,2367196.98,295899.62,2024-08-28,2026-07-21
CUST002044,Aradhana Cheema,10,66,2366904.03,236690.4,2024-01-03,2026-07-16
CUST003767,Xiti Chahal,12,83,2366861.13,197238.43,2024-01-26,2026-07-01
CUST000480,Sai Mishra,7,76,2366831.09,338118.73,2024-08-20,2026-07-02
CUST002753,Libni Arya,8,61,2366527.62,295815.95,2024-03-22,2026-04-11
CUST000474,Girish Vig,9,63,2366482.66,262942.52,2024-01-16,2026-05-10
CUST003949,Eiravati Dada,9,75,2366424.85,262936.09,2024-12-29,2026-06-02
CUST000585,Harish Kumer,10,79,2366182.30,236618.23,2024-03-18,2026-04-30
CUST004467,Balvan Hayre,6,59,2365836.49,394306.08,2024-01-05,2025-04-05
CUST003832,Hiral Karan,8,67,2363095.15,295386.89,2024-01-12,2026-06-13
CUST004271,Dayita Dhar,10,83,2362433.29,236243.33,2024-02-06,2026-06-24
CUST000058,Abhiram Thakkar,8,71,2362299.86,295287.48,2024-07-10,2026-06-06
CUST002391,Dhriti Krishnan,8,59,2362260.12,295282.52,2024-02-01,2026-06-29
CUST003603,Jasmit Goswami,8,52,2362010.53,295251.32,2024-03-12,2026-04-06
CUST003709,Meghana Balan,8,65,2360585.72,295073.22,2024-01-01,2026-07-21
CUST001127,Yuvraj Vaidya,10,76,2359413.75,235941.38,2024-12-15,2026-07-06
CUST003591,Isaac Pandya,8,57,2359215.62,294901.95,2024-01-23,2026-05-11
CUST003094,Megha Nagy,9,76,2357231.37,261914.6,2024-05-08,2026-03-11
CUST004665,Bimala Deo,12,70,2356986.03,196415.5,2024-02-06,2026-05-28
CUST000642,Upma Tank,6,56,2356231.21,392705.2,2024-05-24,2025-10-16
CUST002530,Neelima Salvi,8,77,2355932.82,294491.6,2024-01-16,2026-03-01
CUST000022,Manya Sachdeva,12,61,2355906.77,196325.56,2024-06-30,2026-04-08
CUST001680,Vansha Samra,9,84,2355468.51,261718.72,2024-04-03,2026-07-21
CUST004620,Bahadurjit Barad,11,62,2354827.81,214075.26,2024-01-15,2026-07-08
CUST001555,Gautam Saxena,12,69,2354805.02,196233.75,2024-01-16,2026-05-31
CUST003079,Ranbir Krishna,9,71,2354628.76,261625.42,2024-02-05,2026-03-07
CUST001034,Nakul Sawhney,8,65,2353825.14,294228.14,2024-10-08,2025-12-13
CUST002398,Ubika Thakur,8,70,2353618.86,294202.36,2024-05-02,2026-01-16
CUST000555,Wridesh Loyal,8,64,2352978.68,294122.34,2024-01-24,2026-06-12
CUST004677,Zarna Verma,10,64,2350746.14,235074.61,2024-02-02,2026-06-27
CUST002024,Rachana Chander,12,69,2350575.74,195881.31,2024-03-26,2026-06-20
CUST000274,Urishilla Sane,10,76,2350305.20,235030.52,2024-04-24,2026-05-08
CUST000119,Abeer Dara,9,64,2349857.99,261095.33,2024-01-11,2025-01-13
CUST001438,Omisha Dugar,8,55,2349105.00,293638.13,2024-07-09,2026-07-21
CUST001699,Anamika Verma,7,58,2348974.54,335567.79,2025-03-16,2026-04-18
CUST004523,Ucchal Shanker,9,72,2348924.68,260991.63,2024-02-09,2026-07-01
CUST000125,Sai Bhagat,9,64,2348678.20,260964.24,2024-01-18,2026-06-27
CUST001402,Vasana Lal,10,75,2348551.06,234855.11,2024-05-08,2026-07-17
CUST003564,Arya Maharaj,7,56,2348365.40,335480.77,2024-06-03,2026-06-22
CUST003854,Lakshit Dey,12,70,2347375.69,195614.64,2024-01-01,2025-11-27
CUST001782,Aashi Date,10,68,2346167.33,234616.73,2025-04-10,2026-06-18
CUST002054,Bimala Pandya,9,76,2345637.24,260626.36,2024-01-15,2026-01-25
CUST004484,Suhani Gara,8,62,2345319.53,293164.94,2024-01-24,2026-02-08
CUST004444,Pranit Toor,8,65,2344986.79,293123.35,2024-08-16,2026-06-19
CUST003735,Laban Dara,8,64,2344677.86,293084.73,2024-02-25,2026-07-01
CUST001916,Fariq Chauhan,11,74,2344393.00,213126.64,2024-01-15,2026-04-22
CUST000834,Ansh Khanna,11,74,2343591.24,213053.75,2024-04-10,2026-02-06
CUST003420,Tara Aurora,8,69,2343552.27,292944.03,2024-03-19,2026-02-21
CUST002639,Vaishnavi Bains,8,65,2343303.96,292913.0,2024-06-09,2026-06-17
CUST000012,Vedant Sachdeva,7,68,2343076.30,334725.19,2024-06-14,2026-06-08
CUST000733,Raagini Ramakrishnan,8,75,2342937.66,292867.21,2024-01-29,2026-02-21
CUST000513,Lakshmi Kunda,8,66,2342285.97,292785.75,2024-05-24,2026-02-14
CUST002481,Panini Brahmbhatt,6,52,2342270.81,390378.47,2024-01-15,2025-09-07
CUST003184,Frederick Chhabra,8,59,2341876.82,292734.6,2024-02-16,2026-06-26
CUST003322,Xiti Nagarajan,11,79,2341151.75,212831.98,2024-01-13,2025-08-16
CUST001143,Devansh Kunda,9,83,2340807.65,260089.74,2024-04-28,2026-07-12
CUST001817,Azaan Wason,12,69,2340667.07,195055.59,2024-02-12,2026-06-21
CUST000526,Praneel Hans,11,76,2340415.97,212765.09,2024-01-07,2026-06-02
CUST003665,Shaurya Menon,10,61,2340373.17,234037.32,2024-04-29,2026-05-16
CUST001502,Laksh Nazareth,8,64,2340046.82,292505.85,2024-01-15,2026-05-13
CUST001668,Xalak Mall,9,64,2339902.48,259989.16,2024-01-27,2025-11-11
CUST003846,Ria Kota,7,58,2339065.59,334152.23,2024-03-06,2026-02-09
CUST002141,Ekta Saxena,5,65,2338340.22,467668.04,2024-06-26,2025-12-22
CUST000184,Yagnesh Kata,10,70,2338087.03,233808.7,2024-01-21,2026-07-21
CUST002280,Rushil Oak,9,65,2337359.25,259706.58,2024-03-05,2026-03-01
CUST001570,Tristan Garde,8,67,2336657.97,292082.25,2024-04-01,2024-12-05
CUST001900,Benjamin Misra,9,79,2336299.27,259588.81,2024-04-01,2026-05-12
CUST004784,Zayyan Mishra,9,64,2335210.14,259467.79,2024-04-26,2025-04-28
CUST000277,Sai Brar,8,68,2335168.89,291896.11,2024-05-11,2026-04-17
CUST002979,Odika Hora,9,76,2334652.09,259405.79,2024-03-08,2026-06-20
CUST001844,Brinda Thakur,7,66,2332986.65,333283.81,2024-06-14,2025-12-06
CUST004846,Ekta Raju,7,63,2332487.68,333212.53,2024-01-08,2026-04-19
CUST004262,Nidhi Brahmbhatt,9,60,2332277.65,259141.96,2024-04-13,2026-06-30
CUST004195,Ekani Manda,10,71,2331334.86,233133.49,2024-04-11,2026-03-03
CUST004739,Dalbir Naidu,11,64,2331246.46,211931.5,2024-04-22,2026-03-12
CUST001675,Zarna Thaman,9,54,2330919.89,258991.1,2024-04-15,2026-05-01
CUST003394,Gaurangi Puri,10,64,2329222.24,232922.22,2024-01-04,2026-07-21
CUST004535,Indrajit Kala,8,50,2329038.94,291129.87,2024-01-08,2026-03-01
CUST004207,Rachita Kade,11,72,2328999.11,211727.19,2024-03-06,2026-06-26
CUST000556,Dominic Rama,13,73,2326572.00,178967.08,2024-02-24,2026-06-17
CUST002524,Abeer Trivedi,9,71,2325804.02,258422.67,2024-02-13,2026-07-09
CUST000367,Vamakshi Savant,9,78,2325141.07,258349.01,2024-03-22,2025-10-30
CUST002132,Yahvi Sankaran,9,64,2325139.24,258348.8,2024-02-16,2026-06-09
CUST004224,Falak Narasimhan,12,66,2324949.34,193745.78,2024-01-04,2026-07-21
CUST002665,Ekbal Pall,7,60,2323987.92,331998.27,2024-09-12,2026-07-09
CUST002420,Finn Mane,10,58,2323911.84,232391.18,2024-03-10,2026-06-30
CUST001474,Faraj Sengupta,9,67,2323835.42,258203.94,2024-01-20,2026-03-13
CUST000845,Darika Ratti,9,76,2323510.67,258167.85,2024-09-10,2026-07-05
CUST004782,Varenya Nigam,7,68,2322404.90,331772.13,2024-08-13,2026-03-27
CUST001377,Owen Roy,9,81,2321929.69,257992.19,2024-04-07,2025-10-07
CUST002522,Urvi Sastry,9,73,2321359.97,257928.89,2024-04-09,2026-07-21
CUST004034,Darpan Som,9,49,2321182.22,257909.14,2024-01-02,2025-08-31
CUST001122,Triveni Virk,11,65,2320614.40,210964.95,2024-12-26,2026-04-24
CUST003785,Tanveer Kanda,12,80,2320310.60,193359.22,2024-03-26,2026-07-21
CUST003921,Gayathri Sarma,11,74,2320211.08,210928.28,2024-01-12,2026-06-27
CUST000242,Jagdish Manda,7,55,2320178.12,331454.02,2024-06-02,2026-04-21
CUST000979,Aditya Deol,10,80,2319500.09,231950.01,2024-07-29,2026-03-30
CUST000352,Yashoda Gala,9,59,2319295.61,257699.51,2024-03-09,2026-06-18
CUST002881,Wridesh Taneja,9,60,2318555.69,257617.3,2024-08-20,2026-07-21
CUST000829,Bhavini Basu,9,64,2317909.14,257545.46,2024-01-19,2026-03-19
CUST000451,Qasim Sanghvi,10,63,2315302.48,231530.25,2024-01-20,2026-07-21
CUST001144,Ekani Shanker,11,77,2315249.69,210477.24,2024-01-18,2025-10-09
CUST001866,Daniel Lad,10,61,2314806.61,231480.66,2024-02-19,2026-05-29
CUST001965,Hritik Bala,11,66,2314404.65,210400.42,2024-02-04,2026-07-06
CUST004311,Urishilla Devi,11,69,2312624.13,210238.56,2024-02-18,2026-07-03
CUST001677,Abha Subramaniam,14,81,2312107.55,165150.54,2024-01-28,2026-04-27
CUST001097,Rohan Dhar,10,70,2311606.53,231160.65,2024-02-11,2026-07-07
CUST003618,Vanya Brar,9,64,2311242.20,256804.69,2024-07-25,2026-06-23
CUST003914,Jonathan Salvi,6,68,2310712.20,385118.7,2024-05-04,2025-10-26
CUST002052,George Garg,7,58,2310621.11,330088.73,2024-02-12,2026-07-10
CUST000445,Raagini Arora,8,66,2307889.95,288486.24,2024-02-27,2026-06-29
CUST003493,Henry Mani,11,70,2307234.30,209748.57,2024-04-30,2026-05-29
CUST002200,Vasudha Mammen,10,70,2307099.13,230709.91,2024-01-04,2026-07-09
CUST000160,Yatan Nadkarni,10,81,2306949.48,230694.95,2024-01-19,2026-07-11
CUST001860,Kashish Singhal,11,71,2306630.72,209693.7,2024-05-02,2026-07-21
CUST004003,Anvi Om,9,75,2306092.25,256232.47,2024-04-10,2026-07-04
CUST004454,Baljiwan Nagy,9,73,2306073.71,256230.41,2024-03-27,2026-04-11
CUST000500,Fiyaz Varma,8,63,2305971.86,288246.48,2024-01-09,2026-01-09
CUST001364,Hemangini Din,12,70,2305620.07,192135.01,2024-06-06,2026-05-16
CUST000203,Yug Som,7,49,2304216.24,329173.75,2024-11-11,2026-03-06
CUST003044,Hemangini Chawla,9,72,2303887.23,255987.47,2024-03-02,2026-05-25
CUST000997,Gaurangi Bala,11,70,2303112.80,209373.89,2024-01-18,2026-07-01
CUST002392,Ansh Deshpande,10,78,2302284.58,230228.46,2024-11-22,2026-07-17
CUST004049,Ati Prabhu,13,75,2301897.29,177069.02,2024-02-24,2026-07-21
CUST004375,Jalsa Doctor,10,73,2301564.91,230156.49,2024-11-14,2026-04-16
CUST004132,Daksh Bala,10,62,2301147.59,230114.76,2024-02-15,2025-09-30
CUST000898,Eesha Naidu,12,78,2299396.13,191616.34,2024-06-08,2026-06-07
CUST004563,Unnati Kapoor,11,69,2299137.22,209012.47,2024-06-23,2026-05-14
CUST002276,Fiyaz Venkataraman,8,66,2298225.32,287278.17,2024-07-30,2026-05-24
CUST000612,Yamini Narayan,10,80,2297814.31,229781.43,2024-01-11,2026-07-03
CUST000349,Raghav Sampath,10,71,2296948.88,229694.89,2024-01-29,2026-07-15
CUST003217,Gunbir Talwar,9,60,2296407.59,255156.4,2024-05-02,2026-02-01
CUST003456,Vamakshi Hari,8,66,2295968.24,286996.03,2024-03-13,2026-05-07
CUST002730,Yachana Dani,8,62,2295894.51,286986.81,2024-01-10,2026-07-16
CUST004416,Mohini Mani,12,85,2295824.28,191318.69,2024-08-27,2026-06-05
CUST000218,Varsha Soman,11,72,2295179.29,208652.66,2024-02-05,2026-07-21
CUST000447,Jonathan Puri,10,71,2294310.46,229431.05,2024-01-17,2026-05-17
CUST000463,Ijaya Sankar,9,62,2294061.62,254895.74,2024-01-21,2025-11-30
CUST002617,Anjali Varghese,9,72,2294022.69,254891.41,2024-05-05,2026-02-25
CUST000977,Reyansh Kumar,10,79,2294018.39,229401.84,2024-04-28,2026-07-21
CUST003249,Siya Prabhakar,9,75,2293769.30,254863.26,2024-03-14,2026-06-12
CUST000680,Kiaan Sahota,9,65,2293697.96,254855.33,2024-01-08,2026-03-27
CUST002286,Imaran Prabhu,7,70,2293368.13,327624.02,2024-05-07,2026-05-25
CUST000688,Xavier Rout,6,61,2293338.05,382223.01,2024-10-21,2025-12-27
CUST004353,Gayathri Prabhu,7,62,2293317.95,327616.85,2024-05-24,2026-05-02
CUST000872,Hemani Sem,8,61,2293290.39,286661.3,2024-10-22,2026-07-21
CUST003970,Frederick Bir,10,64,2292663.31,229266.33,2024-02-13,2026-07-21
CUST002355,Adya D’alia,8,71,2292581.11,286572.64,2024-03-03,2026-03-31
CUST002965,Mekhala Kala,9,65,2292274.55,254697.17,2024-05-29,2026-04-25
CUST000815,Eesha Chandran,12,79,2292210.79,191017.57,2025-02-08,2026-03-29
CUST003354,Ubika Soman,10,80,2291270.84,229127.08,2024-03-18,2026-06-16
CUST001421,Jacob Badami,8,61,2291212.09,286401.51,2024-07-01,2026-05-18
CUST000717,Shaurya Bedi,11,71,2290939.56,208267.23,2024-03-03,2026-07-01
CUST000660,Agastya Krishna,11,64,2290734.99,208248.64,2024-01-21,2026-06-06
CUST003209,Tanmayi Prabhu,11,76,2287836.14,207985.1,2024-07-06,2026-07-21
CUST001802,Ati Khosla,9,63,2287532.63,254170.29,2024-02-01,2026-06-20
CUST001151,Kiaan Sharma,11,64,2287445.21,207949.56,2024-02-19,2026-07-21
CUST003014,Anmol Tiwari,9,67,2286602.21,254066.91,2024-03-11,2026-06-13
CUST003522,Maanav Vyas,11,72,2286488.50,207862.59,2024-03-25,2026-06-03
CUST002428,Ishani Kuruvilla,10,69,2286025.56,228602.56,2024-09-13,2026-06-20
CUST003883,Nicholas Ray,12,58,2285771.52,190480.96,2024-02-06,2026-07-13
CUST002489,Bimala Keer,10,64,2285326.74,228532.67,2024-03-01,2026-07-15
CUST004465,Ridhi Boase,10,73,2283595.31,228359.53,2024-01-12,2026-07-12
CUST001572,Victor Tandon,8,58,2283512.83,285439.1,2024-02-03,2026-04-20
CUST002334,Ojas Agarwal,9,68,2283343.13,253704.79,2024-03-27,2025-11-13
CUST002186,Jackson Mohan,9,64,2282711.41,253634.6,2024-03-22,2026-02-16
CUST004557,Abeer Agate,11,79,2280836.77,207348.8,2024-01-31,2026-04-14
CUST001238,Hema Ahuja,10,61,2280490.26,228049.03,2024-01-06,2026-01-18
CUST004096,Parth Raja,7,51,2280371.57,325767.37,2024-04-30,2026-01-11
CUST001248,Ekta Oak,12,80,2278682.77,189890.23,2024-02-22,2026-06-22
CUST004390,Jeremiah Kapadia,8,75,2277538.77,284692.35,2024-08-31,2026-07-09
CUST002252,Yutika Wadhwa,7,58,2277164.62,325309.23,2024-05-01,2026-07-13
CUST002459,Anvi Sarna,8,85,2276624.79,284578.1,2024-04-30,2026-07-21
CUST001780,Rudra Madan,8,63,2275323.28,284415.41,2024-01-15,2026-06-02
CUST003299,Lipika Pandey,9,65,2275030.65,252781.18,2024-01-05,2026-02-17
CUST002640,Ladli Thaker,10,67,2274581.01,227458.1,2024-02-22,2025-11-16
CUST000958,Christopher Sastry,8,58,2274519.38,284314.92,2024-09-20,2026-03-16
CUST003125,Rachana Mukherjee,9,77,2273486.21,252609.58,2024-01-19,2026-04-23
CUST003104,Jeevika Wadhwa,9,60,2272148.15,252460.91,2024-05-11,2026-05-29
CUST002153,Anjali Subramanian,8,63,2271473.92,283934.24,2024-05-23,2026-02-15
CUST002995,Saksham Setty,9,70,2271382.50,252375.83,2024-03-10,2026-04-04
CUST004801,Anamika Shah,9,74,2271279.97,252364.44,2024-12-11,2026-05-01
CUST004378,Yachana Sridhar,10,73,2268916.70,226891.67,2024-05-23,2026-06-12
CUST000573,Adya Murthy,8,68,2268837.93,283604.74,2024-01-16,2026-06-22
CUST001586,Amrita Patel,10,75,2268580.06,226858.01,2024-02-09,2026-05-13
CUST000957,Frado Kohli,9,63,2268498.23,252055.36,2024-02-10,2026-04-27
CUST003380,Noah Prashad,9,62,2267432.01,251936.89,2024-02-07,2026-04-28
CUST003794,Madhav Koshy,14,81,2267005.69,161928.98,2024-06-28,2026-07-07
CUST003328,Yadavi Manda,7,70,2265071.13,323581.59,2024-02-29,2026-07-21
CUST000377,Ekantika Bhattacharyya,8,64,2264851.42,283106.43,2024-04-28,2026-03-28
CUST002625,Manya Solanki,10,60,2264349.80,226434.98,2024-05-11,2026-05-26
CUST001090,Dominic Raju,7,51,2263575.76,323367.97,2024-10-29,2026-04-30
CUST003521,Neel Salvi,11,67,2262417.11,205674.28,2024-02-12,2026-03-29
CUST002437,Amrita Banerjee,10,72,2261795.42,226179.54,2024-04-28,2026-07-03
CUST002000,Rayaan Madan,10,89,2261581.23,226158.12,2024-08-16,2026-07-12
CUST003779,Amara Barad,13,86,2260091.72,173853.21,2024-04-02,2026-05-06
CUST003937,Ayaan Ahuja,10,75,2259956.53,225995.65,2024-03-23,2026-04-26
CUST000571,Hemal Bumb,11,74,2259828.45,205438.95,2024-01-15,2026-05-17
CUST002603,Imaran Kar,10,71,2258954.28,225895.43,2024-01-08,2026-06-04
CUST004285,Balveer Sankaran,9,61,2258757.81,250973.09,2024-01-13,2026-07-12
CUST000667,Qarin Amble,8,63,2258748.05,282343.51,2024-02-05,2026-02-17
CUST000778,Gaurang Chakrabarti,9,70,2258703.88,250967.1,2024-08-28,2026-07-10
CUST004466,Pratyush Yohannan,6,67,2258529.33,376421.56,2024-08-26,2026-02-11
CUST000106,Gaurika Desai,9,60,2258435.55,250937.28,2024-02-06,2026-03-31
CUST003417,Yash Bobal,9,65,2258257.70,250917.52,2024-02-08,2026-01-21
CUST003222,Anay Seshadri,12,70,2257563.83,188130.32,2024-06-25,2026-04-24
CUST001297,Kabir Dey,9,63,2257118.19,250790.91,2024-01-26,2026-03-15
CUST003881,Shravya Buch,9,71,2256780.45,250753.38,2024-02-22,2026-02-16
CUST000460,Sneha Sangha,10,74,2256637.36,225663.74,2024-02-12,2026-03-19
CUST002102,Parth Sinha,9,60,2256611.93,250734.66,2024-02-13,2026-04-09
CUST001177,Anmol Mallick,10,56,2255865.98,225586.6,2024-03-19,2026-07-21
CUST004652,Manan Sagar,10,72,2255385.51,225538.55,2024-07-11,2026-05-30
CUST003479,Amol Thakkar,13,89,2255132.96,173471.77,2024-05-15,2026-05-01
CUST003360,Banjeet Sama,11,66,2252541.00,204776.45,2024-02-03,2026-04-16
CUST003398,Praneel Bala,10,68,2252086.66,225208.67,2024-07-18,2025-12-20
CUST001062,Neel Thakur,7,70,2251866.44,321695.21,2024-05-28,2026-02-17
CUST003677,Turvi Sidhu,9,52,2250140.60,250015.62,2024-01-22,2025-10-01
CUST004044,Udyati Sabharwal,10,64,2250109.10,225010.91,2024-02-26,2026-04-05
CUST001515,Shivansh Tella,10,65,2250078.95,225007.9,2024-03-15,2026-01-11
CUST003984,Samar Yogi,8,53,2248423.01,281052.88,2024-03-26,2026-06-27
CUST003655,Mahika More,11,66,2247825.12,204347.74,2024-01-21,2026-03-26
CUST002926,Forum Pradhan,9,75,2247803.62,249755.96,2024-01-30,2026-06-06
CUST003400,Girish Kanda,5,48,2247077.65,449415.53,2024-03-14,2026-05-02
CUST003682,Ansh Lal,8,67,2244610.57,280576.32,2024-05-12,2026-06-02
CUST004769,Eesha Mitra,10,84,2244430.63,224443.06,2024-03-17,2026-04-27
CUST002800,Patrick Sankar,9,60,2243911.08,249323.45,2024-01-15,2026-06-24
CUST004865,Bimala Salvi,10,58,2243667.61,224366.76,2024-03-27,2026-07-13
CUST002985,Aarini Mohanty,12,69,2243070.17,186922.51,2024-02-05,2026-07-13
CUST001562,Karan Dalal,10,70,2242535.86,224253.59,2024-01-16,2026-04-08
CUST004588,Jagvi Dora,9,56,2240910.01,248990.0,2024-01-13,2026-07-07
CUST003414,David Kulkarni,9,66,2240764.77,248973.86,2024-02-11,2026-05-04
CUST002288,Balvan Bhasin,6,61,2240659.29,373443.22,2024-05-04,2026-03-26
CUST001523,Wriddhish Dugar,8,60,2240523.46,280065.43,2024-02-03,2026-07-21
CUST002968,Mohammed Mukherjee,9,61,2240351.38,248927.93,2024-02-06,2026-05-01
CUST001979,Dhriti Dugal,9,74,2240183.97,248909.33,2024-03-21,2026-04-17
CUST004721,Jacob Vohra,11,76,2239695.28,203608.66,2024-06-09,2026-03-30
CUST004202,Vedhika Kohli,8,61,2239584.88,279948.11,2024-06-09,2026-07-14
CUST000497,Yashoda Kapur,7,70,2238785.31,319826.47,2024-02-04,2026-07-21
CUST002571,Ojas Kumer,10,75,2238708.00,223870.8,2024-04-19,2026-07-12
CUST003648,Fitan Bose,12,61,2238425.61,186535.47,2024-01-19,2026-07-10
CUST003431,Januja Kapadia,8,71,2236040.37,279505.05,2024-09-17,2026-07-18
CUST003833,Jagdish Yohannan,7,58,2236032.45,319433.21,2024-01-19,2026-05-16
CUST001022,Daksh Vyas,5,61,2235940.65,447188.13,2024-01-27,2025-10-14
CUST001354,Nakul Natarajan,11,76,2235902.35,203263.85,2024-01-13,2026-06-25
CUST001676,Chavvi Ahluwalia,8,59,2235843.80,279480.48,2024-03-03,2026-06-02
CUST003114,Qushi Padmanabhan,10,67,2235696.63,223569.66,2024-02-17,2026-01-31
CUST000760,Wahab Talwar,10,67,2235376.96,223537.7,2024-01-24,2026-07-01
CUST002925,Ayaan Manda,6,51,2234820.33,372470.06,2024-02-02,2026-07-04
CUST002414,Manbir Jaggi,8,60,2234241.54,279280.19,2024-03-01,2026-04-02
CUST002142,Bhavini Warrior,9,74,2233571.02,248174.56,2024-10-01,2026-04-01
CUST000785,Nimrat Kala,6,59,2232690.33,372115.06,2024-10-22,2026-02-17
CUST000622,Meera Bahri,6,55,2231671.82,371945.3,2024-06-25,2026-04-15
CUST000261,Ojas Vasa,8,66,2231005.10,278875.64,2024-01-26,2026-07-18
CUST003236,Finn Sridhar,9,70,2230312.36,247812.48,2024-02-10,2026-05-20
CUST004783,Ekavir Hans,9,72,2230099.44,247788.83,2024-07-21,2026-03-29
CUST004838,Mitali Mitra,9,70,2228970.63,247663.4,2024-02-21,2026-02-23
CUST004815,Ethan Walia,7,59,2228816.35,318402.34,2024-07-01,2026-05-12
CUST004257,Omkaar Bajaj,11,76,2228593.10,202599.37,2024-03-04,2026-05-16
CUST003146,Lucky Issac,9,61,2228557.94,247617.55,2024-07-14,2026-06-01
CUST003051,Upadhriti Barad,11,68,2227919.97,202538.18,2024-05-20,2025-08-25
CUST003246,Vrishti Seshadri,12,84,2226384.37,185532.03,2024-01-05,2026-07-03
CUST003425,Jasmit Sodhi,10,65,2226206.10,222620.61,2024-03-26,2025-09-22
CUST000989,Damini Kala,9,65,2226148.42,247349.82,2024-05-24,2026-05-16
CUST002636,Ojasvi Suri,11,76,2225959.97,202360.0,2024-01-13,2026-05-15
CUST003562,Aadhya Golla,14,81,2225328.93,158952.07,2024-04-03,2026-06-09
CUST000208,Anya Khatri,8,59,2225051.42,278131.43,2024-03-24,2026-06-10
CUST004373,Owen Morar,9,67,2224634.77,247181.64,2024-01-10,2026-07-08
CUST001099,Lucky Sura,10,68,2224622.69,222462.27,2024-04-26,2025-08-30
CUST004797,Jonathan Dayal,8,59,2223384.68,277923.09,2024-02-24,2026-07-10
CUST001744,Tristan Hari,9,71,2222915.19,246990.58,2024-04-12,2026-06-12
CUST001730,Andrew Kannan,10,66,2221278.64,222127.86,2024-02-05,2025-12-23
CUST003118,Aarnav Minhas,8,70,2221242.92,277655.37,2024-05-24,2026-05-17
CUST000431,Gaurangi Sarraf,8,50,2218046.58,277255.82,2024-02-22,2026-07-21
CUST001289,Jhalak Dara,11,70,2217966.58,201633.33,2024-05-14,2026-03-19
CUST002613,Rehaan Kurian,7,56,2216606.01,316658.0,2024-01-23,2025-10-15
CUST003163,Nimrat Kumer,9,70,2214792.32,246088.04,2024-10-11,2026-03-22
CUST002975,Anmol Ganesh,11,69,2214173.77,201288.52,2024-11-08,2026-07-05
CUST003317,Krishna Choudhury,10,63,2213745.89,221374.59,2024-03-21,2026-05-07
CUST000866,Frederick Gaba,6,55,2212539.44,368756.57,2024-05-08,2025-12-11
CUST000043,Bina Sengupta,11,69,2212497.99,201136.18,2024-04-28,2026-05-04
CUST004858,Pooja Andra,8,62,2210960.58,276370.07,2024-01-16,2026-01-06
CUST002362,Rayaan Dhawan,9,58,2210373.53,245597.06,2024-02-11,2026-05-23
CUST001321,Wridesh Sarkar,8,54,2209917.37,276239.67,2024-01-14,2026-07-21
CUST002329,Dalaja Nagar,10,52,2209882.76,220988.28,2024-02-04,2026-05-26
CUST004922,Kai Nath,11,76,2209233.56,200839.41,2024-10-11,2026-07-21
CUST004187,Farhan Puri,9,56,2209025.43,245447.27,2024-07-22,2026-06-17
CUST002943,Bishakha Vaidya,8,71,2208631.62,276078.95,2024-03-14,2026-07-15
CUST002023,Rishi Oak,7,59,2208570.77,315510.11,2024-01-29,2026-07-12
CUST002890,Chandani Kale,7,57,2208220.22,315460.03,2024-08-14,2026-02-04
CUST003443,Yashoda Bahl,10,77,2208110.17,220811.02,2024-02-25,2026-01-12
CUST004880,Sai Shere,9,63,2206394.41,245154.93,2024-09-01,2026-07-07
CUST003867,Mitesh Apte,10,56,2206221.21,220622.12,2024-05-20,2026-06-15
CUST000595,Laksh Mammen,9,58,2205811.78,245090.2,2024-05-21,2026-07-15
CUST002641,Aishani Jhaveri,8,59,2205783.91,275722.99,2024-04-06,2026-02-07
CUST002893,Aradhana Srivastava,8,71,2205741.30,275717.66,2024-04-05,2026-06-19
CUST002973,Faraj Oza,7,57,2205120.23,315017.18,2024-02-11,2025-06-05
CUST000928,Balendra Muni,12,80,2204964.59,183747.05,2024-02-02,2026-06-03
CUST003241,Patrick Modi,11,63,2204796.72,200436.07,2024-05-26,2026-04-18
CUST001878,Raagini Mody,9,67,2204487.55,244943.06,2024-01-06,2026-07-14
CUST003870,Udyati Pal,8,55,2202850.66,275356.33,2024-01-15,2025-10-05
CUST001156,Nikita Chopra,6,51,2201536.32,366922.72,2024-02-19,2026-02-05
CUST002039,Yug Mukherjee,10,76,2200960.66,220096.07,2024-07-24,2026-07-19
CUST003080,Mitesh Pall,9,63,2199729.28,244414.36,2024-06-18,2026-06-14
CUST000492,Ansh Doshi,6,58,2199533.33,366588.89,2024-01-13,2026-07-08
CUST000013,Laban Nayak,11,61,2198450.32,199859.12,2024-01-15,2026-04-18
CUST004906,Yatan Vala,5,50,2198361.53,439672.31,2024-03-03,2026-02-12
CUST003602,Mahika Prakash,12,62,2197655.80,183137.98,2024-03-16,2026-05-13
CUST002866,Anmol Sachar,6,59,2197485.39,366247.57,2024-05-14,2026-04-21
CUST000756,Alexander Sarma,7,50,2196138.40,313734.06,2024-06-27,2026-04-06
CUST004562,Onveer Sur,7,64,2195650.04,313664.29,2024-01-21,2026-03-23
CUST001333,Ria Doctor,7,52,2195250.78,313607.25,2024-01-06,2025-10-13
CUST003032,Nathaniel Sagar,9,62,2195087.42,243898.6,2024-04-05,2026-06-09
CUST004175,Bahadurjit Bir,7,57,2194408.31,313486.9,2024-08-08,2026-06-15
CUST003672,Tanmayi Vaidya,11,63,2194220.45,199474.59,2024-02-05,2026-02-10
CUST004820,Ucchal Gala,7,59,2193598.26,313371.18,2024-03-07,2025-11-15
CUST003752,Unni Srinivasan,9,64,2193577.92,243730.88,2024-03-10,2026-07-07
CUST004718,Rajata Narasimhan,9,65,2193569.68,243729.96,2024-09-08,2026-02-16
CUST004274,Anusha Ramaswamy,13,67,2192989.20,168691.48,2024-08-08,2026-07-13
CUST004437,Hritik Gola,9,66,2192804.92,243644.99,2024-01-23,2026-06-14
CUST000213,Kamya Tripathi,7,61,2192697.09,313242.44,2024-09-24,2026-05-25
CUST004531,Qushi Solanki,10,80,2192514.24,219251.42,2024-01-04,2026-04-21
CUST002597,Waida Zacharia,8,66,2191215.38,273901.92,2024-01-11,2026-06-24
CUST000601,Manthan Bath,9,69,2190245.11,243360.57,2024-02-06,2026-04-24
CUST002901,Aradhana Grewal,7,56,2189648.60,312806.94,2024-04-29,2026-07-21
CUST001801,Wyatt Pai,8,54,2189514.79,273689.35,2024-01-11,2026-03-27
CUST000533,Ekantika Sidhu,8,54,2189331.73,273666.47,2024-02-24,2026-04-05
CUST004791,Samaksh Devi,8,63,2188679.45,273584.93,2024-01-16,2026-05-25
CUST004058,Ikbal Gade,9,71,2188107.25,243123.03,2024-02-27,2026-06-14
CUST000426,Nandini Hans,7,59,2187793.58,312541.94,2024-03-05,2026-07-21
CUST002213,Wriddhish Char,6,64,2186889.82,364481.64,2024-05-09,2026-06-05
CUST003646,Saksham Barad,10,80,2186265.76,218626.58,2024-04-25,2026-06-22
CUST003428,Aditya Uppal,6,57,2185933.58,364322.26,2025-02-03,2026-07-12
CUST003119,Neel Warrior,10,69,2185104.25,218510.43,2024-05-01,2026-07-21
CUST003033,Leela Barad,7,57,2185065.29,312152.18,2024-08-17,2026-06-23
CUST001529,Imaran Panchal,6,55,2183983.64,363997.27,2024-03-04,2026-04-09
CUST004068,Shaurya Singh,9,62,2183880.01,242653.33,2024-03-17,2026-07-21
CUST000302,Eiravati Maharaj,8,63,2183606.26,272950.78,2024-05-21,2026-05-18
CUST001242,Yashodhara Shetty,10,55,2182539.25,218253.93,2024-02-05,2025-10-03
CUST000133,Kashish Kalla,11,69,2182465.47,198405.95,2024-05-17,2026-03-08
CUST004750,Ikshita Lalla,10,75,2181862.42,218186.24,2024-03-30,2026-06-06
CUST002996,Wazir Bhat,11,69,2181804.42,198345.86,2024-01-19,2026-06-05
CUST003251,Joshua Chopra,12,72,2181553.38,181796.12,2024-08-12,2026-04-17
CUST003162,Gagan Madan,9,60,2181530.21,242392.25,2024-06-22,2026-04-23
CUST004983,Omkaar Karan,7,55,2181248.91,311606.99,2024-02-12,2026-05-20
CUST003565,Dalaja Hans,10,74,2180659.72,218065.97,2024-06-23,2026-04-23
CUST002859,Chaitanya Chokshi,7,61,2180387.92,311483.99,2024-01-27,2026-06-22
CUST004723,Nilima Palan,7,68,2180046.93,311435.28,2024-10-07,2026-07-15
CUST003831,Ubika Chopra,7,56,2180003.53,311429.08,2025-02-25,2026-06-10
CUST001094,Rayaan Padmanabhan,10,63,2179962.85,217996.29,2024-01-27,2026-03-19
CUST003442,Dhriti Char,9,64,2179422.07,242158.01,2024-01-27,2026-07-10
CUST003083,Pavani Gade,11,67,2179038.05,198094.37,2024-01-14,2025-09-08
CUST004641,Jalsa Ghose,9,56,2176692.66,241854.74,2024-04-05,2026-06-24
CUST003292,Rehaan Bath,10,64,2176553.90,217655.39,2024-01-15,2026-07-21
CUST000135,Amaira Shroff,9,61,2176490.20,241832.24,2024-02-22,2026-04-02
CUST000851,Aadhya Bir,10,58,2174585.60,217458.56,2024-04-09,2026-07-21
CUST000654,Yashoda Choudhury,10,63,2174236.42,217423.64,2024-03-19,2026-05-20
CUST003925,Anjali Handa,7,62,2172545.64,310363.66,2024-04-12,2026-04-28
CUST003166,Abha Karan,8,74,2171956.05,271494.51,2024-09-20,2026-03-24
CUST001624,Advay Oommen,9,71,2171110.81,241234.53,2024-06-08,2026-07-12
CUST001992,Bakhshi Yohannan,11,70,2170976.00,197361.45,2024-01-07,2026-05-11
CUST004246,Mitali Lalla,10,65,2170538.76,217053.88,2024-04-16,2026-06-30
CUST001188,Lila Kar,10,65,2170513.19,217051.32,2024-06-15,2026-07-11
CUST004472,Udant Garg,7,66,2170151.44,310021.63,2024-01-16,2026-06-17
CUST001390,Fariq Rajagopalan,9,59,2169422.48,241046.94,2024-01-01,2026-07-08
CUST001495,Vasudha Dube,8,57,2168662.19,271082.77,2024-01-20,2026-07-12
CUST003828,Onkar Bahl,10,68,2168552.46,216855.25,2024-07-14,2026-04-23
CUST000338,Victor Sethi,9,67,2168030.49,240892.28,2024-03-12,2026-03-02
CUST000793,Onkar Rana,10,65,2167533.76,216753.38,2024-05-24,2026-03-27
CUST000527,Samarth Bajwa,10,57,2167463.76,216746.38,2024-02-13,2026-07-21
CUST004139,Sai Kari,10,59,2167293.24,216729.32,2024-03-06,2026-06-25
CUST002491,Vasudha Ranganathan,9,61,2166108.57,240678.73,2024-02-20,2026-07-09
CUST000542,Azaan Sami,9,65,2164236.05,240470.67,2024-03-10,2026-06-22
CUST004802,Kamya Ben,11,73,2164202.35,196745.67,2024-02-07,2025-09-25
CUST003548,Abhimanyu Sem,11,62,2164034.31,196730.39,2024-06-05,2026-05-26
CUST003143,Madhav Vora,8,55,2163577.92,270447.24,2024-01-24,2026-06-09
CUST004518,Yoshita Cherian,8,69,2163529.65,270441.21,2024-07-08,2026-06-17
CUST002986,Jasmit Deep,13,70,2163465.62,166420.43,2024-01-02,2026-07-15
CUST003060,Hitesh Kale,11,73,2163457.94,196677.99,2024-01-05,2026-03-07
CUST000314,Advay Dey,7,56,2162970.31,308995.76,2024-02-11,2026-06-24
CUST001389,Dalbir Chowdhury,6,56,2162623.31,360437.22,2024-07-11,2026-04-16
CUST000692,Yadavi Setty,9,62,2162156.97,240239.66,2024-05-15,2026-07-21
CUST004657,Gaurangi De,8,63,2161118.01,270139.75,2024-02-28,2026-07-21
CUST000511,Nakul Palla,8,54,2158516.16,269814.52,2024-03-11,2026-05-29
CUST002160,Ridhi Kamdar,12,68,2157592.83,179799.4,2024-02-12,2026-07-05
CUST003839,Netra Mani,10,62,2157261.24,215726.12,2024-07-26,2026-05-21
CUST000491,Udarsh Taneja,9,66,2156843.04,239649.23,2024-04-02,2026-07-16
CUST002090,Arunima Prashad,6,52,2156828.34,359471.39,2024-01-08,2026-03-30
CUST004945,Chaitanya Dhar,11,60,2156720.47,196065.5,2024-01-08,2026-06-09
CUST004477,Vinaya Kala,10,68,2156394.72,215639.47,2024-01-02,2026-06-18
CUST000105,Balvan Varughese,9,63,2155958.26,239550.92,2024-01-18,2026-03-04
CUST003622,Jason Sha,8,55,2155927.38,269490.92,2024-03-21,2026-07-21
CUST001945,Azaan Deshmukh,11,64,2155089.51,195917.23,2024-11-22,2026-07-21
CUST001547,Nikita Chadha,4,55,2154439.13,538609.78,2025-04-20,2026-02-16
CUST004674,Ayush Madan,11,68,2154138.79,195830.8,2024-01-18,2026-02-26
CUST002910,Dhriti Buch,7,56,2153909.17,307701.31,2024-01-24,2025-11-03
CUST001054,Omisha Majumdar,7,52,2153001.55,307571.65,2024-03-16,2026-01-10
CUST000048,Yamini Sinha,7,51,2152335.30,307476.47,2024-02-07,2026-01-26
CUST004891,Advay Dixit,9,61,2151623.96,239069.33,2024-01-04,2026-05-16
CUST000207,Upma Soman,7,63,2151589.15,307369.88,2024-03-17,2026-03-01
CUST003244,Patrick Nigam,8,52,2151373.61,268921.7,2024-08-31,2026-07-21
CUST001115,Odika Nagar,10,66,2150238.33,215023.83,2024-01-20,2026-07-01
CUST000689,Farhan Sangha,9,65,2149849.02,238872.11,2024-09-02,2025-12-11
CUST003680,Ganga Sami,8,66,2149426.43,268678.3,2024-02-26,2026-07-21
CUST003754,Tejas Magar,5,55,2148884.15,429776.83,2024-03-01,2025-06-09
CUST001069,Mohammed Mohan,8,69,2147857.85,268482.23,2024-08-16,2026-06-22
CUST000396,Samaksh Purohit,8,60,2147587.78,268448.47,2024-01-29,2026-02-11
CUST004636,Radhika Savant,9,59,2145504.55,238389.39,2024-03-13,2026-03-14
CUST003334,Bhanumati Dugal,8,64,2143919.91,267989.99,2024-01-10,2025-09-15
CUST002328,Urmi Chaudhuri,9,72,2143640.52,238182.28,2024-01-02,2026-05-09
CUST004189,Chasmum Ray,8,60,2143088.14,267886.02,2024-01-10,2026-06-14
CUST003063,Nidhi Rama,8,53,2141869.99,267733.75,2024-01-10,2026-06-14
CUST000229,Aarnav Palla,9,58,2141811.63,237979.07,2024-03-20,2026-07-21
CUST001286,Jason Nayak,10,73,2140956.01,214095.6,2024-04-03,2026-07-21
CUST002607,Xalak Chaudhuri,6,53,2140955.17,356825.86,2024-04-30,2026-04-21
CUST001133,Saanvi Loyal,9,66,2140878.62,237875.4,2024-10-19,2026-04-18
CUST003483,Kashish Yadav,10,58,2140295.96,214029.6,2024-01-24,2026-03-12
CUST000031,Farhan Pingle,9,56,2140090.09,237787.79,2024-04-18,2026-07-16
CUST000627,Leela Chauhan,9,51,2139234.56,237692.73,2024-07-19,2026-04-20
CUST004001,Indrajit Tara,9,70,2137432.20,237492.47,2024-07-13,2026-05-31
CUST000881,Vedant Tripathi,7,57,2137036.17,305290.88,2024-05-24,2026-05-21
CUST004130,Upkaar Deo,6,54,2136733.75,356122.29,2024-03-13,2025-12-30
CUST003874,Chaitanya Prabhu,7,61,2136180.37,305168.62,2024-05-31,2026-03-30
CUST001224,Laban Mahajan,8,65,2135966.13,266995.77,2024-05-15,2026-06-03
CUST000306,Darpan Walla,8,60,2135840.62,266980.08,2024-01-20,2026-05-14
CUST004162,Eta Shere,9,64,2135653.98,237294.89,2024-09-16,2026-05-16
CUST003046,Faras Wason,8,76,2135272.67,266909.08,2024-01-20,2026-06-23
CUST004381,Ekta Sastry,7,60,2134712.55,304958.94,2024-08-01,2026-01-08
CUST001109,Mekhala Suri,7,56,2133697.61,304813.94,2024-05-09,2026-05-04
CUST001058,Hemal Jani,9,54,2133653.09,237072.57,2024-02-21,2026-06-21
CUST002997,Zilmil Ratti,10,64,2133232.05,213323.21,2024-01-06,2026-07-21
CUST000163,Abeer Devan,7,53,2133030.40,304718.63,2024-02-15,2026-03-11
CUST001123,Shivani Johal,10,81,2132753.90,213275.39,2024-01-17,2026-07-21
CUST000634,Anvi Nagi,11,62,2131200.85,193745.53,2024-01-29,2026-05-05
CUST003358,Janaki Pau,7,63,2130512.59,304358.94,2024-04-14,2026-04-17
CUST000211,Anthony Bhavsar,9,56,2129489.53,236609.95,2024-07-04,2026-04-08
CUST004145,Ijaya Goel,8,58,2129292.53,266161.57,2024-01-25,2026-06-13
CUST004026,Harini Virk,12,69,2129099.87,177424.99,2024-01-26,2026-06-10
CUST004422,Krishna Sagar,8,61,2128961.00,266120.13,2024-06-19,2026-07-02
CUST001443,Shivani Dayal,13,57,2127512.65,163654.82,2024-01-23,2026-04-16
CUST001343,Lajita Jayaraman,9,64,2127404.91,236378.32,2024-04-18,2026-02-28
CUST003504,Kashish Khanna,9,51,2127294.87,236366.1,2024-03-17,2026-03-18
CUST002765,Jairaj Sundaram,8,63,2126418.02,265802.25,2024-09-03,2026-07-02
CUST002795,Jeet Sura,9,64,2126305.10,236256.12,2024-04-20,2026-03-22
CUST004475,Qadim Narain,10,70,2125618.05,212561.81,2024-04-02,2026-07-04
CUST003070,Wakeeta Sabharwal,8,61,2124615.08,265576.89,2024-11-25,2026-06-30
CUST004879,Banjeet Yohannan,9,58,2124204.44,236022.72,2024-05-13,2026-05-10
CUST004867,Vinaya Deshpande,6,56,2123997.90,353999.65,2024-04-11,2025-12-05
CUST001848,Omya Tripathi,11,77,2123948.17,193086.2,2024-07-19,2026-07-21
CUST002629,Falan Pandey,11,57,2123699.79,193063.62,2024-03-14,2026-05-11
CUST002233,Rohan Radhakrishnan,7,68,2123674.89,303382.13,2024-03-15,2026-06-26
CUST003150,Tanay Amble,9,63,2122227.74,235803.08,2024-04-08,2026-07-15
CUST003305,Darpan Soman,6,51,2121229.26,353538.21,2024-06-05,2026-05-08
CUST004673,Upkaar Varghese,10,62,2121150.21,212115.02,2024-01-16,2026-07-21
CUST003376,Vrishti Kadakia,10,64,2120730.96,212073.1,2024-04-25,2026-02-18
CUST002216,Qadim Ravel,10,71,2119711.75,211971.18,2024-02-25,2026-06-22
CUST004985,Krishna Bedi,10,60,2119619.70,211961.97,2024-03-25,2026-06-18
CUST004711,Shivansh Bedi,9,70,2117630.63,235292.29,2024-02-19,2026-06-14
CUST000310,Tanveer Choudhury,11,73,2115710.28,192337.3,2024-01-10,2026-07-19
CUST003410,Quincy Sawhney,7,49,2115302.77,302186.11,2024-04-30,2025-12-04
CUST002971,Tripti Sarma,9,72,2115068.87,235007.65,2024-05-08,2026-01-08
CUST001187,Nitesh Khalsa,10,68,2113982.43,211398.24,2024-04-28,2026-07-13
CUST004448,Pranit Dara,6,53,2113861.37,352310.23,2024-02-21,2025-09-05
CUST004949,Unni Doctor,8,61,2113714.55,264214.32,2024-08-21,2025-10-31
CUST002688,Tanvi Pai,9,67,2113470.79,234830.09,2024-01-11,2026-07-16
CUST002959,Ekaraj Chaudry,8,50,2112487.04,264060.88,2024-02-19,2026-03-20
CUST002819,Manbir Pradhan,7,55,2112373.69,301767.67,2024-04-29,2026-06-06
CUST004555,Vyanjana Buch,7,45,2112058.86,301722.69,2024-09-04,2026-06-11
CUST001514,Darika Sastry,6,61,2111326.28,351887.71,2024-03-04,2026-04-04
CUST002896,Harish Rattan,7,61,2111047.52,301578.22,2024-01-09,2026-07-21
CUST000173,Siddharth Kamdar,7,49,2109572.74,301367.53,2024-08-23,2026-06-27
CUST003452,Ranveer Baria,9,73,2109485.06,234387.23,2024-03-06,2026-04-19
CUST002998,Vrishti Dhar,7,49,2109416.09,301345.16,2024-02-13,2026-06-03
CUST000245,Riya Dutt,9,69,2109394.25,234377.14,2024-04-03,2026-04-21
CUST003329,Ojasvi Dhingra,11,65,2108794.24,191708.57,2024-05-23,2026-07-10
CUST003254,Jai Deep,8,55,2108460.27,263557.53,2024-02-07,2026-04-27
CUST003943,Abhimanyu Tailor,8,62,2108269.23,263533.65,2024-03-06,2026-07-07
CUST004575,Yoshita Kalla,10,48,2108133.14,210813.31,2024-04-12,2026-07-05
CUST004717,Zaitra Patil,9,69,2108126.49,234236.28,2024-02-13,2026-04-27
CUST001195,Teerth Bhat,9,68,2106585.48,234065.05,2024-02-07,2026-07-21
CUST003396,Thomas Kalla,8,67,2106290.17,263286.27,2024-06-18,2026-02-06
CUST002259,Wahab Varma,8,51,2105684.19,263210.52,2024-01-03,2026-07-05
CUST001531,Arunima Bose,13,74,2105070.85,161928.53,2024-05-29,2026-06-16
CUST001595,Arya Tripathi,10,82,2104686.34,210468.63,2024-01-24,2026-05-31
CUST000181,Vedika Kapur,12,56,2104327.92,175360.66,2024-01-06,2026-07-21
CUST002687,Vasatika Srinivasan,6,50,2104263.13,350710.52,2024-03-15,2026-04-29
CUST003788,Omya Iyer,9,58,2104075.96,233786.22,2024-02-11,2026-06-19
CUST004254,Robert Salvi,8,60,2103361.33,262920.17,2024-04-01,2026-01-07
CUST001334,Victor Madan,11,68,2102201.75,191109.25,2024-02-12,2026-04-21
CUST004167,Owen Walla,8,66,2101896.63,262737.08,2024-01-12,2025-12-08
CUST002888,Amaira Rana,8,60,2101673.46,262709.18,2024-06-09,2026-06-20
CUST003298,Vrishti Singh,9,54,2101482.61,233498.07,2024-02-14,2026-07-08
CUST001738,Faqid Kamdar,8,63,2100328.87,262541.11,2024-02-03,2026-05-24
CUST001282,Ishanvi Chacko,8,57,2100298.90,262537.36,2024-02-13,2026-07-21
CUST000562,Dayamai Garg,9,67,2099599.16,233288.8,2024-03-11,2026-07-16
CUST000422,Harinakshi Chaudhuri,7,64,2099114.02,299873.43,2024-01-08,2026-04-15
CUST003705,Madhav Menon,9,60,2098279.65,233142.18,2024-01-25,2026-06-10
CUST001012,Charita Raman,7,58,2098167.46,299738.21,2024-06-06,2026-01-14
CUST004790,Arya Singh,9,61,2096976.17,232997.35,2024-01-10,2026-02-26
CUST000033,Rudra Mukherjee,10,65,2096433.62,209643.36,2024-03-05,2026-07-21
CUST004969,Anirudh Mand,11,60,2095705.02,190518.64,2024-04-23,2026-05-14
CUST002658,Kabir Subramanian,9,55,2095581.26,232842.36,2024-02-12,2026-06-25
CUST003464,Siddharth Savant,7,67,2095157.87,299308.27,2024-02-02,2026-05-12
CUST002818,Girish Sachdev,8,65,2094701.94,261837.74,2024-06-21,2026-07-01
CUST000843,Alka Oak,7,69,2094599.67,299228.52,2024-07-06,2026-01-08
CUST000049,Maanav Basak,8,59,2094329.85,261791.23,2024-02-16,2026-07-06
CUST001577,David Sehgal,7,60,2093637.42,299091.06,2024-01-06,2025-11-01
CUST002914,Onkar Sabharwal,8,48,2093441.93,261680.24,2024-05-11,2025-12-16
CUST000496,Bhanumati Seshadri,8,69,2093264.44,261658.06,2024-02-09,2026-06-09
CUST004011,Jai Boase,10,59,2093003.00,209300.3,2024-05-08,2026-07-13
CUST001600,Alexander Choudhary,8,71,2092323.97,261540.5,2024-02-21,2026-01-10
CUST004934,Oscar Agarwal,7,57,2091876.93,298839.56,2024-12-10,2026-06-13
CUST002785,Isaac Dutt,11,70,2091515.61,190137.78,2024-04-22,2026-07-08
CUST000998,Yug Narayan,5,57,2091118.53,418223.71,2024-01-24,2026-07-09
CUST004598,Mohini Barman,9,64,2089726.91,232191.88,2024-02-29,2025-12-22
CUST000723,Jagat Mutti,7,56,2089694.20,298527.74,2024-02-29,2025-08-29
CUST004200,Pratyush Khurana,7,55,2088685.37,298383.62,2024-08-19,2026-04-01
CUST001052,Radhika Dutt,10,54,2088544.52,208854.45,2024-02-02,2026-07-10
CUST003805,Faraj Sibal,10,60,2088502.89,208850.29,2024-07-26,2026-07-21
CUST002277,Kabir Deshpande,8,55,2088151.84,261018.98,2024-06-18,2026-04-27
CUST002139,Lohit Palla,10,69,2087946.67,208794.67,2024-09-03,2026-03-25
CUST000380,Turvi Sheth,10,68,2087639.42,208763.94,2024-04-27,2026-03-17
CUST002449,Farhan Borra,8,58,2086681.38,260835.17,2024-01-21,2026-04-18
CUST000436,Chatresh Sharma,10,57,2086086.85,208608.69,2024-01-11,2026-06-11
CUST001476,Ekansh Karnik,8,64,2085661.94,260707.74,2024-03-10,2026-07-21
CUST004951,Abhiram Modi,11,66,2084930.98,189539.18,2024-05-26,2026-07-03
CUST001258,Omaja Manda,8,61,2084010.92,260501.37,2024-09-23,2026-02-26
CUST004719,Fiyaz Edwin,8,49,2084001.15,260500.14,2024-08-27,2026-06-28
CUST001106,Kavya Sathe,8,57,2083999.92,260499.99,2024-02-10,2025-10-11
CUST003139,Gaurang Nagar,7,54,2083547.04,297649.58,2024-02-14,2026-04-20
CUST001294,Lajita Swamy,10,77,2083296.05,208329.61,2024-01-18,2026-04-21
CUST003049,Yagnesh Kanda,11,66,2082850.12,189350.01,2024-12-04,2026-04-11
CUST004508,Logan Menon,10,64,2082251.27,208225.13,2024-03-12,2026-07-21
CUST002156,Udarsh Chander,10,73,2082242.45,208224.25,2024-02-08,2025-11-01
CUST000584,Ishaan Krishnamurthy,6,41,2081275.46,346879.24,2024-02-18,2026-05-21
CUST003818,Anusha Rastogi,8,49,2080663.44,260082.93,2024-01-28,2026-02-22
CUST000557,Jason Kakar,9,57,2080372.22,231152.47,2024-03-03,2026-03-22
CUST003713,Sathvik Golla,10,61,2080005.84,208000.58,2024-07-03,2026-07-21
CUST002438,Falak Deshpande,9,66,2079033.61,231003.73,2024-03-17,2026-07-21
CUST003650,Christopher Talwar,11,86,2077502.12,188863.83,2024-02-22,2026-06-17
CUST002361,Siya Chad,6,42,2076964.98,346160.83,2024-07-04,2025-11-01
CUST000895,Onveer Virk,12,66,2076268.79,173022.4,2024-03-13,2025-10-12
CUST000470,Advay Wason,11,65,2075767.32,188706.12,2024-03-06,2026-04-21
CUST000188,Matthew Chad,8,54,2075278.07,259409.76,2024-07-09,2026-03-27
CUST000913,Abha Patel,6,59,2074892.34,345815.39,2024-02-23,2026-04-10
CUST004780,Arin Balay,9,56,2074822.40,230535.82,2024-03-10,2026-05-24
CUST003526,Yochana Sawhney,6,48,2074735.84,345789.31,2024-06-05,2026-06-24
CUST000888,Balhaar Dutta,7,48,2074617.91,296373.99,2024-10-09,2026-03-10
CUST004028,Indira Dhillon,9,57,2074493.26,230499.25,2024-03-11,2026-04-27
CUST003267,Udant Biswas,11,67,2073682.66,188516.61,2024-02-22,2026-06-24
CUST000594,Mahika Vaidya,5,59,2072897.79,414579.56,2024-06-01,2026-04-17
CUST002471,Unnati Sanghvi,9,81,2071890.88,230210.1,2024-12-05,2026-07-21
CUST000948,Garima Wali,8,56,2071543.71,258942.96,2024-02-14,2026-07-15
CUST000838,Darika Pingle,7,59,2070751.17,295821.6,2024-03-20,2026-02-25
CUST003962,Avni Balasubramanian,9,63,2070644.84,230071.65,2024-01-19,2026-01-15
CUST003042,Dipta Narang,7,62,2070578.15,295796.88,2024-01-07,2026-01-31
CUST002349,Urishilla Ramanathan,9,67,2070007.25,230000.81,2024-05-21,2026-03-09
CUST002653,Isaac Modi,7,70,2069269.90,295609.99,2024-07-01,2026-01-09
CUST004868,Frederick Nayak,11,65,2068210.78,188019.16,2024-06-01,2026-06-13
CUST001664,Wazir Dugar,9,50,2068019.62,229779.96,2024-03-06,2026-02-12
CUST004501,Brinda Cherian,9,47,2067340.45,229704.49,2024-07-04,2026-02-24
CUST002451,Neelima Prakash,7,60,2066807.83,295258.26,2024-02-25,2026-06-19
CUST002806,Ekanta Kadakia,9,59,2066684.56,229631.62,2024-02-12,2026-07-16
CUST004630,Bakhshi Chada,10,65,2066268.59,206626.86,2024-10-25,2026-06-28
CUST004111,Brinda Balasubramanian,12,81,2065866.90,172155.58,2024-05-10,2026-04-05
CUST003641,Tamanna Borra,8,62,2064512.41,258064.05,2024-01-24,2026-01-22
CUST003402,Chakradhar Saraf,8,62,2064327.74,258040.97,2024-04-21,2026-03-28
CUST004761,Oviya Kulkarni,7,64,2063591.54,294798.79,2024-02-20,2025-10-04
CUST000732,Charita Hora,10,57,2062875.26,206287.53,2024-03-24,2025-12-17
CUST002107,Christopher Dash,10,60,2062780.50,206278.05,2024-06-04,2025-10-07
CUST000292,Vrishti Sha,6,50,2061113.64,343518.94,2024-03-03,2026-01-25
CUST001107,Owen Sahni,9,55,2061023.07,229002.56,2024-01-13,2026-03-30
CUST004795,Gunbir Shah,7,54,2060802.35,294400.34,2024-04-24,2026-06-12
CUST000369,Maya Grewal,7,67,2060501.07,294357.3,2024-02-10,2026-03-29
CUST000953,Mitesh Sekhon,8,58,2060312.09,257539.01,2024-08-01,2026-06-16
CUST001048,Zayan Natarajan,10,61,2059702.68,205970.27,2024-07-10,2026-04-12
CUST002042,Nikita Sule,8,56,2058432.11,257304.01,2024-01-22,2026-03-12
CUST001984,Chasmum Goel,11,59,2057961.63,187087.42,2024-03-21,2026-01-12
CUST001307,Deepa Merchant,8,56,2056924.79,257115.6,2024-04-16,2026-04-05
CUST000069,Pranit Krishna,8,44,2056482.27,257060.28,2024-03-04,2026-07-16
CUST004289,Vedika Rout,8,66,2056263.26,257032.91,2024-04-09,2026-04-30
CUST004976,Zaid Goyal,9,54,2055604.26,228400.47,2024-11-19,2026-07-21
CUST002604,Abha Tiwari,9,66,2055510.85,228390.09,2024-02-16,2026-06-03
CUST004238,Teerth Kaur,11,59,2055172.64,186833.88,2024-03-19,2026-07-21
CUST003808,Rajeshri Arora,7,51,2055136.94,293590.99,2024-02-01,2026-04-04
CUST004694,Dayita Saha,7,70,2054972.52,293567.5,2024-04-28,2026-05-24
CUST000887,Manbir Jaggi,8,69,2054181.42,256772.68,2024-01-30,2026-07-13
CUST000744,Varsha Luthra,7,58,2052304.51,293186.36,2024-02-13,2026-02-24
CUST004921,Pushti Bassi,9,63,2052303.33,228033.7,2024-05-02,2026-04-30
CUST004850,Vedhika Varty,10,53,2052137.75,205213.78,2024-01-06,2026-07-12
CUST000076,Chakradev Kothari,9,63,2051797.93,227977.55,2024-01-02,2026-06-18
CUST002306,Gautami Chaudhuri,6,49,2051663.59,341943.93,2024-02-11,2026-05-08
CUST003558,Oeshi Behl,7,56,2051460.57,293065.8,2024-04-10,2026-03-05
CUST004079,Dhruv Mukherjee,11,57,2051371.54,186488.32,2024-01-22,2026-03-09
CUST001189,Chaman Om,11,72,2050574.90,186415.9,2024-03-02,2026-05-24
CUST000750,Omya Merchant,10,64,2050482.97,205048.3,2024-06-03,2026-06-11
CUST001833,Warinder Subramanian,10,60,2050276.40,205027.64,2024-04-11,2026-05-02
CUST003634,Ojasvi Sathe,9,54,2050140.83,227793.43,2024-02-02,2026-07-03
CUST000927,Faris Kadakia,13,74,2050138.05,157702.93,2024-02-17,2026-03-15
CUST003351,Lakshit Handa,9,51,2049337.70,227704.19,2024-06-05,2026-07-21
CUST003480,Imaran Borah,7,69,2048780.90,292682.99,2024-04-30,2026-06-25
CUST002789,Kalpit More,6,49,2048572.32,341428.72,2024-02-07,2026-03-20
CUST003232,Chatresh Shere,9,63,2048024.98,227558.33,2024-03-08,2026-06-06
CUST000416,Yochana Lall,8,66,2047706.98,255963.37,2024-02-05,2026-05-13
CUST002110,Gunbir Andra,10,49,2047590.86,204759.09,2024-01-29,2026-06-03
CUST000316,Simon Madan,9,68,2047161.29,227462.37,2024-04-18,2026-03-07
CUST002873,Yutika Pandey,5,54,2046481.19,409296.24,2024-06-22,2026-07-12
CUST001982,Irya Mani,9,62,2046419.05,227379.89,2024-03-21,2026-07-21
CUST003130,Charvi Soni,11,63,2045803.47,185982.13,2024-01-08,2026-03-12
CUST003277,Matthew Suresh,8,54,2044907.09,255613.39,2024-03-15,2026-05-01
CUST004515,Liam Arya,6,54,2044182.36,340697.06,2024-03-05,2026-07-21
CUST003127,Jagvi Purohit,8,57,2043337.81,255417.23,2024-03-31,2026-06-18
CUST001511,Vidhi Loyal,8,54,2042597.22,255324.65,2024-06-13,2026-05-17
CUST003550,Victor Sabharwal,8,60,2042154.01,255269.25,2024-07-06,2026-06-26
CUST004406,Avni Lad,7,65,2041202.00,291600.29,2024-08-04,2026-05-12
CUST003432,Orinder Ravel,7,69,2040612.40,291516.06,2024-02-04,2026-05-28
CUST002546,Akshay Raman,10,70,2037721.11,203772.11,2024-05-14,2026-03-01
CUST003572,Krish Sidhu,8,59,2036562.84,254570.36,2024-05-25,2026-07-21
CUST004566,Ati Shankar,9,63,2036045.82,226227.31,2024-09-16,2026-07-21
CUST002035,Ayushman Pathak,8,70,2035021.91,254377.74,2024-02-09,2026-03-22
CUST002797,Chakradhar Rajan,7,49,2034372.54,290624.65,2024-02-05,2026-07-15
CUST003583,Unnati Nagarajan,9,53,2034358.14,226039.79,2024-01-14,2026-01-27
CUST001417,Jalsa Handa,11,58,2033987.76,184907.98,2024-11-03,2026-06-24
CUST002399,Ryan Brahmbhatt,6,54,2033912.52,338985.42,2024-04-12,2026-02-20
CUST000637,Parth Rastogi,10,62,2033898.01,203389.8,2024-01-05,2026-04-26
CUST001658,Zayyan Sant,10,61,2033168.37,203316.84,2024-03-22,2026-01-11
CUST003195,Bhavani Wason,9,51,2032926.74,225880.75,2024-06-09,2026-02-10
CUST003741,Samarth Bhat,9,58,2032668.75,225852.08,2024-12-22,2025-09-20
CUST003537,Upma Bhatti,8,60,2032454.37,254056.8,2024-08-25,2026-03-20
CUST004225,Vinaya Mann,7,62,2030542.39,290077.48,2024-03-21,2026-03-30
CUST002761,Chavvi Dube,8,55,2030423.83,253802.98,2024-03-21,2026-07-14
CUST001374,Gaurangi Pal,10,74,2029226.87,202922.69,2024-06-29,2026-03-17
CUST004057,Wazir Merchant,8,58,2029204.91,253650.61,2024-01-01,2026-05-15
CUST003102,Hamsini Lad,9,56,2028663.58,225407.06,2024-06-04,2026-06-26
CUST002056,Peter Peri,10,72,2028408.40,202840.84,2024-03-07,2026-07-04
CUST000623,Yamini Bath,7,55,2028093.96,289727.71,2024-08-02,2026-05-21
CUST002364,Praneel Sandhu,6,58,2028049.07,338008.18,2024-01-15,2026-06-25
CUST003944,Janani Bumb,6,56,2027543.13,337923.86,2024-07-22,2026-07-15
CUST000657,Viraj Uppal,8,57,2027040.27,253380.03,2024-07-08,2026-06-28
CUST003589,Vivaan Sawhney,5,45,2027012.89,405402.58,2024-04-17,2025-10-25
CUST004781,Kashish Dani,10,66,2026685.54,202668.55,2024-05-09,2026-02-05
CUST000032,Mohini Narang,8,58,2026667.62,253333.45,2025-01-06,2026-03-14
CUST001317,Henry Lala,5,50,2026267.25,405253.45,2024-03-05,2025-09-09
CUST000695,Pavani Madan,11,71,2026006.52,184182.41,2024-02-13,2026-06-27
CUST000722,Dominic Nagi,8,47,2025892.59,253236.57,2024-05-12,2026-04-19
CUST003426,Widisha Chaudhuri,9,62,2025558.49,225062.05,2024-09-05,2026-05-24
CUST002038,Vedika Ganesh,6,56,2025430.41,337571.74,2024-11-03,2026-03-15
CUST000243,Sai Sood,6,47,2024261.11,337376.85,2024-05-19,2026-06-01
CUST002855,Tanay Choudhry,7,62,2024252.98,289179.0,2024-06-06,2025-01-27
CUST003853,Ikbal Seshadri,8,58,2024008.99,253001.12,2024-01-29,2026-07-21
CUST002696,Caleb Dasgupta,8,59,2022997.86,252874.73,2024-03-03,2026-05-17
CUST000903,Akshay Khurana,10,60,2022711.27,202271.13,2024-07-06,2026-06-08
CUST000109,Atharv Dyal,6,62,2022268.52,337044.75,2024-06-20,2026-06-23
CUST000121,Faris Biswas,8,58,2021461.85,252682.73,2024-01-12,2026-02-16
CUST003683,Jasmit Chowdhury,8,61,2021165.57,252645.7,2024-12-16,2026-06-19
CUST003273,Anvi Rajagopal,6,56,2021136.82,336856.14,2024-04-30,2026-04-10
CUST001394,George Nigam,8,57,2020755.34,252594.42,2024-02-21,2026-07-03
CUST004818,Bhavini Date,10,50,2020206.32,202020.63,2024-08-18,2026-04-30
CUST002518,Saumya Saran,10,64,2018782.63,201878.26,2024-05-23,2026-05-15
CUST001318,Joshua Singhal,8,55,2018420.35,252302.54,2024-07-01,2026-07-06
CUST002314,Yashoda Lall,11,55,2018135.44,183466.86,2024-07-05,2026-05-14
CUST003059,Joshua Parekh,10,58,2017968.48,201796.85,2024-03-07,2026-05-01
CUST003899,Sneha Mistry,7,56,2017147.05,288163.86,2024-02-05,2026-05-21
CUST001105,Jhalak Suresh,8,53,2016623.68,252077.96,2024-02-21,2026-07-19
CUST001111,Laksh Sandal,6,53,2016226.60,336037.77,2024-06-02,2026-06-22
CUST001994,Simon Sabharwal,10,54,2016217.41,201621.74,2024-07-27,2026-03-19
CUST004601,Shravya Khalsa,7,52,2015147.81,287878.26,2024-01-04,2026-06-23
CUST003472,Qadim Nair,8,49,2014879.62,251859.95,2024-07-16,2026-06-30
CUST002527,Mason Pathak,6,50,2014815.81,335802.64,2024-01-29,2026-03-27
CUST002627,Ekalinga Ravel,9,52,2014260.23,223806.69,2024-06-10,2026-06-18
CUST001081,Arunima Shenoy,7,60,2013852.45,287693.21,2024-05-05,2026-06-14
CUST003552,Dakshesh Kade,7,53,2013284.81,287612.12,2024-01-16,2026-07-13
CUST001237,Noah Gopal,9,63,2012360.76,223595.64,2024-05-13,2026-04-19
CUST004633,Aradhana Bava,7,59,2012188.90,287455.56,2024-03-28,2026-06-28
CUST003987,Zilmil Basak,6,59,2011656.61,335276.1,2024-04-08,2025-10-13
CUST001485,Isaiah Kapur,9,57,2011576.63,223508.51,2024-01-10,2026-05-05
CUST001311,Upkaar Bava,11,61,2011248.35,182840.76,2024-01-04,2026-06-10
CUST003280,Darsh Chacko,7,53,2010585.75,287226.54,2024-03-30,2026-02-12
CUST002098,Rachita Virk,5,46,2009942.77,401988.55,2024-05-19,2026-04-16
CUST004114,Yahvi Salvi,8,77,2009678.97,251209.87,2024-01-17,2026-07-02
CUST003436,Nihal Patel,9,72,2009339.06,223259.9,2024-04-10,2026-07-19
CUST001877,Janya Pingle,10,58,2009031.37,200903.14,2024-04-15,2026-07-06
CUST002511,Daksha Sandal,6,50,2009026.21,334837.7,2024-03-08,2026-06-04
CUST003993,Idika Chandra,8,44,2008650.52,251081.32,2024-01-02,2026-07-04
CUST004303,Samar Mishra,8,63,2008543.26,251067.91,2024-01-30,2026-01-13
CUST001051,Abhimanyu Buch,11,70,2008059.48,182550.86,2024-01-05,2026-06-25
CUST000220,Raksha Datta,7,46,2008010.74,286858.68,2024-01-31,2026-05-27
CUST003395,Karan Sibal,6,52,2007542.17,334590.36,2024-06-09,2026-04-18
CUST004362,Aarnav Bala,8,53,2006701.19,250837.65,2024-03-05,2025-09-11
CUST003990,Hemani Kaul,9,68,2006420.25,222935.58,2024-08-02,2025-11-03
CUST002707,Oliver Chaudry,12,65,2005957.54,167163.13,2024-03-19,2026-03-01
CUST003448,Ekaraj Kata,6,51,2005579.98,334263.33,2024-06-02,2026-06-28
CUST001216,Dominic Dara,9,47,2005000.33,222777.81,2024-08-18,2026-07-21
CUST000269,Balendra Oak,10,57,2004572.78,200457.28,2024-02-27,2026-05-25
CUST003512,Lucky Jha,10,57,2003728.11,200372.81,2024-04-19,2026-04-07
CUST003437,Chandran Mane,7,60,2002919.60,286131.37,2024-01-02,2026-06-06
CUST000583,Charles Virk,7,56,2002798.49,286114.07,2024-10-11,2026-07-14
CUST000081,Wriddhish Kar,6,70,2002785.58,333797.6,2024-07-28,2025-11-28
CUST004871,Aditya Gokhale,9,60,2002713.79,222523.75,2024-01-04,2026-07-02
CUST001130,Jairaj Sehgal,7,54,2002697.99,286099.71,2024-01-16,2026-04-01
CUST001194,Chanchal Gill,8,57,2002238.07,250279.76,2024-10-22,2026-06-23
CUST002053,Kevin Char,8,54,2001677.41,250209.68,2024-06-18,2025-07-20
CUST000889,Wyatt Goyal,7,51,2000631.69,285804.53,2024-09-28,2026-04-08
CUST004799,Jai Chana,7,56,2000129.80,285732.83,2024-06-04,2026-06-24
CUST001068,Farhan Agrawal,7,46,1999971.15,285710.16,2024-02-23,2026-04-14
CUST001464,Ethan Baral,7,50,1999580.48,285654.35,2024-01-26,2026-03-31
CUST003784,Henry Soni,9,63,1998685.50,222076.17,2024-01-03,2025-10-31
CUST003894,Patrick Dhingra,6,48,1998404.36,333067.39,2024-07-27,2026-03-08
CUST000553,Guneet Sharaf,9,62,1998230.95,222025.66,2024-02-05,2026-07-21
CUST000745,Frederick Choudhry,8,51,1998037.06,249754.63,2024-05-19,2026-04-07
CUST002647,Turvi Cheema,8,61,1997724.52,249715.57,2024-05-14,2026-05-25
CUST001222,Manbir Nair,9,55,1997411.71,221934.63,2024-05-09,2026-03-29
CUST003108,Lohit Deshmukh,8,57,1996944.55,249618.07,2024-10-13,2026-06-15
CUST000283,Mitali Saini,10,49,1996187.98,199618.8,2024-08-12,2026-07-21
CUST004360,Vidhi Ravel,7,70,1995919.56,285131.37,2024-02-08,2026-06-21
CUST002164,Qarin Swaminathan,9,51,1995574.92,221730.55,2024-07-28,2026-05-18
CUST004077,Radhika Chacko,9,57,1995308.13,221700.9,2024-04-02,2026-05-13
CUST004333,Omisha Sami,8,56,1995106.08,249388.26,2024-07-09,2025-06-30
CUST004429,Eshana Natt,9,47,1995027.69,221669.74,2024-04-10,2026-02-28
CUST000819,Libni Jha,8,48,1994629.16,249328.65,2024-02-16,2025-04-26
CUST000799,Jhalak Kurian,9,66,1993838.59,221537.62,2024-04-02,2026-07-03
CUST001688,Hemani Chowdhury,8,59,1993742.08,249217.76,2024-02-25,2026-03-17
CUST001201,Joshua Chokshi,8,51,1993614.78,249201.85,2024-01-22,2026-04-02
CUST001504,Gayathri Gandhi,11,55,1992563.19,181142.11,2024-01-15,2026-04-20
CUST004990,Anamika Madan,9,56,1992320.08,221368.9,2024-04-19,2026-04-30
CUST003644,Unnati Tank,6,60,1991597.53,331932.92,2024-04-27,2025-12-19
CUST002214,Daksha Talwar,7,56,1990435.50,284347.93,2024-01-06,2026-01-28
CUST001209,Lakshit Mohanty,8,58,1990256.49,248782.06,2024-10-19,2026-06-12
CUST000592,Yuvraj Murthy,9,62,1990083.40,221120.38,2024-02-08,2026-07-21
CUST001299,Yahvi Saxena,8,63,1989975.17,248746.9,2024-02-27,2026-07-03
CUST002435,Balveer Sehgal,9,60,1989488.77,221054.31,2024-04-29,2026-05-18
CUST004520,Indira Chaudhuri,7,56,1989005.44,284143.63,2024-10-19,2026-07-08
CUST001009,Theodore Thaker,9,61,1988887.36,220987.48,2024-06-12,2026-05-10
CUST002551,Vasana Kumar,8,57,1987124.21,248390.53,2024-02-22,2026-02-08
CUST003855,Ranbir Chhabra,9,55,1987035.49,220781.72,2024-04-12,2026-06-08
CUST003578,Ekavir Sangha,9,68,1986252.74,220694.75,2024-01-30,2026-02-12
CUST003364,Om Bhagat,9,64,1986243.40,220693.71,2024-03-11,2026-05-25
CUST000855,Janya Butala,7,52,1985699.82,283671.4,2024-11-16,2026-07-05
CUST002751,Varsha Nagi,9,68,1985516.07,220612.9,2024-01-13,2026-06-18
CUST001816,Ranbir Chaudhari,5,51,1985431.27,397086.25,2024-05-20,2026-07-21
CUST002340,Krish Puri,9,58,1985280.21,220586.69,2024-09-14,2026-07-21
CUST001619,Oviya Bansal,9,57,1984767.52,220529.72,2024-01-18,2026-02-22
CUST003048,Triya Bobal,7,56,1984621.68,283517.38,2024-01-08,2026-05-07
CUST000615,Onkar Sant,8,56,1983363.44,247920.43,2024-05-06,2026-06-16
CUST001432,Rachana Mitter,9,64,1983292.42,220365.82,2024-06-13,2026-06-30
CUST000482,Leela Majumdar,7,64,1981926.07,283132.3,2024-01-05,2026-01-05
CUST000635,Aarnav Jain,8,51,1980831.14,247603.89,2024-05-12,2026-05-17
CUST001231,Brijesh Muni,5,52,1979754.92,395950.98,2024-01-13,2026-04-01
CUST004763,Oviya Buch,7,64,1979698.69,282814.1,2024-01-14,2025-06-09
CUST002794,Eiravati Singhal,9,51,1978799.11,219866.57,2024-01-19,2026-06-14
CUST004320,Mitali Kannan,7,53,1978589.80,282655.69,2025-02-02,2026-06-13
CUST000271,Ishaan Bail,8,62,1978224.34,247278.04,2024-05-07,2025-12-09
CUST000476,Keya Srinivas,10,72,1977718.73,197771.87,2024-01-01,2026-05-29
CUST004902,Dayita Choudhury,9,63,1975834.13,219537.13,2024-02-07,2026-02-04
CUST000068,Chakradhar Rau,7,67,1975295.10,282185.01,2024-01-04,2026-05-13
CUST002487,Zaid Parsa,9,55,1972619.75,219179.97,2024-03-31,2026-04-15
CUST003027,Gopal Sarin,7,56,1970507.75,281501.11,2024-10-27,2026-04-30
CUST004894,Eesha Lanka,6,51,1970493.66,328415.61,2024-03-05,2026-01-13
CUST000021,Girindra Vasa,9,54,1970447.95,218938.66,2024-03-21,2026-07-10
CUST003385,Udant Toor,10,58,1970078.68,197007.87,2024-05-12,2026-07-10
CUST002460,Gunbir Sibal,8,54,1969644.90,246205.61,2024-03-11,2026-07-21
CUST001521,Chasmum Pandya,13,85,1968774.08,151444.16,2024-03-14,2026-07-21
CUST000730,Zansi Memon,8,50,1968246.66,246030.83,2024-01-02,2026-06-02
CUST002593,Zashil Sampath,10,50,1967939.16,196793.92,2024-02-16,2026-06-15
CUST001681,Arunima Chopra,7,53,1967803.69,281114.81,2024-08-17,2026-04-21
CUST004253,Reyansh Mannan,9,54,1965960.77,218440.09,2024-02-05,2026-03-23
CUST001832,Lila Ganguly,8,63,1964640.29,245580.04,2024-02-04,2026-03-19
CUST000880,Eshana Ranganathan,9,50,1964246.25,218249.58,2024-04-24,2026-07-07
CUST002073,Pranit Patel,9,57,1964225.91,218247.32,2024-07-18,2026-04-06
CUST004860,Suhani Bhalla,13,72,1962999.11,150999.93,2024-02-18,2026-07-07
CUST001395,Kabir Mishra,9,60,1961433.71,217937.08,2025-03-18,2026-07-02
CUST003053,Nimrat Venkataraman,10,60,1960784.45,196078.45,2024-05-27,2026-06-04
CUST002320,Sachi Divan,10,57,1960552.05,196055.21,2024-02-09,2026-03-15
CUST002387,Hritik Kanda,7,51,1959328.78,279904.11,2024-03-06,2025-11-21
CUST004502,Chanchal Jani,9,48,1958586.53,217620.73,2024-05-29,2026-03-23
CUST001621,Lakshmi Nori,8,48,1958576.45,244822.06,2024-05-07,2026-06-25
CUST001378,Libni Bhattacharyya,4,44,1958425.77,489606.44,2024-01-04,2025-04-05
CUST000198,Ladli Kota,8,58,1958243.72,244780.47,2024-03-03,2025-07-30
CUST003560,Hemang Salvi,11,68,1957788.91,177980.81,2024-05-31,2026-07-04
CUST002223,Tanay Bail,9,64,1957783.65,217531.52,2024-04-05,2026-07-11
CUST003595,Hitesh Yohannan,8,59,1957290.73,244661.34,2024-04-12,2026-05-26
CUST000907,Krisha Modi,7,60,1957082.29,279583.18,2024-06-15,2025-10-05
CUST000210,Jeet Prasad,10,63,1956978.12,195697.81,2024-01-05,2026-07-21
CUST002693,Ati Choudhary,5,52,1956791.61,391358.32,2024-01-04,2026-05-19
CUST003926,Noah Dhingra,11,70,1956198.47,177836.22,2024-03-01,2026-01-26
CUST004234,Amara Mane,9,68,1955359.09,217262.12,2024-04-15,2026-06-26
CUST000954,Vivaan Kala,7,55,1955219.02,279317.0,2024-05-28,2026-06-17
CUST003052,Veda Parmer,10,63,1954905.19,195490.52,2024-03-02,2026-06-18
CUST004192,Zayyan Kalla,6,50,1954278.05,325713.01,2024-12-19,2026-04-10
CUST003840,Rudra Handa,7,59,1953588.46,279084.07,2024-01-24,2025-12-24
CUST004146,Isaiah Ghose,9,47,1953532.94,217059.22,2024-02-07,2026-06-15
CUST001963,Samar Kumer,7,55,1953003.91,279000.56,2024-01-22,2026-03-13
CUST004208,Lohit Grewal,10,62,1952482.34,195248.23,2024-06-12,2026-05-27
CUST003348,Naksh Kapoor,8,47,1952195.98,244024.5,2024-03-28,2026-01-31
CUST004678,Chandresh Prashad,9,58,1950722.23,216746.91,2024-05-10,2026-05-10
CUST003806,Pavani Dhar,7,50,1949906.93,278558.13,2024-02-11,2026-05-23
CUST003269,Praneel Gola,9,58,1949152.73,216572.53,2024-02-29,2026-07-21
CUST002114,Ganga Nayak,10,71,1948180.25,194818.03,2024-02-22,2026-06-14
CUST002829,Vivaan Gara,9,59,1946419.24,216268.8,2024-03-08,2026-07-13
CUST001162,Ojasvi Rai,9,72,1945723.22,216191.47,2024-06-27,2025-12-20
CUST003021,Veer Bir,9,59,1945356.33,216150.7,2024-04-03,2026-03-20
CUST001183,Advay Borra,7,52,1944950.94,277850.13,2024-01-06,2025-12-05
CUST002664,Aarnav Karpe,8,50,1944384.91,243048.11,2024-06-10,2026-06-24
CUST001518,Udyati Reddy,8,54,1943936.20,242992.03,2024-01-19,2026-01-01
CUST004943,Avni Sachar,8,60,1943715.90,242964.49,2024-01-05,2025-11-13
CUST004810,Radha Badal,7,52,1943534.16,277647.74,2024-01-28,2026-06-03
CUST000580,Arin Deshpande,9,61,1943264.60,215918.29,2024-02-25,2026-01-22
CUST002246,Pooja Sem,9,49,1942997.02,215888.56,2024-03-01,2025-12-18
CUST003009,Nidhi Gandhi,5,48,1941610.30,388322.06,2024-01-12,2026-06-10
CUST004765,Ekantika Saha,8,54,1941549.85,242693.73,2024-01-19,2025-11-28
CUST003726,Chameli Sathe,6,44,1941514.05,323585.68,2024-04-23,2026-04-15
CUST003131,Kashish Ramachandran,8,53,1941261.83,242657.73,2024-08-17,2026-04-27
CUST003782,Ekaraj Gill,9,44,1941085.68,215676.19,2024-02-05,2026-05-19
CUST000005,Upkaar Dara,8,49,1939581.21,242447.65,2024-03-29,2026-01-10
CUST000731,Dayamai Walia,9,69,1939368.32,215485.37,2024-01-17,2026-02-26
CUST000990,Dhruv Naidu,7,48,1938323.07,276903.3,2024-03-15,2026-05-01
CUST003186,Eiravati Dugar,10,69,1937747.43,193774.74,2024-12-15,2026-02-13
CUST004923,Lavanya Thakkar,10,58,1937206.10,193720.61,2024-12-30,2026-03-04
CUST002369,Ekansh Wason,4,49,1936323.87,484080.97,2024-03-12,2026-04-25
CUST001249,Arunima Bumb,9,59,1934911.92,214990.21,2024-02-10,2026-06-16
CUST001272,Udant Sachar,6,48,1934234.92,322372.49,2024-02-27,2025-10-23
CUST002823,Januja Sandhu,7,55,1934012.57,276287.51,2024-01-31,2025-03-09
CUST000734,Varenya Panchal,8,70,1933600.38,241700.05,2024-03-23,2026-03-17
CUST001988,Amaira Luthra,10,57,1933355.25,193335.53,2024-03-30,2026-06-17
CUST004852,Gayathri Behl,8,51,1933302.86,241662.86,2024-04-03,2025-12-20
CUST004660,Bhanumati Nadkarni,8,44,1931772.55,241471.57,2024-02-06,2026-06-06
CUST003381,Anjali Narang,7,56,1931451.10,275921.59,2024-01-06,2026-06-26
CUST001444,Brijesh Murty,10,77,1930907.45,193090.75,2024-02-23,2026-02-03
CUST004510,Aadhya Mitra,9,60,1929259.76,214362.2,2024-02-07,2026-05-02
CUST000825,Nakul Karan,7,67,1927580.30,275368.61,2024-05-03,2026-01-26
CUST003620,Bakhshi Khare,7,49,1927501.28,275357.33,2024-10-07,2026-05-11
CUST001690,Hamsini Prashad,12,71,1927302.74,160608.56,2024-05-14,2026-07-07
CUST003737,Oviya Ratti,8,66,1927185.46,240898.18,2024-01-19,2026-07-18
CUST001046,Vedhika Maharaj,6,53,1927044.61,321174.1,2024-02-08,2026-02-24
CUST002554,Umang Soman,8,59,1926891.50,240861.44,2024-07-01,2026-06-21
CUST003036,Yamini Mangat,8,65,1926244.70,240780.59,2024-04-24,2026-03-29
CUST003664,Pranav Oza,7,47,1925593.98,275084.85,2024-10-14,2026-05-21
CUST004016,Ekaraj Shenoy,7,51,1924682.51,274954.64,2024-03-12,2026-04-20
CUST004023,Matthew Kakar,10,55,1924088.51,192408.85,2024-03-03,2026-07-21
CUST000631,Advay Upadhyay,8,62,1922972.05,240371.51,2024-03-20,2026-06-30
CUST003274,Hitesh Dara,8,63,1922104.82,240263.1,2024-01-31,2026-01-31
CUST004013,Zaitra Sant,8,60,1921902.36,240237.8,2024-04-12,2026-05-19
CUST001296,Rudra Sheth,7,61,1921416.30,274488.04,2024-04-25,2026-04-28
CUST003811,Vedika Dey,6,48,1920694.33,320115.72,2024-05-12,2026-03-09
CUST000397,David Wadhwa,7,44,1920642.71,274377.53,2024-02-15,2026-04-20
CUST000217,Jacob Sridhar,8,60,1920154.31,240019.29,2024-05-03,2026-06-30
CUST001441,Upkaar Bora,7,58,1920055.26,274293.61,2024-08-12,2026-03-22
CUST004233,Dayamai Dhar,10,56,1919724.62,191972.46,2024-02-24,2026-02-03
CUST002217,Frederick Chawla,8,48,1919660.61,239957.58,2024-01-17,2026-05-29
CUST002484,Chandran Trivedi,8,47,1919621.10,239952.64,2024-05-31,2025-12-03
CUST004371,Amruta Anand,9,50,1918849.80,213205.53,2024-06-24,2026-07-19
CUST003988,Rachit Gandhi,9,58,1917985.51,213109.5,2024-03-05,2026-05-26
CUST004599,Libni Balay,6,51,1917395.03,319565.84,2024-01-02,2025-09-12
CUST000950,Samuel Wali,5,48,1916034.78,383206.96,2024-03-03,2025-12-27
CUST000947,Faris Jayaraman,7,51,1915903.24,273700.46,2024-12-12,2026-03-16
CUST003295,Veer Varghese,7,61,1914756.45,273536.64,2024-03-04,2025-12-03
CUST001361,Imaran Khatri,5,46,1914622.51,382924.5,2024-01-07,2026-04-28
CUST003361,Warhi Ganesh,9,58,1913353.62,212594.85,2024-01-28,2026-05-09
CUST004940,Madhavi Ganguly,9,64,1913285.93,212587.33,2024-04-13,2026-01-12
CUST000481,Vidhi Anand,8,68,1913234.91,239154.36,2024-03-25,2026-04-18
CUST002333,Yashvi Chaudhry,8,69,1913126.55,239140.82,2024-01-05,2026-02-08
CUST003639,Ikshita Sangha,7,45,1912534.11,273219.16,2024-11-09,2026-02-07
CUST001338,Vincent Wadhwa,6,56,1912453.55,318742.26,2024-03-02,2026-07-08
CUST003066,Orinder Modi,7,69,1912240.08,273177.15,2024-03-18,2026-02-02
CUST001278,Elijah Chakraborty,10,56,1910238.39,191023.84,2024-01-08,2026-05-30
CUST001938,Falguni Lall,10,64,1909871.08,190987.11,2024-01-23,2026-07-10
CUST004397,Faraj Krishnan,9,70,1909466.11,212162.9,2024-04-24,2026-04-25
CUST003183,Aditya Chopra,8,57,1908735.58,238591.95,2024-03-20,2026-03-30
CUST001164,Anvi Char,8,53,1907905.70,238488.21,2024-03-31,2026-04-28
CUST001691,Harita Badal,7,58,1907609.11,272515.59,2024-01-03,2026-04-17
CUST001761,Vrishti Bawa,8,65,1906574.29,238321.79,2024-06-06,2026-03-24
CUST001212,Panini Dugar,10,67,1906312.78,190631.28,2024-04-12,2025-12-12
CUST003455,Chandran Balay,8,56,1906234.22,238279.28,2024-01-03,2026-07-05
CUST001332,Girish Dugar,10,52,1905307.42,190530.74,2024-04-14,2026-07-09
CUST001643,Yug Parekh,6,63,1905099.20,317516.53,2024-08-08,2026-07-12
CUST001725,Ekalinga Ramakrishnan,5,45,1904452.85,380890.57,2024-02-24,2025-02-06
CUST001629,Fiyaz Prabhu,6,64,1902472.27,317078.71,2024-02-16,2026-06-13
CUST000656,Bishakha Kohli,8,41,1900674.43,237584.3,2024-01-12,2025-12-21
CUST003010,Gabriel Bala,7,54,1899767.55,271395.36,2024-01-12,2026-04-15
CUST000290,Lakshit Solanki,8,66,1899539.01,237442.38,2024-05-08,2026-06-18
CUST002178,Naveen Dhillon,11,76,1898494.17,172590.38,2024-08-20,2026-07-19
CUST001949,Amaira Dewan,10,60,1898409.94,189840.99,2024-02-08,2025-06-28
CUST003742,Dhruv Ravi,9,50,1897293.23,210810.36,2024-02-23,2026-07-12
CUST002994,Harshil Solanki,8,50,1897134.71,237141.84,2024-04-15,2026-07-21
CUST003829,Barkha Natt,11,56,1893273.25,172115.75,2024-02-11,2026-05-16
CUST001192,Isaac Patel,7,45,1892489.66,270355.67,2024-07-06,2026-07-10
CUST004664,Chakradev Lalla,7,61,1891846.10,270263.73,2024-02-22,2025-10-07
CUST002105,Warinder Varkey,7,53,1891815.58,270259.37,2024-09-22,2026-07-14
CUST003891,Udant Chaudhari,9,78,1891341.67,210149.07,2024-04-11,2026-03-01
CUST000537,Radhika Lad,9,65,1888922.97,209880.33,2025-02-08,2026-07-21
CUST003723,Dipta Gupta,7,48,1888699.16,269814.17,2024-01-28,2026-02-11
CUST000682,Nikita Minhas,7,58,1887798.76,269685.54,2024-03-03,2025-04-06
CUST001718,Yachana Garg,11,62,1887694.63,171608.6,2024-02-28,2026-07-21
CUST002440,Unnati Sandhu,10,61,1887512.85,188751.29,2024-02-22,2026-07-21
CUST002405,Chaman Mane,9,56,1886936.06,209659.56,2024-05-20,2026-07-03
CUST001638,Zehaan Wadhwa,10,52,1886069.51,188606.95,2024-07-14,2026-05-30
CUST004286,Jyoti Om,7,49,1885841.77,269405.97,2024-06-23,2026-07-07
CUST004777,Vanya Sinha,7,56,1885443.59,269349.08,2024-01-29,2026-07-05
CUST002444,Thomas Banerjee,8,51,1884499.71,235562.46,2024-06-18,2026-05-28
CUST004595,Chatura Dayal,8,48,1884361.42,235545.18,2024-03-14,2026-03-10
CUST000753,Nitesh Bhagat,6,56,1884331.31,314055.22,2024-03-01,2026-05-12
CUST002401,George Dube,9,67,1883896.69,209321.85,2024-07-15,2026-07-04
CUST002124,Max Chana,8,61,1883885.24,235485.66,2024-02-09,2026-03-10
CUST002791,Oliver Bhardwaj,8,56,1883843.82,235480.48,2024-05-03,2025-12-10
CUST000925,Simon Aurora,9,63,1883475.64,209275.07,2024-04-14,2026-06-18
CUST004134,Tripti Chakrabarti,7,49,1882853.97,268979.14,2024-05-10,2026-07-09
CUST001409,Gautam Wagle,6,60,1882470.58,313745.1,2024-01-28,2026-02-25
CUST003812,Yatan Mutti,8,63,1882061.25,235257.66,2024-01-09,2026-06-28
CUST000179,Frado Trivedi,9,43,1881950.27,209105.59,2024-05-02,2026-07-21
CUST003137,Pahal Modi,12,54,1881491.97,156791.0,2024-01-27,2026-04-19
CUST004930,Panini Subramanian,8,67,1881048.62,235131.08,2024-04-13,2026-04-21
CUST004464,Zansi Palla,6,47,1880890.62,313481.77,2024-02-01,2026-07-10
CUST004315,Vanya Ramanathan,9,50,1880874.11,208986.01,2024-01-21,2026-04-10
CUST002051,Gopal Sood,8,52,1880586.54,235073.32,2024-01-29,2026-07-18
CUST000565,Sanaya Saha,8,50,1880184.68,235023.09,2024-02-23,2026-07-21
CUST001998,Gayathri Sagar,8,59,1879954.44,234994.31,2024-01-21,2026-06-14
CUST001404,Atharv Srinivas,8,52,1877580.75,234697.59,2024-12-08,2026-05-29
CUST001674,Harrison Garg,9,58,1877026.26,208558.47,2024-02-28,2026-04-17
CUST003128,Samesh Dada,10,59,1876839.66,187683.97,2024-08-09,2026-07-21
CUST002009,Naveen Rastogi,7,62,1876043.43,268006.2,2025-02-17,2026-04-28
CUST002689,Michael Konda,8,61,1874925.88,234365.74,2024-01-15,2026-06-20
CUST004844,Keya Borra,6,53,1873990.25,312331.71,2024-01-27,2025-12-29
CUST000726,Quincy Biswas,4,41,1873552.55,468388.14,2024-04-09,2025-12-16
CUST004109,Vrishti Krishnan,8,59,1873545.51,234193.19,2024-01-11,2026-07-14
CUST002237,Yashica Kothari,6,46,1873452.07,312242.01,2024-08-08,2026-06-13
CUST002788,Liam Mutti,8,57,1872876.41,234109.55,2024-06-29,2026-03-16
CUST000159,Veer Nagarajan,7,51,1871670.51,267381.5,2024-02-24,2025-06-21
CUST001908,Urvashi Shukla,7,60,1870865.31,267266.47,2024-01-14,2026-07-21
CUST004821,Hemang Chhabra,6,46,1869985.22,311664.2,2024-03-02,2026-07-10
CUST001978,Amaira Gola,9,52,1869167.10,207685.23,2024-01-04,2025-06-20
CUST002932,Tejas Verma,6,55,1868892.95,311482.16,2024-03-29,2025-01-08
CUST003569,Falak Rastogi,7,58,1868586.24,266940.89,2024-01-27,2026-04-05
CUST001727,Ishita Kothari,9,55,1867849.20,207538.8,2024-03-04,2025-12-03
CUST000647,Peter Varkey,9,52,1867348.09,207483.12,2024-01-16,2026-06-10
CUST002872,Chavvi Deshmukh,9,57,1867308.15,207478.68,2024-04-13,2026-06-27
CUST002366,Yoshita Gulati,8,55,1866731.68,233341.46,2024-12-27,2026-07-19
CUST003623,Kritika Dass,11,59,1866500.53,169681.87,2024-06-15,2026-04-28
CUST002586,Triveni Solanki,4,49,1866432.37,466608.09,2024-05-09,2026-07-14
CUST001781,Udyati Prasad,5,53,1866247.05,373249.41,2024-10-22,2026-07-03
CUST004978,Jasmit Shere,10,49,1865705.36,186570.54,2024-01-02,2026-05-02
CUST004470,Lajita Mahajan,10,56,1864445.57,186444.56,2024-06-05,2026-06-17
CUST000772,Aarini Tiwari,9,57,1862949.64,206994.4,2024-03-01,2026-04-20
CUST002302,Omya Bhattacharyya,7,58,1862221.49,266031.64,2024-02-05,2025-10-24
CUST004269,Gayathri Prakash,9,59,1860562.26,206729.14,2024-06-01,2026-06-07
CUST003671,Arjun Halder,8,69,1860483.29,232560.41,2024-02-25,2026-07-21
CUST002842,Jhalak Khurana,8,55,1860465.18,232558.15,2024-02-01,2026-03-28
CUST000991,Qushi Bawa,7,55,1860025.28,265717.9,2024-01-31,2026-06-24
CUST002802,Faras Sengupta,5,43,1859912.20,371982.44,2024-06-13,2025-10-10
CUST004938,Abdul Iyer,7,42,1859613.04,265659.01,2024-03-05,2026-01-05
CUST001179,Kiaan Bava,7,57,1859502.95,265643.28,2024-10-22,2026-04-07
CUST002867,Qadim Dada,7,43,1859180.79,265597.26,2024-07-08,2026-05-30
CUST003845,Oeshi Nagy,10,52,1857603.62,185760.36,2024-01-11,2026-01-25
CUST004964,Quincy Roy,9,67,1854825.62,206091.74,2024-02-07,2025-10-21
CUST003758,Wriddhish Seshadri,9,54,1854548.56,206060.95,2024-03-01,2026-06-23
CUST004741,Yamini Kapadia,7,48,1852604.53,264657.79,2024-02-10,2026-06-03
CUST000146,Krishna Loke,9,61,1852491.82,205832.42,2024-02-13,2026-05-28
CUST002714,Ucchal Natarajan,8,43,1852267.35,231533.42,2024-04-19,2026-05-07
CUST004294,Zilmil Halder,6,49,1851740.90,308623.48,2024-01-02,2025-07-18
CUST002323,Harini Dugar,8,57,1851175.31,231396.91,2024-02-10,2025-11-02
CUST002786,Hitesh Barad,6,42,1850024.63,308337.44,2024-02-03,2026-04-22
CUST004626,Jai Nagi,11,59,1849563.73,168142.16,2024-02-27,2026-04-27
CUST001929,Harini Oza,9,63,1849210.85,205467.87,2024-05-04,2026-05-14
CUST001815,Bhavya Sabharwal,6,51,1848632.70,308105.45,2024-01-01,2025-04-13
CUST003673,Shravya Lala,7,57,1848329.87,264047.12,2025-01-31,2026-07-21
CUST004296,Praneel Krishnan,9,57,1848297.24,205366.36,2024-01-02,2026-07-07
CUST002907,Wridesh Bhandari,6,52,1846694.34,307782.39,2024-09-19,2026-03-07
CUST000893,Warjas Sant,6,54,1846564.84,307760.81,2024-04-22,2026-01-15
CUST002654,Sathvik Kanda,9,59,1844599.39,204955.49,2024-01-21,2026-01-16
CUST002592,Advika Jha,7,54,1843502.90,263357.56,2024-08-14,2026-03-24
CUST001319,Eesha Comar,7,53,1843413.30,263344.76,2024-01-13,2026-05-28
CUST002382,Farhan Parekh,6,48,1842642.07,307107.01,2024-04-18,2026-07-21
CUST004087,Edhitha Apte,7,51,1842355.02,263193.57,2024-05-02,2026-06-02
CUST004482,Geetika Dani,8,53,1842248.59,230281.07,2024-01-24,2025-11-17
CUST002406,Vasudha Dubey,8,44,1839700.79,229962.6,2024-03-01,2026-07-21
CUST002915,Ubika Sinha,8,55,1838569.95,229821.24,2024-03-21,2026-04-06
CUST002810,Tanmayi Korpal,8,64,1837627.93,229703.49,2024-11-12,2026-04-02
CUST002425,Omkaar Gera,7,44,1836830.29,262404.33,2024-09-07,2026-05-13
CUST004185,Qadim Ben,5,47,1836225.04,367245.01,2024-05-23,2025-09-13
CUST000738,Dev Dani,8,48,1835580.90,229447.61,2024-09-23,2026-07-21
CUST003165,Indira Merchant,9,54,1835365.42,203929.49,2024-02-07,2026-05-17
CUST004177,Karan Gala,7,45,1834235.89,262033.7,2024-02-11,2026-07-21
CUST003689,Benjamin Borah,9,46,1834014.82,203779.42,2024-06-21,2025-12-28
CUST004916,Avi Sharma,13,52,1833478.80,141036.83,2024-02-23,2026-07-17
CUST003965,Girish Panchal,7,54,1832857.92,261836.85,2024-08-12,2025-10-01
CUST002426,Qabil Kakar,6,44,1832783.50,305463.92,2024-01-08,2025-09-18
CUST003088,Rohan Kala,9,51,1832611.50,203623.5,2024-03-22,2026-07-21
CUST000550,Chatresh Walla,7,53,1832604.04,261800.58,2025-01-28,2026-07-05
CUST002270,Vincent Sandal,6,59,1832447.39,305407.9,2024-08-27,2026-04-20
CUST003531,Tanvi Iyer,8,44,1831942.38,228992.8,2024-02-11,2026-02-03
CUST004611,Rushil Prashad,10,55,1829884.11,182988.41,2024-01-25,2026-06-07
CUST004549,Wridesh Vasa,8,68,1829683.11,228710.39,2024-05-13,2026-06-24
CUST000593,Balveer Dora,6,49,1829323.58,304887.26,2024-03-02,2026-07-10
CUST000050,Anjali Gill,7,55,1827427.30,261061.04,2024-04-13,2026-07-17
CUST000009,Reva Divan,9,59,1825651.37,202850.15,2024-01-11,2025-12-04
CUST001746,Darsh Sankar,8,55,1825109.48,228138.69,2024-04-18,2026-07-21
CUST000346,Krishna Nazareth,7,57,1824781.47,260683.07,2024-03-15,2025-10-03
CUST000434,Daksh Chacko,9,56,1824337.45,202704.16,2024-01-05,2025-11-05
CUST004163,Rajeshri Pau,8,51,1822859.38,227857.42,2024-09-23,2026-06-29
CUST000313,Chandresh Bhalla,7,46,1822644.83,260377.83,2024-01-03,2026-04-06
CUST000514,Jagvi Bains,7,63,1821698.19,260242.6,2024-06-12,2026-07-21
CUST000877,Unnati Dar,7,67,1821248.45,260178.35,2024-01-02,2025-06-24
CUST001020,Harshil Madan,5,63,1821115.92,364223.18,2024-02-20,2026-06-24
CUST001922,Andrew Chana,6,43,1820737.45,303456.24,2024-01-12,2025-04-29
CUST002710,Madhav Purohit,8,54,1819600.84,227450.11,2024-03-11,2026-06-14
CUST001456,Vedant Ahluwalia,11,81,1819498.52,165408.96,2024-03-31,2026-06-04
CUST000332,Krishna Pau,6,56,1819219.24,303203.21,2024-04-03,2026-01-14
CUST002236,Jagdish Saxena,8,55,1817887.88,227235.99,2024-01-13,2026-03-25
CUST001642,Jeevika Goswami,7,53,1817715.71,259673.67,2024-02-06,2026-03-09
CUST002947,Girindra Saxena,9,56,1817032.32,201892.48,2024-01-12,2026-05-24
CUST003314,Ucchal Deep,8,53,1816269.46,227033.68,2024-07-22,2026-03-18
CUST003576,Nakul Bera,6,47,1815950.02,302658.34,2024-02-04,2026-04-20
CUST002706,Ira Hegde,7,49,1815251.78,259321.68,2024-04-11,2025-12-24
CUST000341,Gaurang Deshmukh,8,60,1814689.22,226836.15,2024-02-08,2026-03-25
CUST004910,Kashish Gala,6,53,1814076.61,302346.1,2024-05-17,2026-06-02
CUST002086,Yutika Mahajan,8,60,1813776.89,226722.11,2024-03-28,2026-04-01
CUST000614,Kashish Butala,7,47,1813295.57,259042.22,2024-03-18,2025-07-12
CUST000401,Raksha Pal,7,41,1812105.35,258872.19,2024-01-29,2026-07-21
CUST000754,Ira Thaker,7,49,1811824.09,258832.01,2024-04-25,2026-06-12
CUST003632,Reyansh Cheema,7,51,1809211.31,258458.76,2024-01-06,2026-05-21
CUST004766,Bhavya Gara,8,52,1809054.63,226131.83,2024-02-03,2026-01-04
CUST000523,Bhavani Bail,7,50,1808781.20,258397.31,2024-03-04,2026-04-15
CUST001344,Arin Nair,6,63,1807761.48,301293.58,2024-02-09,2026-06-11
CUST001113,Ladli Kanda,5,46,1804793.88,360958.78,2024-03-03,2025-09-10
CUST001711,Yutika Basak,10,60,1804166.60,180416.66,2024-02-03,2026-04-26
CUST000141,Janani Dewan,8,55,1803770.39,225471.3,2024-06-13,2026-06-08
CUST000322,Forum Zachariah,7,61,1803408.07,257629.72,2024-07-29,2026-04-22
CUST001003,Madhavi Sahni,7,46,1803311.99,257616.0,2024-01-29,2026-05-23
CUST000899,Matthew Jain,8,57,1802767.21,225345.9,2024-03-21,2026-06-17
CUST000774,Kevin Sankar,8,53,1802682.63,225335.33,2024-02-12,2026-06-14
CUST002745,Abha Dhaliwal,6,46,1801869.85,300311.64,2024-03-14,2026-05-18
CUST002560,Teerth Bandi,6,50,1800875.46,300145.91,2025-01-01,2026-07-17
CUST001019,Tamanna Chakraborty,7,61,1800604.76,257229.25,2024-03-14,2026-01-18
CUST002595,Fitan Issac,9,55,1800353.43,200039.27,2024-05-11,2026-04-11
CUST001056,Megha Gole,6,51,1800268.76,300044.79,2024-01-13,2025-08-12
CUST004640,Osha Sankaran,12,63,1800228.21,150019.02,2024-05-27,2026-03-23
CUST002682,David Sarna,8,60,1799213.67,224901.71,2024-12-06,2026-07-15
CUST000589,Frado Krishna,6,52,1799093.28,299848.88,2025-03-21,2026-04-03
CUST002933,Libni Bhardwaj,9,59,1798868.23,199874.25,2024-01-04,2026-04-27
CUST003061,Jonathan Narayanan,5,49,1798101.56,359620.31,2024-02-07,2026-01-06
CUST002609,Praneel Sabharwal,8,44,1797642.92,224705.37,2024-07-22,2026-06-20
CUST004597,Quincy Wali,7,46,1796531.22,256647.32,2024-01-12,2026-07-21
CUST003909,Vidhi Tella,8,51,1795355.67,224419.46,2024-03-18,2026-03-13
CUST000926,Om Dugar,9,57,1795286.35,199476.26,2024-03-15,2026-07-21
CUST003016,Anusha Yohannan,9,55,1794691.49,199410.17,2024-01-02,2026-05-08
CUST000761,Simon Bandi,9,54,1793991.98,199332.44,2024-03-06,2026-06-29
CUST002293,Sneha Bali,8,67,1793432.03,224179.0,2024-10-20,2026-07-21
CUST001000,Jairaj Narain,7,50,1793415.09,256202.16,2024-04-28,2026-02-15
CUST001705,Neel Mital,7,54,1793388.12,256198.3,2024-02-25,2026-05-04
CUST002106,Zashil Wason,7,49,1792001.62,256000.23,2024-02-19,2026-01-01
CUST003111,Tristan Borde,8,61,1791764.15,223970.52,2024-04-15,2026-06-04
CUST002344,Ranveer Sankar,8,62,1791423.82,223927.98,2024-04-10,2026-03-13
CUST002983,Amaira Chanda,8,52,1791281.47,223910.18,2024-02-28,2026-03-20
CUST001093,Damini Das,8,54,1790903.13,223862.89,2024-11-14,2026-04-21
CUST001854,Abdul Ganguly,9,48,1790515.09,198946.12,2024-01-21,2026-07-03
CUST003882,Yahvi Palla,7,46,1790155.81,255736.54,2024-02-25,2026-03-10
CUST001328,Yuvraj Chakrabarti,10,64,1789778.42,178977.84,2024-02-04,2026-07-21
CUST001198,Chandresh Buch,7,53,1788666.34,255523.76,2024-10-13,2026-07-21
CUST002776,Anita Chaudhary,10,66,1788642.70,178864.27,2024-01-14,2026-06-20
CUST004848,Eta Oza,7,45,1788436.17,255490.88,2024-02-29,2026-06-28
CUST003656,Vivaan Pillay,8,40,1788336.96,223542.12,2024-01-26,2026-01-20
CUST004937,Balvan Batta,10,59,1786793.30,178679.33,2024-02-13,2026-03-15
CUST003584,Noah Rattan,9,46,1786589.93,198509.99,2024-01-17,2026-05-22
CUST002273,Vamakshi Parmar,8,49,1786356.54,223294.57,2024-02-08,2026-05-20
CUST001460,Amruta Mukhopadhyay,7,51,1783802.98,254829.0,2024-01-26,2026-05-02
CUST004110,Gopal Lall,8,66,1783697.99,222962.25,2024-03-04,2025-11-16
CUST003115,Chaitanya Bhatti,7,55,1783292.24,254756.03,2024-12-12,2026-07-19
CUST003946,Qushi Mody,7,50,1783129.73,254732.82,2024-02-26,2025-11-07
CUST004973,Charles Ram,9,61,1782676.12,198075.12,2024-01-04,2026-02-16
CUST000240,Ekantika Dalal,8,53,1780926.99,222615.87,2024-01-12,2026-03-07
CUST002670,Harshil Brar,7,47,1780519.09,254359.87,2024-11-10,2026-03-15
CUST000311,Gavin Hari,7,52,1780024.32,254289.19,2024-03-02,2026-07-04
CUST004899,Anusha Ganguly,8,54,1778129.81,222266.23,2024-01-18,2026-05-26
CUST004573,Jatin Prabhu,11,69,1777656.72,161605.16,2024-02-14,2026-01-16
CUST000339,Gautam Savant,9,47,1777118.61,197457.62,2024-03-20,2026-05-16
CUST004610,Radha Walla,9,44,1777090.66,197454.52,2024-08-12,2026-05-02
CUST000224,Chameli Kunda,5,49,1776949.25,355389.85,2024-02-21,2026-04-25
CUST000568,Maanav Ahuja,7,48,1776171.94,253738.85,2024-06-25,2026-02-15
CUST000272,Lohit Bassi,7,45,1775475.04,253639.29,2024-03-19,2026-07-07
CUST004759,Mitali Madan,6,47,1775281.84,295880.31,2024-08-05,2026-02-22
CUST000599,Upkaar Sharaf,8,53,1774899.37,221862.42,2024-01-28,2026-01-01
CUST002580,Kevin Garg,8,54,1774486.79,221810.85,2024-08-18,2026-06-23
CUST002499,Xiti Sagar,9,68,1774137.94,197126.44,2024-01-19,2026-07-17
CUST004536,Nihal Gole,11,57,1772544.32,161140.39,2024-02-17,2026-07-17
CUST004231,Rehaan Randhawa,7,51,1772000.20,253142.89,2024-07-31,2025-10-21
CUST002964,Chatura Upadhyay,6,54,1771984.53,295330.76,2024-07-30,2025-09-29
CUST004495,Bimala Venkataraman,8,50,1771344.43,221418.05,2024-03-26,2026-01-07
CUST003931,Oni Parsa,7,53,1771293.73,253041.96,2024-01-31,2025-08-15
CUST004210,Darika Goswami,7,36,1769563.65,252794.81,2024-01-05,2026-02-17
CUST002430,Bahadurjit Sagar,11,52,1769316.76,160846.98,2024-02-07,2026-04-03
CUST004787,Aadhya Ramanathan,8,45,1768999.00,221124.88,2024-03-04,2026-05-27
CUST001694,Neelima Maharaj,9,68,1768367.49,196485.28,2024-08-13,2026-06-27
CUST003795,Dipta Zachariah,5,42,1767900.71,353580.14,2024-06-21,2025-09-16
CUST004695,Hemani Patla,7,46,1767890.03,252555.72,2024-01-11,2025-11-26
CUST000462,Megha Natt,10,65,1767562.98,176756.3,2024-01-17,2026-07-07
CUST001064,Chandran Keer,7,50,1765732.79,252247.54,2024-02-06,2026-03-06
CUST004839,Faras Kurian,7,61,1764463.86,252066.27,2024-09-15,2026-03-18
CUST001260,Chakradhar Char,6,49,1764426.74,294071.12,2024-07-05,2026-01-31
CUST003446,Oscar Roy,8,55,1763617.51,220452.19,2024-02-20,2025-08-09
CUST001337,Hemal Chaudhuri,7,43,1763411.37,251915.91,2024-08-22,2026-07-14
CUST002296,Zayan Pradhan,9,47,1763167.70,195907.52,2024-04-10,2026-05-21
CUST000317,Joshua Trivedi,6,46,1762718.95,293786.49,2024-01-24,2026-05-04
CUST002573,Darpan Mody,10,72,1762132.92,176213.29,2024-03-02,2026-07-21
CUST004703,Gaurang Banik,6,52,1761828.65,293638.11,2025-04-04,2026-05-30
CUST000156,Qadim Peri,10,61,1760932.43,176093.24,2024-02-18,2026-04-14
CUST003821,Upasna Singh,6,57,1760695.58,293449.26,2024-07-10,2026-06-07
CUST003422,Darpan Varghese,10,51,1760285.11,176028.51,2024-01-09,2026-07-21
CUST000538,Mitesh Kari,12,67,1760102.16,146675.18,2024-03-03,2026-03-22
CUST001129,Ekta Bakshi,7,52,1759470.06,251352.87,2024-02-08,2025-12-28
CUST003213,Rayaan Khare,10,57,1759194.80,175919.48,2024-08-01,2026-06-17
CUST001439,Devika Nagar,9,57,1758819.94,195424.44,2024-01-08,2026-05-12
CUST003608,Zehaan Shenoy,8,63,1758773.68,219846.71,2024-01-05,2026-07-08
CUST000608,Agastya Sachar,7,39,1755489.08,250784.15,2024-04-21,2026-02-21
CUST003527,Vihaan Mann,6,54,1755109.91,292518.32,2024-01-10,2026-03-18
CUST002315,Gautam Chacko,7,50,1753197.51,250456.79,2024-01-02,2026-06-16
CUST001181,Mekhala Gandhi,6,53,1752808.80,292134.8,2024-02-24,2025-11-08
CUST002657,Gautam Nagarajan,6,49,1752747.99,292124.67,2024-05-15,2026-02-22
CUST003075,Veda Misra,7,50,1752501.49,250357.36,2024-07-13,2026-06-09
CUST004547,Priya Prabhakar,6,48,1750850.18,291808.36,2024-09-21,2026-04-04
CUST000665,Nitara Kaur,8,51,1750097.09,218762.14,2024-01-27,2026-05-25
CUST000873,Damyanti Balay,6,52,1749468.32,291578.05,2024-05-15,2026-04-01
CUST000675,Kevin Tandon,11,65,1746885.70,158807.79,2024-02-14,2025-05-28
CUST000439,Isaiah Narain,6,44,1746276.30,291046.05,2024-08-22,2026-05-19
CUST000391,Daniel Chander,6,54,1745502.51,290917.09,2024-01-02,2026-06-26
CUST003260,Harini Sekhon,9,61,1743600.75,193733.42,2024-01-03,2026-06-27
CUST003631,Zashil Shukla,8,59,1743421.30,217927.66,2024-05-22,2026-06-14
CUST003082,Udarsh Ramaswamy,8,56,1743095.12,217886.89,2024-05-02,2026-07-21
CUST003240,Andrew Tank,10,57,1742802.13,174280.21,2024-01-04,2026-06-09
CUST001976,Vivaan Kurian,7,44,1740187.27,248598.18,2024-01-20,2026-04-07
CUST003856,Dayita Kumar,6,49,1738067.71,289677.95,2024-01-21,2026-04-03
CUST003625,Faraj Om,6,49,1737365.40,289560.9,2024-09-14,2026-03-07
CUST004742,Sanaya Bhavsar,6,44,1737136.59,289522.77,2024-04-14,2026-03-08
CUST000059,Arin Borde,5,44,1735452.39,347090.48,2024-02-25,2026-03-02
CUST000859,Rohan Gupta,7,55,1735376.71,247910.96,2024-03-14,2026-05-03
CUST001400,Nitara Deol,7,54,1735263.77,247894.82,2024-03-21,2026-06-07
CUST000965,Omisha Sood,7,42,1734811.62,247830.23,2024-07-17,2025-12-16
CUST003731,Rachana Deep,7,52,1734743.18,247820.45,2024-01-05,2026-07-12
CUST004365,Rayaan Loyal,7,51,1734654.12,247807.73,2024-01-24,2026-01-04
CUST002724,Alexander Ramaswamy,10,59,1734254.37,173425.44,2024-01-05,2026-05-24
CUST003739,Watika Puri,10,53,1733600.21,173360.02,2024-01-05,2026-07-18
CUST001752,Triveni Iyengar,4,38,1733454.94,433363.74,2024-09-23,2026-06-26
CUST001160,Neel Varty,9,43,1732683.53,192520.39,2024-09-08,2026-06-22
CUST004886,Radha Gara,8,56,1731137.21,216392.15,2024-04-06,2025-12-01
CUST003276,Hemal Subramanian,12,69,1730773.45,144231.12,2024-09-10,2026-07-04
CUST002281,Dalbir Seth,7,39,1730632.74,247233.25,2024-05-05,2025-06-18
CUST002458,Rushil Bobal,8,54,1730456.36,216307.05,2024-02-01,2026-06-06
CUST004955,Ansh Vora,6,44,1729062.17,288177.03,2024-07-12,2026-07-09
CUST000967,Leela Sunder,10,63,1728757.54,172875.75,2024-05-29,2026-06-14
CUST004106,Abdul Sagar,6,48,1728227.34,288037.89,2024-01-18,2026-06-15
CUST004971,Tanmayi Saini,6,43,1727106.44,287851.07,2024-09-04,2026-05-29
CUST003121,Zansi Karnik,8,54,1726494.64,215811.83,2024-01-06,2026-05-30
CUST004206,Nilima Kade,10,50,1726128.58,172612.86,2024-06-11,2026-06-08
CUST001873,Edhitha Rau,8,53,1724769.36,215596.17,2024-02-11,2025-10-05
CUST001103,Abdul Koshy,7,48,1724104.84,246300.69,2024-01-06,2026-02-18
CUST004690,Pratyush Bhandari,7,51,1724058.63,246294.09,2024-01-25,2025-11-26
CUST003107,Meera Kamdar,9,41,1723462.77,191495.86,2024-04-05,2026-07-18
CUST001590,Agastya Bir,12,55,1723094.87,143591.24,2024-04-09,2026-04-27
CUST004123,Jagrati Kalla,6,46,1722266.46,287044.41,2024-05-12,2026-01-29
CUST003000,Ryan Sarna,9,54,1722078.51,191342.06,2024-01-07,2026-06-18
CUST004577,Nicholas Sood,9,66,1720519.23,191168.8,2024-04-14,2026-07-13
CUST001696,Chakrika Chatterjee,7,56,1720426.72,245775.25,2024-03-09,2026-07-15
CUST001385,Mahika Dhawan,8,63,1719901.04,214987.63,2024-02-01,2026-04-24
CUST002756,Ekapad Zacharia,6,47,1719383.80,286563.97,2024-01-24,2026-06-05
CUST001016,Udarsh Dara,5,46,1717768.15,343553.63,2024-02-08,2026-04-18
CUST001879,Veer Gupta,6,43,1717148.02,286191.34,2024-06-17,2026-06-13
CUST004346,Odika Narayan,5,43,1715998.17,343199.63,2024-03-10,2026-04-03
CUST000077,Arya Ganguly,5,48,1715563.69,343112.74,2024-09-14,2026-07-21
CUST001076,Ayaan Ahluwalia,9,68,1715001.48,190555.72,2024-02-20,2026-07-08
CUST000801,Abhimanyu Mangal,7,51,1714483.85,244926.26,2024-02-24,2026-06-26
CUST003927,David Mohanty,7,47,1713583.73,244797.68,2024-02-26,2025-12-20
CUST000999,Garima Choudhury,7,45,1713172.43,244738.92,2024-03-06,2026-07-21
CUST002917,Vrinda Trivedi,9,56,1712584.44,190287.16,2024-02-03,2026-03-21
CUST001575,Rajata Mander,10,43,1712079.28,171207.93,2024-03-14,2026-05-07
CUST000247,Eta Naik,7,48,1711965.75,244566.54,2024-04-09,2026-07-21
CUST000209,Vihaan Bir,8,56,1710872.68,213859.09,2024-10-23,2026-07-04
CUST000288,Unnati Tandon,6,44,1710397.78,285066.3,2024-06-14,2026-01-20
CUST003068,Azaan Konda,8,51,1710387.76,213798.47,2024-04-04,2026-07-04
CUST003113,Jonathan Mane,6,44,1710198.90,285033.15,2024-03-01,2026-07-18
CUST001777,Oviya Kapur,6,57,1709473.06,284912.18,2024-06-24,2026-07-12
CUST002242,Libni Suresh,7,59,1709019.05,244145.58,2024-05-11,2025-11-04
CUST001885,Alka Tank,7,44,1708634.59,244090.66,2024-02-18,2025-11-15
CUST001946,Tanmayi Palla,8,50,1708195.19,213524.4,2024-02-04,2026-07-18
CUST003343,Jeremiah Shetty,8,55,1707906.49,213488.31,2024-04-14,2026-06-18
CUST003197,Chaman Dube,11,56,1707771.68,155251.97,2024-02-13,2026-05-16
CUST003129,Samuel Mander,8,49,1707602.84,213450.36,2024-01-22,2026-05-11
CUST002539,Alexander Grover,9,57,1707219.23,189691.03,2024-05-28,2026-07-11
CUST001200,Bishakha Talwar,7,57,1706873.99,243839.14,2024-01-26,2026-04-06
CUST000041,Eshana Sarma,11,63,1706453.68,155132.15,2024-03-28,2026-07-01
CUST004622,Janya Kapoor,5,40,1705864.62,341172.92,2024-03-15,2026-03-21
CUST002263,Wishi Hayre,8,49,1705280.86,213160.11,2024-02-05,2026-06-04
CUST003198,Dayamai Lall,8,53,1705012.69,213126.59,2024-03-06,2025-10-19
CUST000221,Ayushman Nath,6,51,1704234.55,284039.09,2024-05-31,2025-06-18
CUST001735,Avni Taneja,6,50,1703982.34,283997.06,2025-06-24,2026-07-07
CUST004222,Bakhshi Khalsa,9,55,1702903.99,189211.55,2024-04-15,2026-03-17
CUST002503,Ikshita Wable,9,76,1702785.17,189198.35,2024-01-06,2025-12-27
CUST003054,Neel Chaudhuri,6,48,1701395.81,283565.97,2024-10-28,2026-06-24
CUST002138,Urmi Tripathi,5,38,1700352.13,340070.43,2024-03-25,2026-06-27
CUST002606,Samarth Tiwari,9,46,1698926.44,188769.6,2024-07-23,2025-10-15
CUST004056,Elijah Subramaniam,6,45,1698602.02,283100.34,2024-03-22,2026-01-06
CUST002256,Warhi Aggarwal,9,56,1698473.37,188719.26,2024-02-24,2026-07-14
CUST002408,Elijah Goda,8,47,1697916.38,212239.55,2024-06-24,2026-07-21
CUST000906,Urvashi Tiwari,7,40,1697853.49,242550.5,2024-11-22,2026-03-31
CUST001082,Abhiram D’alia,7,53,1697268.83,242466.98,2024-08-12,2026-07-21
CUST002183,Atharv Tak,7,56,1696248.65,242321.24,2025-01-19,2026-04-28
CUST001872,Upma Wali,9,51,1695338.03,188370.89,2024-03-14,2026-03-24
CUST001612,Ira Babu,6,40,1695140.49,282523.42,2024-01-13,2025-11-06
CUST000088,Kai Sahota,7,49,1694995.57,242142.22,2024-12-20,2025-08-21
CUST002847,Faqid Bhatt,8,43,1693149.44,211643.68,2024-03-08,2026-01-15
CUST003331,Jeevika Chhabra,7,41,1692732.93,241818.99,2024-09-08,2026-05-01
CUST000399,Bhavani Oak,6,44,1691402.44,281900.41,2024-02-20,2026-07-14
CUST000878,Osha Garg,7,58,1690188.84,241455.55,2024-02-21,2025-10-22
CUST000024,Frederick Gill,8,50,1689493.89,211186.74,2024-08-08,2026-07-21
CUST001875,Ubika Brar,6,45,1689089.92,281514.99,2024-01-11,2025-01-16
CUST004730,Om Narayanan,7,59,1688645.81,241235.12,2024-04-15,2026-06-20
CUST004590,Eta Parmar,8,46,1687651.86,210956.48,2024-01-30,2026-03-11
CUST004160,Samaksh Bhat,7,41,1687624.30,241089.19,2024-03-05,2026-07-11
CUST003229,Vasatika Rattan,11,60,1686770.99,153342.82,2024-01-04,2026-06-25
CUST002703,Manya Bir,8,67,1686211.96,210776.5,2024-03-05,2026-07-16
CUST002849,Joshua Warrior,7,45,1685819.57,240831.37,2024-06-07,2026-05-20
CUST004031,Meghana Vyas,11,69,1683343.94,153031.27,2024-03-22,2025-12-02
CUST003538,Dhruv Pandya,6,39,1683252.29,280542.05,2024-02-16,2026-02-26
CUST001630,Imaran Karnik,6,40,1682191.33,280365.22,2024-04-13,2026-02-09
CUST000427,Yuvraj Badal,8,50,1681665.74,210208.22,2024-02-03,2026-01-13
CUST002261,Bhavani Pingle,8,59,1681412.19,210176.52,2024-02-19,2025-12-18
CUST002663,Saumya Om,6,43,1681370.30,280228.38,2024-07-03,2026-04-21
CUST000340,Omkaar Gill,5,56,1680832.77,336166.55,2024-01-02,2026-05-03
CUST003701,Xalak Chokshi,6,38,1680565.70,280094.28,2024-06-20,2026-05-10
CUST003922,Harini Wadhwa,8,43,1676365.02,209545.63,2024-01-30,2026-04-12
CUST000327,Manan Butala,8,58,1676356.41,209544.55,2024-03-11,2025-12-27
CUST001120,Kevin Bajwa,9,55,1676289.85,186254.43,2024-10-23,2026-07-05
CUST003427,Ekanta Lata,10,51,1675992.21,167599.22,2024-01-10,2026-07-18
CUST000847,Adweta Prabhakar,6,53,1674642.85,279107.14,2024-01-26,2026-02-26
CUST001863,Tanvi Suresh,7,46,1674451.06,239207.29,2024-02-01,2025-12-22
CUST001571,Saumya Bala,8,54,1672553.17,209069.15,2024-07-26,2026-06-14
CUST004870,Finn Bava,6,48,1670414.10,278402.35,2024-07-15,2026-06-20
CUST000779,Vihaan Sane,8,64,1667817.85,208477.23,2024-04-04,2026-01-16
CUST001553,Harish Magar,7,44,1667433.19,238204.74,2024-06-16,2026-06-19
CUST001755,Aishani Dass,5,48,1667232.69,333446.54,2024-06-02,2025-11-17
CUST000356,Yug Reddy,7,41,1666257.27,238036.75,2024-01-06,2026-01-13
CUST001712,Anita Zacharia,9,62,1666240.88,185137.88,2024-02-13,2026-07-21
CUST004727,Gaurang Nath,7,42,1666090.67,238012.95,2024-06-02,2026-05-18
CUST003439,Balhaar Bhardwaj,9,45,1665898.84,185099.87,2024-03-22,2026-07-13
CUST001434,Warjas Sood,7,51,1665680.83,237954.4,2024-01-22,2026-07-06
CUST000943,Raghav Pathak,10,58,1665309.00,166530.9,2024-01-07,2026-07-11
CUST001471,Edhitha Bawa,7,54,1664653.49,237807.64,2024-02-20,2025-11-17
CUST000694,Ekavir Agate,5,45,1664466.83,332893.37,2024-01-17,2025-10-18
CUST001601,Ekavir Balay,8,50,1664464.48,208058.06,2024-04-29,2026-07-13
CUST004798,Lopa Oza,8,44,1664114.75,208014.34,2024-07-23,2026-06-25
CUST002495,Dominic Dhawan,7,38,1661038.88,237291.27,2024-04-07,2025-01-27
CUST002903,Shaurya D’alia,7,51,1660915.16,237273.59,2024-08-10,2026-05-17
CUST002711,Nilima Din,6,45,1659917.60,276652.93,2024-05-29,2026-07-21
CUST003303,Elijah Ramachandran,9,55,1659026.95,184336.33,2024-01-31,2026-05-06
CUST000018,Wriddhish Sastry,8,53,1658765.20,207345.65,2024-04-05,2026-06-11
CUST003247,Sara Srinivasan,7,51,1658407.12,236915.3,2024-04-18,2026-05-13
CUST003636,Prisha Chakrabarti,6,55,1657493.69,276248.95,2024-11-23,2026-05-07
CUST002454,Mitali Bajaj,7,49,1656807.75,236686.82,2024-02-17,2026-07-12
CUST003913,Wahab Edwin,7,55,1654311.71,236330.24,2024-04-05,2025-12-09
CUST002250,Waida Parikh,8,58,1653903.59,206737.95,2024-01-09,2026-02-25
CUST003116,Brijesh Bora,8,49,1653641.00,206705.13,2024-09-14,2026-07-06
CUST003219,Daniel Wali,6,49,1653239.88,275539.98,2024-08-30,2026-02-10
CUST004306,Onkar Bali,10,55,1653130.58,165313.06,2024-02-13,2026-06-27
CUST004361,Yamini Kunda,9,47,1653063.85,183673.76,2024-01-19,2025-06-16
CUST002583,Ansh Saran,9,55,1651998.01,183555.33,2024-02-12,2025-07-28
CUST000896,Raagini Yogi,11,59,1650547.74,150049.79,2024-02-04,2026-07-10
CUST004970,Ayush Sen,9,55,1649058.19,183228.69,2024-02-09,2026-07-15
CUST001166,Kritika Peri,5,44,1647540.00,329508.0,2024-01-26,2026-03-15
CUST002912,Reva Bali,9,53,1646965.74,182996.19,2024-02-09,2026-07-13
CUST003148,Gavin Mahajan,7,57,1646959.64,235279.95,2024-02-21,2025-11-26
CUST001348,Warhi Rao,6,39,1646622.89,274437.15,2024-04-22,2025-09-04
CUST002077,Peter Rau,9,46,1646362.35,182929.15,2024-08-28,2026-07-13
CUST003879,Falan Parmer,8,53,1645178.39,205647.3,2024-03-05,2026-06-23
CUST000897,Yachana Bose,8,46,1643144.32,205393.04,2024-03-16,2026-07-21
CUST000560,Finn Magar,7,48,1641755.49,234536.5,2024-08-07,2026-03-18
CUST002409,Maanas Saraf,5,42,1641503.81,328300.76,2024-05-06,2025-09-27
CUST000924,Hredhaan Suri,8,49,1641491.71,205186.46,2024-11-08,2026-06-16
CUST003764,Ganga Kari,9,54,1641322.41,182369.16,2024-03-01,2026-04-14
CUST001566,Darsh Singhal,6,55,1639505.70,273250.95,2024-01-22,2026-06-15
CUST001410,Owen Bakshi,8,37,1638887.89,204860.99,2024-01-04,2026-04-29
CUST000677,Radhika Sama,6,65,1638009.97,273001.66,2025-09-01,2026-06-30
CUST001172,Jyoti Keer,11,60,1637798.14,148890.74,2024-03-25,2026-04-28
CUST001627,Jason Ramachandran,7,46,1635058.34,233579.76,2024-12-15,2026-05-11
CUST001451,Tripti Kumar,5,47,1633812.60,326762.52,2024-01-10,2026-07-21
CUST004220,Ikshita Kalita,9,57,1633344.56,181482.73,2024-02-05,2026-05-01
CUST003064,Idika Cheema,6,40,1633149.92,272191.65,2024-04-07,2026-06-09
CUST002097,Abha Ghosh,5,37,1633095.58,326619.12,2024-05-04,2026-02-24
CUST000914,Omkaar Uppal,6,46,1630003.11,271667.19,2024-06-11,2025-09-27
CUST002415,Aachal Luthra,7,42,1629315.47,232759.35,2024-07-23,2026-01-15
CUST004211,Sai Chopra,6,48,1629288.61,271548.1,2024-02-26,2026-02-15
CUST002516,Turvi Bumb,6,56,1629079.03,271513.17,2024-06-18,2026-01-29
CUST002378,Balendra Vig,5,36,1628772.38,325754.48,2024-06-20,2025-08-13
CUST002633,Hema Ganesh,6,37,1627911.27,271318.55,2024-03-25,2026-01-10
CUST001720,Garima Mallick,8,48,1627047.11,203380.89,2024-07-31,2026-05-25
CUST000502,Gaurika Sachdeva,9,59,1626700.99,180744.55,2024-01-29,2026-06-26
CUST002694,Maanav Goswami,10,56,1626642.57,162664.26,2024-02-27,2026-07-07
CUST003017,Osha Gara,6,46,1625266.19,270877.7,2024-11-26,2026-01-16
CUST001870,Indira Agrawal,7,51,1624079.51,232011.36,2024-04-18,2026-04-09
CUST000812,Aarini Chada,6,45,1623630.87,270605.15,2024-07-16,2026-04-20
CUST000764,Ayaan Manda,6,49,1623388.70,270564.78,2024-04-08,2025-10-23
CUST003191,Chakradhar Naik,6,51,1622128.22,270354.7,2024-06-07,2026-05-03
CUST002327,Amara Pathak,6,56,1622108.12,270351.35,2024-08-05,2026-06-07
CUST004478,Kashish Madan,6,50,1621558.65,270259.78,2024-02-03,2026-05-31
CUST001300,Urishilla Varty,8,51,1621156.17,202644.52,2024-05-25,2026-02-01
CUST000131,Ansh Korpal,8,45,1620959.08,202619.89,2024-06-13,2026-04-16
CUST000128,Ira Tella,6,40,1619583.70,269930.62,2024-11-03,2026-07-10
CUST000375,Chandran Tiwari,8,47,1619416.18,202427.02,2024-01-19,2025-11-24
CUST002990,David Parmer,8,41,1618990.77,202373.85,2024-01-23,2026-07-21
CUST001234,Chanchal Joshi,7,48,1618933.55,231276.22,2024-08-08,2026-06-23
CUST002835,Ranveer Mallick,5,39,1618409.89,323681.98,2024-08-30,2026-06-10
CUST001552,Tarak Sodhi,8,64,1617009.64,202126.21,2024-01-29,2026-04-30
CUST004344,Kamala Shenoy,11,50,1615833.63,146893.97,2024-02-18,2026-07-21
CUST000227,Vivaan Thakkar,6,48,1614412.04,269068.67,2024-04-30,2025-11-24
CUST001977,Adya Shetty,7,46,1614072.02,230581.72,2024-01-14,2026-06-04
CUST002940,Isaiah Vig,6,51,1613778.05,268963.01,2024-09-02,2026-05-28
CUST002412,Manbir Nayar,8,57,1613721.64,201715.21,2024-03-06,2026-04-12
CUST002837,Dakshesh Bali,6,36,1613225.48,268870.91,2024-01-18,2026-02-25
CUST003359,Keya Din,6,45,1612796.27,268799.38,2024-09-27,2026-04-25
CUST003657,Anusha Chana,6,54,1612215.11,268702.52,2024-08-27,2026-05-16
CUST000378,Jagdish Subramaniam,8,43,1612082.98,201510.37,2024-11-25,2026-04-12
CUST003287,Krishna Anand,6,50,1611685.70,268614.28,2024-02-12,2026-07-14
CUST000607,Jeet Ravel,8,56,1608217.14,201027.14,2024-05-17,2026-04-05
CUST001018,Waida Cherian,6,42,1607929.59,267988.27,2024-01-12,2026-05-23
CUST002476,Bhanumati Sethi,6,42,1607227.41,267871.24,2024-07-30,2026-06-27
CUST003827,Omaja Bassi,7,37,1606549.37,229507.05,2024-05-13,2026-07-02
CUST001431,Tanish Singh,6,48,1606370.04,267728.34,2024-04-11,2025-07-23
CUST003873,Niharika Tandon,8,60,1605865.86,200733.23,2024-04-06,2026-03-24
CUST001899,Rachana Nori,8,57,1605249.04,200656.13,2024-02-08,2025-12-14
CUST001420,Utkarsh Narang,8,43,1605164.34,200645.54,2024-02-28,2025-09-24
CUST003924,Lucky Kohli,8,48,1603577.46,200447.18,2024-03-17,2025-10-21
CUST004070,Kai Bajaj,8,54,1602362.04,200295.26,2024-02-08,2026-03-03
CUST002390,Laban Raju,7,47,1601838.76,228834.11,2024-02-10,2026-04-25
CUST003820,Omkaar Sachdev,9,59,1600582.55,177842.51,2024-01-22,2026-03-27
CUST000803,Maanav Raj,7,47,1600462.87,228637.55,2024-03-02,2026-07-21
CUST002557,Ayaan Arya,7,46,1599097.09,228442.44,2024-04-16,2026-07-21
CUST002477,Umang Chaudhary,7,44,1596435.96,228062.28,2025-02-27,2026-04-22
CUST000187,Samarth Shanker,6,48,1595598.82,265933.14,2024-05-22,2026-05-31
CUST002372,Gauri Kalita,8,63,1595490.15,199436.27,2024-02-07,2026-01-07
CUST001683,Ojasvi Bhatnagar,7,53,1595029.94,227861.42,2024-02-24,2026-06-10
CUST001371,Ucchal Mani,7,49,1595013.67,227859.1,2024-03-09,2026-06-21
CUST002028,Zinal Date,5,48,1594069.41,318813.88,2024-05-10,2026-05-06
CUST000944,Ayush Dyal,6,54,1593907.51,265651.25,2024-05-22,2026-02-21
CUST000034,Mohammed Shenoy,8,45,1593010.00,199126.25,2024-05-03,2026-05-25
CUST004244,Yuvraj Kala,7,48,1592768.08,227538.3,2024-08-18,2026-04-26
CUST000701,Yutika Kohli,8,53,1590984.32,198873.04,2024-03-18,2026-05-18
CUST001519,Daksh Sibal,9,43,1589748.26,176638.7,2024-06-04,2026-01-11
CUST002463,Varsha Konda,5,40,1589458.67,317891.73,2024-01-18,2025-07-28
CUST001578,Chatresh Chatterjee,6,43,1589428.89,264904.82,2024-08-04,2026-07-21
CUST004292,Lila Chad,4,39,1588475.90,397118.98,2025-05-12,2026-07-19
CUST004359,Rayaan Sawhney,10,47,1588243.03,158824.3,2024-01-15,2026-05-18
CUST000457,Hemani Andra,7,46,1588182.82,226883.26,2024-10-04,2026-06-05
CUST002734,Saumya Gole,5,37,1587910.95,317582.19,2024-05-17,2026-05-17
CUST000045,Arya Mannan,9,58,1587500.69,176388.97,2024-01-28,2026-07-17
CUST003688,Jai Varkey,6,41,1587142.78,264523.8,2024-05-22,2026-07-18
CUST003453,Mahika Sampath,8,58,1587073.97,198384.25,2024-02-21,2026-05-23
CUST002628,Kabir Pathak,7,46,1585487.40,226498.2,2024-01-20,2026-07-04
CUST002660,Matthew Verma,6,41,1585101.39,264183.57,2024-04-21,2026-05-17
CUST000648,Amol Parekh,10,56,1584120.22,158412.02,2024-06-15,2026-05-07
CUST003147,Shivansh Rastogi,8,45,1580999.96,197625.0,2024-01-16,2026-05-03
CUST002316,Rehaan Bhatt,7,53,1580703.34,225814.76,2024-02-09,2026-02-02
CUST003928,Tanvi Jain,8,54,1580235.66,197529.46,2024-02-10,2026-02-19
CUST001335,Aachal Sha,7,45,1578960.11,225565.73,2024-02-05,2026-05-20
CUST002638,Quincy Sandhu,5,47,1577213.54,315442.71,2024-03-31,2025-09-16
CUST002924,Avi Goyal,6,45,1576142.54,262690.42,2024-08-11,2026-02-28
CUST000282,Libni Singhal,5,41,1575804.99,315161.0,2024-05-04,2026-01-21
CUST004021,Vanya Nath,9,50,1575491.56,175054.62,2024-02-08,2026-04-06
CUST001044,Yagnesh Khosla,9,55,1575416.49,175046.28,2024-04-07,2025-12-26
CUST001933,Chatresh Savant,7,52,1574384.66,224912.09,2024-04-08,2026-01-20
CUST001618,Robert Kar,5,44,1574220.90,314844.18,2024-04-26,2026-05-25
CUST001709,Kai Parikh,8,38,1574064.13,196758.02,2024-05-05,2026-05-12
CUST000917,Ikshita Dixit,8,59,1573627.52,196703.44,2024-01-10,2025-10-07
CUST004579,Omisha Mani,9,50,1573554.43,174839.38,2024-02-18,2026-04-23
CUST003110,Unni Nanda,6,40,1572164.95,262027.49,2024-04-01,2026-03-31
CUST003047,Idika Lall,10,54,1571996.12,157199.61,2024-03-22,2025-12-16
CUST003539,Fiyaz Goswami,8,47,1571961.64,196495.21,2024-01-08,2026-04-14
CUST001651,Manya Pingle,7,41,1571746.15,224535.16,2024-01-06,2026-06-24
CUST004980,Ojas Basak,8,41,1571300.55,196412.57,2024-01-21,2026-07-15
CUST003149,Azad Dua,8,61,1570527.98,196316.0,2024-09-05,2026-07-21
CUST003250,Hredhaan Sandal,8,42,1570104.47,196263.06,2024-03-29,2026-07-21
CUST003097,Krisha Das,6,46,1569286.21,261547.7,2024-08-24,2026-03-23
CUST000078,Krishna Gole,7,55,1568923.26,224131.89,2024-06-24,2026-07-03
CUST003231,Damyanti Sabharwal,7,57,1568456.00,224065.14,2024-06-29,2026-07-06
CUST001788,Lohit Chauhan,7,53,1568423.35,224060.48,2024-01-02,2026-04-02
CUST004364,Oviya Srivastava,6,43,1567071.46,261178.58,2024-06-08,2026-07-04
CUST000294,Liam Dey,9,49,1565716.73,173968.53,2024-02-10,2026-04-16
CUST003302,Anjali Ahluwalia,6,44,1565056.72,260842.79,2024-01-17,2026-05-19
CUST000993,Baljiwan Madan,6,46,1564944.84,260824.14,2024-12-24,2026-06-04
CUST004580,Nicholas Chand,8,39,1564573.49,195571.69,2024-04-17,2026-05-15
CUST002099,Mahika Thaker,11,54,1564549.72,142231.79,2024-03-26,2026-06-26
CUST004105,Peter Kaur,10,44,1564165.17,156416.52,2024-06-28,2026-06-27
CUST001835,Patrick Garde,12,64,1563990.08,130332.51,2024-04-24,2026-07-21
CUST001233,Gaurang Bhakta,7,41,1562945.88,223277.98,2024-02-25,2026-03-19
CUST003817,Chasmum Tata,6,39,1562886.56,260481.09,2024-01-04,2026-03-29
CUST000053,Udyati Padmanabhan,9,53,1561843.99,173538.22,2024-03-25,2026-01-30
CUST002180,Tara Borde,5,42,1561042.76,312208.55,2024-01-25,2026-06-09
CUST000301,Anirudh Din,8,50,1560742.58,195092.82,2024-03-11,2026-01-27
CUST001811,Neha Ghose,7,55,1559007.74,222715.39,2024-07-14,2026-06-05
CUST001149,Advay Tak,8,60,1558854.59,194856.82,2024-03-29,2026-07-07
CUST001659,Tara Patel,6,45,1558726.00,259787.67,2024-01-11,2026-07-21
CUST004270,Parth Sen,9,56,1556841.35,172982.37,2024-07-06,2026-05-23
CUST001467,Sneha Mani,4,49,1555870.16,388967.54,2024-08-28,2026-02-11
CUST000295,Amol D’alia,9,49,1555681.72,172853.52,2024-03-16,2026-06-11
CUST000929,Jason Jain,8,56,1555477.52,194434.69,2024-05-25,2026-01-24
CUST002027,Sanaya Mukherjee,6,45,1555321.75,259220.29,2024-01-01,2026-05-10
CUST000195,Kalpit Sethi,7,41,1555270.19,222181.46,2024-02-05,2026-05-17
CUST002061,Anjali Buch,9,61,1555243.12,172804.79,2024-03-20,2026-01-28
CUST000110,Chameli Majumdar,6,43,1554513.97,259085.66,2024-01-12,2026-03-02
CUST000315,Vasana Wable,7,53,1554261.94,222037.42,2024-08-16,2026-06-04
CUST004084,Warinder Brar,5,45,1554239.14,310847.83,2024-08-31,2026-01-26
CUST004488,Shivani Sankaran,5,42,1554182.12,310836.42,2024-05-31,2026-03-22
CUST000430,Varsha Chaudry,8,52,1553412.84,194176.61,2024-04-22,2026-07-04
CUST001588,Dev Dada,4,45,1549708.01,387427.0,2025-10-16,2026-07-03
CUST001073,Shravya Morar,6,39,1549657.38,258276.23,2024-07-19,2025-11-29
CUST000827,Meghana Boase,5,42,1548713.78,309742.76,2024-05-22,2025-03-20
CUST000354,Udyati Pradhan,5,43,1544587.08,308917.42,2024-01-17,2026-05-26
CUST004347,Daniel Srivastava,9,54,1544230.62,171581.18,2024-03-16,2026-07-08
CUST002055,Indira Bumb,9,47,1543484.51,171498.28,2024-01-19,2026-07-21
CUST004559,Matthew Sinha,9,46,1541861.48,171317.94,2024-07-21,2026-07-01
CUST002268,Deepa Gill,7,50,1541758.59,220251.23,2024-03-03,2026-05-02
CUST002755,Fitan Thaman,8,59,1541165.03,192645.63,2024-01-16,2026-07-17
CUST001427,Dipta Kamdar,9,47,1540966.88,171218.54,2024-06-07,2026-01-15
CUST000365,Yachana Sha,7,45,1540954.34,220136.33,2024-03-19,2026-07-06
CUST003352,Dhruv Patil,3,34,1540848.65,513616.22,2024-11-12,2025-09-29
CUST004008,Urvashi Sahota,6,43,1537508.01,256251.34,2024-02-04,2026-07-06
CUST003525,Lipika Wadhwa,11,52,1536116.64,139646.97,2024-01-21,2026-02-17
CUST001243,Nidhi Shankar,9,56,1535300.35,170588.93,2024-02-05,2026-06-08
CUST004544,Girish Gola,6,46,1534510.08,255751.68,2024-06-06,2026-04-09
CUST003099,Yachana Srinivasan,4,38,1533925.47,383481.37,2024-05-10,2026-02-08
CUST002815,Chandran Goda,8,40,1533609.53,191701.19,2024-02-16,2026-05-11
CUST000126,Bimala Lata,8,48,1532912.45,191614.06,2024-01-21,2026-04-20
CUST003746,Samesh Lalla,9,48,1532745.08,170305.01,2024-05-12,2026-05-15
CUST000691,Kalpit Mahajan,9,52,1531947.75,170216.42,2024-02-25,2026-06-26
CUST004460,Vanya Joshi,8,54,1530310.47,191288.81,2024-01-26,2026-02-22
CUST003607,Mitesh Bala,6,46,1529233.24,254872.21,2024-11-20,2026-06-10
CUST004409,Xalak Dani,8,41,1528660.75,191082.59,2024-09-05,2026-05-11
CUST002662,Faras Rege,9,39,1527862.03,169762.45,2024-04-14,2026-03-22
CUST004273,Pratyush Sethi,9,44,1527709.13,169745.46,2024-06-29,2026-03-18
CUST003498,Radha Rao,9,48,1526937.05,169659.67,2024-02-11,2026-06-19
CUST004602,Anvi Datta,6,39,1526551.78,254425.3,2024-04-26,2025-11-18
CUST004010,Reyansh Chander,7,55,1526418.46,218059.78,2024-01-18,2025-06-11
CUST002578,Idika Sandal,7,42,1526291.52,218041.65,2024-01-25,2026-04-28
CUST000415,Girik Koshy,6,44,1525698.58,254283.1,2024-02-17,2026-07-05
CUST003259,Ryan Oza,6,41,1525220.16,254203.36,2024-06-19,2026-06-06
CUST002684,Omya Menon,7,49,1524231.60,217747.37,2024-02-29,2026-01-18
CUST004321,Jagrati Bhagat,6,41,1523920.50,253986.75,2024-07-15,2026-02-10
CUST003388,Krishna Varghese,6,39,1523665.56,253944.26,2024-05-15,2026-05-16
CUST003797,Wishi Handa,6,54,1523350.15,253891.69,2024-05-11,2025-11-03
CUST003132,Oliver Ramaswamy,7,53,1521410.36,217344.34,2024-07-27,2026-07-17
CUST003592,Vincent Minhas,8,57,1520154.87,190019.36,2024-04-21,2026-05-04
CUST004119,Arunima Shroff,8,48,1519278.09,189909.76,2024-01-14,2026-01-30
CUST004540,Leela Keer,8,43,1518919.28,189864.91,2024-04-24,2026-07-21
CUST002076,Jatin Dora,5,33,1518647.72,303729.54,2024-09-19,2026-04-07
CUST004309,Anvi Apte,7,47,1518300.48,216900.07,2024-02-16,2025-11-20
CUST001770,Bina Banik,3,37,1516759.66,505586.55,2024-10-10,2026-06-21
CUST004872,Harsh Bhandari,7,44,1516518.60,216645.51,2024-03-06,2026-07-16
CUST004671,Meera Kale,8,43,1516510.11,189563.76,2024-03-13,2026-06-29
CUST003762,Hemangini Luthra,8,53,1516207.22,189525.9,2024-02-06,2026-07-21
CUST000757,Lekha Roy,8,60,1515528.22,189441.03,2024-06-03,2026-07-21
CUST002843,Onveer Patel,6,45,1515219.27,252536.55,2024-02-16,2026-06-23
CUST004683,Oliver Shenoy,6,44,1514269.52,252378.25,2024-02-01,2026-07-04
CUST002424,Chanakya Mangal,6,46,1514153.52,252358.92,2024-05-25,2026-04-18
CUST002045,Yamini Zacharia,6,55,1513471.46,252245.24,2024-03-28,2025-12-26
CUST004420,Yadavi Bhardwaj,7,49,1513164.98,216166.43,2024-01-27,2026-04-28
CUST000246,Pratyush Sani,8,60,1512616.74,189077.09,2024-11-13,2026-06-08
CUST004624,Fitan Mukhopadhyay,7,44,1511364.41,215909.2,2024-05-10,2025-11-23
CUST001564,Rajeshri Borra,7,41,1510491.31,215784.47,2024-01-28,2026-07-03
CUST000617,Aadi Mahajan,8,46,1507429.42,188428.68,2024-09-30,2026-06-12
CUST003161,Radha Mammen,7,44,1507296.13,215328.02,2024-03-10,2026-07-21
CUST001768,Wriddhish Sampath,8,36,1507255.17,188406.9,2024-03-31,2026-06-15
CUST003174,Chaitaly Doshi,6,51,1505409.51,250901.59,2024-09-11,2026-05-12
CUST004441,Nandini Bhattacharyya,8,44,1504616.47,188077.06,2024-01-08,2026-06-06
CUST000364,Kevin Samra,5,50,1503703.04,300740.61,2024-03-06,2026-05-27
CUST002549,Leena Talwar,7,40,1502510.19,214644.31,2024-05-11,2026-05-11
CUST000528,Chanchal Natarajan,9,41,1502194.30,166910.48,2024-01-17,2026-06-14
CUST002700,Darsh Golla,8,48,1501841.73,187730.22,2024-06-01,2026-07-17
CUST001943,Megha Bhavsar,7,66,1501309.00,214472.71,2024-06-14,2026-07-03
CUST003476,Faqid Varkey,6,41,1501057.46,250176.24,2024-02-27,2026-05-05
CUST003642,Ronith Ratti,5,46,1499537.73,299907.55,2024-04-07,2025-11-27
CUST002226,Leela Chowdhury,7,45,1498438.23,214062.6,2024-02-28,2026-03-23
CUST004498,Zaitra Vasa,7,50,1497812.17,213973.17,2024-08-05,2026-05-23
CUST003238,Dakshesh Bajwa,8,46,1496505.25,187063.16,2024-07-04,2026-01-18
CUST001251,Nidhi Kuruvilla,8,52,1496484.66,187060.58,2025-01-04,2026-07-21
CUST001148,Bhavini Sangha,6,34,1495931.57,249321.93,2024-01-28,2026-06-23
CUST000962,Ikbal Chaudhary,7,42,1495815.56,213687.94,2024-06-12,2026-06-18
CUST002771,Nikita Bobal,6,39,1495505.15,249250.86,2024-08-06,2026-05-31
CUST000777,Netra Prasad,7,43,1495209.64,213601.38,2024-01-30,2026-06-11
CUST001569,Aahana Srinivas,8,47,1494329.45,186791.18,2024-05-04,2026-05-31
CUST001392,Agastya Zachariah,8,54,1493573.47,186696.68,2024-06-08,2026-04-28
CUST002616,Wridesh Ghose,7,48,1492950.06,213278.58,2024-01-04,2025-12-15
CUST002346,Wyatt Rajan,7,35,1492263.61,213180.52,2024-03-12,2025-11-26
CUST000891,Waida Suri,6,38,1491825.35,248637.56,2024-01-31,2026-03-09
CUST003281,Charan Bhattacharyya,10,51,1489901.84,148990.18,2024-01-17,2026-07-21
CUST004748,Gabriel Gokhale,6,42,1488583.46,248097.24,2024-02-06,2026-02-27
CUST000641,Oviya Mallick,7,41,1488094.73,212584.96,2024-05-10,2026-01-08
CUST002540,Omaja Oommen,7,48,1487843.04,212549.01,2024-06-18,2026-07-14
CUST001747,Ekiya Gulati,8,51,1486716.14,185839.52,2024-09-26,2026-01-12
CUST000890,Yasti Naidu,9,43,1485869.98,165096.66,2024-07-19,2026-07-16
CUST004753,Vinaya Bal,9,45,1485794.81,165088.31,2024-05-26,2026-06-18
CUST003996,Maanas Narayanan,6,43,1485791.93,247631.99,2024-06-26,2026-01-23
CUST001607,Forum Arora,8,47,1485276.63,185659.58,2024-01-07,2026-05-03
CUST003661,Gabriel Iyengar,9,47,1485100.07,165011.12,2024-05-27,2026-07-12
CUST003838,Andrew Vohra,7,49,1484240.38,212034.34,2024-02-12,2026-05-29
CUST001059,Quincy Salvi,6,40,1482302.28,247050.38,2024-10-26,2026-06-03
CUST002861,Avni Shan,7,44,1481976.71,211710.96,2024-02-14,2026-05-26
CUST001229,Patrick Ramanathan,8,49,1481047.94,185130.99,2024-03-28,2026-04-27
CUST000824,Frado Raja,8,47,1480536.49,185067.06,2024-01-05,2026-04-27
CUST000166,Tanish Gulati,7,45,1480130.64,211447.23,2024-01-09,2026-06-27
CUST002502,Matthew Biswas,7,42,1479873.03,211410.43,2024-07-07,2026-06-13
CUST004256,Mohammed Hayre,5,41,1479844.83,295968.97,2024-06-18,2026-06-24
CUST002767,Faras Ramesh,7,38,1479166.80,211309.54,2024-03-12,2026-03-16
CUST004997,Yug Sekhon,5,43,1478163.46,295632.69,2024-01-14,2026-05-06
CUST003164,Madhavi Rau,8,48,1477841.22,184730.15,2024-05-18,2026-04-30
CUST001546,Warinder Merchant,7,52,1477134.15,211019.16,2024-08-31,2026-05-04
CUST003377,Oviya Mahal,8,45,1472186.41,184023.3,2024-03-01,2025-12-04
CUST002803,Rishi Dubey,8,45,1470835.86,183854.48,2024-03-15,2026-05-31
CUST003725,Bhanumati Aggarwal,4,44,1470767.69,367691.92,2024-03-31,2026-01-27
CUST001057,Zilmil Loke,6,47,1469422.15,244903.69,2024-04-15,2026-01-12
CUST001170,Triya Aurora,5,45,1467617.64,293523.53,2024-04-10,2026-01-19
CUST001271,Balhaar Chowdhury,6,38,1463820.87,243970.15,2024-05-08,2025-07-10
CUST000319,Ekalinga Acharya,8,49,1463328.62,182916.08,2024-01-14,2026-07-11
CUST001662,Jeremiah Bali,8,42,1461863.93,182732.99,2024-05-08,2026-07-14
CUST003687,Aarna Mahal,7,51,1461695.68,208813.67,2024-05-01,2026-05-06
CUST002025,Umang Deo,6,42,1460851.72,243475.29,2024-02-02,2026-06-03
CUST002377,Bimala Vora,6,37,1459962.93,243327.16,2024-01-22,2026-05-28
CUST000102,Samuel Vala,3,38,1459039.14,486346.38,2024-08-06,2026-04-01
CUST002822,Ranbir Hari,7,42,1458761.60,208394.51,2025-04-02,2026-07-21
CUST000366,Januja Loke,5,53,1458683.09,291736.62,2024-07-07,2025-12-31
CUST004382,Qarin Oommen,9,58,1457535.65,161948.41,2024-05-19,2026-07-15
CUST001128,Garima Narasimhan,8,42,1456783.22,182097.9,2024-08-24,2026-05-29
CUST003759,Jagat Walia,7,51,1456549.36,208078.48,2024-01-10,2026-06-08
CUST002175,Rachita Naidu,7,54,1455019.93,207859.99,2024-04-15,2026-07-21
CUST004099,Keya Natarajan,8,36,1454708.48,181838.56,2024-04-21,2026-07-21
CUST001413,Eiravati Gulati,5,36,1454554.94,290910.99,2024-07-12,2026-06-30
CUST004634,Manya Khosla,6,38,1454482.95,242413.83,2024-02-13,2026-04-11
CUST003547,Chandresh De,4,37,1454054.18,363513.55,2024-08-05,2026-07-11
CUST000145,Chaman Dhillon,7,49,1453564.79,207652.11,2024-06-10,2026-07-10
CUST002691,Urishilla Nath,8,49,1453302.95,181662.87,2024-02-26,2026-05-03
CUST002930,Lajita Doshi,10,50,1452883.52,145288.35,2024-02-22,2026-07-08
CUST004054,Megha Balasubramanian,5,33,1452710.34,290542.07,2024-06-13,2026-03-20
CUST001197,Bhanumati Aggarwal,5,42,1451432.68,290286.54,2024-01-28,2025-11-07
CUST003253,Nachiket Merchant,7,50,1450453.99,207207.71,2024-02-20,2026-05-30
CUST003407,Zehaan Banerjee,8,57,1450122.50,181265.31,2024-02-14,2026-05-01
CUST001086,Radha Prabhakar,12,52,1448593.63,120716.14,2024-05-22,2026-05-06
CUST004242,Aarini Ranganathan,6,55,1448377.47,241396.25,2024-06-06,2026-05-25
CUST001505,George Nagarajan,7,44,1447045.19,206720.74,2024-02-05,2026-02-22
CUST002624,Ayush Dayal,7,44,1444943.13,206420.45,2024-11-20,2026-03-14
CUST004875,Vinaya Chakraborty,6,45,1444114.46,240685.74,2024-02-22,2026-02-23
CUST001176,Dev Lal,5,40,1443893.15,288778.63,2024-01-24,2026-02-28
CUST003711,Neelima Chaudhuri,7,37,1443003.60,206143.37,2024-01-17,2026-06-14
CUST004994,Xiti Varughese,7,38,1442403.28,206057.61,2024-01-07,2025-04-03
CUST001416,Naksh Murthy,8,52,1440269.58,180033.7,2024-01-11,2026-03-18
CUST004075,Edhitha Devan,6,41,1438671.00,239778.5,2024-05-21,2026-07-21
CUST000919,Hemani Kalla,11,48,1438508.57,130773.51,2024-05-09,2026-05-10
CUST002330,Wyatt Khanna,7,57,1436463.15,205209.02,2024-09-16,2026-07-21
CUST002365,Nakul Ravel,9,63,1430824.96,158980.55,2024-06-21,2026-02-24
CUST001843,Tripti Sankar,8,53,1429991.96,178749.0,2024-03-12,2026-02-19
CUST002650,Yatin Sidhu,8,50,1429471.72,178683.97,2024-05-13,2026-07-07
CUST002675,Victor Manda,7,56,1429067.88,204152.55,2024-04-09,2025-10-19
CUST000403,Lakshmi Oak,5,41,1428326.81,285665.36,2024-10-15,2026-06-17
CUST004252,Chaitanya Agate,7,48,1427538.72,203934.1,2024-02-06,2026-05-10
CUST000205,Vedhika Oak,9,46,1427429.25,158603.25,2024-08-27,2026-05-12
CUST003524,Zansi Rana,7,46,1426710.35,203815.76,2024-01-02,2026-06-17
CUST003768,Bishakha Sehgal,7,40,1425972.42,203710.35,2024-05-19,2026-07-21
CUST004823,Gaurav Doshi,5,34,1423831.49,284766.3,2024-05-17,2026-01-24
CUST000535,Aarna Kalla,7,44,1423691.97,203384.57,2024-05-19,2026-07-21
CUST004560,Bhavani Yadav,10,53,1423496.68,142349.67,2024-01-29,2026-04-24
CUST001355,Damyanti Gupta,9,41,1422386.46,158042.94,2024-04-06,2026-07-16
CUST001533,Om Lata,4,28,1421405.71,355351.43,2024-01-17,2026-05-08
CUST001911,Agastya Malhotra,7,49,1420628.61,202946.94,2024-05-04,2026-06-20
CUST004942,Rishi Khurana,9,49,1419092.92,157676.99,2024-10-19,2026-05-01
CUST003699,Nimrat Bakshi,8,44,1416157.62,177019.7,2024-03-06,2026-03-18
CUST003570,Zayan Ghose,6,38,1415945.90,235990.98,2024-03-13,2026-05-02
CUST004066,Vedika Batra,6,58,1415854.37,235975.73,2024-04-02,2026-05-06
CUST002510,Ekavir Nair,8,48,1414814.16,176851.77,2024-02-10,2026-02-28
CUST001032,Naveen Saran,6,47,1414213.49,235702.25,2024-05-19,2026-05-13
CUST003581,Rachana Mitra,8,42,1412821.32,176602.67,2024-03-22,2025-11-12
CUST003696,Krisha Dutta,7,64,1412585.60,201797.94,2024-02-19,2026-01-08
CUST003008,Ishita Narang,6,38,1411938.91,235323.15,2024-02-27,2026-07-13
CUST003599,Yadavi Chokshi,7,40,1410907.26,201558.18,2024-03-23,2026-07-11
CUST000956,Lekha Nayak,7,49,1410693.03,201527.58,2024-02-27,2026-07-03
CUST000980,Krishna Sidhu,8,53,1410418.30,176302.29,2024-04-25,2026-05-27
CUST003415,Yashoda Luthra,7,41,1409432.98,201347.57,2024-01-18,2026-07-10
CUST003776,Bhanumati Bhatti,7,55,1409397.00,201342.43,2024-03-17,2026-05-22
CUST002143,Tanvi Jha,5,43,1407486.72,281497.34,2024-05-25,2026-06-27
CUST001996,Nirja Srinivasan,7,39,1406981.42,200997.35,2024-06-21,2026-07-21
CUST002763,Sanya Savant,6,38,1404998.90,234166.48,2024-02-16,2025-12-31
CUST001316,Qarin Ganesh,4,30,1404697.44,351174.36,2024-08-15,2026-02-27
CUST000879,Robert Mishra,5,43,1404509.63,280901.93,2024-08-02,2026-06-05
CUST002467,Lila Mandal,6,40,1404058.44,234009.74,2024-01-13,2026-06-28
CUST003898,Frado Sami,5,44,1403962.95,280792.59,2024-05-01,2026-04-09
CUST000079,Baghyawati Kaul,8,51,1403654.46,175456.81,2024-03-09,2026-01-03
CUST000972,Nathan Ranganathan,9,51,1403161.67,155906.85,2024-06-19,2025-10-01
CUST004264,Lila Chaudhari,9,53,1402294.26,155810.47,2024-06-11,2026-07-18
CUST003450,Bhavini Aurora,5,38,1402181.00,280436.2,2024-05-01,2025-02-23
CUST004169,Simon Mohan,8,42,1399460.90,174932.61,2024-01-03,2026-05-14
CUST002235,Advik Gandhi,9,40,1399187.24,155465.25,2024-03-22,2026-03-22
CUST003228,Gaurangi Ganesan,6,27,1398372.36,233062.06,2024-03-28,2026-01-22
CUST004584,Lajita Dugar,10,52,1397836.84,139783.68,2024-04-01,2026-06-05
CUST004651,Zilmil Mital,9,47,1397328.10,155258.68,2024-01-11,2026-04-24
CUST001914,Pranit Gala,8,43,1394897.16,174362.15,2024-01-13,2026-07-14
CUST003792,Ladli Goyal,7,46,1391917.86,198845.41,2024-03-22,2026-04-08
CUST004024,Lakshmi Oak,9,43,1391020.62,154557.85,2024-02-22,2026-05-27
CUST001635,Hitesh Prasad,8,52,1390973.43,173871.68,2024-04-26,2026-01-26
CUST000475,Gavin Chakraborty,6,47,1389701.71,231616.95,2024-01-14,2026-06-15
CUST004069,Varenya Natarajan,6,41,1388876.42,231479.4,2024-03-21,2026-07-18
CUST002960,Bina Vyas,11,49,1388822.67,126256.61,2024-03-29,2026-06-10
CUST001080,Zarna Boase,6,46,1385060.67,230843.45,2024-07-24,2026-07-21
CUST001168,Tristan Manda,8,46,1384247.91,173030.99,2024-01-08,2026-04-28
CUST003025,Aarush Kari,5,30,1383923.93,276784.79,2024-05-11,2026-07-14
CUST002726,Fitan Narayan,5,47,1383457.76,276691.55,2025-09-04,2026-05-01
CUST004117,Pratyush Contractor,7,49,1381726.22,197389.46,2024-02-05,2026-07-04
CUST004928,Sarthak Ravi,7,36,1381404.88,197343.55,2024-01-30,2026-06-29
CUST004158,Qabil Ganguly,8,44,1379936.46,172492.06,2024-01-11,2026-02-07
CUST004172,Abeer Thakur,8,41,1377922.54,172240.32,2024-06-07,2026-01-19
CUST003760,Henry Pandey,5,29,1377525.84,275505.17,2024-06-22,2026-07-07
CUST002397,Meghana Halder,5,39,1377465.98,275493.2,2024-02-14,2025-11-26
CUST004619,Isha Sarkar,6,45,1376873.71,229478.95,2024-07-28,2026-06-30
CUST000071,Dominic Ram,7,33,1374648.59,196378.37,2024-04-15,2025-10-27
CUST000587,Aarnav Dhawan,6,36,1374641.18,229106.86,2024-06-25,2026-06-01
CUST000566,Chaman Dubey,7,36,1370178.07,195739.72,2024-02-27,2026-06-06
CUST000737,Max Sane,7,46,1370077.16,195725.31,2024-05-12,2026-07-21
CUST002690,Lekha Kuruvilla,4,37,1366868.52,341717.13,2025-04-16,2025-11-06
CUST004888,Eiravati Nadig,5,46,1366329.05,273265.81,2024-07-09,2026-01-16
CUST004534,Udyati Som,5,44,1364048.68,272809.74,2024-03-03,2026-01-18
CUST004961,Teerth Atwal,6,35,1363963.72,227327.29,2024-02-27,2026-01-28
CUST001810,Ekanta Varughese,7,50,1363440.03,194777.15,2024-05-26,2026-02-17
CUST003212,Arya Karnik,6,34,1363073.34,227178.89,2024-04-21,2026-07-13
CUST002741,Advik Kant,5,29,1359018.52,271803.7,2024-04-10,2026-03-22
CUST000490,Mohini Doctor,6,37,1357455.43,226242.57,2024-06-04,2026-06-13
CUST004926,Anusha Balakrishnan,6,39,1357156.20,226192.7,2024-01-07,2025-08-24
CUST002681,Nicholas Wason,7,32,1355768.36,193681.19,2024-03-14,2026-07-18
CUST000182,Aradhana Chacko,8,35,1355178.57,169397.32,2024-02-15,2026-05-15
CUST001661,Ekalinga Lala,5,32,1354901.83,270980.37,2024-06-10,2025-10-07
CUST000600,Saksham Dara,7,54,1352619.96,193231.42,2024-01-30,2026-07-21
CUST000741,Ikshita Sachdev,9,50,1351525.21,150169.47,2024-04-12,2026-01-07
CUST002732,Jairaj Gola,4,28,1351425.79,337856.45,2024-03-01,2025-11-26
CUST003517,Amaira Anne,9,58,1346608.62,149623.18,2024-02-09,2026-06-24
CUST003663,Abeer Brahmbhatt,6,36,1345931.20,224321.87,2024-08-30,2026-07-21
CUST001401,Warinder Golla,8,34,1345033.73,168129.22,2024-04-28,2026-05-27
CUST003265,Liam Shenoy,8,35,1344874.42,168109.3,2024-01-01,2026-04-22
CUST002535,Zinal Raval,6,48,1341664.68,223610.78,2024-01-26,2025-09-26
CUST004352,Viraj Randhawa,5,35,1341150.95,268230.19,2024-03-07,2026-04-07
CUST003799,Dalbir Jani,5,33,1339763.15,267952.63,2024-05-25,2026-07-13
CUST001898,Nilima Deep,8,48,1337808.49,167226.06,2024-01-15,2026-06-13
CUST000083,Faqid Chatterjee,9,55,1336404.64,148489.4,2024-01-16,2026-02-22
CUST004709,Upasna Seshadri,8,40,1335989.50,166998.69,2024-02-09,2026-07-21
CUST003342,Omisha Shroff,4,25,1335810.84,333952.71,2025-02-28,2025-07-26
CUST004249,Anjali Keer,10,46,1334076.93,133407.69,2024-01-18,2026-02-14
CUST000149,Ikshita Mistry,6,36,1333801.99,222300.33,2024-02-16,2026-06-05
CUST002245,Jonathan Deo,7,50,1330338.65,190048.38,2024-09-20,2026-05-14
CUST002860,Vasana Dara,4,35,1328255.46,332063.87,2024-01-04,2025-09-26
CUST004757,Vansha Pillai,6,42,1326224.04,221037.34,2024-10-14,2026-06-15
CUST002158,Isha Natt,7,54,1325150.77,189307.25,2024-03-27,2026-03-26
CUST000252,Gopal Balan,10,48,1325097.55,132509.76,2024-04-27,2026-05-07
CUST000810,Udant Rama,9,45,1324625.93,147180.66,2024-01-17,2026-06-09
CUST004589,Hredhaan Shah,7,48,1323699.73,189099.96,2024-05-24,2026-07-04
CUST004115,Mohini Prashad,7,37,1323669.66,189095.67,2024-01-08,2025-10-09
CUST003727,Ekansh Mangal,5,34,1323551.27,264710.25,2024-01-15,2026-06-20
CUST002238,Mohammed Muni,7,47,1322351.13,188907.3,2024-03-14,2026-05-12
CUST001437,Anusha Bahri,7,35,1322240.02,188891.43,2024-09-23,2025-12-11
CUST001856,Atharv Wable,6,40,1319426.70,219904.45,2024-02-21,2025-10-23
CUST004884,Andrew Bobal,6,40,1316511.10,219418.52,2024-07-04,2025-09-23
CUST000055,Orinder Raj,6,31,1316221.14,219370.19,2024-09-29,2026-07-21
CUST002577,Samaksh Bumb,7,51,1315632.23,187947.46,2024-04-23,2026-01-17
CUST001646,Karan Ahuja,5,40,1314086.75,262817.35,2024-01-18,2025-12-28
CUST003399,Eta Sant,5,47,1313803.42,262760.68,2025-03-30,2026-06-01
CUST002137,Patrick Bhardwaj,7,39,1313406.45,187629.49,2024-01-13,2026-05-24
CUST002857,Kashvi Ray,7,40,1311795.76,187399.39,2024-02-02,2026-05-20
CUST003192,Nitara Date,5,38,1311302.84,262260.57,2024-06-15,2025-06-27
CUST004142,Yamini Maharaj,5,34,1311285.78,262257.16,2024-06-11,2026-05-17
CUST001957,Matthew Chaudhary,7,44,1311000.40,187285.77,2024-10-18,2026-07-21
CUST001765,Banjeet Jhaveri,7,36,1310619.07,187231.3,2024-03-30,2026-06-25
CUST001869,Aarnav Soman,6,40,1307835.73,217972.62,2024-05-03,2026-03-18
CUST002517,Chavvi Krishnamurthy,5,32,1306336.07,261267.21,2024-06-05,2026-02-03
CUST003230,Anusha Walla,4,31,1304381.22,326095.31,2024-11-16,2026-06-24
CUST002048,Abha Srinivasan,8,40,1304221.37,163027.67,2024-07-25,2026-02-01
CUST000570,Gopal Kumer,8,44,1299523.86,162440.48,2024-10-10,2026-05-31
CUST002165,Caleb Mohanty,5,34,1299045.42,259809.08,2024-03-18,2025-12-05
CUST000524,Wakeeta Kuruvilla,4,34,1297833.76,324458.44,2024-02-02,2025-05-08
CUST001926,Baljiwan Vyas,6,43,1296089.12,216014.85,2024-03-17,2026-06-13
CUST001487,Jack Sane,4,27,1295571.64,323892.91,2024-07-16,2025-12-09
CUST004338,Hitesh Gulati,7,40,1294480.86,184925.84,2024-10-18,2026-05-14
CUST003073,Tanish Ganesh,6,41,1294084.04,215680.67,2024-06-10,2026-06-11
CUST001991,Gauri Chauhan,6,43,1291887.18,215314.53,2024-01-24,2026-07-17
CUST000429,Ekapad Krishnamurthy,8,45,1291274.92,161409.37,2024-03-27,2026-07-21
CUST004166,Praneel Aggarwal,5,44,1291109.84,258221.97,2024-01-24,2026-07-01
CUST002422,Girindra Chaudhuri,9,43,1290075.94,143341.77,2024-06-05,2026-03-14
CUST000219,Jagvi Garde,6,46,1288386.65,214731.11,2024-09-21,2026-06-27
CUST003069,Lakshit Saha,5,38,1284994.91,256998.98,2024-09-12,2025-10-24
CUST003136,Teerth Devi,7,39,1283002.03,183286.0,2024-04-25,2026-05-22
CUST004966,Om Parmer,6,26,1282270.97,213711.83,2024-02-29,2026-03-30
CUST004817,Rohan Merchant,6,41,1281578.71,213596.45,2024-09-09,2025-12-30
CUST004565,Kai Krishnamurthy,6,31,1281279.28,213546.55,2024-01-26,2026-02-21
CUST001576,Balendra Pall,6,40,1280685.76,213447.63,2024-04-20,2026-02-25
CUST000300,Qadim Bedi,7,36,1280045.28,182863.61,2024-02-02,2026-06-26
CUST002542,Onkar Gera,6,34,1279041.45,213173.58,2024-04-30,2026-07-03
CUST002402,Robert Dora,6,38,1277771.05,212961.84,2024-06-18,2026-02-19
CUST000936,Nachiket Rama,5,42,1275937.99,255187.6,2025-04-03,2025-12-01
CUST003885,Aayush Bhattacharyya,6,37,1275296.24,212549.37,2024-07-12,2025-08-20
CUST003772,Udant Dalal,5,38,1273964.95,254792.99,2024-09-10,2026-03-15
CUST004194,Pavani Rout,5,40,1272539.15,254507.83,2024-06-19,2026-05-26
CUST001891,Sneha Lata,7,34,1272344.24,181763.46,2024-03-06,2026-07-19
CUST000951,Inaya Wason,5,30,1271001.42,254200.28,2024-02-03,2026-01-13
CUST000183,Ijaya Bala,5,34,1268409.93,253681.99,2024-05-15,2026-02-02
CUST000591,Radhika Oak,6,41,1268210.03,211368.34,2024-08-26,2026-07-06
CUST003123,Widisha Minhas,6,34,1267300.95,211216.83,2025-09-21,2026-07-05
CUST003872,Robert Chatterjee,7,49,1266941.32,180991.62,2024-02-12,2026-07-21
CUST002324,Luke Nigam,5,31,1263177.53,252635.51,2024-09-11,2025-03-15
CUST003481,Xalak Agrawal,7,49,1262928.58,180418.37,2024-01-08,2026-07-08
CUST001423,Laban Mahal,5,36,1262547.53,252509.51,2024-05-28,2026-01-08
CUST003170,Xiti Singhal,7,43,1261986.97,180283.85,2024-01-25,2026-05-31
CUST003226,Frederick Chaudhary,5,35,1261068.25,252213.65,2024-01-17,2026-04-30
CUST003326,Hritik Ghosh,6,45,1259672.11,209945.35,2024-03-20,2026-04-28
CUST001199,Harish Bath,5,33,1258715.16,251743.03,2024-03-06,2026-02-12
CUST004967,Abhimanyu Barad,6,39,1257022.77,209503.8,2024-05-05,2026-03-29
CUST004457,Jeremiah Palan,5,36,1255755.98,251151.2,2024-07-22,2026-07-21
CUST002725,Kabir Wali,5,25,1254227.29,250845.46,2025-01-09,2026-06-25
CUST003773,Jeevika Acharya,6,34,1252649.08,208774.85,2024-03-12,2025-11-06
CUST002634,Kevin Butala,4,35,1249180.51,312295.13,2024-11-14,2026-07-15
CUST004583,Ekalinga Sani,6,55,1243568.08,207261.35,2024-05-11,2026-03-23
CUST002003,Anay Pillay,7,50,1241260.67,177322.95,2024-01-26,2026-04-16
CUST003851,Oni Suresh,6,44,1240455.18,206742.53,2024-08-28,2025-06-12
CUST001450,Balveer Bhandari,7,40,1236173.45,176596.21,2024-02-04,2026-05-13
CUST002335,Idika Sethi,6,31,1234603.19,205767.2,2024-04-25,2025-10-16
CUST004209,Pranit Grover,7,37,1233992.02,176284.57,2024-03-18,2026-03-29
CUST002642,Ekalinga Batta,5,40,1232030.36,246406.07,2024-02-28,2025-10-27
CUST002149,Tamanna Loyal,5,46,1230922.26,246184.45,2024-04-30,2026-02-27
CUST004237,Aarna Bhasin,5,48,1229498.61,245899.72,2024-07-30,2026-02-13
CUST001365,Ishanvi Mitra,7,50,1229455.81,175636.54,2024-01-06,2026-05-29
CUST003979,Kashvi Chandra,7,40,1225530.32,175075.76,2024-10-22,2026-05-11
CUST001829,Raagini Jayaraman,7,30,1225093.08,175013.3,2024-05-05,2026-05-19
CUST004947,Jhalak Dixit,8,33,1218544.64,152318.08,2024-02-27,2026-07-21
CUST003202,Wridesh Sinha,6,38,1217734.78,202955.8,2024-04-21,2026-04-24
CUST002172,Warhi Bansal,6,44,1214587.63,202431.27,2025-03-31,2025-10-05
CUST000938,Rayaan Jhaveri,6,33,1214558.81,202426.47,2024-01-02,2026-07-15
CUST003533,Ishani Swaminathan,5,38,1213762.76,242752.55,2024-01-23,2026-07-21
CUST001654,Orinder Char,7,51,1212424.58,173203.51,2024-11-01,2026-06-06
CUST003257,Bhavna Amble,7,35,1212038.44,173148.35,2024-04-24,2026-06-24
CUST001186,Kalpit Acharya,5,36,1210970.33,242194.07,2024-03-26,2026-03-15
CUST001470,Charita More,4,33,1210471.79,302617.95,2024-03-10,2026-04-12
CUST003706,Arjun Handa,7,44,1208789.94,172684.28,2024-04-04,2026-07-21
CUST003917,Benjamin Garg,5,31,1206706.77,241341.35,2024-02-13,2026-05-28
CUST003514,Hiral Raval,8,49,1206398.90,150799.86,2025-01-23,2026-07-03
CUST003344,Nathan Pathak,4,33,1206058.35,301514.59,2024-06-08,2025-11-23
CUST002991,Adya Mall,4,40,1205866.07,301466.52,2024-06-30,2025-12-04
CUST004430,Abha Naidu,6,39,1205548.23,200924.71,2024-04-15,2026-01-16
CUST004204,Noah Natt,7,36,1205463.74,172209.11,2024-06-11,2026-07-16
CUST001749,Lakshmi Sen,7,42,1201535.44,171647.92,2024-08-28,2026-06-07
CUST000706,Veer Shetty,6,32,1200088.27,200014.71,2024-10-19,2026-06-13
CUST001061,Vedika Tata,5,41,1198198.99,239639.8,2024-05-05,2026-03-26
CUST003374,Azad Patel,5,36,1193569.49,238713.9,2024-10-16,2025-09-29
CUST002977,Ekantika Narang,8,38,1191331.37,148916.42,2024-04-03,2026-02-07
CUST003339,Wyatt Ranganathan,6,44,1191255.83,198542.64,2024-07-02,2026-01-26
CUST004892,Warhi Naidu,6,45,1189896.84,198316.14,2024-02-04,2026-03-06
CUST001447,Pranav Upadhyay,10,51,1189361.42,118936.14,2024-04-27,2026-02-19
CUST002393,Ronith Hayer,6,40,1189056.58,198176.1,2024-05-31,2026-06-28
CUST004716,Ubika Kala,8,39,1188255.29,148531.91,2024-07-29,2026-05-26
CUST000385,Neha Chaudhry,5,28,1186107.69,237221.54,2024-07-09,2026-07-21
CUST000971,Varsha Kapur,7,30,1186012.63,169430.38,2024-03-14,2026-05-14
CUST002942,Yashica Jhaveri,5,35,1181612.60,236322.52,2024-02-15,2025-04-10
CUST003193,Bimala Karnik,4,25,1180555.01,295138.75,2024-09-06,2026-06-11
CUST004778,Falguni Bhardwaj,5,29,1179650.94,235930.19,2024-04-10,2026-05-10
CUST004500,Urishilla Basak,6,41,1179578.38,196596.4,2024-07-04,2026-07-12
CUST002743,Vasatika Wali,6,44,1178349.99,196391.67,2024-02-26,2026-04-06
CUST004736,Mohini Loyal,5,34,1177533.85,235506.77,2024-08-22,2025-08-07
CUST000968,Bhavani Dugar,5,31,1175946.15,235189.23,2024-04-19,2026-04-27
CUST002752,Maanav Ramanathan,7,37,1175620.31,167945.76,2024-03-23,2026-07-16
CUST001102,Wriddhish Puri,6,38,1175476.24,195912.71,2025-04-14,2026-04-24
CUST004693,Chavvi Tara,5,45,1172986.45,234597.29,2024-07-13,2025-12-31
CUST001351,Meghana Sridhar,5,36,1172749.36,234549.87,2024-10-06,2026-07-15
CUST004009,Nakul Nayak,5,33,1170417.98,234083.6,2024-05-23,2026-07-15
CUST001750,Eesha Desai,3,27,1167917.82,389305.94,2024-01-17,2025-10-19
CUST003658,Benjamin Kumer,4,36,1166361.76,291590.44,2024-05-07,2025-11-01
CUST004275,Quincy Nadig,5,31,1162728.76,232545.75,2025-01-27,2026-07-12
CUST002473,Pushti Buch,5,33,1162591.37,232518.27,2024-10-17,2026-06-28
CUST001331,Reyansh Bobal,7,30,1159721.92,165674.56,2024-02-10,2026-07-21
CUST000790,Chanakya Butala,3,29,1158664.70,386221.57,2024-08-01,2026-05-25
CUST003405,Pranav Butala,6,30,1157651.70,192941.95,2024-01-12,2026-04-28
CUST004669,Timothy Lala,4,26,1156472.66,289118.17,2024-06-25,2025-10-05
CUST002447,Manan Sathe,6,28,1156045.12,192674.19,2024-01-22,2026-07-08
CUST001424,Bhavya Dara,6,31,1155203.64,192533.94,2024-01-14,2026-07-01
CUST003019,Qushi Bhagat,5,36,1154881.52,230976.3,2024-09-12,2026-05-18
CUST004984,Aadi Garg,6,47,1153133.41,192188.9,2024-02-11,2026-01-06
CUST004354,Chaman Mall,7,33,1152123.81,164589.12,2024-02-14,2025-09-15
CUST001139,Yatan Dora,6,36,1148858.77,191476.46,2024-01-08,2026-07-10
CUST001663,Yamini Dutta,7,35,1147942.57,163991.8,2024-05-28,2026-04-14
CUST001973,Hardik Rao,6,43,1147901.59,191316.93,2024-03-24,2026-07-06
CUST004806,Chakradev Loke,5,29,1147813.73,229562.75,2024-03-30,2026-07-10
CUST002602,Charles Jain,8,34,1146387.68,143298.46,2024-10-01,2026-07-10
CUST001342,Dhriti Dey,8,42,1144850.76,143106.35,2024-07-27,2026-06-06
CUST002133,Kevin Gupta,6,34,1141789.95,190298.33,2024-03-27,2026-03-22
CUST000467,Kamala Ramesh,6,40,1141200.35,190200.06,2024-12-18,2026-06-09
CUST002071,Sneha Patla,8,44,1132733.97,141591.75,2024-01-01,2026-05-31
CUST002157,Rohan Mane,7,36,1130928.97,161561.28,2024-02-23,2026-07-08
CUST004089,Hiral Gupta,7,33,1130180.08,161454.3,2024-03-24,2026-06-20
CUST002778,Samesh Mand,4,38,1130141.65,282535.41,2024-08-01,2026-03-28
CUST002721,Alka Chaudhary,5,39,1128507.27,225701.45,2024-05-11,2026-04-15
CUST002902,Jasmit Chauhan,4,31,1127536.18,281884.05,2024-08-03,2025-06-20
CUST002410,Wishi Deep,5,33,1125673.76,225134.75,2024-05-19,2026-03-07
CUST000529,Manan Solanki,8,41,1122962.31,140370.29,2024-04-04,2026-06-13
CUST001147,Irya Zachariah,8,32,1121944.64,140243.08,2024-09-05,2026-04-09
CUST000782,Abeer Pai,7,42,1121943.60,160277.66,2024-08-20,2026-02-28
CUST001167,Frederick Mani,5,34,1121412.19,224282.44,2024-08-06,2025-08-13
CUST004485,Kritika Desai,8,46,1118748.93,139843.62,2024-02-21,2026-07-21
CUST002195,Falak Jhaveri,7,37,1117190.73,159598.68,2024-04-07,2026-04-13
CUST001214,Hemal Gola,6,41,1114280.34,185713.39,2024-02-09,2025-11-13
CUST001473,Radha Varghese,5,35,1113352.87,222670.57,2024-02-26,2025-02-03
CUST003387,Tanmayi Issac,5,30,1110346.32,222069.26,2024-04-16,2025-10-07
CUST002100,George Tak,6,37,1108458.21,184743.04,2024-11-10,2025-10-20
CUST003950,Advik Oak,8,41,1108373.33,138546.67,2024-05-11,2026-05-24
CUST000351,Vanya Dutt,6,25,1107567.95,184594.66,2024-02-07,2025-08-21
CUST002630,Ranveer Doctor,7,38,1106470.85,158067.26,2024-02-13,2026-07-19
CUST003907,Arin Sule,4,31,1103376.95,275844.24,2024-08-11,2026-04-17
CUST000804,Janaki Pradhan,6,23,1101794.36,183632.39,2024-02-08,2026-06-23
CUST000606,Rachana Kota,4,35,1100972.38,275243.1,2024-01-22,2025-11-18
CUST003543,Gautami Palla,9,41,1099136.75,122126.31,2024-07-11,2026-05-25
CUST000344,Diya Borra,8,35,1098314.57,137289.32,2024-03-11,2026-05-16
CUST000039,Rishi Prakash,7,47,1096372.38,156624.63,2024-01-31,2026-01-22
CUST001043,Zashil Mital,6,36,1096062.14,182677.02,2024-01-15,2026-06-10
CUST000545,Anmol Dube,6,45,1095760.02,182626.67,2024-04-16,2025-06-22
CUST001790,Tanmayi Shah,8,34,1095509.10,136938.64,2024-03-24,2026-06-27
CUST001178,Aachal Vasa,6,31,1094794.39,182465.73,2024-01-03,2026-03-25
CUST003093,Rehaan Hora,5,37,1092726.21,218545.24,2024-03-24,2026-02-27
CUST001733,Ranbir Minhas,2,27,1089110.66,544555.33,2025-07-12,2026-03-26
CUST002561,Yutika Varughese,5,33,1087806.33,217561.27,2024-01-10,2026-03-30
CUST001871,Samar Pillay,3,24,1084900.87,361633.62,2025-07-19,2026-07-12
CUST001303,Qushi Morar,4,27,1084192.33,271048.08,2024-05-13,2025-11-29
CUST000111,Omkaar Shanker,5,39,1082249.26,216449.85,2024-02-05,2025-12-05
CUST003804,Chakradhar Deol,8,41,1080948.52,135118.57,2024-03-22,2026-06-20
CUST001359,Wahab Nanda,7,56,1077675.40,153953.63,2024-02-13,2026-06-29
CUST000643,Victor Ratti,7,25,1076367.51,153766.79,2024-03-15,2026-05-21
CUST000668,Sanaya Nagarajan,6,36,1075839.71,179306.62,2024-02-14,2026-04-27
CUST001637,Gaurangi Mangal,5,33,1073887.19,214777.44,2025-03-24,2026-02-18
CUST001276,Owen Varghese,8,42,1071743.94,133967.99,2024-01-10,2026-04-23
CUST002374,Aarna Saraf,7,33,1071388.64,153055.52,2024-02-13,2026-01-04
CUST004903,Orinder Raja,6,37,1071233.97,178539.0,2024-04-11,2026-07-19
CUST002883,Madhavi Acharya,4,33,1068432.80,267108.2,2024-02-07,2024-10-25
CUST001517,Vinaya Ghose,3,24,1067772.17,355924.06,2024-02-09,2024-11-07
CUST003419,Darpan Gole,6,29,1067667.52,177944.59,2024-03-31,2026-07-15
CUST004203,Nakul Lalla,4,29,1067170.30,266792.58,2024-09-25,2026-01-11
CUST004261,Faras Kade,6,43,1064825.40,177470.9,2024-04-06,2025-12-09
CUST002651,Diya Sethi,8,39,1063700.97,132962.62,2024-01-27,2026-07-21
CUST002126,Omkaar Iyer,5,28,1062412.43,212482.49,2024-04-19,2026-03-10
CUST004986,Baljiwan Murthy,8,42,1061614.04,132701.76,2024-01-03,2026-07-08
CUST000900,Omkaar Koshy,3,27,1061160.97,353720.32,2024-02-08,2026-04-21
CUST000174,Sara Anand,7,53,1058365.52,151195.07,2024-07-19,2026-03-11
CUST003489,Zinal Toor,5,25,1054082.46,210816.49,2024-09-18,2026-07-12
CUST001857,Girindra Kota,5,34,1052746.38,210549.28,2024-07-01,2025-10-01
CUST000152,Yashica Kanda,6,32,1052399.75,175399.96,2024-05-01,2025-10-24
CUST000304,Chatresh Nadkarni,6,32,1052341.26,175390.21,2025-03-12,2026-06-29
CUST000795,Xiti Saraf,5,36,1051714.90,210342.98,2024-06-04,2026-02-17
CUST000828,Samarth Balay,3,35,1049575.01,349858.34,2024-05-10,2026-02-19
CUST002831,Triveni Parsa,5,37,1048368.48,209673.7,2024-01-21,2025-11-25
CUST004248,Ayushman Sani,5,27,1046267.84,209253.57,2024-08-08,2026-07-17
CUST001406,Rachita Konda,7,29,1039236.24,148462.32,2024-04-24,2026-05-30
CUST003972,Arya Sura,5,34,1038721.07,207744.21,2024-05-20,2026-03-08
CUST002269,Maya Padmanabhan,5,38,1038185.45,207637.09,2024-04-30,2025-07-24
CUST004825,Chandresh Shroff,5,33,1037993.54,207598.71,2024-10-27,2026-07-02
CUST001603,Unnati Savant,5,31,1035094.79,207018.96,2024-07-27,2025-10-02
CUST003880,Anya Verma,6,29,1033592.42,172265.4,2024-03-05,2026-07-21
CUST002521,Aishani Chaudhary,7,34,1032932.21,147561.74,2025-04-19,2026-06-24
CUST002228,Patrick Prabhu,6,34,1031778.17,171963.03,2024-03-16,2026-06-29
CUST001185,Nidhi Oommen,5,33,1028449.75,205689.95,2024-07-15,2026-04-13
CUST003306,Maanas Baria,5,31,1026506.21,205301.24,2024-02-05,2026-03-30
CUST001384,Udarsh Sawhney,8,32,1020227.76,127528.47,2024-01-01,2025-09-25
CUST004447,Zehaan Khosla,4,24,1018579.90,254644.98,2024-04-08,2025-08-23
CUST002796,Charles Saini,4,29,1011011.41,252752.85,2024-03-18,2026-06-03
CUST001819,Ryan Morar,7,47,1009171.37,144167.34,2024-10-26,2026-02-28
CUST004004,Neha Deshmukh,3,21,1008003.05,336001.02,2025-01-17,2025-12-01
CUST000362,Waida Varghese,8,27,1004961.82,125620.23,2024-01-07,2026-02-11
CUST004687,Saksham Bawa,6,39,1002579.78,167096.63,2024-06-17,2026-06-09
CUST003904,Gabriel Balasubramanian,6,31,988646.69,164774.45,2024-01-24,2026-07-21
CUST001037,Dayita Chaudhry,4,32,982216.19,245554.05,2024-04-07,2025-01-17
CUST004377,Charan Tripathi,8,32,980665.81,122583.23,2024-01-15,2026-06-28
CUST004325,Qadim Venkatesh,6,30,978801.29,163133.55,2024-03-13,2025-10-31
CUST004747,Quincy Taneja,5,25,977709.03,195541.81,2024-01-20,2026-05-16
CUST002848,Charan Bawa,5,25,977140.39,195428.08,2024-09-24,2026-07-04
CUST004316,Manthan Tata,5,29,966178.51,193235.7,2024-04-11,2025-07-02
CUST000093,Pavani Goswami,4,25,965837.90,241459.48,2024-04-29,2024-10-12
CUST002376,Oscar Purohit,8,40,961670.60,120208.83,2024-02-28,2026-03-24
CUST003985,Ekalinga Ramanathan,3,30,959252.49,319750.83,2024-09-16,2026-05-03
CUST002972,Fiyaz Jayaraman,8,35,957741.43,119717.68,2024-03-18,2025-10-16
CUST002264,Amol Vyas,6,27,957611.47,159601.91,2024-06-11,2026-03-20
CUST004696,Dominic Bakshi,6,35,952455.42,158742.57,2024-03-28,2026-04-29
CUST003718,Yatin D’alia,4,23,952026.53,238006.63,2025-11-05,2026-07-21
CUST004214,Daksh Nadkarni,5,26,950399.46,190079.89,2024-01-17,2026-05-01
CUST002550,Libni Konda,6,28,946167.46,157694.58,2024-08-29,2026-07-21
CUST000051,Charvi Goyal,6,30,940047.95,156674.66,2024-01-28,2026-05-17
CUST004638,Amol Sampath,5,25,935738.31,187147.66,2024-07-18,2025-12-26
CUST002191,Jai Mander,3,27,931921.99,310640.66,2024-08-13,2025-12-14
CUST003022,Nakul Lala,9,50,929508.22,103278.69,2024-03-20,2026-03-29
CUST001329,Rishi Menon,7,32,928010.04,132572.86,2024-10-16,2026-07-12
CUST002574,Patrick Rana,3,26,925387.82,308462.61,2025-04-15,2026-02-08
CUST004819,Vrinda Baria,5,29,919731.93,183946.39,2024-07-03,2026-02-21
CUST002222,Ikbal Hora,6,34,919573.77,153262.3,2024-04-28,2026-05-08
CUST001980,Vamakshi Talwar,4,30,916595.03,229148.76,2024-07-01,2026-05-12
CUST001716,Aryan Taneja,3,24,914666.19,304888.73,2024-04-19,2026-01-31
CUST000461,Rohan Gour,6,34,914594.00,152432.33,2024-05-04,2026-01-14
CUST000002,Manan Pathak,6,37,910260.51,151710.09,2024-04-11,2026-07-14
CUST003590,Zansi Bala,7,37,909765.37,129966.48,2024-02-25,2026-07-16
CUST002058,Peter Walla,5,29,909111.65,181822.33,2024-08-12,2026-07-16
CUST004907,Aarini Vig,3,21,907092.25,302364.08,2024-05-13,2025-08-25
CUST000138,Nathaniel Sastry,3,25,906786.68,302262.23,2024-04-15,2025-12-31
CUST003519,Tanveer Mand,8,26,905647.48,113205.94,2024-02-04,2026-07-15
CUST001208,Abdul Gopal,5,23,904012.11,180802.42,2024-10-30,2026-03-12
CUST002993,Bachittar Patla,6,18,903772.37,150628.73,2024-04-26,2026-03-07
CUST000494,Sai Manda,5,25,901293.89,180258.78,2024-04-05,2026-04-25
CUST002332,Dakshesh Andra,6,35,894734.12,149122.35,2024-02-06,2026-03-18
CUST002952,Triveni Sastry,3,19,888173.06,296057.69,2024-05-20,2026-07-21
CUST004988,Bhavani Dhawan,5,24,885773.56,177154.71,2024-09-12,2026-02-27
CUST002856,Yagnesh Krishna,6,23,882678.56,147113.09,2024-02-17,2026-07-21
CUST004398,Nandini Chawla,5,30,881041.34,176208.27,2024-06-29,2026-07-13
CUST001004,Kalpit Rege,6,33,879187.64,146531.27,2024-07-24,2026-02-27
CUST003006,Ryan Ramachandran,4,20,877660.71,219415.18,2024-03-01,2026-02-25
CUST003667,Vansha Bora,4,24,877635.17,219408.79,2024-06-28,2026-03-16
CUST002735,Mitali Rege,4,18,873107.11,218276.78,2024-08-09,2026-06-23
CUST003362,Upma Das,5,29,873093.48,174618.7,2024-05-11,2026-03-14
CUST002793,Harinakshi Dey,4,20,866830.73,216707.68,2024-02-27,2026-03-24
CUST003478,Pratyush Murty,4,24,866543.57,216635.89,2024-06-21,2026-02-09
CUST004755,Lucky Dhawan,6,28,863668.45,143944.74,2024-04-17,2026-05-27
CUST000289,Charvi Yogi,4,34,861988.06,215497.02,2024-11-13,2026-03-05
CUST002436,Hamsini Bakshi,6,38,859743.73,143290.62,2024-07-19,2026-06-03
CUST002655,Osha Buch,4,28,857071.79,214267.95,2025-01-19,2025-12-21
CUST000696,Aadi Mital,4,30,855674.45,213918.61,2024-03-28,2026-07-08
CUST004219,Jalsa Chad,6,41,854739.18,142456.53,2024-02-28,2025-05-28
CUST001254,Odika Nori,4,35,850659.98,212665.0,2024-12-03,2025-11-29
CUST000206,Reyansh Guha,6,34,849017.36,141502.89,2024-10-25,2026-05-05
CUST001415,Shaurya Deo,7,41,843023.18,120431.88,2024-03-01,2026-04-18
CUST000094,Yochana Virk,4,28,841727.87,210431.97,2024-01-21,2026-07-10
CUST003263,Harsh Saraf,5,26,838015.16,167603.03,2024-07-22,2026-02-16
CUST003424,Panini Dewan,4,32,834297.99,208574.5,2024-02-16,2025-11-29
CUST004904,Niharika Savant,4,28,828704.88,207176.22,2025-08-30,2026-01-06
CUST002805,Shaurya Doshi,4,26,826851.38,206712.85,2024-07-28,2025-11-02
CUST004357,Omisha Dayal,6,34,817016.40,136169.4,2024-03-30,2026-07-09
CUST001509,Adya Mukhopadhyay,4,29,813321.93,203330.48,2024-04-18,2025-11-19
CUST003884,Eshana Rao,4,18,812225.44,203056.36,2024-04-08,2025-05-03
CUST004445,Bishakha Mann,6,29,809882.07,134980.35,2024-05-30,2026-02-07
CUST004083,Nathan Nazareth,4,31,809440.32,202360.08,2024-09-06,2025-12-26
CUST000837,Yashasvi Sahni,7,28,800295.40,114327.91,2024-08-13,2026-06-23
CUST002911,Jonathan Khare,6,22,798217.59,133036.27,2024-06-09,2026-05-17
CUST000473,Darpan Sandal,5,33,796713.57,159342.71,2024-05-14,2025-09-02
CUST003313,Vamakshi Pillai,4,20,796552.93,199138.23,2024-02-10,2024-07-18
CUST002645,Pranit Vohra,2,14,792108.92,396054.46,2024-05-15,2026-06-06
CUST003916,Abhimanyu Jha,3,20,791093.18,263697.73,2024-01-13,2025-01-28
CUST003084,Amara Menon,3,23,789962.37,263320.79,2025-04-12,2026-06-30
CUST003412,Patrick Palla,7,28,788052.25,112578.89,2024-04-03,2026-07-21
CUST000285,Yamini Rao,7,35,786344.64,112334.95,2024-05-06,2026-07-08
CUST003214,David Joshi,4,29,782766.45,195691.61,2024-01-22,2025-10-18
CUST002887,Chavvi Chand,4,32,768261.09,192065.27,2024-07-27,2025-06-20
CUST000144,Patrick Menon,7,37,767586.38,109655.2,2025-04-21,2026-06-20
CUST003454,Ikbal Pathak,4,25,767069.25,191767.31,2024-05-27,2026-07-21
CUST002218,Warjas Wadhwa,6,20,764157.83,127359.64,2024-03-15,2025-10-09
CUST000062,Odika Manne,7,23,750342.73,107191.82,2024-03-28,2025-05-11
CUST001015,Kevin Badami,3,20,750329.82,250109.94,2025-01-14,2026-03-02
CUST002352,Samarth Narang,2,21,743839.54,371919.77,2024-03-12,2024-04-05
CUST000690,Faras Gera,3,19,741309.23,247103.08,2024-03-03,2026-06-19
CUST000233,Chatresh De,6,26,738205.00,123034.17,2024-11-10,2026-06-11
CUST004481,Gaurav Nagar,4,17,736121.69,184030.42,2024-08-18,2026-02-10
CUST000151,Theodore Kohli,2,26,733967.09,366983.55,2024-11-06,2025-01-21
CUST000330,Rayaan Som,5,24,729365.55,145873.11,2024-03-23,2026-06-24
CUST001503,Nidra Rai,5,31,727121.04,145424.21,2024-10-15,2026-06-29
CUST002062,Balendra Dhawan,3,19,710630.90,236876.97,2024-10-07,2026-01-16
CUST001259,Liam Parekh,3,21,709798.92,236599.64,2024-05-15,2026-06-18
CUST000621,Dayamai Narayanan,3,26,708310.48,236103.49,2025-07-11,2026-06-07
CUST004628,Ridhi Joshi,8,33,700812.39,87601.55,2024-03-26,2026-04-25
CUST002612,Finn Bhavsar,4,16,691281.06,172820.27,2025-01-18,2026-04-12
CUST003660,Samar Dewan,4,21,688720.81,172180.2,2025-01-27,2026-06-19
CUST000663,Jagvi Vora,1,13,680184.58,680184.58,2026-07-21,2026-07-21
CUST000620,Isaac Sahota,6,24,665015.37,110835.9,2024-02-16,2025-09-22
CUST001974,Rushil Badal,3,23,662171.63,220723.88,2024-05-12,2025-08-22
CUST000882,Divya Babu,3,17,653127.87,217709.29,2024-07-25,2025-11-17
CUST000096,David Seshadri,4,25,650534.96,162633.74,2024-01-09,2025-09-07
CUST000792,Aachal Atwal,4,19,648212.22,162053.06,2024-05-13,2026-06-28
CUST001540,Aishani Khosla,6,38,647507.32,107917.89,2024-01-14,2026-07-17
CUST001422,Rajata Shere,3,18,632317.12,210772.37,2025-01-02,2025-12-28
CUST005013,Akshay Ratta,1,10,629296.93,629296.93,2026-07-21,2026-07-21
CUST003743,Mohini Chatterjee,5,20,624660.89,124932.18,2024-04-12,2026-06-16
CUST003986,Yug Mall,3,18,608211.89,202737.3,2024-04-28,2025-10-12
CUST000578,Raghav Lalla,5,29,606320.56,121264.11,2024-07-03,2025-11-07
CUST003460,Neelima Mani,4,21,603411.92,150852.98,2024-05-28,2026-04-17
CUST001950,Vasana Saraf,6,27,603051.29,100508.55,2024-04-07,2025-10-26
CUST003692,Vasana Nanda,3,20,594458.42,198152.81,2024-04-30,2026-07-17
CUST004340,Chandran Jani,3,22,592207.50,197402.5,2024-08-20,2026-06-15
CUST001687,Nihal Chopra,5,19,590847.74,118169.55,2024-04-26,2026-07-21
CUST001066,Charles Kari,6,18,560994.53,93499.09,2024-03-18,2026-06-16
CUST003372,Vaishnavi Mukherjee,4,15,558969.27,139742.32,2024-06-01,2026-05-14
CUST003007,George Prashad,3,20,547068.96,182356.32,2024-07-05,2026-06-29
CUST002572,Nilima Magar,4,18,546169.71,136542.43,2024-09-28,2025-10-31
CUST002948,Jagdish Chakraborty,2,18,543471.73,271735.87,2024-02-27,2026-06-25
CUST000268,Harita Rajagopalan,4,29,541897.13,135474.28,2024-05-11,2026-05-07
CUST002117,Warhi Batra,3,15,534184.11,178061.37,2024-07-05,2025-02-01
CUST000574,Bina Warrior,4,20,513120.29,128280.07,2024-10-01,2026-05-16
CUST003830,Dayita Warrior,1,10,498043.44,498043.44,2026-07-21,2026-07-21
CUST003757,Veer Chanda,6,16,491441.94,81906.99,2024-03-15,2026-02-09
CUST001295,Orinder Varghese,3,16,485999.15,161999.72,2024-07-07,2026-02-05
CUST003910,Diya Karnik,3,12,484222.38,161407.46,2024-01-03,2024-12-20
CUST001818,Samesh Prabhakar,4,19,481064.45,120266.11,2024-03-21,2026-01-16
CUST000688,Xavier Rout,1,17,454625.13,454625.13,2026-07-21,2026-07-21
CUST000395,Agastya Doctor,4,23,434832.33,108708.08,2024-01-14,2026-07-21
CUST005070,Radha Narayan,1,10,401241.73,401241.73,2026-07-21,2026-07-21
CUST001638,Zehaan Wadhwa,1,14,391138.83,391138.83,2026-07-21,2026-07-21
CUST000424,Owen Kade,6,18,388995.23,64832.54,2024-08-14,2026-01-09
CUST004302,Warhi Sabharwal,3,14,376865.51,125621.84,2024-03-03,2025-06-03
CUST003554,Onveer Sachdev,2,10,375814.22,187907.11,2026-01-20,2026-05-25
CUST003135,Aarini Mukhopadhyay,5,19,366685.34,73337.07,2024-07-23,2026-07-02
CUST005029,Oviya Lall,1,10,349288.70,349288.7,2026-07-21,2026-07-21
CUST001175,Sathvik Karnik,2,10,343844.26,171922.13,2025-04-02,2026-06-07
CUST001666,Lopa Rattan,3,13,339168.50,113056.17,2024-03-08,2026-04-22
CUST005065,Pranav Nagarajan,1,7,313610.12,313610.12,2026-07-21,2026-07-21
CUST001923,Niharika Sandhu,2,10,285595.49,142797.75,2026-02-18,2026-06-20
CUST003625,Faraj Om,1,8,283431.99,283431.99,2026-07-21,2026-07-21
CUST004028,Indira Dhillon,1,10,272202.96,272202.96,2026-07-21,2026-07-21
CUST003376,Vrishti Kadakia,1,10,252679.83,252679.83,2026-07-21,2026-07-21
CUST001859,Pallavi Kashyap,1,4,252067.84,252067.84,2026-07-21,2026-07-21
CUST004576,Alka Nigam,1,7,251283.75,251283.75,2026-07-21,2026-07-21
CUST001838,Bhavani Gupta,2,8,238109.42,119054.71,2024-01-26,2025-04-15
CUST005048,Yashica Om,1,5,195585.30,195585.3,2026-07-21,2026-07-21
CUST005053,Jairaj Nath,1,6,193138.77,193138.77,2026-07-21,2026-07-21
CUST005061,Lakshit Goda,1,12,185334.05,185334.05,2026-07-21,2026-07-21
CUST000381,Jacob Ramachandran,1,4,182377.90,182377.9,2026-07-21,2026-07-21
CUST001124,Hema Wali,3,12,173404.86,57801.62,2025-05-12,2026-07-19
CUST000471,Nitara More,1,8,168242.36,168242.36,2026-07-21,2026-07-21
CUST005077,Arunima Nadig,1,3,154730.91,154730.91,2026-07-21,2026-07-21
CUST002452,Rehaan Randhawa,1,6,146525.27,146525.27,2026-07-21,2026-07-21
CUST000911,Avni Batra,1,3,142664.79,142664.79,2026-07-21,2026-07-21
CUST005055,Ojasvi Kibe,1,8,137968.40,137968.4,2026-07-21,2026-07-21
CUST000276,Anya Keer,1,5,118965.69,118965.69,2026-07-21,2026-07-21
CUST000536,Saksham Konda,1,2,106150.62,106150.62,2026-07-21,2026-07-21
CUST001649,Chanchal Zacharia,1,4,104036.94,104036.94,2026-07-21,2026-07-21
CUST000371,Zayan Tata,1,3,94190.25,94190.25,2026-07-21,2026-07-21
CUST005006,Oni Varughese,1,2,77411.28,77411.28,2026-07-21,2026-07-21
CUST005072,Girish Buch,1,1,67480.22,67480.22,2026-07-21,2026-07-21
CUST003485,Fitan Aurora,2,4,52094.08,26047.04,2024-08-10,2025-12-19
CUST003707,Wishi Mani,1,2,44721.82,44721.82,2026-07-21,2026-07-21
CUST001370,Nathaniel Sha,1,4,11913.64,11913.64,2024-06-10,2024-06-10
CUST005042,Raksha Sarna,1,5,5226.39,5226.39,2026-07-21,2026-07-21
CUST001662,Jeremiah Bali,1,3,3612.48,3612.48,2026-07-21,2026-07-21
