month,category,customer_segment,order_status,net_revenue,discount,items,orders
2024-01-01,Beauty,Gold,CANCELLED,949203.62,74816.2,16,4
2024-01-01,Beauty,Gold,DELIVERED,5443525.44,396056.58,141,51
2024-01-01,Beauty,Gold,PENDING,455673.76,14088.789999999999,11,3
2024-01-01,Beauty,Gold,RETURNED,620852.11,28087.31,12,4
2024-01-01,Beauty,Gold,SHIPPED,2083147.72,128717.74,55,12
2024-01-01,Beauty,Platinum,CANCELLED,183035.21,2679.06,3,2
2024-01-01,Beauty,Platinum,DELIVERED,3042041.75,280730.61,86,28
2024-01-01,Beauty,Platinum,PENDING,112559.04,0.0,4,1
2024-01-01,Beauty,Platinum,RETURNED,64411.22,7152.4800000000005,5,2
2024-01-01,Beauty,Platinum,SHIPPED,299482.94,11587.980000000001,11,4
2024-01-01,Beauty,Regular,CANCELLED,1796367.32,133839.59,52,18
2024-01-01,Beauty,Regular,DELIVERED,24610142.92,2163840.29,641,221
2024-01-01,Beauty,Regular,PENDING,3093473.92,232667.08000000002,93,30
2024-01-01,Beauty,Regular,RETURNED,1787941.82,182690.38,56,21
2024-01-01,Beauty,Regular,SHIPPED,3479679.08,295525.04,87,27
2024-01-01,Beauty,Silver,CANCELLED,650056.96,75177.87,20,8
2024-01-01,Beauty,Silver,DELIVERED,9848757.08,847217.1,260,89
2024-01-01,Beauty,Silver,PENDING,1246035.73,58618.75,31,7
2024-01-01,Beauty,Silver,RETURNED,926183.46,59815.44,26,8
2024-01-01,Beauty,Silver,SHIPPED,990036.48,97191.05,40,12
2024-01-01,Books,Gold,CANCELLED,1068139.94,126511.62,27,9
2024-01-01,Books,Gold,DELIVERED,3426212.18,262856.48,102,38
2024-01-01,Books,Gold,PENDING,1006379.4199999999,73491.95999999999,20,5
2024-01-01,Books,Gold,RETURNED,761266.6699999999,55489.79,16,5
2024-01-01,Books,Gold,SHIPPED,715001.61,39811.9,19,6
2024-01-01,Books,Platinum,DELIVERED,2888937.5300000003,221358.78,71,24
2024-01-01,Books,Platinum,PENDING,35813.64,1648.71,5,2
2024-01-01,Books,Platinum,RETURNED,98351.21,10927.91,4,1
2024-01-01,Books,Platinum,SHIPPED,44621.28,4957.92,3,1
2024-01-01,Books,Regular,CANCELLED,2459990.05,223955.36000000002,74,27
2024-01-01,Books,Regular,DELIVERED,24649744.63,2146707.0,652,227
2024-01-01,Books,Regular,PENDING,3797326.08,337593.12,103,34
2024-01-01,Books,Regular,RETURNED,2705570.37,228646.37,69,20
2024-01-01,Books,Regular,SHIPPED,1470829.66,171371.99,49,19
2024-01-01,Books,Silver,CANCELLED,1183237.55,48365.090000000004,25,7
2024-01-01,Books,Silver,DELIVERED,9706426.94,945039.72,255,83
2024-01-01,Books,Silver,PENDING,715646.3200000001,65670.48,24,8
2024-01-01,Books,Silver,RETURNED,529086.79,46342.72,15,5
2024-01-01,Books,Silver,SHIPPED,1145155.86,73867.28,34,11
2024-01-01,Electronics,Gold,CANCELLED,316395.69,24894.43,8,2
2024-01-01,Electronics,Gold,DELIVERED,4474552.67,367060.45,120,46
2024-01-01,Electronics,Gold,PENDING,92671.05,13166.66,3,2
2024-01-01,Electronics,Gold,RETURNED,585391.6,87746.02,18,5
2024-01-01,Electronics,Gold,SHIPPED,1266673.04,35730.82,34,10
2024-01-01,Electronics,Platinum,CANCELLED,46843.53,0.0,3,1
2024-01-01,Electronics,Platinum,DELIVERED,2671558.39,161986.55,63,22
2024-01-01,Electronics,Platinum,PENDING,196059.02,28006.24,4,2
2024-01-01,Electronics,Platinum,RETURNED,93843.27,0.0,3,1
2024-01-01,Electronics,Platinum,SHIPPED,184466.5,24473.98,6,2
2024-01-01,Electronics,Regular,CANCELLED,2378726.77,192887.0,81,30
2024-01-01,Electronics,Regular,DELIVERED,18638430.7,1585290.41,560,195
2024-01-01,Electronics,Regular,PENDING,2827468.4699999997,260828.99,69,25
2024-01-01,Electronics,Regular,RETURNED,2408399.42,207310.11000000002,63,22
2024-01-01,Electronics,Regular,SHIPPED,2361233.3,259265.88,64,22
2024-01-01,Electronics,Silver,CANCELLED,488829.0,28100.829999999998,14,4
2024-01-01,Electronics,Silver,DELIVERED,7126805.51,641535.24,192,69
2024-01-01,Electronics,Silver,PENDING,709217.79,22326.43,16,4
2024-01-01,Electronics,Silver,RETURNED,632229.28,51730.9,17,5
2024-01-01,Electronics,Silver,SHIPPED,916444.5700000001,52275.68,35,12
2024-01-01,Fashion,Gold,CANCELLED,204107.46000000002,5064.65,7,3
2024-01-01,Fashion,Gold,DELIVERED,3203614.36,419245.67,99,39
2024-01-01,Fashion,Gold,PENDING,179359.95,59786.65,4,1
2024-01-01,Fashion,Gold,RETURNED,84708.20999999999,21644.79,7,4
2024-01-01,Fashion,Gold,SHIPPED,724817.1599999999,46543.59,20,7
2024-01-01,Fashion,Platinum,CANCELLED,162782.16,0.0,3,1
2024-01-01,Fashion,Platinum,DELIVERED,2374895.76,263594.32,81,24
2024-01-01,Fashion,Platinum,PENDING,335014.43000000005,3541.56,5,2
2024-01-01,Fashion,Platinum,RETURNED,484943.68,59719.99,13,5
2024-01-01,Fashion,Platinum,SHIPPED,619902.34,41316.33,11,4
2024-01-01,Fashion,Regular,CANCELLED,2012131.38,70590.93,54,20
2024-01-01,Fashion,Regular,DELIVERED,19614175.89,1514458.3599999999,588,212
2024-01-01,Fashion,Regular,PENDING,1583819.76,81431.17,47,21
2024-01-01,Fashion,Regular,RETURNED,1805400.45,138963.63,51,19
2024-01-01,Fashion,Regular,SHIPPED,2012460.72,238754.58000000002,74,23
2024-01-01,Fashion,Silver,CANCELLED,804319.4,93007.42,24,8
2024-01-01,Fashion,Silver,DELIVERED,8940046.09,707845.4299999999,232,80
2024-01-01,Fashion,Silver,PENDING,406488.06999999995,7845.44,11,4
2024-01-01,Fashion,Silver,RETURNED,846454.59,100005.23,23,7
2024-01-01,Fashion,Silver,SHIPPED,543110.92,69462.33,14,6
2024-01-01,Furniture,Gold,CANCELLED,233466.55,11241.65,6,3
2024-01-01,Furniture,Gold,DELIVERED,4700934.2,420080.11,137,53
2024-01-01,Furniture,Gold,PENDING,265081.5,38315.3,8,2
2024-01-01,Furniture,Gold,RETURNED,111888.95999999999,27256.760000000002,6,3
2024-01-01,Furniture,Gold,SHIPPED,490398.74,57514.759999999995,13,6
2024-01-01,Furniture,Platinum,DELIVERED,2055783.4,150050.52,69,24
2024-01-01,Furniture,Platinum,PENDING,12329.94,0.0,3,1
2024-01-01,Furniture,Platinum,RETURNED,214394.15,51068.89,8,4
2024-01-01,Furniture,Platinum,SHIPPED,288530.43,72906.41,7,3
2024-01-01,Furniture,Regular,CANCELLED,2552782.88,230788.74,80,28
2024-01-01,Furniture,Regular,DELIVERED,22574735.23,1716946.01,642,217
2024-01-01,Furniture,Regular,PENDING,3712649.38,333476.03,102,29
2024-01-01,Furniture,Regular,RETURNED,3264112.35,236669.47999999998,93,26
2024-01-01,Furniture,Regular,SHIPPED,1422282.97,119965.46,46,18
2024-01-01,Furniture,Silver,CANCELLED,790780.6,36837.46,31,10
2024-01-01,Furniture,Silver,DELIVERED,9322090.81,715255.28,262,88
2024-01-01,Furniture,Silver,PENDING,734195.05,22873.23,21,4
2024-01-01,Furniture,Silver,RETURNED,359167.19999999995,11557.72,15,4
2024-01-01,Furniture,Silver,SHIPPED,1585789.04,135630.95,36,13
2024-01-01,Home,Gold,CANCELLED,739491.01,109847.69,24,6
2024-01-01,Home,Gold,DELIVERED,6618562.64,695809.14,174,57
2024-01-01,Home,Gold,PENDING,244275.96000000002,38760.939999999995,7,3
2024-01-01,Home,Gold,RETURNED,707504.67,33468.3,19,9
2024-01-01,Home,Gold,SHIPPED,1213970.22,98053.64,32,11
2024-01-01,Home,Platinum,DELIVERED,2205992.16,68455.06999999999,58,23
2024-01-01,Home,Platinum,PENDING,77378.41,8597.6,3,1
2024-01-01,Home,Platinum,RETURNED,183283.15999999997,12308.86,4,2
2024-01-01,Home,Platinum,SHIPPED,181441.41,18248.260000000002,6,3
2024-01-01,Home,Regular,CANCELLED,3759961.52,288540.81,100,30
2024-01-01,Home,Regular,DELIVERED,21180729.59,1791341.42,626,216
2024-01-01,Home,Regular,PENDING,2916995.92,236652.54,79,30
2024-01-01,Home,Regular,RETURNED,4581371.5200000005,336418.65,106,30
2024-01-01,Home,Regular,SHIPPED,3911640.46,288621.59,105,30
2024-01-01,Home,Silver,CANCELLED,706177.85,64205.11,16,6
2024-01-01,Home,Silver,DELIVERED,8653396.55,682674.85,235,81
2024-01-01,Home,Silver,PENDING,1673920.74,114093.55,35,11
2024-01-01,Home,Silver,RETURNED,853374.04,74686.19,22,7
2024-01-01,Home,Silver,SHIPPED,1429665.84,121323.65000000001,39,11
2024-01-01,Sports,Gold,CANCELLED,1267394.89,203250.11,30,10
2024-01-01,Sports,Gold,DELIVERED,5115063.97,589443.22,150,44
2024-01-01,Sports,Gold,PENDING,88074.25,4635.49,2,1
2024-01-01,Sports,Gold,RETURNED,427533.31,59587.43,15,5
2024-01-01,Sports,Gold,SHIPPED,1935414.65,138865.76,46,11
2024-01-01,Sports,Platinum,CANCELLED,478090.04000000004,61509.24,10,2
2024-01-01,Sports,Platinum,DELIVERED,2902326.02,174254.48,88,30
2024-01-01,Sports,Platinum,PENDING,274187.75,4733.37,7,2
2024-01-01,Sports,Platinum,RETURNED,104387.89,18262.52,5,1
2024-01-01,Sports,Platinum,SHIPPED,165551.37,8713.23,4,1
2024-01-01,Sports,Regular,CANCELLED,1916073.84,195777.84999999998,54,19
2024-01-01,Sports,Regular,DELIVERED,24285438.1,2637438.46,678,229
2024-01-01,Sports,Regular,PENDING,3554680.76,324247.72,97,37
2024-01-01,Sports,Regular,RETURNED,4632337.06,293353.08,101,32
2024-01-01,Sports,Regular,SHIPPED,2507112.59,171603.09,58,20
2024-01-01,Sports,Silver,CANCELLED,493947.39999999997,64561.259999999995,20,7
2024-01-01,Sports,Silver,DELIVERED,9291913.01,875597.64,251,82
2024-01-01,Sports,Silver,PENDING,1299940.12,116546.39,40,11
2024-01-01,Sports,Silver,RETURNED,1194546.33,100962.45,33,11
2024-01-01,Sports,Silver,SHIPPED,329597.93,25649.8,12,4
2024-01-01,Toys,Gold,CANCELLED,187135.18,2460.26,10,2
2024-01-01,Toys,Gold,DELIVERED,3763903.36,372606.68,103,38
2024-01-01,Toys,Gold,PENDING,392941.58,37779.43,12,4
2024-01-01,Toys,Gold,RETURNED,322049.14,22253.6,11,5
2024-01-01,Toys,Gold,SHIPPED,955129.53,71901.73,27,11
2024-01-01,Toys,Platinum,CANCELLED,538668.08,0.0,12,2
2024-01-01,Toys,Platinum,DELIVERED,1386181.84,149448.19,50,19
2024-01-01,Toys,Platinum,PENDING,63324.1,11174.84,1,1
2024-01-01,Toys,Platinum,RETURNED,124893.96,0.0,2,1
2024-01-01,Toys,Platinum,SHIPPED,148398.15,19534.69,3,1
2024-01-01,Toys,Regular,CANCELLED,2825048.05,151559.82,81,28
2024-01-01,Toys,Regular,DELIVERED,22587405.86,1938648.0,696,226
2024-01-01,Toys,Regular,PENDING,2505104.75,201609.22,82,27
2024-01-01,Toys,Regular,RETURNED,3146445.51,333662.0,92,27
2024-01-01,Toys,Regular,SHIPPED,2404334.11,273528.34,82,29
2024-01-01,Toys,Silver,CANCELLED,611022.72,43225.83,19,6
2024-01-01,Toys,Silver,DELIVERED,7843170.85,758016.4400000001,267,98
2024-01-01,Toys,Silver,PENDING,460598.82,10259.19,21,8
2024-01-01,Toys,Silver,RETURNED,474268.67,33285.76,12,4
2024-01-01,Toys,Silver,SHIPPED,812726.97,51335.14,23,6
2024-02-01,Beauty,Gold,CANCELLED,282770.24,11754.150000000001,11,5
2024-02-01,Beauty,Gold,DELIVERED,4562778.04,443604.71,108,42
2024-02-01,Beauty,Gold,PENDING,559838.56,91240.14,17,6
2024-02-01,Beauty,Gold,RETURNED,419600.52,24990.96,8,3
2024-02-01,Beauty,Gold,SHIPPED,303018.48,22479.72,6,2
2024-02-01,Beauty,Platinum,CANCELLED,11622.9,2905.73,1,1
2024-02-01,Beauty,Platinum,DELIVERED,1299262.11,156800.21000000002,39,14
2024-02-01,Beauty,Platinum,PENDING,406332.47,44290.91,7,2
2024-02-01,Beauty,Platinum,RETURNED,1041161.78,66871.76,24,5
2024-02-01,Beauty,Platinum,SHIPPED,84868.83,19181.800000000003,5,1
2024-02-01,Beauty,Regular,CANCELLED,2196637.71,109482.39,56,20
2024-02-01,Beauty,Regular,DELIVERED,23351006.43,2317112.7,612,201
2024-02-01,Beauty,Regular,PENDING,2626644.55,223671.58,68,20
2024-02-01,Beauty,Regular,RETURNED,1140755.45,86699.16,30,11
2024-02-01,Beauty,Regular,SHIPPED,1705291.58,168697.91999999998,55,19
2024-02-01,Beauty,Silver,CANCELLED,808777.7999999999,67196.0,20,9
2024-02-01,Beauty,Silver,DELIVERED,8636126.77,731499.42,210,63
2024-02-01,Beauty,Silver,PENDING,790181.76,81162.06,24,8
2024-02-01,Beauty,Silver,RETURNED,1384478.15,206088.65999999997,34,13
2024-02-01,Beauty,Silver,SHIPPED,1341156.02,166210.57,36,12
2024-02-01,Books,Gold,CANCELLED,1196546.24,130973.26999999999,27,10
2024-02-01,Books,Gold,DELIVERED,5491695.64,429615.62,151,47
2024-02-01,Books,Gold,PENDING,422056.46,25921.14,9,2
2024-02-01,Books,Gold,RETURNED,601518.24,76386.06,15,4
2024-02-01,Books,Gold,SHIPPED,958954.92,123568.98,26,9
2024-02-01,Books,Platinum,CANCELLED,63177.93,21059.31,2,1
2024-02-01,Books,Platinum,DELIVERED,1980251.4100000001,154259.21,57,19
2024-02-01,Books,Platinum,PENDING,236583.09999999998,18407.32,4,2
2024-02-01,Books,Platinum,RETURNED,141806.65,0.0,5,2
2024-02-01,Books,Platinum,SHIPPED,668144.61,76211.2,16,4
2024-02-01,Books,Regular,CANCELLED,2536835.33,165887.81,60,20
2024-02-01,Books,Regular,DELIVERED,23655470.69,1947721.8,636,216
2024-02-01,Books,Regular,PENDING,2738241.09,348202.26,69,23
2024-02-01,Books,Regular,RETURNED,2168258.29,185477.52,56,18
2024-02-01,Books,Regular,SHIPPED,3742026.98,402812.42,94,33
2024-02-01,Books,Silver,CANCELLED,703758.44,58392.92,26,8
2024-02-01,Books,Silver,DELIVERED,6199072.96,489495.35,156,56
2024-02-01,Books,Silver,PENDING,749510.79,71459.73000000001,16,6
2024-02-01,Books,Silver,RETURNED,957228.04,45644.31,24,9
2024-02-01,Books,Silver,SHIPPED,1544198.82,79588.41,37,9
2024-02-01,Electronics,Gold,CANCELLED,538715.23,62083.8,15,6
2024-02-01,Electronics,Gold,DELIVERED,3131451.52,253512.88,88,32
2024-02-01,Electronics,Gold,PENDING,488337.51,51668.990000000005,17,5
2024-02-01,Electronics,Gold,RETURNED,515016.52,30524.28,21,5
2024-02-01,Electronics,Gold,SHIPPED,804681.54,61042.89,21,6
2024-02-01,Electronics,Platinum,CANCELLED,441509.82999999996,6636.94,8,4
2024-02-01,Electronics,Platinum,DELIVERED,2078368.51,150845.97,60,17
2024-02-01,Electronics,Platinum,PENDING,277858.06,8117.26,5,3
2024-02-01,Electronics,Platinum,RETURNED,181397.87,14190.98,7,2
2024-02-01,Electronics,Platinum,SHIPPED,315604.76,43321.1,10,3
2024-02-01,Electronics,Regular,CANCELLED,1308163.76,102436.56999999999,49,16
2024-02-01,Electronics,Regular,DELIVERED,19824386.63,1788418.22,578,200
2024-02-01,Electronics,Regular,PENDING,1951721.4000000001,170688.6,52,20
2024-02-01,Electronics,Regular,RETURNED,2601238.57,192504.97,65,24
2024-02-01,Electronics,Regular,SHIPPED,2967143.99,324931.35,96,31
2024-02-01,Electronics,Silver,CANCELLED,1163192.82,105543.20999999999,37,12
2024-02-01,Electronics,Silver,DELIVERED,4480509.11,365628.29,133,51
2024-02-01,Electronics,Silver,PENDING,323371.16,26744.329999999998,13,6
2024-02-01,Electronics,Silver,RETURNED,540768.54,31206.25,16,6
2024-02-01,Electronics,Silver,SHIPPED,1024416.35,104107.37000000001,32,9
2024-02-01,Fashion,Gold,CANCELLED,399404.38,24213.59,11,4
2024-02-01,Fashion,Gold,DELIVERED,5273768.0,303298.63,128,39
2024-02-01,Fashion,Gold,PENDING,538853.38,37643.93,18,6
2024-02-01,Fashion,Gold,RETURNED,412950.4,6414.27,10,4
2024-02-01,Fashion,Gold,SHIPPED,883197.52,96895.85,24,9
2024-02-01,Fashion,Platinum,CANCELLED,8782.52,462.24,4,1
2024-02-01,Fashion,Platinum,DELIVERED,2897533.1999999997,275953.18,82,23
2024-02-01,Fashion,Platinum,PENDING,197472.41999999998,34319.869999999995,7,2
2024-02-01,Fashion,Platinum,RETURNED,366872.89,31266.129999999997,11,5
2024-02-01,Fashion,Platinum,SHIPPED,78189.0,26063.0,4,1
2024-02-01,Fashion,Regular,CANCELLED,1669012.36,94922.18000000001,50,20
2024-02-01,Fashion,Regular,DELIVERED,21850453.88,1905475.87,624,207
2024-02-01,Fashion,Regular,PENDING,1213827.62,125423.98999999999,32,10
2024-02-01,Fashion,Regular,RETURNED,1651465.8,137308.14,55,19
2024-02-01,Fashion,Regular,SHIPPED,2000979.74,144521.72,63,23
2024-02-01,Fashion,Silver,CANCELLED,775261.75,68881.41,29,10
2024-02-01,Fashion,Silver,DELIVERED,7517969.51,778408.77,202,66
2024-02-01,Fashion,Silver,PENDING,732664.01,67541.24,16,7
2024-02-01,Fashion,Silver,RETURNED,774501.61,59840.86,19,7
2024-02-01,Fashion,Silver,SHIPPED,1565651.48,138741.83,48,15
2024-02-01,Furniture,Gold,CANCELLED,662088.71,115779.84,18,6
2024-02-01,Furniture,Gold,DELIVERED,4430372.48,455470.21,162,47
2024-02-01,Furniture,Gold,PENDING,834545.72,67706.79000000001,18,7
2024-02-01,Furniture,Gold,RETURNED,965000.68,80801.27,25,9
2024-02-01,Furniture,Gold,SHIPPED,1144998.87,68689.44,32,10
2024-02-01,Furniture,Platinum,DELIVERED,2269429.2800000003,166874.63999999998,61,20
2024-02-01,Furniture,Platinum,PENDING,228985.02000000002,40409.13,6,2
2024-02-01,Furniture,Platinum,RETURNED,730361.2799999999,48494.04,16,6
2024-02-01,Furniture,Platinum,SHIPPED,110715.1,487.13,5,2
2024-02-01,Furniture,Regular,CANCELLED,2156897.91,155321.95,74,24
2024-02-01,Furniture,Regular,DELIVERED,22390680.59,2010266.48,654,233
2024-02-01,Furniture,Regular,PENDING,2102102.93,98632.78,56,17
2024-02-01,Furniture,Regular,RETURNED,2075411.21,158630.4,51,18
2024-02-01,Furniture,Regular,SHIPPED,2724108.66,207057.21,86,25
2024-02-01,Furniture,Silver,CANCELLED,1000989.0,68177.39,31,11
2024-02-01,Furniture,Silver,DELIVERED,6662164.08,531820.05,210,76
2024-02-01,Furniture,Silver,PENDING,952894.95,118747.51999999999,25,12
2024-02-01,Furniture,Silver,RETURNED,844640.3,87378.5,36,12
2024-02-01,Furniture,Silver,SHIPPED,1347828.25,92805.7,44,12
2024-02-01,Home,Gold,CANCELLED,961219.38,27597.26,29,8
2024-02-01,Home,Gold,DELIVERED,6320408.39,682317.88,176,53
2024-02-01,Home,Gold,PENDING,1008844.7799999999,54945.14,26,6
2024-02-01,Home,Gold,RETURNED,270297.28,21950.73,8,5
2024-02-01,Home,Gold,SHIPPED,748975.46,28587.77,16,7
2024-02-01,Home,Platinum,CANCELLED,522259.85000000003,20525.67,13,4
2024-02-01,Home,Platinum,DELIVERED,2053358.63,117881.18,45,17
2024-02-01,Home,Platinum,PENDING,249171.57,54771.28999999999,6,3
2024-02-01,Home,Platinum,RETURNED,34485.75,3831.75,1,1
2024-02-01,Home,Platinum,SHIPPED,77878.68,10903.560000000001,2,2
2024-02-01,Home,Regular,CANCELLED,3250294.95,340631.7,85,24
2024-02-01,Home,Regular,DELIVERED,23809649.15,2088661.95,631,215
2024-02-01,Home,Regular,PENDING,1423791.44,131382.11000000002,59,22
2024-02-01,Home,Regular,RETURNED,2614504.46,222780.88999999998,68,24
2024-02-01,Home,Regular,SHIPPED,3810935.06,374241.32,99,38
2024-02-01,Home,Silver,CANCELLED,718982.4,52612.83,25,9
2024-02-01,Home,Silver,DELIVERED,7663713.81,620922.67,233,76
2024-02-01,Home,Silver,PENDING,944891.27,40592.990000000005,33,10
2024-02-01,Home,Silver,RETURNED,1535409.24,80735.38,33,11
2024-02-01,Home,Silver,SHIPPED,867439.6799999999,96890.21,22,11
2024-02-01,Sports,Gold,CANCELLED,1189342.93,52223.43,32,9
2024-02-01,Sports,Gold,DELIVERED,4254912.58,363562.05,122,45
2024-02-01,Sports,Gold,PENDING,977543.4199999999,64944.399999999994,24,9
2024-02-01,Sports,Gold,RETURNED,337889.38,12389.11,9,3
2024-02-01,Sports,Gold,SHIPPED,459704.65,39740.21,15,7
2024-02-01,Sports,Platinum,DELIVERED,1710908.0,126364.12,57,16
2024-02-01,Sports,Platinum,PENDING,412113.27,9758.68,7,2
2024-02-01,Sports,Platinum,RETURNED,565661.98,46541.39,14,4
2024-02-01,Sports,Platinum,SHIPPED,154515.36,33873.369999999995,4,2
2024-02-01,Sports,Regular,CANCELLED,2529246.57,148615.5,68,23
2024-02-01,Sports,Regular,DELIVERED,20575640.41,1736104.11,568,192
2024-02-01,Sports,Regular,PENDING,2731323.09,329856.24,77,26
2024-02-01,Sports,Regular,RETURNED,1862208.3900000001,127755.72,58,20
2024-02-01,Sports,Regular,SHIPPED,2888756.32,285792.48,100,31
2024-02-01,Sports,Silver,CANCELLED,1144111.01,87329.65,33,11
2024-02-01,Sports,Silver,DELIVERED,7671770.14,760990.03,222,72
2024-02-01,Sports,Silver,PENDING,949829.1699999999,53734.5,23,9
2024-02-01,Sports,Silver,RETURNED,304831.96,46297.7,11,5
2024-02-01,Sports,Silver,SHIPPED,804295.1599999999,34249.130000000005,19,6
2024-02-01,Toys,Gold,CANCELLED,646708.31,65271.45,12,6
2024-02-01,Toys,Gold,DELIVERED,2819295.38,269989.27,94,33
2024-02-01,Toys,Gold,PENDING,710658.06,54264.75,18,6
2024-02-01,Toys,Gold,RETURNED,177973.89,9367.05,3,1
2024-02-01,Toys,Gold,SHIPPED,2070053.2,120956.34,43,10
2024-02-01,Toys,Platinum,CANCELLED,30494.46,7623.61,1,1
2024-02-01,Toys,Platinum,DELIVERED,2220320.9699999997,121883.36,71,24
2024-02-01,Toys,Platinum,PENDING,352533.69999999995,13392.9,7,2
2024-02-01,Toys,Platinum,RETURNED,319549.07,16174.26,10,3
2024-02-01,Toys,Platinum,SHIPPED,335124.04000000004,45685.98,9,3
2024-02-01,Toys,Regular,CANCELLED,2413681.48,176940.36000000002,77,27
2024-02-01,Toys,Regular,DELIVERED,18029147.9,1369960.8900000001,588,196
2024-02-01,Toys,Regular,PENDING,2070450.0899999999,139745.29,58,21
2024-02-01,Toys,Regular,RETURNED,2603296.35,222451.03,73,22
2024-02-01,Toys,Regular,SHIPPED,1944903.21,172194.09,53,21
2024-02-01,Toys,Silver,CANCELLED,761986.32,118395.63,21,7
2024-02-01,Toys,Silver,DELIVERED,5313248.44,399144.06,161,58
2024-02-01,Toys,Silver,PENDING,776454.21,55391.54,25,8
2024-02-01,Toys,Silver,RETURNED,635468.76,44007.78,19,9
2024-02-01,Toys,Silver,SHIPPED,911050.91,148022.98,28,12
2024-03-01,Beauty,Gold,CANCELLED,203569.51,34968.23,9,3
2024-03-01,Beauty,Gold,DELIVERED,3749313.86,330252.92,106,39
2024-03-01,Beauty,Gold,PENDING,771404.04,71029.81,25,6
2024-03-01,Beauty,Gold,RETURNED,510064.52,23583.0,13,5
2024-03-01,Beauty,Gold,SHIPPED,861571.64,117956.81,31,8
2024-03-01,Beauty,Platinum,DELIVERED,1726042.45,102784.79,59,20
2024-03-01,Beauty,Platinum,PENDING,426196.26,29100.32,11,2
2024-03-01,Beauty,Platinum,RETURNED,251981.56,24733.949999999997,8,2
2024-03-01,Beauty,Platinum,SHIPPED,138584.98,7293.95,3,1
2024-03-01,Beauty,Regular,CANCELLED,2303133.48,185733.95,58,20
2024-03-01,Beauty,Regular,DELIVERED,27964692.29,2469426.17,733,239
2024-03-01,Beauty,Regular,PENDING,4285880.01,228077.2,98,31
2024-03-01,Beauty,Regular,RETURNED,2977752.12,237505.94999999998,62,19
2024-03-01,Beauty,Regular,SHIPPED,3701877.24,253174.13,108,38
2024-03-01,Beauty,Silver,CANCELLED,654394.87,121597.59999999999,17,7
2024-03-01,Beauty,Silver,DELIVERED,7915618.7700000005,635266.72,197,67
2024-03-01,Beauty,Silver,PENDING,1308360.31,197114.86000000002,29,6
2024-03-01,Beauty,Silver,RETURNED,474447.71,47505.76,14,7
2024-03-01,Beauty,Silver,SHIPPED,1728086.6099999999,250325.46000000002,36,12
2024-03-01,Books,Gold,CANCELLED,523222.11,13524.84,20,6
2024-03-01,Books,Gold,DELIVERED,5975438.43,703758.96,155,50
2024-03-01,Books,Gold,PENDING,518635.23,7062.33,10,5
2024-03-01,Books,Gold,RETURNED,668515.1699999999,44924.520000000004,17,5
2024-03-01,Books,Gold,SHIPPED,355565.28,28329.67,10,5
2024-03-01,Books,Platinum,CANCELLED,121490.26,13498.92,2,1
2024-03-01,Books,Platinum,DELIVERED,2344167.46,185897.44,63,17
2024-03-01,Books,Platinum,PENDING,126931.82,8510.93,10,4
2024-03-01,Books,Platinum,RETURNED,50173.11,0.0,1,1
2024-03-01,Books,Platinum,SHIPPED,97823.81,20477.11,3,2
2024-03-01,Books,Regular,CANCELLED,4289233.9,252613.76,90,33
2024-03-01,Books,Regular,DELIVERED,26104513.94,2237150.49,671,225
2024-03-01,Books,Regular,PENDING,2281940.31,218285.84,66,21
2024-03-01,Books,Regular,RETURNED,1274430.12,242187.34,41,15
2024-03-01,Books,Regular,SHIPPED,5400928.32,431896.41000000003,136,43
2024-03-01,Books,Silver,CANCELLED,998067.86,79076.92,31,11
2024-03-01,Books,Silver,DELIVERED,7875383.359999999,661618.95,218,78
2024-03-01,Books,Silver,PENDING,1000667.21,93757.66,26,10
2024-03-01,Books,Silver,RETURNED,813695.47,109546.3,29,9
2024-03-01,Books,Silver,SHIPPED,2702958.74,111694.3,58,17
2024-03-01,Electronics,Gold,CANCELLED,598671.28,90484.91,20,5
2024-03-01,Electronics,Gold,DELIVERED,4718692.08,376993.05,118,42
2024-03-01,Electronics,Gold,PENDING,304394.55,47001.340000000004,11,4
2024-03-01,Electronics,Gold,RETURNED,514965.88,66848.06,21,6
2024-03-01,Electronics,Gold,SHIPPED,1845484.57,158061.44999999998,44,12
2024-03-01,Electronics,Platinum,CANCELLED,46788.97,642.58,5,2
2024-03-01,Electronics,Platinum,DELIVERED,1244872.45,144182.52,36,16
2024-03-01,Electronics,Platinum,PENDING,363089.48,22512.09,8,3
2024-03-01,Electronics,Platinum,RETURNED,144654.53999999998,0.0,4,1
2024-03-01,Electronics,Platinum,SHIPPED,198103.27,40923.15,6,2
2024-03-01,Electronics,Regular,CANCELLED,2245002.2,243491.2,68,24
2024-03-01,Electronics,Regular,DELIVERED,21652618.45,2051411.4,647,221
2024-03-01,Electronics,Regular,PENDING,1127333.61,154457.97999999998,38,16
2024-03-01,Electronics,Regular,RETURNED,961836.3200000001,56757.42,37,12
2024-03-01,Electronics,Regular,SHIPPED,3645029.4,265267.96,87,33
2024-03-01,Electronics,Silver,CANCELLED,1237890.07,57356.25,29,11
2024-03-01,Electronics,Silver,DELIVERED,10281976.85,772718.23,259,89
2024-03-01,Electronics,Silver,PENDING,807418.56,65484.3,20,7
2024-03-01,Electronics,Silver,RETURNED,15373.86,4777.25,3,2
2024-03-01,Electronics,Silver,SHIPPED,990750.6799999999,50111.41,26,14
2024-03-01,Fashion,Gold,CANCELLED,554849.8,53798.75,17,5
2024-03-01,Fashion,Gold,DELIVERED,4143938.64,382755.92,115,42
2024-03-01,Fashion,Gold,PENDING,125590.08,0.0,6,2
2024-03-01,Fashion,Gold,RETURNED,571392.22,72998.91,19,7
2024-03-01,Fashion,Gold,SHIPPED,719801.94,65270.880000000005,23,9
2024-03-01,Fashion,Platinum,CANCELLED,62173.98,0.0,2,1
2024-03-01,Fashion,Platinum,DELIVERED,1029484.69,89245.41,34,13
2024-03-01,Fashion,Platinum,PENDING,206947.79,24064.92,5,1
2024-03-01,Fashion,Platinum,RETURNED,53959.78,13489.95,1,1
2024-03-01,Fashion,Platinum,SHIPPED,562594.28,69391.98,11,3
2024-03-01,Fashion,Regular,CANCELLED,1569454.1400000001,77283.92,45,16
2024-03-01,Fashion,Regular,DELIVERED,21534266.94,1692709.99,592,198
2024-03-01,Fashion,Regular,PENDING,2739248.35,161878.35,75,21
2024-03-01,Fashion,Regular,RETURNED,2684902.51,263176.38,66,24
2024-03-01,Fashion,Regular,SHIPPED,4023635.13,264010.59,120,38
2024-03-01,Fashion,Silver,CANCELLED,1340168.56,24723.11,43,16
2024-03-01,Fashion,Silver,DELIVERED,6301840.89,665706.47,219,72
2024-03-01,Fashion,Silver,PENDING,583999.77,56241.03,24,8
2024-03-01,Fashion,Silver,RETURNED,330323.9,6752.84,7,3
2024-03-01,Fashion,Silver,SHIPPED,1421197.96,165088.29,40,16
2024-03-01,Furniture,Gold,CANCELLED,357897.49,39136.34,18,7
2024-03-01,Furniture,Gold,DELIVERED,3513204.13,289999.86,92,35
2024-03-01,Furniture,Gold,PENDING,998223.62,127451.24,23,11
2024-03-01,Furniture,Gold,RETURNED,670183.9,103488.22,23,8
2024-03-01,Furniture,Gold,SHIPPED,342512.87,11444.619999999999,14,6
2024-03-01,Furniture,Platinum,CANCELLED,355359.58,14787.510000000002,8,2
2024-03-01,Furniture,Platinum,DELIVERED,1500672.27,143387.24,45,16
2024-03-01,Furniture,Platinum,PENDING,357971.89999999997,39379.23,11,3
2024-03-01,Furniture,Platinum,RETURNED,524358.1,32269.05,9,3
2024-03-01,Furniture,Platinum,SHIPPED,335814.55,44070.24,8,3
2024-03-01,Furniture,Regular,CANCELLED,2518288.02,295363.97,86,26
2024-03-01,Furniture,Regular,DELIVERED,21288154.16,1939106.86,604,212
2024-03-01,Furniture,Regular,PENDING,2527880.47,142930.12,66,23
2024-03-01,Furniture,Regular,RETURNED,1794208.67,173637.57,52,16
2024-03-01,Furniture,Regular,SHIPPED,3107802.1,266206.05,99,31
2024-03-01,Furniture,Silver,CANCELLED,1023856.2100000001,85673.6,28,9
2024-03-01,Furniture,Silver,DELIVERED,6878838.82,703931.77,213,77
2024-03-01,Furniture,Silver,PENDING,922674.4299999999,38264.22,21,9
2024-03-01,Furniture,Silver,RETURNED,405833.08999999997,14139.03,10,3
2024-03-01,Furniture,Silver,SHIPPED,815008.86,71472.8,34,14
2024-03-01,Home,Gold,CANCELLED,256498.47,53020.229999999996,9,3
2024-03-01,Home,Gold,DELIVERED,5084968.87,466259.89,134,45
2024-03-01,Home,Gold,PENDING,649668.75,14763.17,14,4
2024-03-01,Home,Gold,RETURNED,429788.32,49001.33,10,5
2024-03-01,Home,Gold,SHIPPED,1125978.12,102404.31,29,10
2024-03-01,Home,Platinum,CANCELLED,206985.2,22998.36,4,1
2024-03-01,Home,Platinum,DELIVERED,2136546.29,159919.43,59,21
2024-03-01,Home,Platinum,PENDING,186433.34,5294.59,9,3
2024-03-01,Home,Platinum,RETURNED,111436.38,5865.07,5,1
2024-03-01,Home,Platinum,SHIPPED,349184.13,685.34,11,4
2024-03-01,Home,Regular,CANCELLED,3091126.12,185996.55,86,26
2024-03-01,Home,Regular,DELIVERED,22662479.18,2173683.91,677,216
2024-03-01,Home,Regular,PENDING,2825149.51,211231.83000000002,92,30
2024-03-01,Home,Regular,RETURNED,1995934.35,185405.84,58,17
2024-03-01,Home,Regular,SHIPPED,3352717.61,232911.32,100,33
2024-03-01,Home,Silver,CANCELLED,1021253.68,83541.81999999999,19,8
2024-03-01,Home,Silver,DELIVERED,9350586.21,1011498.0,269,96
2024-03-01,Home,Silver,PENDING,546789.17,36032.66,12,6
2024-03-01,Home,Silver,RETURNED,328465.14,12406.57,15,5
2024-03-01,Home,Silver,SHIPPED,1140008.61,118725.34,37,14
2024-03-01,Sports,Gold,CANCELLED,979280.27,92996.56,24,9
2024-03-01,Sports,Gold,DELIVERED,5976362.28,388187.16,160,54
2024-03-01,Sports,Gold,PENDING,315998.01,2888.69,11,4
2024-03-01,Sports,Gold,RETURNED,47986.93,93.68,2,2
2024-03-01,Sports,Gold,SHIPPED,611241.0,81530.32999999999,14,5
2024-03-01,Sports,Platinum,CANCELLED,218495.72,10082.3,10,2
2024-03-01,Sports,Platinum,DELIVERED,1663475.32,88543.36,42,14
2024-03-01,Sports,Platinum,PENDING,185089.07,1141.56,7,2
2024-03-01,Sports,Platinum,RETURNED,78921.63,19730.41,4,1
2024-03-01,Sports,Platinum,SHIPPED,239570.44,12107.66,11,5
2024-03-01,Sports,Regular,CANCELLED,2084342.77,175625.00999999998,59,23
2024-03-01,Sports,Regular,DELIVERED,23559893.33,2064971.93,607,219
2024-03-01,Sports,Regular,PENDING,1958478.0,155119.09,74,24
2024-03-01,Sports,Regular,RETURNED,2080481.93,150695.21000000002,58,15
2024-03-01,Sports,Regular,SHIPPED,5159884.62,442435.41000000003,143,44
2024-03-01,Sports,Silver,CANCELLED,592535.41,61657.29,24,8
2024-03-01,Sports,Silver,DELIVERED,8195956.83,839121.96,230,75
2024-03-01,Sports,Silver,PENDING,471077.99,62572.49,18,8
2024-03-01,Sports,Silver,RETURNED,522750.35,22142.78,12,4
2024-03-01,Sports,Silver,SHIPPED,1155169.29,96406.35999999999,32,17
2024-03-01,Toys,Gold,CANCELLED,799882.49,69637.48,24,5
2024-03-01,Toys,Gold,DELIVERED,3514566.42,344687.5,114,36
2024-03-01,Toys,Gold,PENDING,777398.14,64776.44,22,8
2024-03-01,Toys,Gold,RETURNED,433425.51,21037.510000000002,11,4
2024-03-01,Toys,Gold,SHIPPED,889433.04,35023.42,22,7
2024-03-01,Toys,Platinum,CANCELLED,149079.83,32155.25,4,2
2024-03-01,Toys,Platinum,DELIVERED,1671214.4000000001,141518.32,65,21
2024-03-01,Toys,Platinum,PENDING,384109.83,18823.42,9,2
2024-03-01,Toys,Platinum,RETURNED,26682.31,1404.33,4,1
2024-03-01,Toys,Platinum,SHIPPED,67373.64,0.0,4,1
2024-03-01,Toys,Regular,CANCELLED,2340863.4,197014.22,84,34
2024-03-01,Toys,Regular,DELIVERED,17384249.5,1683007.02,631,217
2024-03-01,Toys,Regular,PENDING,2859373.74,140995.02,86,29
2024-03-01,Toys,Regular,RETURNED,1162933.81,142780.69,36,15
2024-03-01,Toys,Regular,SHIPPED,3128940.64,176630.3,104,39
2024-03-01,Toys,Silver,CANCELLED,1530034.2,193532.21,40,14
2024-03-01,Toys,Silver,DELIVERED,6281927.89,585702.85,202,73
2024-03-01,Toys,Silver,PENDING,391052.61,29505.5,10,6
2024-03-01,Toys,Silver,RETURNED,1055728.16,64372.82,22,7
2024-03-01,Toys,Silver,SHIPPED,1743729.95,183335.68,45,14
2024-04-01,Beauty,Gold,CANCELLED,334091.35,44599.33,15,5
2024-04-01,Beauty,Gold,DELIVERED,5719805.78,445483.55,160,54
2024-04-01,Beauty,Gold,PENDING,880396.1699999999,34725.91,23,9
2024-04-01,Beauty,Gold,RETURNED,486906.17000000004,52841.16,8,2
2024-04-01,Beauty,Gold,SHIPPED,397873.03,49248.68,11,3
2024-04-01,Beauty,Platinum,CANCELLED,471156.79,21559.4,8,4
2024-04-01,Beauty,Platinum,DELIVERED,3007253.45,265470.0,75,26
2024-04-01,Beauty,Platinum,PENDING,423983.22000000003,14763.76,6,2
2024-04-01,Beauty,Platinum,SHIPPED,99536.3,24884.08,3,1
2024-04-01,Beauty,Regular,CANCELLED,1893084.29,160151.0,66,22
2024-04-01,Beauty,Regular,DELIVERED,22712768.54,1937609.09,613,208
2024-04-01,Beauty,Regular,PENDING,1892061.01,112572.44,53,20
2024-04-01,Beauty,Regular,RETURNED,1274197.43,67772.79000000001,34,15
2024-04-01,Beauty,Regular,SHIPPED,3808506.13,233090.34,106,33
2024-04-01,Beauty,Silver,CANCELLED,1421094.4,85423.81,36,13
2024-04-01,Beauty,Silver,DELIVERED,8637371.03,784879.65,231,74
2024-04-01,Beauty,Silver,PENDING,1034809.73,83823.38,35,13
2024-04-01,Beauty,Silver,RETURNED,698438.78,44314.94,17,8
2024-04-01,Beauty,Silver,SHIPPED,1626609.38,140278.38,34,13
2024-04-01,Books,Gold,CANCELLED,18451.0,3256.06,1,1
2024-04-01,Books,Gold,DELIVERED,4281992.33,317966.32,103,34
2024-04-01,Books,Gold,PENDING,405978.66000000003,71443.48999999999,12,3
2024-04-01,Books,Gold,RETURNED,589679.25,12892.36,12,4
2024-04-01,Books,Gold,SHIPPED,307136.04000000004,34126.22,10,3
2024-04-01,Books,Platinum,CANCELLED,631065.62,33509.01,11,3
2024-04-01,Books,Platinum,DELIVERED,1517864.82,126349.2,47,15
2024-04-01,Books,Platinum,PENDING,60383.36,10655.89,3,1
2024-04-01,Books,Platinum,RETURNED,115237.41,0.0,3,1
2024-04-01,Books,Platinum,SHIPPED,163723.65,5693.78,7,2
2024-04-01,Books,Regular,CANCELLED,2336990.43,170890.02,59,23
2024-04-01,Books,Regular,DELIVERED,22099002.28,1981202.84,581,203
2024-04-01,Books,Regular,PENDING,2866915.04,200169.27,79,23
2024-04-01,Books,Regular,RETURNED,2966907.4899999998,246510.86,85,25
2024-04-01,Books,Regular,SHIPPED,3605357.4,155724.68,92,30
2024-04-01,Books,Silver,CANCELLED,1278590.2,82791.55,29,9
2024-04-01,Books,Silver,DELIVERED,8222898.33,821551.9,221,77
2024-04-01,Books,Silver,PENDING,1114774.36,155691.81,37,14
2024-04-01,Books,Silver,RETURNED,1077116.58,109246.66,30,11
2024-04-01,Books,Silver,SHIPPED,1140983.21,107216.97,29,9
2024-04-01,Electronics,Gold,CANCELLED,523742.32,42080.42,16,5
2024-04-01,Electronics,Gold,DELIVERED,3310714.39,266792.7,98,44
2024-04-01,Electronics,Gold,PENDING,517026.08999999997,67309.23,22,6
2024-04-01,Electronics,Gold,RETURNED,245486.25,27079.510000000002,8,4
2024-04-01,Electronics,Gold,SHIPPED,408191.4,29277.769999999997,17,7
2024-04-01,Electronics,Platinum,CANCELLED,493370.79000000004,37819.11,12,3
2024-04-01,Electronics,Platinum,DELIVERED,1550550.74,203496.32,44,13
2024-04-01,Electronics,Platinum,RETURNED,108545.37,5712.91,4,1
2024-04-01,Electronics,Platinum,SHIPPED,353785.36,8026.63,9,4
2024-04-01,Electronics,Regular,CANCELLED,1502562.8599999999,65393.659999999996,43,16
2024-04-01,Electronics,Regular,DELIVERED,20720245.07,1746584.01,579,194
2024-04-01,Electronics,Regular,PENDING,2594235.88,122605.03,71,25
2024-04-01,Electronics,Regular,RETURNED,1818144.4,222098.23,55,18
2024-04-01,Electronics,Regular,SHIPPED,2809274.59,242959.69999999998,76,28
2024-04-01,Electronics,Silver,CANCELLED,1489146.46,161325.8,38,9
2024-04-01,Electronics,Silver,DELIVERED,7095875.16,611436.64,219,72
2024-04-01,Electronics,Silver,PENDING,723766.6799999999,31959.88,26,9
2024-04-01,Electronics,Silver,RETURNED,547681.65,46517.32,13,6
2024-04-01,Electronics,Silver,SHIPPED,1002381.51,78292.82,26,10
2024-04-01,Fashion,Gold,CANCELLED,185470.59,20607.84,3,2
2024-04-01,Fashion,Gold,DELIVERED,3669317.64,317953.86,105,31
2024-04-01,Fashion,Gold,PENDING,931734.68,82698.47,21,7
2024-04-01,Fashion,Gold,RETURNED,271552.83999999997,22700.93,9,3
2024-04-01,Fashion,Gold,SHIPPED,513366.67,5591.72,17,5
2024-04-01,Fashion,Platinum,CANCELLED,25419.68,4485.83,1,1
2024-04-01,Fashion,Platinum,DELIVERED,1739110.71,215119.96,50,18
2024-04-01,Fashion,Platinum,PENDING,64128.45,11316.79,2,1
2024-04-01,Fashion,Platinum,RETURNED,262034.34,32568.79,7,3
2024-04-01,Fashion,Platinum,SHIPPED,470601.39,62717.61,8,3
2024-04-01,Fashion,Regular,CANCELLED,2827635.64,231016.35,77,23
2024-04-01,Fashion,Regular,DELIVERED,22780934.3,2003951.25,672,214
2024-04-01,Fashion,Regular,PENDING,2523672.2399999998,145824.66,75,23
2024-04-01,Fashion,Regular,RETURNED,2591060.42,283794.12,69,23
2024-04-01,Fashion,Regular,SHIPPED,3359689.29,291941.98,90,30
2024-04-01,Fashion,Silver,CANCELLED,868442.6599999999,65834.63,19,8
2024-04-01,Fashion,Silver,DELIVERED,5363980.4799999995,427272.13,139,57
2024-04-01,Fashion,Silver,PENDING,1093715.89,39667.69,27,9
2024-04-01,Fashion,Silver,RETURNED,906502.55,74996.63,30,10
2024-04-01,Fashion,Silver,SHIPPED,853218.0,102424.2,25,10
2024-04-01,Furniture,Gold,CANCELLED,257026.45,36920.36,11,4
2024-04-01,Furniture,Gold,DELIVERED,4026863.8,461199.3,136,44
2024-04-01,Furniture,Gold,PENDING,853637.63,85442.03,21,7
2024-04-01,Furniture,Gold,RETURNED,213400.41999999998,27581.859999999997,6,3
2024-04-01,Furniture,Platinum,CANCELLED,250261.12,27656.2,10,5
2024-04-01,Furniture,Platinum,DELIVERED,2916409.52,205278.59,70,21
2024-04-01,Furniture,Platinum,PENDING,136918.97,15213.22,3,1
2024-04-01,Furniture,Platinum,RETURNED,180680.76,15229.61,7,2
2024-04-01,Furniture,Platinum,SHIPPED,86280.96,14035.02,6,2
2024-04-01,Furniture,Regular,CANCELLED,1086873.36,68701.76999999999,46,17
2024-04-01,Furniture,Regular,DELIVERED,21358451.6,2036692.92,639,199
2024-04-01,Furniture,Regular,PENDING,2015389.33,149066.96,56,21
2024-04-01,Furniture,Regular,RETURNED,2041777.6300000001,151641.8,85,25
2024-04-01,Furniture,Regular,SHIPPED,2294890.44,219588.5,71,27
2024-04-01,Furniture,Silver,CANCELLED,741622.29,46851.479999999996,26,11
2024-04-01,Furniture,Silver,DELIVERED,7243812.53,558178.15,217,68
2024-04-01,Furniture,Silver,PENDING,471983.44,44266.5,21,8
2024-04-01,Furniture,Silver,RETURNED,847913.67,47789.53,24,7
2024-04-01,Furniture,Silver,SHIPPED,1160022.27,95895.73,44,12
2024-04-01,Home,Gold,CANCELLED,150550.86000000002,34822.229999999996,7,3
2024-04-01,Home,Gold,DELIVERED,5025743.92,293522.35,135,42
2024-04-01,Home,Gold,PENDING,800214.49,29980.46,18,8
2024-04-01,Home,Gold,RETURNED,804637.86,29913.449999999997,13,3
2024-04-01,Home,Gold,SHIPPED,907714.46,78462.78,22,7
2024-04-01,Home,Platinum,CANCELLED,48555.46,0.0,2,1
2024-04-01,Home,Platinum,DELIVERED,2295136.86,251429.37,66,22
2024-04-01,Home,Platinum,PENDING,83815.04,0.0,4,1
2024-04-01,Home,Platinum,RETURNED,326081.92000000004,39847.270000000004,7,2
2024-04-01,Home,Platinum,SHIPPED,171735.54,15237.279999999999,10,2
2024-04-01,Home,Regular,CANCELLED,1581622.78,170236.15,46,14
2024-04-01,Home,Regular,DELIVERED,21162961.59,1535641.55,593,213
2024-04-01,Home,Regular,PENDING,1383609.26,162554.63,47,15
2024-04-01,Home,Regular,RETURNED,2111485.75,219126.15,64,23
2024-04-01,Home,Regular,SHIPPED,2753122.94,219429.43,92,26
2024-04-01,Home,Silver,CANCELLED,1305779.7,109234.33,41,12
2024-04-01,Home,Silver,DELIVERED,9531442.78,736162.01,256,91
2024-04-01,Home,Silver,PENDING,1203250.01,55250.73,38,10
2024-04-01,Home,Silver,RETURNED,430405.37,42206.869999999995,14,5
2024-04-01,Home,Silver,SHIPPED,1386503.57,78381.64,35,11
2024-04-01,Sports,Gold,CANCELLED,711400.37,44362.5,21,8
2024-04-01,Sports,Gold,DELIVERED,4674275.82,507276.28,127,48
2024-04-01,Sports,Gold,PENDING,520469.07999999996,11842.49,22,7
2024-04-01,Sports,Gold,RETURNED,929993.0800000001,104556.46,35,10
2024-04-01,Sports,Gold,SHIPPED,626349.96,60384.28,15,8
2024-04-01,Sports,Platinum,CANCELLED,341427.83999999997,11410.099999999999,15,4
2024-04-01,Sports,Platinum,DELIVERED,2103149.28,175875.68,59,20
2024-04-01,Sports,Platinum,PENDING,43219.11,6431.11,4,2
2024-04-01,Sports,Platinum,RETURNED,16827.27,885.65,1,1
2024-04-01,Sports,Platinum,SHIPPED,240038.62000000002,55075.36,12,4
2024-04-01,Sports,Regular,CANCELLED,3198440.86,250517.63,84,27
2024-04-01,Sports,Regular,DELIVERED,21645718.52,1626930.52,628,217
2024-04-01,Sports,Regular,PENDING,1960203.09,173739.09,68,23
2024-04-01,Sports,Regular,RETURNED,1893896.5899999999,164240.51,53,19
2024-04-01,Sports,Regular,SHIPPED,2414895.37,217685.39,76,29
2024-04-01,Sports,Silver,CANCELLED,1176486.15,100611.19,34,12
2024-04-01,Sports,Silver,DELIVERED,6901326.36,585716.43,173,62
2024-04-01,Sports,Silver,PENDING,907770.26,73700.76000000001,27,9
2024-04-01,Sports,Silver,RETURNED,831482.5,12699.87,23,9
2024-04-01,Sports,Silver,SHIPPED,846282.0499999999,92566.18000000001,22,9
2024-04-01,Toys,Gold,CANCELLED,606856.96,50043.7,17,5
2024-04-01,Toys,Gold,DELIVERED,5547845.39,443571.23,158,44
2024-04-01,Toys,Gold,PENDING,545022.1,35741.17,15,4
2024-04-01,Toys,Gold,RETURNED,238154.65,22771.9,5,1
2024-04-01,Toys,Gold,SHIPPED,622369.56,72672.93,15,7
2024-04-01,Toys,Platinum,CANCELLED,60714.14,3195.48,2,1
2024-04-01,Toys,Platinum,DELIVERED,1724228.05,148149.05,54,19
2024-04-01,Toys,Platinum,PENDING,194292.09000000003,34286.84,5,2
2024-04-01,Toys,Platinum,RETURNED,73810.8,3829.8500000000004,7,3
2024-04-01,Toys,Platinum,SHIPPED,338632.37,40796.63,10,4
2024-04-01,Toys,Regular,CANCELLED,1355009.16,110086.72,46,18
2024-04-01,Toys,Regular,DELIVERED,21467159.84,1852801.52,637,214
2024-04-01,Toys,Regular,PENDING,1538588.92,164038.95,52,17
2024-04-01,Toys,Regular,RETURNED,2264535.4,134639.38,64,20
2024-04-01,Toys,Regular,SHIPPED,2926911.34,353526.19,84,28
2024-04-01,Toys,Silver,CANCELLED,463987.56999999995,71559.48000000001,19,6
2024-04-01,Toys,Silver,DELIVERED,7083058.95,587174.24,230,74
2024-04-01,Toys,Silver,PENDING,1228874.01,163728.24,37,11
2024-04-01,Toys,Silver,RETURNED,546397.0700000001,16868.18,24,10
2024-04-01,Toys,Silver,SHIPPED,1266696.49,99521.75,44,17
2024-05-01,Beauty,Gold,CANCELLED,312156.99,37025.74,9,3
2024-05-01,Beauty,Gold,DELIVERED,5230987.91,419073.19,143,45
2024-05-01,Beauty,Gold,PENDING,69156.34,19055.31,4,2
2024-05-01,Beauty,Gold,RETURNED,691571.43,299.35,15,4
2024-05-01,Beauty,Gold,SHIPPED,990293.94,74260.24,38,13
2024-05-01,Beauty,Platinum,CANCELLED,24810.38,1305.81,1,1
2024-05-01,Beauty,Platinum,DELIVERED,1795995.53,103805.6,52,16
2024-05-01,Beauty,Platinum,PENDING,229384.99,57346.25,4,1
2024-05-01,Beauty,Platinum,RETURNED,307861.01,59515.88,10,3
2024-05-01,Beauty,Platinum,SHIPPED,368377.44,36065.36,11,4
2024-05-01,Beauty,Regular,CANCELLED,4164943.21,314730.61,109,35
2024-05-01,Beauty,Regular,DELIVERED,21757322.23,1624055.69,598,206
2024-05-01,Beauty,Regular,PENDING,2527711.57,147582.71,54,20
2024-05-01,Beauty,Regular,RETURNED,2307327.48,189915.22,65,21
2024-05-01,Beauty,Regular,SHIPPED,3385464.66,226187.80000000002,77,32
2024-05-01,Beauty,Silver,CANCELLED,1361810.76,74273.06,28,11
2024-05-01,Beauty,Silver,DELIVERED,9096202.62,805445.79,235,82
2024-05-01,Beauty,Silver,PENDING,640162.95,59520.64,26,9
2024-05-01,Beauty,Silver,RETURNED,1080680.54,39636.73,26,8
2024-05-01,Beauty,Silver,SHIPPED,1347635.79,120026.18000000001,39,15
2024-05-01,Books,Gold,CANCELLED,696768.2,58890.53,17,7
2024-05-01,Books,Gold,DELIVERED,4103371.84,341301.93,115,45
2024-05-01,Books,Gold,PENDING,283828.68,0.0,6,2
2024-05-01,Books,Gold,RETURNED,458785.72,9515.39,8,3
2024-05-01,Books,Gold,SHIPPED,1864648.69,147691.76,43,13
2024-05-01,Books,Platinum,DELIVERED,2218708.7,143759.03,71,22
2024-05-01,Books,Platinum,PENDING,170191.76,2892.33,4,2
2024-05-01,Books,Platinum,RETURNED,186568.65,29179.57,6,2
2024-05-01,Books,Platinum,SHIPPED,862661.8200000001,127520.32,21,7
2024-05-01,Books,Regular,CANCELLED,3027379.05,342723.41000000003,73,26
2024-05-01,Books,Regular,DELIVERED,29513545.0,2562523.82,742,226
2024-05-01,Books,Regular,PENDING,3370383.93,265838.52,98,30
2024-05-01,Books,Regular,RETURNED,2817127.01,343806.39,74,23
2024-05-01,Books,Regular,SHIPPED,3821998.29,395565.17,94,31
2024-05-01,Books,Silver,CANCELLED,1365332.03,75913.38,35,11
2024-05-01,Books,Silver,DELIVERED,9371559.08,765348.83,246,79
2024-05-01,Books,Silver,PENDING,832864.4299999999,87986.48000000001,27,10
2024-05-01,Books,Silver,RETURNED,732808.26,73333.18,20,8
2024-05-01,Books,Silver,SHIPPED,1373165.34,154316.08,29,9
2024-05-01,Electronics,Gold,CANCELLED,597071.4,60028.15,16,6
2024-05-01,Electronics,Gold,DELIVERED,3495922.35,273073.83,95,42
2024-05-01,Electronics,Gold,PENDING,194059.64,11973.640000000001,5,3
2024-05-01,Electronics,Gold,RETURNED,163737.84,22698.84,4,2
2024-05-01,Electronics,Gold,SHIPPED,810161.22,70779.08,34,9
2024-05-01,Electronics,Platinum,CANCELLED,49047.17,5449.69,1,1
2024-05-01,Electronics,Platinum,DELIVERED,1655303.02,137753.33,54,18
2024-05-01,Electronics,Platinum,PENDING,59998.18,7210.4800000000005,2,2
2024-05-01,Electronics,Platinum,RETURNED,125818.52,532.66,4,3
2024-05-01,Electronics,Platinum,SHIPPED,560091.87,41103.61,16,4
2024-05-01,Electronics,Regular,CANCELLED,2252752.2800000003,231222.31,63,25
2024-05-01,Electronics,Regular,DELIVERED,21445462.27,1850977.22,642,221
2024-05-01,Electronics,Regular,PENDING,2739875.07,211417.91999999998,78,25
2024-05-01,Electronics,Regular,RETURNED,2684213.22,183662.89,73,24
2024-05-01,Electronics,Regular,SHIPPED,2935430.87,287668.39,91,31
2024-05-01,Electronics,Silver,CANCELLED,1087008.14,115686.05,42,12
2024-05-01,Electronics,Silver,DELIVERED,6098425.7,475211.24,159,59
2024-05-01,Electronics,Silver,PENDING,1335642.49,81044.31,41,12
2024-05-01,Electronics,Silver,RETURNED,736491.21,34316.92,22,6
2024-05-01,Electronics,Silver,SHIPPED,1239429.99,124701.59,46,16
2024-05-01,Fashion,Gold,CANCELLED,1036363.15,17032.72,21,9
2024-05-01,Fashion,Gold,DELIVERED,3994566.27,347091.38,126,49
2024-05-01,Fashion,Gold,PENDING,151840.66999999998,20527.78,5,2
2024-05-01,Fashion,Gold,RETURNED,379834.83,7404.6,9,3
2024-05-01,Fashion,Gold,SHIPPED,1131134.95,76610.28,31,8
2024-05-01,Fashion,Platinum,DELIVERED,2225123.01,129520.74,53,20
2024-05-01,Fashion,Platinum,PENDING,593132.22,6218.56,16,4
2024-05-01,Fashion,Platinum,RETURNED,81956.55,10168.89,11,3
2024-05-01,Fashion,Platinum,SHIPPED,729583.22,49486.21,19,6
2024-05-01,Fashion,Regular,CANCELLED,2853930.05,269178.01,69,26
2024-05-01,Fashion,Regular,DELIVERED,23030470.14,1903988.93,644,211
2024-05-01,Fashion,Regular,PENDING,1879177.01,233955.59,53,22
2024-05-01,Fashion,Regular,RETURNED,2103666.46,180874.25,49,16
2024-05-01,Fashion,Regular,SHIPPED,2487270.12,252268.41,74,21
2024-05-01,Fashion,Silver,CANCELLED,975744.72,69839.05,31,11
2024-05-01,Fashion,Silver,DELIVERED,8677494.56,767742.1900000001,241,77
2024-05-01,Fashion,Silver,PENDING,342884.46,9629.27,13,7
2024-05-01,Fashion,Silver,RETURNED,1028074.16,118854.75,33,13
2024-05-01,Fashion,Silver,SHIPPED,1733177.2,251686.97,45,14
2024-05-01,Furniture,Gold,CANCELLED,800855.34,41136.49,17,7
2024-05-01,Furniture,Gold,DELIVERED,4013128.32,264786.81,117,36
2024-05-01,Furniture,Gold,RETURNED,252072.03,0.0,6,2
2024-05-01,Furniture,Gold,SHIPPED,613769.67,88240.65,26,11
2024-05-01,Furniture,Platinum,DELIVERED,1952889.29,123729.46,48,19
2024-05-01,Furniture,Platinum,PENDING,91574.41,2559.83,5,2
2024-05-01,Furniture,Platinum,RETURNED,369937.43,19755.89,10,3
2024-05-01,Furniture,Platinum,SHIPPED,358372.76,19785.0,13,3
2024-05-01,Furniture,Regular,CANCELLED,1833816.0,183573.81,59,23
2024-05-01,Furniture,Regular,DELIVERED,22002079.49,2045985.55,646,214
2024-05-01,Furniture,Regular,PENDING,1029345.5700000001,90085.65000000001,42,14
2024-05-01,Furniture,Regular,RETURNED,2481275.82,168474.31,68,23
2024-05-01,Furniture,Regular,SHIPPED,3879579.61,252425.41,108,36
2024-05-01,Furniture,Silver,CANCELLED,596512.35,24676.78,23,9
2024-05-01,Furniture,Silver,DELIVERED,7638783.01,926256.22,255,79
2024-05-01,Furniture,Silver,PENDING,560312.49,26310.91,20,8
2024-05-01,Furniture,Silver,RETURNED,874296.95,63240.34,21,7
2024-05-01,Furniture,Silver,SHIPPED,907704.25,101420.22,33,12
2024-05-01,Home,Gold,CANCELLED,285176.5,52462.979999999996,12,4
2024-05-01,Home,Gold,DELIVERED,4810590.76,395057.81,136,44
2024-05-01,Home,Gold,PENDING,368773.91000000003,5212.45,8,2
2024-05-01,Home,Gold,RETURNED,201079.9,8101.33,5,2
2024-05-01,Home,Gold,SHIPPED,493832.61,84451.65,15,6
2024-05-01,Home,Platinum,CANCELLED,113581.62,0.0,2,1
2024-05-01,Home,Platinum,DELIVERED,3142597.39,227133.72,81,26
2024-05-01,Home,Platinum,PENDING,246375.81,24467.329999999998,6,3
2024-05-01,Home,Platinum,RETURNED,724167.7100000001,93675.09,19,5
2024-05-01,Home,Platinum,SHIPPED,603803.01,89091.9,15,7
2024-05-01,Home,Regular,CANCELLED,1855607.22,201813.41999999998,56,19
2024-05-01,Home,Regular,DELIVERED,23516256.67,2024683.26,702,235
2024-05-01,Home,Regular,PENDING,2361307.39,234470.52000000002,78,23
2024-05-01,Home,Regular,RETURNED,2451460.5700000003,236395.66,61,21
2024-05-01,Home,Regular,SHIPPED,2960519.33,260149.48,88,38
2024-05-01,Home,Silver,CANCELLED,1121252.35,129541.89,30,11
2024-05-01,Home,Silver,DELIVERED,10206817.48,935242.08,305,93
2024-05-01,Home,Silver,PENDING,1124357.49,85625.93,30,10
2024-05-01,Home,Silver,RETURNED,501601.38,67524.66,12,5
2024-05-01,Home,Silver,SHIPPED,1411155.6400000001,74085.91,41,13
2024-05-01,Sports,Gold,CANCELLED,502737.19999999995,18999.2,14,3
2024-05-01,Sports,Gold,DELIVERED,4608575.18,316357.42,155,50
2024-05-01,Sports,Gold,PENDING,119955.35,39985.12,3,1
2024-05-01,Sports,Gold,RETURNED,362581.41000000003,41388.869999999995,10,4
2024-05-01,Sports,Gold,SHIPPED,731809.92,91695.14,24,8
2024-05-01,Sports,Platinum,DELIVERED,1603344.79,156279.1,41,17
2024-05-01,Sports,Platinum,PENDING,375713.48,0.0,8,2
2024-05-01,Sports,Platinum,RETURNED,117057.57999999999,17750.519999999997,4,3
2024-05-01,Sports,Platinum,SHIPPED,550331.53,52157.09,13,5
2024-05-01,Sports,Regular,CANCELLED,2328685.55,258331.0,77,25
2024-05-01,Sports,Regular,DELIVERED,22862104.34,1869949.72,628,221
2024-05-01,Sports,Regular,PENDING,2207817.88,151009.43,63,21
2024-05-01,Sports,Regular,RETURNED,1421622.94,171678.95,56,24
2024-05-01,Sports,Regular,SHIPPED,3501583.42,332066.26,101,28
2024-05-01,Sports,Silver,CANCELLED,922345.13,89794.83,25,8
2024-05-01,Sports,Silver,DELIVERED,9227151.29,810052.34,243,85
2024-05-01,Sports,Silver,PENDING,679006.77,16981.7,22,8
2024-05-01,Sports,Silver,RETURNED,863998.96,70276.02,29,12
2024-05-01,Sports,Silver,SHIPPED,970873.73,87220.88,29,10
2024-05-01,Toys,Gold,CANCELLED,532397.21,21303.97,25,7
2024-05-01,Toys,Gold,DELIVERED,4584411.98,442604.17,120,41
2024-05-01,Toys,Gold,PENDING,94110.52,0.0,3,2
2024-05-01,Toys,Gold,RETURNED,695909.77,69812.27,24,7
2024-05-01,Toys,Gold,SHIPPED,959141.87,117014.83,25,10
2024-05-01,Toys,Platinum,DELIVERED,1550957.46,173222.96,48,20
2024-05-01,Toys,Platinum,PENDING,183272.16999999998,19088.37,11,3
2024-05-01,Toys,Platinum,RETURNED,344068.32,15554.810000000001,12,3
2024-05-01,Toys,Platinum,SHIPPED,95534.5,3570.13,6,3
2024-05-01,Toys,Regular,CANCELLED,2274375.82,252896.88,83,31
2024-05-01,Toys,Regular,DELIVERED,24913597.19,1955159.24,754,242
2024-05-01,Toys,Regular,PENDING,2028539.67,141962.33,54,22
2024-05-01,Toys,Regular,RETURNED,1343703.83,104561.06,35,14
2024-05-01,Toys,Regular,SHIPPED,3489781.36,364809.2,104,33
2024-05-01,Toys,Silver,CANCELLED,935039.23,63029.229999999996,24,10
2024-05-01,Toys,Silver,DELIVERED,8426350.66,624333.38,257,83
2024-05-01,Toys,Silver,PENDING,205836.09,6296.200000000001,11,5
2024-05-01,Toys,Silver,RETURNED,1256668.47,125103.51,36,12
2024-05-01,Toys,Silver,SHIPPED,1415239.63,115079.34,47,15
2024-06-01,Beauty,Gold,CANCELLED,487307.44,48384.05,10,4
2024-06-01,Beauty,Gold,DELIVERED,6289810.57,673960.58,154,51
2024-06-01,Beauty,Gold,PENDING,497884.63999999996,63778.67,9,3
2024-06-01,Beauty,Gold,RETURNED,395191.36000000004,57869.72,10,4
2024-06-01,Beauty,Gold,SHIPPED,807460.38,30986.95,29,8
2024-06-01,Beauty,Platinum,CANCELLED,171459.81,42864.95,4,1
2024-06-01,Beauty,Platinum,DELIVERED,2317616.25,160862.26,56,22
2024-06-01,Beauty,Platinum,PENDING,371929.42,7769.710000000001,8,4
2024-06-01,Beauty,Platinum,RETURNED,99535.07,24883.77,2,1
2024-06-01,Beauty,Platinum,SHIPPED,376853.16,58324.28,7,2
2024-06-01,Beauty,Regular,CANCELLED,1834127.29,96313.94,51,24
2024-06-01,Beauty,Regular,DELIVERED,25691529.61,2107318.34,645,215
2024-06-01,Beauty,Regular,PENDING,2085635.61,157914.95,57,23
2024-06-01,Beauty,Regular,RETURNED,2830259.2399999998,219596.94,78,28
2024-06-01,Beauty,Regular,SHIPPED,4506230.39,372239.45,109,32
2024-06-01,Beauty,Silver,CANCELLED,1283200.86,161117.45,37,11
2024-06-01,Beauty,Silver,DELIVERED,8342033.11,901153.83,225,77
2024-06-01,Beauty,Silver,PENDING,1493170.2999999998,153950.19999999998,36,10
2024-06-01,Beauty,Silver,RETURNED,516123.99,19910.26,22,8
2024-06-01,Beauty,Silver,SHIPPED,1441121.74,119753.73,46,15
2024-06-01,Books,Gold,CANCELLED,332446.34,7071.17,9,2
2024-06-01,Books,Gold,DELIVERED,5494652.94,533248.91,135,48
2024-06-01,Books,Gold,PENDING,1012972.1499999999,86812.35,30,9
2024-06-01,Books,Gold,RETURNED,501507.87,37280.21,18,4
2024-06-01,Books,Gold,SHIPPED,783434.46,53202.46,15,4
2024-06-01,Books,Platinum,CANCELLED,134993.37,17531.43,4,2
2024-06-01,Books,Platinum,DELIVERED,3304422.13,274517.02999999997,93,27
2024-06-01,Books,Platinum,PENDING,587700.37,48419.26,15,4
2024-06-01,Books,Platinum,RETURNED,513594.35,56981.4,17,4
2024-06-01,Books,Platinum,SHIPPED,279049.71,11017.19,4,2
2024-06-01,Books,Regular,CANCELLED,4510336.94,294591.28,126,36
2024-06-01,Books,Regular,DELIVERED,28070579.75,2261861.3,733,238
2024-06-01,Books,Regular,PENDING,3071659.58,288888.05,84,30
2024-06-01,Books,Regular,RETURNED,2542324.72,226614.24,65,26
2024-06-01,Books,Regular,SHIPPED,3168868.8000000003,195276.91,83,27
2024-06-01,Books,Silver,CANCELLED,1324712.92,158986.30000000002,40,14
2024-06-01,Books,Silver,DELIVERED,7188839.1,533309.29,198,72
2024-06-01,Books,Silver,PENDING,1802139.04,150740.64,44,13
2024-06-01,Books,Silver,RETURNED,1204130.56,65046.2,23,8
2024-06-01,Books,Silver,SHIPPED,1115219.8,65866.74,33,11
2024-06-01,Electronics,Gold,CANCELLED,310053.41000000003,16151.230000000001,7,4
2024-06-01,Electronics,Gold,DELIVERED,4643261.71,449518.95999999996,129,44
2024-06-01,Electronics,Gold,PENDING,607381.75,128708.68000000001,14,5
2024-06-01,Electronics,Gold,RETURNED,71134.69,3611.25,3,2
2024-06-01,Electronics,Gold,SHIPPED,504158.79,66726.87,14,5
2024-06-01,Electronics,Platinum,DELIVERED,2881663.51,169821.96,76,30
2024-06-01,Electronics,Platinum,PENDING,259125.71,40326.75,6,3
2024-06-01,Electronics,Platinum,RETURNED,63275.630000000005,11535.06,5,2
2024-06-01,Electronics,Platinum,SHIPPED,184275.64,19436.66,6,1
2024-06-01,Electronics,Regular,CANCELLED,1770611.82,150370.59,60,19
2024-06-01,Electronics,Regular,DELIVERED,20890386.81,1663165.99,595,196
2024-06-01,Electronics,Regular,PENDING,2098870.59,273955.92,64,25
2024-06-01,Electronics,Regular,RETURNED,1951203.96,232357.28,62,24
2024-06-01,Electronics,Regular,SHIPPED,3888128.51,293413.97,95,30
2024-06-01,Electronics,Silver,CANCELLED,991253.8200000001,68207.06,28,11
2024-06-01,Electronics,Silver,DELIVERED,6957451.82,751879.84,224,79
2024-06-01,Electronics,Silver,PENDING,1089205.76,111481.29000000001,35,11
2024-06-01,Electronics,Silver,RETURNED,696112.84,1198.48,16,6
2024-06-01,Electronics,Silver,SHIPPED,862882.42,36832.46,24,8
2024-06-01,Fashion,Gold,CANCELLED,485740.61,65760.51999999999,11,4
2024-06-01,Fashion,Gold,DELIVERED,4008232.67,270925.97,119,37
2024-06-01,Fashion,Gold,PENDING,792141.49,73923.83,14,4
2024-06-01,Fashion,Gold,RETURNED,135801.43,15089.05,4,1
2024-06-01,Fashion,Gold,SHIPPED,283599.16,6087.36,14,5
2024-06-01,Fashion,Platinum,CANCELLED,209784.05,19367.62,4,3
2024-06-01,Fashion,Platinum,DELIVERED,2879710.43,267198.45,83,29
2024-06-01,Fashion,Platinum,PENDING,80009.61,4211.03,2,1
2024-06-01,Fashion,Platinum,RETURNED,97399.54,24194.62,3,2
2024-06-01,Fashion,Platinum,SHIPPED,225581.35,43576.1,7,3
2024-06-01,Fashion,Regular,CANCELLED,3966338.3,314673.45999999996,98,33
2024-06-01,Fashion,Regular,DELIVERED,21979260.62,1794605.77,652,218
2024-06-01,Fashion,Regular,PENDING,2148780.74,156183.3,67,21
2024-06-01,Fashion,Regular,RETURNED,2257278.36,158370.67,68,19
2024-06-01,Fashion,Regular,SHIPPED,2795323.87,235844.22,75,27
2024-06-01,Fashion,Silver,CANCELLED,490637.74,45838.79,23,9
2024-06-01,Fashion,Silver,DELIVERED,7129019.83,706858.74,209,70
2024-06-01,Fashion,Silver,PENDING,853921.16,36780.04,31,12
2024-06-01,Fashion,Silver,RETURNED,984495.29,45926.47,28,12
2024-06-01,Fashion,Silver,SHIPPED,1151573.0,71478.23000000001,36,12
2024-06-01,Furniture,Gold,CANCELLED,684729.28,74463.58,22,7
2024-06-01,Furniture,Gold,DELIVERED,4037718.73,312752.11,111,36
2024-06-01,Furniture,Gold,PENDING,89310.29999999999,0.0,3,2
2024-06-01,Furniture,Gold,RETURNED,276930.84,33868.1,15,4
2024-06-01,Furniture,Gold,SHIPPED,755963.12,76238.61,21,5
2024-06-01,Furniture,Platinum,CANCELLED,197049.72,0.0,4,1
2024-06-01,Furniture,Platinum,DELIVERED,1931208.07,228343.22,62,22
2024-06-01,Furniture,Platinum,PENDING,272944.02999999997,19216.010000000002,6,2
2024-06-01,Furniture,Platinum,RETURNED,200532.21,7458.35,8,2
2024-06-01,Furniture,Platinum,SHIPPED,454901.58999999997,81374.56,16,6
2024-06-01,Furniture,Regular,CANCELLED,2693969.59,262443.45,85,28
2024-06-01,Furniture,Regular,DELIVERED,19781819.24,1488924.3,560,199
2024-06-01,Furniture,Regular,PENDING,2486099.71,136009.31,62,19
2024-06-01,Furniture,Regular,RETURNED,2359544.96,283227.6,67,25
2024-06-01,Furniture,Regular,SHIPPED,1794038.46,188545.17,55,21
2024-06-01,Furniture,Silver,CANCELLED,809484.06,62370.75,22,7
2024-06-01,Furniture,Silver,DELIVERED,7583422.8100000005,810439.57,230,81
2024-06-01,Furniture,Silver,PENDING,1182486.6400000001,133444.09,39,12
2024-06-01,Furniture,Silver,RETURNED,745789.54,61451.49,17,8
2024-06-01,Furniture,Silver,SHIPPED,1415124.22,110317.09,57,13
2024-06-01,Home,Gold,CANCELLED,618915.47,69017.28,15,5
2024-06-01,Home,Gold,DELIVERED,6546499.58,422895.7,160,50
2024-06-01,Home,Gold,PENDING,668559.69,32185.16,16,5
2024-06-01,Home,Gold,RETURNED,249918.63,5637.09,4,2
2024-06-01,Home,Gold,SHIPPED,838075.88,115623.13,25,8
2024-06-01,Home,Platinum,CANCELLED,434472.39,26262.07,10,2
2024-06-01,Home,Platinum,DELIVERED,2595114.05,164770.94,74,27
2024-06-01,Home,Platinum,PENDING,392516.97,84263.73000000001,12,5
2024-06-01,Home,Platinum,RETURNED,69648.13,279.51,3,2
2024-06-01,Home,Platinum,SHIPPED,183211.59000000003,40114.07,6,2
2024-06-01,Home,Regular,CANCELLED,4577922.2,256912.4,105,30
2024-06-01,Home,Regular,DELIVERED,23225038.21,2269748.27,689,245
2024-06-01,Home,Regular,PENDING,3324062.02,209776.29,89,26
2024-06-01,Home,Regular,RETURNED,2712947.02,301311.54,91,27
2024-06-01,Home,Regular,SHIPPED,2592208.06,181090.48,85,29
2024-06-01,Home,Silver,CANCELLED,1210971.16,55929.17,38,11
2024-06-01,Home,Silver,DELIVERED,9478534.45,791942.76,279,88
2024-06-01,Home,Silver,PENDING,1216967.93,63263.53,33,9
2024-06-01,Home,Silver,RETURNED,488132.55999999994,61254.75,13,6
2024-06-01,Home,Silver,SHIPPED,953106.78,78967.1,28,11
2024-06-01,Sports,Gold,CANCELLED,410328.7,34144.93,10,4
2024-06-01,Sports,Gold,DELIVERED,5235429.83,496385.3,152,44
2024-06-01,Sports,Gold,PENDING,368177.63,44869.16,11,4
2024-06-01,Sports,Gold,RETURNED,403131.68999999994,19032.88,12,6
2024-06-01,Sports,Gold,SHIPPED,461881.63,31375.699999999997,13,6
2024-06-01,Sports,Platinum,DELIVERED,2308282.29,182215.29,64,23
2024-06-01,Sports,Platinum,PENDING,447432.67,28076.230000000003,13,6
2024-06-01,Sports,Platinum,RETURNED,48493.44,0.0,2,1
2024-06-01,Sports,Platinum,SHIPPED,41887.09,0.0,1,1
2024-06-01,Sports,Regular,CANCELLED,2958443.51,182727.75,83,27
2024-06-01,Sports,Regular,DELIVERED,23487305.64,2123668.95,656,214
2024-06-01,Sports,Regular,PENDING,2294188.61,229290.69,70,27
2024-06-01,Sports,Regular,RETURNED,1320698.25,123057.99,44,20
2024-06-01,Sports,Regular,SHIPPED,2785435.37,355644.49,85,28
2024-06-01,Sports,Silver,CANCELLED,1557801.87,111180.21,43,14
2024-06-01,Sports,Silver,DELIVERED,8738373.31,674582.7,232,67
2024-06-01,Sports,Silver,PENDING,953005.6699999999,118385.60999999999,29,10
2024-06-01,Sports,Silver,RETURNED,348250.26999999996,79802.04,16,5
2024-06-01,Sports,Silver,SHIPPED,1292537.62,131443.03,33,11
2024-06-01,Toys,Gold,CANCELLED,785998.45,30421.399999999998,17,6
2024-06-01,Toys,Gold,DELIVERED,4776411.72,528033.05,159,47
2024-06-01,Toys,Gold,PENDING,85423.64,18893.690000000002,7,4
2024-06-01,Toys,Gold,RETURNED,570399.76,62081.86,17,4
2024-06-01,Toys,Gold,SHIPPED,413579.17,8017.909999999999,13,4
2024-06-01,Toys,Platinum,CANCELLED,42341.79,4380.62,2,1
2024-06-01,Toys,Platinum,DELIVERED,1691941.04,147688.6,54,18
2024-06-01,Toys,Platinum,PENDING,266651.19,19769.6,6,4
2024-06-01,Toys,Platinum,RETURNED,470649.17,49467.67,9,3
2024-06-01,Toys,Regular,CANCELLED,2898425.8,283261.49,89,32
2024-06-01,Toys,Regular,DELIVERED,21169896.79,1948085.91,689,233
2024-06-01,Toys,Regular,PENDING,2648094.53,273191.54,79,21
2024-06-01,Toys,Regular,RETURNED,2923071.64,147630.64,76,26
2024-06-01,Toys,Regular,SHIPPED,3459164.51,278037.11,109,36
2024-06-01,Toys,Silver,CANCELLED,1083454.49,146055.98,41,14
2024-06-01,Toys,Silver,DELIVERED,9110347.09,689313.72,252,80
2024-06-01,Toys,Silver,PENDING,1204864.8199999998,100285.2,24,9
2024-06-01,Toys,Silver,RETURNED,846003.97,98092.58,28,10
2024-06-01,Toys,Silver,SHIPPED,1192536.14,135641.75,35,13
2024-07-01,Beauty,Gold,CANCELLED,653070.57,60938.28999999999,20,7
2024-07-01,Beauty,Gold,DELIVERED,5957793.08,471432.27,143,51
2024-07-01,Beauty,Gold,PENDING,386752.99,6494.22,10,4
2024-07-01,Beauty,Gold,RETURNED,1575303.6099999999,80179.76999999999,41,11
2024-07-01,Beauty,Gold,SHIPPED,603581.27,31151.520000000004,15,4
2024-07-01,Beauty,Platinum,DELIVERED,2220666.73,203591.02,57,22
2024-07-01,Beauty,Platinum,PENDING,195754.12,0.0,6,2
2024-07-01,Beauty,Platinum,SHIPPED,65865.9,0.0,2,2
2024-07-01,Beauty,Regular,CANCELLED,3345885.26,283431.34,94,30
2024-07-01,Beauty,Regular,DELIVERED,22356130.09,2088781.31,583,202
2024-07-01,Beauty,Regular,PENDING,1777105.9600000002,212143.29,52,18
2024-07-01,Beauty,Regular,RETURNED,4230505.3,305578.1,94,31
2024-07-01,Beauty,Regular,SHIPPED,3205978.45,289589.09,77,26
2024-07-01,Beauty,Silver,CANCELLED,687236.63,37223.35,19,8
2024-07-01,Beauty,Silver,DELIVERED,8524815.98,696769.62,226,81
2024-07-01,Beauty,Silver,PENDING,907661.83,77120.96,31,12
2024-07-01,Beauty,Silver,RETURNED,573052.92,51229.990000000005,18,8
2024-07-01,Beauty,Silver,SHIPPED,1424324.07,150196.55,35,8
2024-07-01,Books,Gold,CANCELLED,202025.53,27060.18,7,3
2024-07-01,Books,Gold,DELIVERED,5567642.0,501665.55,145,48
2024-07-01,Books,Gold,PENDING,1131676.36,80635.32,30,10
2024-07-01,Books,Gold,RETURNED,565723.45,56628.47,25,8
2024-07-01,Books,Gold,SHIPPED,1069723.0699999998,150992.53,26,7
2024-07-01,Books,Platinum,CANCELLED,2987.01,995.67,3,1
2024-07-01,Books,Platinum,DELIVERED,2910745.23,200082.35,70,24
2024-07-01,Books,Platinum,PENDING,8527.2,448.8,2,1
2024-07-01,Books,Platinum,RETURNED,296187.04000000004,31402.309999999998,6,3
2024-07-01,Books,Platinum,SHIPPED,187019.56999999998,20729.95,9,3
2024-07-01,Books,Regular,CANCELLED,3846272.86,371898.09,101,31
2024-07-01,Books,Regular,DELIVERED,22306839.82,2148421.93,605,198
2024-07-01,Books,Regular,PENDING,2326880.48,213724.75,67,19
2024-07-01,Books,Regular,RETURNED,2955706.59,267597.27999999997,89,31
2024-07-01,Books,Regular,SHIPPED,3806410.72,416245.27999999997,98,35
2024-07-01,Books,Silver,CANCELLED,427075.55,29516.590000000004,16,6
2024-07-01,Books,Silver,DELIVERED,7352414.34,600376.6,223,79
2024-07-01,Books,Silver,PENDING,694395.9199999999,66991.44,26,9
2024-07-01,Books,Silver,RETURNED,1326568.32,200639.28,41,13
2024-07-01,Books,Silver,SHIPPED,1775735.13,221569.63,46,14
2024-07-01,Electronics,Gold,CANCELLED,350811.07999999996,33127.16,9,4
2024-07-01,Electronics,Gold,DELIVERED,3640906.7800000003,279093.73,110,40
2024-07-01,Electronics,Gold,PENDING,335967.36,34306.84,9,4
2024-07-01,Electronics,Gold,RETURNED,467431.38,26639.730000000003,21,8
2024-07-01,Electronics,Gold,SHIPPED,822961.79,85084.73000000001,26,8
2024-07-01,Electronics,Platinum,CANCELLED,394450.6,27476.489999999998,8,2
2024-07-01,Electronics,Platinum,DELIVERED,1699596.41,110329.58,56,18
2024-07-01,Electronics,Platinum,PENDING,59426.42,6602.94,1,1
2024-07-01,Electronics,Platinum,SHIPPED,403574.93,47063.63,14,5
2024-07-01,Electronics,Regular,CANCELLED,3558461.97,341483.4,88,25
2024-07-01,Electronics,Regular,DELIVERED,20385113.14,1670003.99,579,189
2024-07-01,Electronics,Regular,PENDING,2369925.35,158746.99,65,25
2024-07-01,Electronics,Regular,RETURNED,3060182.64,252800.09,72,25
2024-07-01,Electronics,Regular,SHIPPED,2871064.21,260069.72,89,31
2024-07-01,Electronics,Silver,CANCELLED,691624.64,76900.15999999999,25,8
2024-07-01,Electronics,Silver,DELIVERED,6547316.81,488406.44,193,74
2024-07-01,Electronics,Silver,PENDING,1067929.27,98375.7,32,15
2024-07-01,Electronics,Silver,RETURNED,313309.92,34808.57,11,7
2024-07-01,Electronics,Silver,SHIPPED,1584129.99,92477.04000000001,38,12
2024-07-01,Fashion,Gold,CANCELLED,577758.8200000001,58913.17,17,4
2024-07-01,Fashion,Gold,DELIVERED,5057735.78,414831.16,150,46
2024-07-01,Fashion,Gold,PENDING,585997.24,29781.45,13,8
2024-07-01,Fashion,Gold,RETURNED,439506.8,13783.53,14,5
2024-07-01,Fashion,Gold,SHIPPED,683539.5499999999,99939.82,18,9
2024-07-01,Fashion,Platinum,DELIVERED,2517108.55,199162.66,65,18
2024-07-01,Fashion,Platinum,PENDING,25061.23,6265.31,3,1
2024-07-01,Fashion,Platinum,SHIPPED,342026.92,24067.059999999998,14,5
2024-07-01,Fashion,Regular,CANCELLED,2714633.39,241834.15,75,24
2024-07-01,Fashion,Regular,DELIVERED,20644917.52,1660296.98,623,213
2024-07-01,Fashion,Regular,PENDING,2497857.86,204374.2,59,19
2024-07-01,Fashion,Regular,RETURNED,2172081.13,153720.24,74,24
2024-07-01,Fashion,Regular,SHIPPED,2867967.89,292116.07,89,31
2024-07-01,Fashion,Silver,CANCELLED,558298.66,51267.44,24,10
2024-07-01,Fashion,Silver,DELIVERED,7516040.38,545139.51,223,79
2024-07-01,Fashion,Silver,PENDING,657472.11,53326.5,21,8
2024-07-01,Fashion,Silver,RETURNED,897887.8099999999,109402.17,31,11
2024-07-01,Fashion,Silver,SHIPPED,830557.31,8381.31,18,9
2024-07-01,Furniture,Gold,CANCELLED,567942.12,53459.17,17,6
2024-07-01,Furniture,Gold,DELIVERED,5209204.62,502841.0,159,49
2024-07-01,Furniture,Gold,PENDING,956801.0199999999,106257.22,22,6
2024-07-01,Furniture,Gold,RETURNED,702146.22,66574.92,21,7
2024-07-01,Furniture,Gold,SHIPPED,220113.87,14058.32,6,3
2024-07-01,Furniture,Platinum,CANCELLED,126130.76999999999,14014.529999999999,6,2
2024-07-01,Furniture,Platinum,DELIVERED,1760959.12,91025.39,63,18
2024-07-01,Furniture,Platinum,PENDING,65664.11,3456.01,3,1
2024-07-01,Furniture,Platinum,RETURNED,342095.70999999996,8824.449999999999,8,3
2024-07-01,Furniture,Platinum,SHIPPED,642103.37,79234.32,16,4
2024-07-01,Furniture,Regular,CANCELLED,2532163.31,192614.27,78,23
2024-07-01,Furniture,Regular,DELIVERED,19180263.1,1589053.99,578,207
2024-07-01,Furniture,Regular,PENDING,1836009.45,180459.35,50,15
2024-07-01,Furniture,Regular,RETURNED,3731008.5700000003,284552.07,97,30
2024-07-01,Furniture,Regular,SHIPPED,3403745.04,298425.95,93,33
2024-07-01,Furniture,Silver,CANCELLED,411874.96,33517.03,19,6
2024-07-01,Furniture,Silver,DELIVERED,8843193.540000001,742829.73,267,90
2024-07-01,Furniture,Silver,PENDING,891577.2999999999,93086.28,32,10
2024-07-01,Furniture,Silver,RETURNED,423319.2,39474.9,20,10
2024-07-01,Furniture,Silver,SHIPPED,1532216.6400000001,144880.02,43,15
2024-07-01,Home,Gold,CANCELLED,387415.52,33799.81,15,4
2024-07-01,Home,Gold,DELIVERED,5819667.75,523695.88,177,56
2024-07-01,Home,Gold,PENDING,564449.41,52062.58,22,8
2024-07-01,Home,Gold,RETURNED,1492334.63,203921.59,38,13
2024-07-01,Home,Gold,SHIPPED,1109017.02,50868.04,26,8
2024-07-01,Home,Platinum,CANCELLED,25099.06,2788.78,2,1
2024-07-01,Home,Platinum,DELIVERED,1312652.68,90981.1,48,13
2024-07-01,Home,Platinum,RETURNED,159860.65,17289.16,6,2
2024-07-01,Home,Platinum,SHIPPED,324159.62,14421.029999999999,7,3
2024-07-01,Home,Regular,CANCELLED,2167591.36,171310.57,73,24
2024-07-01,Home,Regular,DELIVERED,22754412.95,1992372.22,651,218
2024-07-01,Home,Regular,PENDING,2279262.57,265037.15,57,21
2024-07-01,Home,Regular,RETURNED,2173282.06,179743.97,78,28
2024-07-01,Home,Regular,SHIPPED,2840876.22,340100.32,99,34
2024-07-01,Home,Silver,CANCELLED,469761.18,43829.81999999999,22,8
2024-07-01,Home,Silver,DELIVERED,7868354.37,535780.53,207,77
2024-07-01,Home,Silver,PENDING,538807.39,84850.26,22,9
2024-07-01,Home,Silver,RETURNED,914956.07,122996.53,24,9
2024-07-01,Home,Silver,SHIPPED,1606874.6500000001,181033.77,40,12
2024-07-01,Sports,Gold,CANCELLED,754425.0,58358.55,19,6
2024-07-01,Sports,Gold,DELIVERED,5166026.03,469166.78,149,47
2024-07-01,Sports,Gold,PENDING,369168.74,18132.07,11,4
2024-07-01,Sports,Gold,RETURNED,577475.29,60571.15,16,8
2024-07-01,Sports,Gold,SHIPPED,871952.98,47589.49,21,4
2024-07-01,Sports,Platinum,DELIVERED,2127778.55,240667.57,52,17
2024-07-01,Sports,Platinum,PENDING,78998.8,13940.96,3,1
2024-07-01,Sports,Platinum,RETURNED,278775.1,19651.46,8,3
2024-07-01,Sports,Platinum,SHIPPED,194016.26,50345.130000000005,8,3
2024-07-01,Sports,Regular,CANCELLED,2477683.76,116518.46,74,25
2024-07-01,Sports,Regular,DELIVERED,20492013.33,2023835.43,579,206
2024-07-01,Sports,Regular,PENDING,2559158.34,211612.65,78,26
2024-07-01,Sports,Regular,RETURNED,3201616.38,234762.92,92,28
2024-07-01,Sports,Regular,SHIPPED,3043671.07,171612.81,101,36
2024-07-01,Sports,Silver,CANCELLED,552200.82,36637.17,14,6
2024-07-01,Sports,Silver,DELIVERED,10006973.52,940094.59,283,91
2024-07-01,Sports,Silver,PENDING,1047503.98,64747.3,33,7
2024-07-01,Sports,Silver,RETURNED,904454.5800000001,160798.54,19,7
2024-07-01,Sports,Silver,SHIPPED,1131298.43,84620.98999999999,40,14
2024-07-01,Toys,Gold,CANCELLED,373047.6,51608.09,17,5
2024-07-01,Toys,Gold,DELIVERED,5007117.57,334219.25,149,50
2024-07-01,Toys,Gold,PENDING,640772.1699999999,26907.0,19,7
2024-07-01,Toys,Gold,RETURNED,409335.9,38274.74,21,6
2024-07-01,Toys,Gold,SHIPPED,661861.11,37905.18,25,7
2024-07-01,Toys,Platinum,CANCELLED,23843.93,1254.94,1,1
2024-07-01,Toys,Platinum,DELIVERED,1499557.33,79115.06999999999,38,15
2024-07-01,Toys,Platinum,SHIPPED,204081.99,35242.98,5,2
2024-07-01,Toys,Regular,CANCELLED,1026891.09,94598.38,40,18
2024-07-01,Toys,Regular,DELIVERED,19536077.98,1712919.43,632,204
2024-07-01,Toys,Regular,PENDING,2297715.43,216895.37,62,21
2024-07-01,Toys,Regular,RETURNED,2577352.26,233072.3,76,28
2024-07-01,Toys,Regular,SHIPPED,3417131.66,245511.26,107,34
2024-07-01,Toys,Silver,CANCELLED,1054125.49,73714.06,27,9
2024-07-01,Toys,Silver,DELIVERED,8081632.2299999995,555841.97,254,87
2024-07-01,Toys,Silver,PENDING,836726.3099999999,23444.66,26,12
2024-07-01,Toys,Silver,RETURNED,630052.08,91165.5,22,9
2024-07-01,Toys,Silver,SHIPPED,1310182.87,84519.01,54,13
2024-08-01,Beauty,Gold,CANCELLED,1283411.05,115855.65,34,10
2024-08-01,Beauty,Gold,DELIVERED,5388176.5,468144.52,145,49
2024-08-01,Beauty,Gold,PENDING,136331.21000000002,6537.88,5,2
2024-08-01,Beauty,Gold,RETURNED,953864.36,31158.010000000002,26,11
2024-08-01,Beauty,Gold,SHIPPED,737521.11,55365.33,17,4
2024-08-01,Beauty,Platinum,CANCELLED,155689.41999999998,7664.490000000001,8,3
2024-08-01,Beauty,Platinum,DELIVERED,1591012.89,138692.55000000002,48,16
2024-08-01,Beauty,Platinum,PENDING,939075.11,105068.16,16,5
2024-08-01,Beauty,Platinum,RETURNED,142331.97999999998,14336.56,3,2
2024-08-01,Beauty,Platinum,SHIPPED,517827.56,10614.8,10,3
2024-08-01,Beauty,Regular,CANCELLED,1590310.98,60367.83,39,14
2024-08-01,Beauty,Regular,DELIVERED,24382278.17,2114015.46,612,208
2024-08-01,Beauty,Regular,PENDING,2561423.43,252755.76,73,26
2024-08-01,Beauty,Regular,RETURNED,2006758.05,155765.19,55,20
2024-08-01,Beauty,Regular,SHIPPED,4722421.75,332637.1,105,33
2024-08-01,Beauty,Silver,CANCELLED,1723739.8599999999,101906.81,37,12
2024-08-01,Beauty,Silver,DELIVERED,8812120.14,697826.7,237,83
2024-08-01,Beauty,Silver,PENDING,1546385.1099999999,55413.46,33,11
2024-08-01,Beauty,Silver,RETURNED,926070.37,72396.14,36,13
2024-08-01,Beauty,Silver,SHIPPED,1073111.91,49079.520000000004,29,10
2024-08-01,Books,Gold,CANCELLED,487795.74,46164.23,12,4
2024-08-01,Books,Gold,DELIVERED,4502884.99,318140.39,124,42
2024-08-01,Books,Gold,PENDING,466093.47000000003,15991.5,10,4
2024-08-01,Books,Gold,RETURNED,799587.62,51952.38,22,11
2024-08-01,Books,Gold,SHIPPED,713523.68,89169.23999999999,17,6
2024-08-01,Books,Platinum,CANCELLED,476035.06,90633.35,12,4
2024-08-01,Books,Platinum,DELIVERED,2535764.31,204808.3,72,24
2024-08-01,Books,Platinum,PENDING,593196.5,21520.7,12,2
2024-08-01,Books,Platinum,RETURNED,1152592.8,74818.88,30,6
2024-08-01,Books,Platinum,SHIPPED,75540.92,0.0,2,1
2024-08-01,Books,Regular,CANCELLED,2921109.97,272056.39,74,27
2024-08-01,Books,Regular,DELIVERED,24781340.58,2274475.93,620,217
2024-08-01,Books,Regular,PENDING,2892734.4899999998,266525.83999999997,82,29
2024-08-01,Books,Regular,RETURNED,2504340.61,214440.06,66,22
2024-08-01,Books,Regular,SHIPPED,2734520.7,183437.35,75,24
2024-08-01,Books,Silver,CANCELLED,1083158.13,105525.65,36,13
2024-08-01,Books,Silver,DELIVERED,10279212.97,663074.02,266,86
2024-08-01,Books,Silver,PENDING,1029334.52,122753.84,29,10
2024-08-01,Books,Silver,RETURNED,1695215.77,107623.57,36,11
2024-08-01,Books,Silver,SHIPPED,1181636.96,138836.78999999998,34,12
2024-08-01,Electronics,Gold,CANCELLED,372319.82,13381.92,11,5
2024-08-01,Electronics,Gold,DELIVERED,5372229.4,505787.57,149,47
2024-08-01,Electronics,Gold,PENDING,237085.15999999997,39218.31,7,3
2024-08-01,Electronics,Gold,RETURNED,109680.36,25960.82,5,2
2024-08-01,Electronics,Gold,SHIPPED,577455.03,35104.43,13,4
2024-08-01,Electronics,Platinum,CANCELLED,507262.87,20508.34,13,5
2024-08-01,Electronics,Platinum,DELIVERED,1900292.78,186076.34,60,18
2024-08-01,Electronics,Platinum,PENDING,123634.96,0.0,2,1
2024-08-01,Electronics,Platinum,SHIPPED,211370.52000000002,24110.24,9,3
2024-08-01,Electronics,Regular,CANCELLED,2341140.25,186660.71,73,20
2024-08-01,Electronics,Regular,DELIVERED,22937921.65,1993342.29,659,226
2024-08-01,Electronics,Regular,PENDING,2426930.58,280970.98,69,27
2024-08-01,Electronics,Regular,RETURNED,2292844.24,184627.78,63,21
2024-08-01,Electronics,Regular,SHIPPED,2199971.21,254209.41999999998,71,24
2024-08-01,Electronics,Silver,CANCELLED,1343354.02,161830.12,42,17
2024-08-01,Electronics,Silver,DELIVERED,7281562.46,451301.19,194,62
2024-08-01,Electronics,Silver,PENDING,836284.4,41756.45,23,9
2024-08-01,Electronics,Silver,RETURNED,615372.12,48154.97,12,8
2024-08-01,Electronics,Silver,SHIPPED,1778582.11,92341.44,51,18
2024-08-01,Fashion,Gold,CANCELLED,358855.05000000005,7699.23,6,2
2024-08-01,Fashion,Gold,DELIVERED,3618611.15,322719.63,101,36
2024-08-01,Fashion,Gold,PENDING,231799.72999999998,18771.43,4,2
2024-08-01,Fashion,Gold,RETURNED,491646.27,35656.98,13,5
2024-08-01,Fashion,Gold,SHIPPED,400094.01999999996,60791.89,17,6
2024-08-01,Fashion,Platinum,CANCELLED,6786.65,754.07,4,1
2024-08-01,Fashion,Platinum,DELIVERED,2124268.37,192658.9,66,18
2024-08-01,Fashion,Platinum,PENDING,478572.76,22761.42,18,6
2024-08-01,Fashion,Platinum,RETURNED,206931.88,24535.059999999998,4,3
2024-08-01,Fashion,Regular,CANCELLED,2359418.57,239879.85,67,27
2024-08-01,Fashion,Regular,DELIVERED,19962676.54,1730173.39,615,211
2024-08-01,Fashion,Regular,PENDING,2793484.25,182245.92,67,22
2024-08-01,Fashion,Regular,RETURNED,1976110.5,141836.67,67,23
2024-08-01,Fashion,Regular,SHIPPED,2598042.09,157789.63,74,29
2024-08-01,Fashion,Silver,CANCELLED,1282396.82,79925.95,36,15
2024-08-01,Fashion,Silver,DELIVERED,9999358.94,871870.7000000001,272,90
2024-08-01,Fashion,Silver,PENDING,1480285.81,99368.13,35,12
2024-08-01,Fashion,Silver,RETURNED,659554.24,68531.76000000001,18,5
2024-08-01,Fashion,Silver,SHIPPED,576202.7,41528.590000000004,20,7
2024-08-01,Furniture,Gold,CANCELLED,1126486.83,35849.740000000005,26,9
2024-08-01,Furniture,Gold,DELIVERED,5140151.58,457343.72000000003,157,52
2024-08-01,Furniture,Gold,PENDING,390092.66,52598.24,14,4
2024-08-01,Furniture,Gold,RETURNED,305707.39,14637.01,10,4
2024-08-01,Furniture,Gold,SHIPPED,409178.38,39178.92,9,4
2024-08-01,Furniture,Platinum,CANCELLED,336164.93000000005,19480.32,16,5
2024-08-01,Furniture,Platinum,DELIVERED,1938307.96,85656.86,61,21
2024-08-01,Furniture,Platinum,PENDING,274799.36000000004,21676.739999999998,6,3
2024-08-01,Furniture,Platinum,RETURNED,467534.39,39541.09,12,4
2024-08-01,Furniture,Platinum,SHIPPED,36065.15,0.0,1,1
2024-08-01,Furniture,Regular,CANCELLED,1869476.8,103472.28,51,19
2024-08-01,Furniture,Regular,DELIVERED,22552854.3,2115168.8,657,215
2024-08-01,Furniture,Regular,PENDING,1550783.9,135477.06,35,17
2024-08-01,Furniture,Regular,RETURNED,1405754.81,192270.18,44,19
2024-08-01,Furniture,Regular,SHIPPED,2892044.84,172361.89,82,26
2024-08-01,Furniture,Silver,CANCELLED,1009499.99,58519.85999999999,42,15
2024-08-01,Furniture,Silver,DELIVERED,8646218.58,654042.66,250,87
2024-08-01,Furniture,Silver,PENDING,1506841.1400000001,140077.1,40,15
2024-08-01,Furniture,Silver,RETURNED,976190.02,69618.45999999999,25,9
2024-08-01,Furniture,Silver,SHIPPED,427408.18,39829.69,17,9
2024-08-01,Home,Gold,CANCELLED,340952.04,22769.98,9,4
2024-08-01,Home,Gold,DELIVERED,4490607.45,297913.94,123,52
2024-08-01,Home,Gold,PENDING,367156.12,64519.270000000004,11,4
2024-08-01,Home,Gold,RETURNED,295394.01,15669.16,9,3
2024-08-01,Home,Gold,SHIPPED,419487.75,64351.33,9,3
2024-08-01,Home,Platinum,CANCELLED,189949.24,0.0,4,2
2024-08-01,Home,Platinum,DELIVERED,2804373.23,196328.27,65,20
2024-08-01,Home,Platinum,PENDING,66370.73,7374.53,1,1
2024-08-01,Home,Platinum,RETURNED,211835.09,7373.32,4,2
2024-08-01,Home,Platinum,SHIPPED,151135.84,8654.369999999999,4,2
2024-08-01,Home,Regular,CANCELLED,1375487.19,144677.28,48,17
2024-08-01,Home,Regular,DELIVERED,27426021.23,2250300.3,780,258
2024-08-01,Home,Regular,PENDING,2540735.36,244802.74000000002,66,23
2024-08-01,Home,Regular,RETURNED,3030359.66,277979.1,92,29
2024-08-01,Home,Regular,SHIPPED,3195163.5,243600.01,82,29
2024-08-01,Home,Silver,CANCELLED,1620760.27,123549.92,44,13
2024-08-01,Home,Silver,DELIVERED,7316894.68,845204.41,237,81
2024-08-01,Home,Silver,PENDING,616678.49,55426.47,23,8
2024-08-01,Home,Silver,RETURNED,1524870.8900000001,84062.68,43,10
2024-08-01,Home,Silver,SHIPPED,1138888.22,111652.16,40,11
2024-08-01,Sports,Gold,CANCELLED,357555.39,35982.42,16,5
2024-08-01,Sports,Gold,DELIVERED,4579570.96,460003.76,124,43
2024-08-01,Sports,Gold,PENDING,391851.05,19789.87,12,5
2024-08-01,Sports,Gold,RETURNED,885079.66,143748.61,26,6
2024-08-01,Sports,Gold,SHIPPED,307905.43,2703.15,8,4
2024-08-01,Sports,Platinum,CANCELLED,147483.57,26430.97,8,3
2024-08-01,Sports,Platinum,DELIVERED,2608904.5,124877.95,80,22
2024-08-01,Sports,Platinum,RETURNED,395308.63,80082.65,8,2
2024-08-01,Sports,Platinum,SHIPPED,189205.78,19232.91,6,2
2024-08-01,Sports,Regular,CANCELLED,2610851.83,224748.8,64,20
2024-08-01,Sports,Regular,DELIVERED,24881320.29,2129848.83,721,249
2024-08-01,Sports,Regular,PENDING,3933763.44,234121.18000000002,102,36
2024-08-01,Sports,Regular,RETURNED,1993267.67,129922.31,69,24
2024-08-01,Sports,Regular,SHIPPED,3659804.1999999997,269468.21,102,33
2024-08-01,Sports,Silver,CANCELLED,959242.61,99494.09,25,11
2024-08-01,Sports,Silver,DELIVERED,8421799.06,730465.09,231,79
2024-08-01,Sports,Silver,PENDING,1544728.37,189535.89,45,15
2024-08-01,Sports,Silver,RETURNED,793524.37,88271.27,23,8
2024-08-01,Sports,Silver,SHIPPED,955533.4199999999,113554.65,26,8
2024-08-01,Toys,Gold,CANCELLED,987895.47,102440.18999999999,38,9
2024-08-01,Toys,Gold,DELIVERED,5053105.8,369049.65,154,51
2024-08-01,Toys,Gold,PENDING,179254.88,8647.96,8,2
2024-08-01,Toys,Gold,RETURNED,505781.81999999995,51319.350000000006,14,4
2024-08-01,Toys,Gold,SHIPPED,462316.76,23551.03,22,9
2024-08-01,Toys,Platinum,CANCELLED,228667.04,21941.3,9,4
2024-08-01,Toys,Platinum,DELIVERED,2189448.9,152729.14,69,18
2024-08-01,Toys,Platinum,PENDING,1222.54,64.34,2,1
2024-08-01,Toys,Platinum,RETURNED,275925.54000000004,19065.39,7,4
2024-08-01,Toys,Platinum,SHIPPED,105577.79,5556.73,3,1
2024-08-01,Toys,Regular,CANCELLED,1861563.0799999998,116766.52,47,16
2024-08-01,Toys,Regular,DELIVERED,20796889.08,1617937.48,668,221
2024-08-01,Toys,Regular,PENDING,2486992.73,216282.49,88,27
2024-08-01,Toys,Regular,RETURNED,3179649.56,251260.67,90,31
2024-08-01,Toys,Regular,SHIPPED,1878163.69,72846.82,54,19
2024-08-01,Toys,Silver,CANCELLED,1178449.16,89943.1,27,11
2024-08-01,Toys,Silver,DELIVERED,7085905.59,647539.95,213,84
2024-08-01,Toys,Silver,PENDING,964305.99,67447.42,34,11
2024-08-01,Toys,Silver,RETURNED,876993.53,88264.28,22,6
2024-08-01,Toys,Silver,SHIPPED,1397589.3,121093.89,40,12
2024-09-01,Beauty,Gold,CANCELLED,756095.64,25552.09,22,5
2024-09-01,Beauty,Gold,DELIVERED,5592434.16,437230.82,132,48
2024-09-01,Beauty,Gold,PENDING,626528.95,16611.97,16,5
2024-09-01,Beauty,Gold,RETURNED,316442.06,0.0,7,3
2024-09-01,Beauty,Gold,SHIPPED,1054925.26,109146.8,24,8
2024-09-01,Beauty,Platinum,CANCELLED,242125.3,0.0,6,2
2024-09-01,Beauty,Platinum,DELIVERED,2065917.22,120686.45,45,17
2024-09-01,Beauty,Platinum,PENDING,83427.99,9269.77,2,2
2024-09-01,Beauty,Platinum,RETURNED,24655.18,5292.73,4,2
2024-09-01,Beauty,Platinum,SHIPPED,292118.28,12563.220000000001,9,4
2024-09-01,Beauty,Regular,CANCELLED,2376551.29,221281.6,62,22
2024-09-01,Beauty,Regular,DELIVERED,22528915.79,1982747.16,598,212
2024-09-01,Beauty,Regular,PENDING,2460482.35,245379.33000000002,69,22
2024-09-01,Beauty,Regular,RETURNED,2205711.68,140536.98,52,17
2024-09-01,Beauty,Regular,SHIPPED,2778169.22,285351.37,83,34
2024-09-01,Beauty,Silver,CANCELLED,1066227.19,76040.46,19,8
2024-09-01,Beauty,Silver,DELIVERED,10021295.65,942223.27,240,75
2024-09-01,Beauty,Silver,PENDING,1948769.01,99149.78,43,9
2024-09-01,Beauty,Silver,RETURNED,295258.93,17950.050000000003,9,5
2024-09-01,Beauty,Silver,SHIPPED,1271269.06,87538.92,28,8
2024-09-01,Books,Gold,CANCELLED,69723.08,0.0,1,1
2024-09-01,Books,Gold,DELIVERED,4782532.06,407656.98,143,45
2024-09-01,Books,Gold,PENDING,363005.66,74314.18000000001,17,7
2024-09-01,Books,Gold,RETURNED,142793.53,27903.38,7,3
2024-09-01,Books,Gold,SHIPPED,658818.74,67123.85,23,6
2024-09-01,Books,Platinum,CANCELLED,453064.89,0.0,11,3
2024-09-01,Books,Platinum,DELIVERED,2981028.42,206902.72,87,29
2024-09-01,Books,Platinum,PENDING,8991.09,473.22,1,1
2024-09-01,Books,Platinum,RETURNED,52432.72,5825.86,2,1
2024-09-01,Books,Platinum,SHIPPED,183738.88,54166.97,5,2
2024-09-01,Books,Regular,CANCELLED,3080883.4,351358.99,86,26
2024-09-01,Books,Regular,DELIVERED,23286247.72,1962696.09,657,222
2024-09-01,Books,Regular,PENDING,2611641.12,152571.59,75,30
2024-09-01,Books,Regular,RETURNED,2964327.64,299535.51,77,25
2024-09-01,Books,Regular,SHIPPED,3613856.09,243124.8,94,31
2024-09-01,Books,Silver,CANCELLED,1100129.98,95707.36,42,11
2024-09-01,Books,Silver,DELIVERED,7976057.2,579191.5,222,77
2024-09-01,Books,Silver,PENDING,837916.54,15350.789999999999,22,7
2024-09-01,Books,Silver,RETURNED,912172.9,108843.01000000001,27,7
2024-09-01,Books,Silver,SHIPPED,2729857.54,291301.87,81,24
2024-09-01,Electronics,Gold,CANCELLED,303690.59,9354.17,5,2
2024-09-01,Electronics,Gold,DELIVERED,3989882.27,271030.48,122,46
2024-09-01,Electronics,Gold,PENDING,462299.5,43937.340000000004,14,6
2024-09-01,Electronics,Gold,RETURNED,783984.64,32510.3,16,3
2024-09-01,Electronics,Gold,SHIPPED,501730.67,4945.96,14,6
2024-09-01,Electronics,Platinum,CANCELLED,40021.1,7062.55,1,1
2024-09-01,Electronics,Platinum,DELIVERED,1889322.3599999999,156237.08000000002,44,14
2024-09-01,Electronics,Platinum,PENDING,164945.09,44615.29,5,2
2024-09-01,Electronics,Platinum,RETURNED,103665.94,8189.11,5,2
2024-09-01,Electronics,Platinum,SHIPPED,952794.73,100760.23999999999,22,6
2024-09-01,Electronics,Regular,CANCELLED,2983047.84,162420.7,81,27
2024-09-01,Electronics,Regular,DELIVERED,19291661.77,1411736.78,529,191
2024-09-01,Electronics,Regular,PENDING,2056640.77,187775.66999999998,47,19
2024-09-01,Electronics,Regular,RETURNED,1430573.15,118473.03,53,19
2024-09-01,Electronics,Regular,SHIPPED,3576275.63,263304.47,91,32
2024-09-01,Electronics,Silver,CANCELLED,582707.8200000001,53380.68,22,8
2024-09-01,Electronics,Silver,DELIVERED,5732866.08,332508.44,185,58
2024-09-01,Electronics,Silver,PENDING,239476.99,38340.0,5,3
2024-09-01,Electronics,Silver,RETURNED,229946.56,7960.410000000001,7,4
2024-09-01,Electronics,Silver,SHIPPED,1629458.14,115539.7,40,14
2024-09-01,Fashion,Gold,CANCELLED,310836.02999999997,38552.81,12,5
2024-09-01,Fashion,Gold,DELIVERED,4878168.57,554475.39,145,45
2024-09-01,Fashion,Gold,PENDING,309107.04000000004,6917.83,10,4
2024-09-01,Fashion,Gold,RETURNED,787265.41,57015.82,18,6
2024-09-01,Fashion,Gold,SHIPPED,510469.01,27013.449999999997,16,3
2024-09-01,Fashion,Platinum,CANCELLED,506345.4,30172.34,14,4
2024-09-01,Fashion,Platinum,DELIVERED,3119223.64,182033.36000000002,83,31
2024-09-01,Fashion,Platinum,PENDING,114401.15,11684.04,7,2
2024-09-01,Fashion,Platinum,SHIPPED,243891.05,5360.39,8,3
2024-09-01,Fashion,Regular,CANCELLED,3555641.17,331376.26,80,26
2024-09-01,Fashion,Regular,DELIVERED,20290840.1,1527428.02,578,201
2024-09-01,Fashion,Regular,PENDING,2833410.26,249663.14,85,28
2024-09-01,Fashion,Regular,RETURNED,2411839.05,266625.29,62,22
2024-09-01,Fashion,Regular,SHIPPED,2982702.73,357143.07,88,24
2024-09-01,Fashion,Silver,CANCELLED,1430797.36,118573.61,38,11
2024-09-01,Fashion,Silver,DELIVERED,6774609.42,550880.1,198,61
2024-09-01,Fashion,Silver,PENDING,494545.61,50992.44,13,6
2024-09-01,Fashion,Silver,RETURNED,144354.71,7864.29,6,4
2024-09-01,Fashion,Silver,SHIPPED,1707771.07,116494.21,40,12
2024-09-01,Furniture,Gold,CANCELLED,201817.02,50454.26,4,1
2024-09-01,Furniture,Gold,DELIVERED,3935653.32,328480.47000000003,116,39
2024-09-01,Furniture,Gold,PENDING,25066.32,357.58,4,2
2024-09-01,Furniture,Gold,RETURNED,239685.84,0.0,8,2
2024-09-01,Furniture,Gold,SHIPPED,232062.36,31363.62,6,3
2024-09-01,Furniture,Platinum,CANCELLED,63503.5,3158.86,4,3
2024-09-01,Furniture,Platinum,DELIVERED,1925143.42,131046.65,72,23
2024-09-01,Furniture,Platinum,PENDING,492118.67,39884.03,11,3
2024-09-01,Furniture,Platinum,SHIPPED,256068.88,13843.41,6,2
2024-09-01,Furniture,Regular,CANCELLED,3373780.34,192942.04,94,32
2024-09-01,Furniture,Regular,DELIVERED,20661144.29,1902367.9000000001,627,205
2024-09-01,Furniture,Regular,PENDING,2911987.98,191612.2,77,26
2024-09-01,Furniture,Regular,RETURNED,2076345.71,174496.2,61,19
2024-09-01,Furniture,Regular,SHIPPED,3910711.47,297227.02,111,37
2024-09-01,Furniture,Silver,CANCELLED,689590.1699999999,67959.85,18,6
2024-09-01,Furniture,Silver,DELIVERED,5902836.11,537106.28,174,62
2024-09-01,Furniture,Silver,PENDING,879673.37,52879.98,36,11
2024-09-01,Furniture,Silver,RETURNED,187698.44,26757.52,9,3
2024-09-01,Furniture,Silver,SHIPPED,1349153.17,84069.41,39,15
2024-09-01,Home,Gold,CANCELLED,344498.81,7726.2699999999995,14,5
2024-09-01,Home,Gold,DELIVERED,3786048.73,368863.94,114,34
2024-09-01,Home,Gold,PENDING,490108.38,54121.36,17,6
2024-09-01,Home,Gold,RETURNED,245150.33000000002,33729.880000000005,13,4
2024-09-01,Home,Gold,SHIPPED,166790.46,0.0,6,2
2024-09-01,Home,Platinum,CANCELLED,174405.45,9179.23,4,2
2024-09-01,Home,Platinum,DELIVERED,2070937.47,134135.11,65,23
2024-09-01,Home,Platinum,PENDING,223190.64,8146.93,9,2
2024-09-01,Home,Platinum,SHIPPED,164928.99,14566.64,7,2
2024-09-01,Home,Regular,CANCELLED,3158654.5,359485.64,82,29
2024-09-01,Home,Regular,DELIVERED,21464574.41,2226422.0,616,215
2024-09-01,Home,Regular,PENDING,2420998.15,249835.88,89,22
2024-09-01,Home,Regular,RETURNED,2250199.14,174490.09,59,19
2024-09-01,Home,Regular,SHIPPED,3628828.04,354899.88,104,30
2024-09-01,Home,Silver,CANCELLED,1781915.88,89299.63,38,11
2024-09-01,Home,Silver,DELIVERED,7619639.49,533517.58,209,72
2024-09-01,Home,Silver,PENDING,324089.89,31683.21,17,5
2024-09-01,Home,Silver,RETURNED,783776.95,69190.81,23,9
2024-09-01,Home,Silver,SHIPPED,1833921.54,109864.96,46,13
2024-09-01,Sports,Gold,CANCELLED,754866.65,37949.96,16,6
2024-09-01,Sports,Gold,DELIVERED,5797623.2,433127.97000000003,149,45
2024-09-01,Sports,Gold,PENDING,413817.66000000003,34310.66,12,5
2024-09-01,Sports,Gold,RETURNED,475331.65,42717.33,15,4
2024-09-01,Sports,Gold,SHIPPED,345949.03,37027.020000000004,11,4
2024-09-01,Sports,Platinum,CANCELLED,317651.23,27823.94,12,4
2024-09-01,Sports,Platinum,DELIVERED,1914548.68,263700.55,48,17
2024-09-01,Sports,Platinum,PENDING,100945.6,11216.18,2,1
2024-09-01,Sports,Platinum,RETURNED,380339.87,18965.15,10,3
2024-09-01,Sports,Platinum,SHIPPED,105856.93,17685.6,2,2
2024-09-01,Sports,Regular,CANCELLED,3233072.63,312976.77,88,27
2024-09-01,Sports,Regular,DELIVERED,21275533.1,1453000.5,578,201
2024-09-01,Sports,Regular,PENDING,3571359.67,291462.68,109,38
2024-09-01,Sports,Regular,RETURNED,1781841.6,200394.97,67,20
2024-09-01,Sports,Regular,SHIPPED,3120679.46,210378.38,84,33
2024-09-01,Sports,Silver,CANCELLED,829364.17,56001.79,23,9
2024-09-01,Sports,Silver,DELIVERED,7184866.67,448813.96,190,64
2024-09-01,Sports,Silver,PENDING,743468.97,62361.88,24,8
2024-09-01,Sports,Silver,RETURNED,935680.4,34239.01,26,7
2024-09-01,Sports,Silver,SHIPPED,1525929.13,134877.26,47,16
2024-09-01,Toys,Gold,CANCELLED,225219.21,27806.86,6,3
2024-09-01,Toys,Gold,DELIVERED,4153727.55,295327.15,134,43
2024-09-01,Toys,Gold,PENDING,595002.49,9354.89,20,7
2024-09-01,Toys,Gold,RETURNED,189605.81,23147.300000000003,6,3
2024-09-01,Toys,Gold,SHIPPED,424775.87,24542.66,11,5
2024-09-01,Toys,Platinum,CANCELLED,321093.35,3385.01,7,3
2024-09-01,Toys,Platinum,DELIVERED,1664067.75,108421.51,53,24
2024-09-01,Toys,Platinum,PENDING,364368.38,27331.18,7,3
2024-09-01,Toys,Platinum,RETURNED,255425.92,20958.55,5,2
2024-09-01,Toys,Platinum,SHIPPED,122137.66,6428.3,2,1
2024-09-01,Toys,Regular,CANCELLED,1533060.8900000001,84501.2,63,21
2024-09-01,Toys,Regular,DELIVERED,20703348.4,1547372.1199999999,622,216
2024-09-01,Toys,Regular,PENDING,1608512.32,178394.21,54,19
2024-09-01,Toys,Regular,RETURNED,2323215.19,173083.27000000002,76,24
2024-09-01,Toys,Regular,SHIPPED,3724523.27,399033.08999999997,118,39
2024-09-01,Toys,Silver,CANCELLED,958604.75,26973.17,25,8
2024-09-01,Toys,Silver,DELIVERED,6948170.36,619880.68,212,74
2024-09-01,Toys,Silver,PENDING,1090060.52,49498.850000000006,34,11
2024-09-01,Toys,Silver,RETURNED,311575.16,39221.439999999995,9,3
2024-09-01,Toys,Silver,SHIPPED,722057.71,25022.059999999998,29,12
2024-10-01,Beauty,Gold,CANCELLED,574576.4,60119.84,13,6
2024-10-01,Beauty,Gold,DELIVERED,5224212.12,588673.01,135,51
2024-10-01,Beauty,Gold,PENDING,1042707.98,144542.33,22,7
2024-10-01,Beauty,Gold,RETURNED,440411.44,33801.15,11,4
2024-10-01,Beauty,Gold,SHIPPED,900517.44,54133.61,17,5
2024-10-01,Beauty,Platinum,CANCELLED,350685.63,50507.25,12,3
2024-10-01,Beauty,Platinum,DELIVERED,2076788.47,106210.25,52,19
2024-10-01,Beauty,Platinum,PENDING,215313.82,56111.5,12,4
2024-10-01,Beauty,Platinum,RETURNED,90849.73,10094.42,3,1
2024-10-01,Beauty,Platinum,SHIPPED,488832.5,28487.620000000003,10,4
2024-10-01,Beauty,Regular,CANCELLED,3047181.13,300409.57,72,25
2024-10-01,Beauty,Regular,DELIVERED,25192701.28,2251953.64,665,224
2024-10-01,Beauty,Regular,PENDING,1821430.17,103686.08,49,18
2024-10-01,Beauty,Regular,RETURNED,2643566.76,236945.06,63,24
2024-10-01,Beauty,Regular,SHIPPED,2479024.69,237227.47,86,29
2024-10-01,Beauty,Silver,CANCELLED,1765866.8800000001,106373.09,43,15
2024-10-01,Beauty,Silver,DELIVERED,9739369.17,687799.92,241,91
2024-10-01,Beauty,Silver,PENDING,747451.4500000001,85128.02,22,8
2024-10-01,Beauty,Silver,RETURNED,652872.38,32697.81,29,9
2024-10-01,Beauty,Silver,SHIPPED,1369687.1600000001,57560.0,32,11
2024-10-01,Books,Gold,CANCELLED,312175.69999999995,7160.29,6,2
2024-10-01,Books,Gold,DELIVERED,5130849.2,324901.18,134,50
2024-10-01,Books,Gold,PENDING,746937.0,43967.64,14,5
2024-10-01,Books,Gold,RETURNED,428698.83,63926.8,15,6
2024-10-01,Books,Gold,SHIPPED,1061056.78,189861.05,29,8
2024-10-01,Books,Platinum,CANCELLED,331226.2,11109.439999999999,10,4
2024-10-01,Books,Platinum,DELIVERED,2665204.61,312931.12,80,24
2024-10-01,Books,Platinum,PENDING,236676.34000000003,48086.28,6,2
2024-10-01,Books,Platinum,RETURNED,20510.48,2278.94,1,1
2024-10-01,Books,Platinum,SHIPPED,274755.68000000005,8349.65,8,3
2024-10-01,Books,Regular,CANCELLED,4441817.36,389704.77999999997,112,33
2024-10-01,Books,Regular,DELIVERED,24442148.32,1675688.22,650,226
2024-10-01,Books,Regular,PENDING,2816356.66,236952.57,70,24
2024-10-01,Books,Regular,RETURNED,2550833.91,315373.19,74,26
2024-10-01,Books,Regular,SHIPPED,2273824.68,223759.65,70,23
2024-10-01,Books,Silver,CANCELLED,898654.2899999999,111088.37,28,9
2024-10-01,Books,Silver,DELIVERED,10155746.72,793485.86,263,87
2024-10-01,Books,Silver,PENDING,863731.14,26937.309999999998,22,7
2024-10-01,Books,Silver,RETURNED,607377.79,70673.98000000001,11,4
2024-10-01,Books,Silver,SHIPPED,1429130.8399999999,115815.69,37,12
2024-10-01,Electronics,Gold,CANCELLED,459272.20999999996,51976.69,11,5
2024-10-01,Electronics,Gold,DELIVERED,3880107.88,314863.45,115,42
2024-10-01,Electronics,Gold,PENDING,753890.96,22124.72,15,5
2024-10-01,Electronics,Gold,RETURNED,1278551.29,68310.14,28,9
2024-10-01,Electronics,Gold,SHIPPED,190809.65000000002,14140.779999999999,7,3
2024-10-01,Electronics,Platinum,CANCELLED,408321.49,7899.99,8,3
2024-10-01,Electronics,Platinum,DELIVERED,1094393.36,116525.73,41,17
2024-10-01,Electronics,Platinum,PENDING,260572.5,17341.11,8,2
2024-10-01,Electronics,Platinum,RETURNED,215482.82,34120.72,6,2
2024-10-01,Electronics,Platinum,SHIPPED,423914.33999999997,36113.9,12,4
2024-10-01,Electronics,Regular,CANCELLED,2439737.11,210791.47,71,23
2024-10-01,Electronics,Regular,DELIVERED,23455105.28,2070055.53,697,229
2024-10-01,Electronics,Regular,PENDING,2895349.36,274924.41,76,23
2024-10-01,Electronics,Regular,RETURNED,1849288.86,85094.77,61,21
2024-10-01,Electronics,Regular,SHIPPED,2260906.56,149119.42,66,18
2024-10-01,Electronics,Silver,CANCELLED,825294.85,88598.98,27,10
2024-10-01,Electronics,Silver,DELIVERED,7281446.99,597563.27,210,76
2024-10-01,Electronics,Silver,PENDING,1374132.88,129597.63,31,10
2024-10-01,Electronics,Silver,RETURNED,652178.34,61948.29,17,7
2024-10-01,Electronics,Silver,SHIPPED,1263918.89,164394.2,38,12
2024-10-01,Fashion,Gold,CANCELLED,574833.8,34967.97,14,5
2024-10-01,Fashion,Gold,DELIVERED,4670863.95,523268.44,138,47
2024-10-01,Fashion,Gold,PENDING,344588.54000000004,30851.05,11,3
2024-10-01,Fashion,Gold,RETURNED,274159.05,720.9,5,2
2024-10-01,Fashion,Gold,SHIPPED,614835.71,27248.309999999998,10,4
2024-10-01,Fashion,Platinum,CANCELLED,12392.39,1376.93,1,1
2024-10-01,Fashion,Platinum,DELIVERED,2202056.17,160211.56,53,16
2024-10-01,Fashion,Platinum,PENDING,379442.92000000004,11225.2,8,1
2024-10-01,Fashion,Platinum,RETURNED,84903.14,21225.79,3,1
2024-10-01,Fashion,Platinum,SHIPPED,334600.4,20966.39,10,4
2024-10-01,Fashion,Regular,CANCELLED,2828120.27,202228.75,77,34
2024-10-01,Fashion,Regular,DELIVERED,22563497.68,1891562.59,644,215
2024-10-01,Fashion,Regular,PENDING,2786469.11,324864.64,75,25
2024-10-01,Fashion,Regular,RETURNED,3378127.2600000002,196286.37,87,29
2024-10-01,Fashion,Regular,SHIPPED,3435373.1,212594.45,89,29
2024-10-01,Fashion,Silver,CANCELLED,1035784.7999999999,87493.4,40,11
2024-10-01,Fashion,Silver,DELIVERED,8460856.33,740555.7,234,80
2024-10-01,Fashion,Silver,PENDING,581455.0,54337.48,20,5
2024-10-01,Fashion,Silver,RETURNED,738070.26,87355.58,23,7
2024-10-01,Fashion,Silver,SHIPPED,858117.95,41646.2,20,9
2024-10-01,Furniture,Gold,CANCELLED,195234.09,25248.23,5,2
2024-10-01,Furniture,Gold,DELIVERED,4879789.94,401424.9,139,47
2024-10-01,Furniture,Gold,PENDING,761699.27,100149.14,21,7
2024-10-01,Furniture,Gold,RETURNED,316360.41,39160.76,12,4
2024-10-01,Furniture,Gold,SHIPPED,312934.69,29259.62,11,5
2024-10-01,Furniture,Platinum,CANCELLED,349236.06,30613.59,9,3
2024-10-01,Furniture,Platinum,DELIVERED,1212652.43,98906.40999999999,38,16
2024-10-01,Furniture,Platinum,PENDING,96206.61,24051.65,2,1
2024-10-01,Furniture,Platinum,RETURNED,175579.14,19508.79,3,1
2024-10-01,Furniture,Platinum,SHIPPED,237753.51,64606.55,9,2
2024-10-01,Furniture,Regular,CANCELLED,2881615.74,242178.15,91,33
2024-10-01,Furniture,Regular,DELIVERED,23082806.14,1975450.08,720,233
2024-10-01,Furniture,Regular,PENDING,2192261.9,184888.66999999998,58,18
2024-10-01,Furniture,Regular,RETURNED,1914023.91,150400.15,64,21
2024-10-01,Furniture,Regular,SHIPPED,2269180.4899999998,239990.13,74,22
2024-10-01,Furniture,Silver,CANCELLED,777356.2,74535.82,22,7
2024-10-01,Furniture,Silver,DELIVERED,7776242.15,646168.11,245,82
2024-10-01,Furniture,Silver,PENDING,673092.0700000001,71156.58,14,6
2024-10-01,Furniture,Silver,RETURNED,530096.66,50378.57,14,6
2024-10-01,Furniture,Silver,SHIPPED,852380.01,78166.36,22,9
2024-10-01,Home,Gold,CANCELLED,375822.63,19961.86,12,6
2024-10-01,Home,Gold,DELIVERED,4140447.73,336499.25,130,47
2024-10-01,Home,Gold,PENDING,511126.62,66988.48,15,5
2024-10-01,Home,Gold,RETURNED,611553.6799999999,42885.520000000004,14,4
2024-10-01,Home,Gold,SHIPPED,377587.28,62960.6,16,5
2024-10-01,Home,Platinum,CANCELLED,686846.47,51968.89,19,5
2024-10-01,Home,Platinum,DELIVERED,1491956.6,169442.78,58,19
2024-10-01,Home,Platinum,RETURNED,217700.34000000003,4513.78,8,2
2024-10-01,Home,Platinum,SHIPPED,405267.13,5947.66,11,5
2024-10-01,Home,Regular,CANCELLED,2382489.29,155520.66,67,23
2024-10-01,Home,Regular,DELIVERED,25020996.69,2224809.95,723,244
2024-10-01,Home,Regular,PENDING,2575525.46,108807.26,64,21
2024-10-01,Home,Regular,RETURNED,1604899.92,114999.49,42,16
2024-10-01,Home,Regular,SHIPPED,3145551.39,300943.18,98,29
2024-10-01,Home,Silver,CANCELLED,1544746.77,257666.25,38,11
2024-10-01,Home,Silver,DELIVERED,9966682.44,942448.62,292,98
2024-10-01,Home,Silver,PENDING,463715.53,62775.07,19,8
2024-10-01,Home,Silver,RETURNED,523147.94999999995,37456.56,13,7
2024-10-01,Home,Silver,SHIPPED,1217841.26,55302.92,34,13
2024-10-01,Sports,Gold,CANCELLED,442611.54,14435.15,9,3
2024-10-01,Sports,Gold,DELIVERED,4278497.0,369295.92,112,37
2024-10-01,Sports,Gold,PENDING,451595.65,7590.28,13,3
2024-10-01,Sports,Gold,RETURNED,292631.36,18743.07,7,3
2024-10-01,Sports,Gold,SHIPPED,123960.02,4063.17,7,2
2024-10-01,Sports,Platinum,CANCELLED,166391.6,15864.33,7,3
2024-10-01,Sports,Platinum,DELIVERED,2530416.98,200356.02,60,20
2024-10-01,Sports,Platinum,PENDING,176399.58,0.0,3,1
2024-10-01,Sports,Platinum,RETURNED,118648.26,0.0,2,1
2024-10-01,Sports,Platinum,SHIPPED,334752.26,31953.04,15,6
2024-10-01,Sports,Regular,CANCELLED,2784821.26,197549.93,76,31
2024-10-01,Sports,Regular,DELIVERED,24156249.419999998,1694586.0,651,210
2024-10-01,Sports,Regular,PENDING,2500240.98,176025.46,69,23
2024-10-01,Sports,Regular,RETURNED,2246536.0100000002,221147.9,68,25
2024-10-01,Sports,Regular,SHIPPED,2403769.58,138324.84,71,23
2024-10-01,Sports,Silver,CANCELLED,878350.13,115952.19,29,7
2024-10-01,Sports,Silver,DELIVERED,9299385.62,743496.33,253,85
2024-10-01,Sports,Silver,PENDING,202475.75,16497.89,13,4
2024-10-01,Sports,Silver,RETURNED,1220850.4,143911.64,36,10
2024-10-01,Sports,Silver,SHIPPED,1180435.27,49748.85,29,11
2024-10-01,Toys,Gold,CANCELLED,539734.38,22506.91,12,4
2024-10-01,Toys,Gold,DELIVERED,3631450.94,307189.6,122,41
2024-10-01,Toys,Gold,PENDING,800020.69,106376.47,18,5
2024-10-01,Toys,Gold,RETURNED,160586.24,1580.76,10,3
2024-10-01,Toys,Gold,SHIPPED,307678.5,25427.2,9,3
2024-10-01,Toys,Platinum,CANCELLED,641490.88,11774.789999999999,16,3
2024-10-01,Toys,Platinum,DELIVERED,1337589.09,103664.88,41,18
2024-10-01,Toys,Platinum,PENDING,646588.7,27699.7,13,3
2024-10-01,Toys,Platinum,RETURNED,79811.29000000001,2460.26,3,2
2024-10-01,Toys,Platinum,SHIPPED,197583.88,21953.76,4,1
2024-10-01,Toys,Regular,CANCELLED,2871215.44,244657.07,85,24
2024-10-01,Toys,Regular,DELIVERED,24301577.52,2106458.57,742,254
2024-10-01,Toys,Regular,PENDING,1370266.3800000001,54133.69,57,23
2024-10-01,Toys,Regular,RETURNED,2498924.49,154674.86,75,26
2024-10-01,Toys,Regular,SHIPPED,3687431.2600000002,311992.03,106,31
2024-10-01,Toys,Silver,CANCELLED,668661.13,32940.4,27,10
2024-10-01,Toys,Silver,DELIVERED,6687720.96,556930.75,228,81
2024-10-01,Toys,Silver,PENDING,357831.92,71839.77,12,3
2024-10-01,Toys,Silver,RETURNED,649019.59,96979.23,15,5
2024-10-01,Toys,Silver,SHIPPED,1588633.07,84971.96,40,11
2024-11-01,Beauty,Gold,CANCELLED,613856.99,36816.979999999996,17,7
2024-11-01,Beauty,Gold,DELIVERED,4631008.81,381884.69,129,44
2024-11-01,Beauty,Gold,PENDING,410012.57999999996,9269.78,10,3
2024-11-01,Beauty,Gold,RETURNED,61479.35,4915.45,8,2
2024-11-01,Beauty,Gold,SHIPPED,908957.91,57023.26,34,10
2024-11-01,Beauty,Platinum,CANCELLED,160279.82,3306.65,7,2
2024-11-01,Beauty,Platinum,DELIVERED,696414.25,109269.77,17,10
2024-11-01,Beauty,Platinum,PENDING,365318.32,22714.27,6,3
2024-11-01,Beauty,Platinum,SHIPPED,440917.73000000004,41883.05,15,3
2024-11-01,Beauty,Regular,CANCELLED,2428715.34,141220.07,56,22
2024-11-01,Beauty,Regular,DELIVERED,17017620.51,1669081.04,484,175
2024-11-01,Beauty,Regular,PENDING,1692515.72,143493.37,45,14
2024-11-01,Beauty,Regular,RETURNED,2176327.9,165811.27000000002,45,15
2024-11-01,Beauty,Regular,SHIPPED,4667294.34,424138.62,137,41
2024-11-01,Beauty,Silver,CANCELLED,695773.56,62267.57,31,10
2024-11-01,Beauty,Silver,DELIVERED,7480891.4,628787.62,200,67
2024-11-01,Beauty,Silver,PENDING,734497.85,15405.65,23,8
2024-11-01,Beauty,Silver,RETURNED,849178.43,158739.04,23,9
2024-11-01,Beauty,Silver,SHIPPED,556762.68,51010.46,19,9
2024-11-01,Books,Gold,CANCELLED,720606.12,32428.07,18,7
2024-11-01,Books,Gold,DELIVERED,4466468.59,330546.8,121,43
2024-11-01,Books,Gold,PENDING,56930.380000000005,0.0,6,1
2024-11-01,Books,Gold,RETURNED,283565.45999999996,5016.59,7,3
2024-11-01,Books,Gold,SHIPPED,489576.97000000003,37070.28,10,4
2024-11-01,Books,Platinum,CANCELLED,693369.98,79097.41,13,3
2024-11-01,Books,Platinum,DELIVERED,2979348.7199999997,302031.55,80,22
2024-11-01,Books,Platinum,PENDING,99928.41,1887.52,3,1
2024-11-01,Books,Platinum,RETURNED,111779.84,24908.23,5,3
2024-11-01,Books,Platinum,SHIPPED,678652.05,18906.09,19,5
2024-11-01,Books,Regular,CANCELLED,2925759.43,342724.32,73,26
2024-11-01,Books,Regular,DELIVERED,23919026.46,2362007.89,650,218
2024-11-01,Books,Regular,PENDING,1967180.53,163850.58000000002,59,18
2024-11-01,Books,Regular,RETURNED,2749728.3,163431.6,77,24
2024-11-01,Books,Regular,SHIPPED,4535856.29,380269.58,120,37
2024-11-01,Books,Silver,CANCELLED,872569.1699999999,47634.560000000005,30,12
2024-11-01,Books,Silver,DELIVERED,9250124.81,609326.2,242,83
2024-11-01,Books,Silver,PENDING,817788.19,115371.98000000001,29,12
2024-11-01,Books,Silver,RETURNED,613813.13,16258.720000000001,16,4
2024-11-01,Books,Silver,SHIPPED,1435385.02,103016.27,39,13
2024-11-01,Electronics,Gold,CANCELLED,583747.19,70522.39,18,5
2024-11-01,Electronics,Gold,DELIVERED,3797376.66,292767.51,102,36
2024-11-01,Electronics,Gold,PENDING,412971.79,21096.98,13,5
2024-11-01,Electronics,Gold,RETURNED,720838.84,29778.84,17,7
2024-11-01,Electronics,Gold,SHIPPED,208060.76,29885.62,6,3
2024-11-01,Electronics,Platinum,CANCELLED,7710.93,856.77,2,1
2024-11-01,Electronics,Platinum,DELIVERED,1198476.08,167361.84,41,14
2024-11-01,Electronics,Platinum,PENDING,12101.99,1344.67,2,1
2024-11-01,Electronics,Platinum,RETURNED,196963.16,34758.2,4,1
2024-11-01,Electronics,Platinum,SHIPPED,314833.93,15639.43,8,4
2024-11-01,Electronics,Regular,CANCELLED,2417905.68,254831.26,65,21
2024-11-01,Electronics,Regular,DELIVERED,18419108.72,1949466.82,517,179
2024-11-01,Electronics,Regular,PENDING,1908832.1400000001,94806.7,50,18
2024-11-01,Electronics,Regular,RETURNED,1336772.1,92748.69,43,15
2024-11-01,Electronics,Regular,SHIPPED,3025946.86,216577.72,85,32
2024-11-01,Electronics,Silver,CANCELLED,884410.9099999999,125899.37000000001,22,9
2024-11-01,Electronics,Silver,DELIVERED,6938672.83,594828.77,224,75
2024-11-01,Electronics,Silver,PENDING,657167.14,23900.66,22,10
2024-11-01,Electronics,Silver,RETURNED,422525.3,61653.67999999999,16,5
2024-11-01,Electronics,Silver,SHIPPED,731881.74,97816.53,27,9
2024-11-01,Fashion,Gold,CANCELLED,350655.19,12981.609999999999,9,3
2024-11-01,Fashion,Gold,DELIVERED,3309171.08,205431.29,95,31
2024-11-01,Fashion,Gold,PENDING,597620.1799999999,40909.41,15,6
2024-11-01,Fashion,Gold,RETURNED,212503.9,34929.75,10,4
2024-11-01,Fashion,Gold,SHIPPED,389158.11,3334.16,9,5
2024-11-01,Fashion,Platinum,CANCELLED,512540.7,48318.979999999996,12,4
2024-11-01,Fashion,Platinum,DELIVERED,936585.63,89569.64,28,12
2024-11-01,Fashion,Platinum,PENDING,14138.69,744.14,1,1
2024-11-01,Fashion,Platinum,RETURNED,77106.22,8567.36,2,1
2024-11-01,Fashion,Platinum,SHIPPED,396777.32,28869.29,10,4
2024-11-01,Fashion,Regular,CANCELLED,3262114.82,219276.65,88,32
2024-11-01,Fashion,Regular,DELIVERED,20357518.73,1767188.23,571,195
2024-11-01,Fashion,Regular,PENDING,2703483.94,332162.08999999997,78,25
2024-11-01,Fashion,Regular,RETURNED,1650269.57,170672.69999999998,44,18
2024-11-01,Fashion,Regular,SHIPPED,2475317.69,272145.49,85,29
2024-11-01,Fashion,Silver,CANCELLED,1666928.1900000002,120694.87,36,13
2024-11-01,Fashion,Silver,DELIVERED,6506850.63,471385.63,186,67
2024-11-01,Fashion,Silver,PENDING,1362322.29,93029.26999999999,30,10
2024-11-01,Fashion,Silver,RETURNED,1181033.46,83503.28,43,9
2024-11-01,Fashion,Silver,SHIPPED,1313145.13,100925.79,45,14
2024-11-01,Furniture,Gold,CANCELLED,603466.13,45886.61,19,5
2024-11-01,Furniture,Gold,DELIVERED,5436072.47,343503.83,143,50
2024-11-01,Furniture,Gold,PENDING,861662.59,113710.48000000001,16,6
2024-11-01,Furniture,Gold,RETURNED,46653.53,1653.29,6,3
2024-11-01,Furniture,Gold,SHIPPED,994279.64,52049.09,23,9
2024-11-01,Furniture,Platinum,CANCELLED,679890.74,79622.99,20,5
2024-11-01,Furniture,Platinum,DELIVERED,1715194.8599999999,167509.99,59,16
2024-11-01,Furniture,Platinum,PENDING,387918.68,33538.73,13,3
2024-11-01,Furniture,Platinum,RETURNED,237721.65,35221.64,7,1
2024-11-01,Furniture,Platinum,SHIPPED,719523.09,40771.53,13,5
2024-11-01,Furniture,Regular,CANCELLED,3096712.6,342339.81,97,28
2024-11-01,Furniture,Regular,DELIVERED,17393077.36,1459045.67,514,183
2024-11-01,Furniture,Regular,PENDING,1077188.03,50444.409999999996,34,13
2024-11-01,Furniture,Regular,RETURNED,1152889.02,77256.3,29,12
2024-11-01,Furniture,Regular,SHIPPED,2715920.72,194142.09,91,36
2024-11-01,Furniture,Silver,CANCELLED,1405095.8,89453.06999999999,42,14
2024-11-01,Furniture,Silver,DELIVERED,5983206.19,644867.3300000001,203,66
2024-11-01,Furniture,Silver,PENDING,835843.1,103866.11,24,7
2024-11-01,Furniture,Silver,RETURNED,984734.72,114765.29000000001,34,9
2024-11-01,Furniture,Silver,SHIPPED,1112567.34,138729.69,31,10
2024-11-01,Home,Gold,CANCELLED,645998.47,61626.39,23,9
2024-11-01,Home,Gold,DELIVERED,4439637.01,297154.51,129,40
2024-11-01,Home,Gold,PENDING,187094.46,62364.82,6,2
2024-11-01,Home,Gold,RETURNED,71406.92,0.0,1,1
2024-11-01,Home,Gold,SHIPPED,1357699.5,188189.61000000002,32,8
2024-11-01,Home,Platinum,CANCELLED,519113.31,67062.84,13,4
2024-11-01,Home,Platinum,DELIVERED,1129499.47,91429.83,38,17
2024-11-01,Home,Platinum,PENDING,136365.34,0.0,2,1
2024-11-01,Home,Platinum,RETURNED,266120.6,0.0,4,1
2024-11-01,Home,Platinum,SHIPPED,39317.5,2069.34,1,1
2024-11-01,Home,Regular,CANCELLED,3898883.51,305318.45,105,32
2024-11-01,Home,Regular,DELIVERED,20789221.37,1938031.55,597,195
2024-11-01,Home,Regular,PENDING,2278227.63,168397.06,50,17
2024-11-01,Home,Regular,RETURNED,2638193.09,150918.43,69,20
2024-11-01,Home,Regular,SHIPPED,2972051.65,222447.31,91,35
2024-11-01,Home,Silver,CANCELLED,1322769.0,203765.66,33,12
2024-11-01,Home,Silver,DELIVERED,6129700.02,514162.92000000004,172,58
2024-11-01,Home,Silver,PENDING,721619.92,56185.09,16,6
2024-11-01,Home,Silver,RETURNED,502399.26,36994.78,15,5
2024-11-01,Home,Silver,SHIPPED,903083.49,79763.08,28,10
2024-11-01,Sports,Gold,CANCELLED,533824.9299999999,24842.07,12,4
2024-11-01,Sports,Gold,DELIVERED,4117650.16,310659.02,107,38
2024-11-01,Sports,Gold,PENDING,336705.13,14884.46,5,2
2024-11-01,Sports,Gold,RETURNED,77404.8,13011.57,5,2
2024-11-01,Sports,Gold,SHIPPED,473165.6,34828.72,9,4
2024-11-01,Sports,Platinum,CANCELLED,530384.57,45312.96,11,4
2024-11-01,Sports,Platinum,DELIVERED,2060348.55,219242.98,50,16
2024-11-01,Sports,Platinum,PENDING,104303.84,13833.9,8,2
2024-11-01,Sports,Platinum,SHIPPED,917143.89,154201.04,33,8
2024-11-01,Sports,Regular,CANCELLED,1315617.72,100230.69,40,16
2024-11-01,Sports,Regular,DELIVERED,22407437.73,1754510.35,619,213
2024-11-01,Sports,Regular,PENDING,1360313.13,198677.16,49,17
2024-11-01,Sports,Regular,RETURNED,1733206.74,78246.92000000001,42,17
2024-11-01,Sports,Regular,SHIPPED,3250898.96,272456.2,92,34
2024-11-01,Sports,Silver,CANCELLED,1394090.86,131655.31,43,17
2024-11-01,Sports,Silver,DELIVERED,7968716.43,834352.75,213,74
2024-11-01,Sports,Silver,PENDING,1284196.6,78908.06,32,9
2024-11-01,Sports,Silver,RETURNED,1029385.84,111017.66,27,8
2024-11-01,Sports,Silver,SHIPPED,1184174.5,91645.98999999999,33,9
2024-11-01,Toys,Gold,CANCELLED,260576.29,20844.32,12,6
2024-11-01,Toys,Gold,DELIVERED,5056113.31,503524.35,130,46
2024-11-01,Toys,Gold,PENDING,615515.3300000001,70974.87,18,5
2024-11-01,Toys,Gold,RETURNED,297610.06999999995,39593.45,11,5
2024-11-01,Toys,Gold,SHIPPED,819068.34,62503.03999999999,17,7
2024-11-01,Toys,Platinum,CANCELLED,229171.87,7602.42,7,2
2024-11-01,Toys,Platinum,DELIVERED,1868397.46,172139.14,49,16
2024-11-01,Toys,Platinum,PENDING,282337.9,16177.919999999998,8,2
2024-11-01,Toys,Platinum,RETURNED,731775.46,11553.52,13,3
2024-11-01,Toys,Platinum,SHIPPED,238799.19,25906.72,9,3
2024-11-01,Toys,Regular,CANCELLED,1888016.06,163200.0,63,24
2024-11-01,Toys,Regular,DELIVERED,20003176.66,1788301.39,648,222
2024-11-01,Toys,Regular,PENDING,2056322.72,101340.44,62,21
2024-11-01,Toys,Regular,RETURNED,2170480.49,232176.55000000002,54,18
2024-11-01,Toys,Regular,SHIPPED,3519794.61,222383.46,126,41
2024-11-01,Toys,Silver,CANCELLED,967967.03,129069.09999999999,37,9
2024-11-01,Toys,Silver,DELIVERED,7774699.18,445198.48,231,74
2024-11-01,Toys,Silver,PENDING,861076.16,108064.28,25,8
2024-11-01,Toys,Silver,RETURNED,751011.21,50723.7,21,7
2024-11-01,Toys,Silver,SHIPPED,885458.3099999999,87575.57,29,8
2024-12-01,Beauty,Gold,CANCELLED,507175.96,43897.63,11,5
2024-12-01,Beauty,Gold,DELIVERED,4767597.67,396656.71,120,45
2024-12-01,Beauty,Gold,PENDING,474939.7,65852.98999999999,17,5
2024-12-01,Beauty,Gold,RETURNED,314792.7,23883.3,17,4
2024-12-01,Beauty,Gold,SHIPPED,85665.04999999999,12796.85,4,2
2024-12-01,Beauty,Platinum,CANCELLED,46380.65,15460.22,1,1
2024-12-01,Beauty,Platinum,DELIVERED,1630737.5599999998,92343.88,40,17
2024-12-01,Beauty,Platinum,PENDING,17617.59,4404.4,1,1
2024-12-01,Beauty,Platinum,SHIPPED,10064.12,0.0,1,1
2024-12-01,Beauty,Regular,CANCELLED,3467597.59,241719.58,86,30
2024-12-01,Beauty,Regular,DELIVERED,23247917.51,1894540.69,578,197
2024-12-01,Beauty,Regular,PENDING,1855486.38,183857.05,53,18
2024-12-01,Beauty,Regular,RETURNED,1809159.54,182157.27,57,18
2024-12-01,Beauty,Regular,SHIPPED,3767058.65,435308.35,115,42
2024-12-01,Beauty,Silver,CANCELLED,621431.1799999999,77229.15,17,7
2024-12-01,Beauty,Silver,DELIVERED,11422950.6,1115488.22,280,91
2024-12-01,Beauty,Silver,PENDING,803381.7,52424.729999999996,25,8
2024-12-01,Beauty,Silver,RETURNED,1366250.1300000001,115306.09,26,8
2024-12-01,Beauty,Silver,SHIPPED,1577355.44,100224.1,34,12
2024-12-01,Books,Gold,CANCELLED,305741.76,9079.74,7,3
2024-12-01,Books,Gold,DELIVERED,3865708.17,264912.62,126,47
2024-12-01,Books,Gold,PENDING,482296.32,51832.14,16,3
2024-12-01,Books,Gold,RETURNED,396074.68,67091.39,17,5
2024-12-01,Books,Gold,SHIPPED,1011891.3999999999,32039.0,26,7
2024-12-01,Books,Platinum,CANCELLED,332944.82,13805.779999999999,12,3
2024-12-01,Books,Platinum,DELIVERED,2144559.13,134272.48,46,16
2024-12-01,Books,Platinum,PENDING,170520.26,33847.28,7,2
2024-12-01,Books,Platinum,RETURNED,44993.63,8660.59,2,2
2024-12-01,Books,Platinum,SHIPPED,488889.68,29644.06,8,2
2024-12-01,Books,Regular,CANCELLED,3736850.58,288286.67,95,35
2024-12-01,Books,Regular,DELIVERED,23376996.77,2026713.79,608,204
2024-12-01,Books,Regular,PENDING,2373482.77,376641.84,64,22
2024-12-01,Books,Regular,RETURNED,2593613.47,141555.33000000002,63,27
2024-12-01,Books,Regular,SHIPPED,1880864.89,118897.22,60,24
2024-12-01,Books,Silver,CANCELLED,1274082.96,158280.63,37,12
2024-12-01,Books,Silver,DELIVERED,12079359.19,1009622.0,294,102
2024-12-01,Books,Silver,PENDING,305094.71,448.8,13,6
2024-12-01,Books,Silver,RETURNED,1378919.32,69215.63,33,10
2024-12-01,Books,Silver,SHIPPED,472216.83,110392.6,14,7
2024-12-01,Electronics,Gold,CANCELLED,753401.71,76079.97,17,5
2024-12-01,Electronics,Gold,DELIVERED,3248906.02,232204.0,100,35
2024-12-01,Electronics,Gold,PENDING,21816.89,3850.04,1,1
2024-12-01,Electronics,Gold,RETURNED,74798.03,18584.18,10,4
2024-12-01,Electronics,Gold,SHIPPED,342257.52,20962.32,12,3
2024-12-01,Electronics,Platinum,CANCELLED,206729.5,18574.6,5,2
2024-12-01,Electronics,Platinum,DELIVERED,1378019.96,134811.72,44,14
2024-12-01,Electronics,Platinum,PENDING,389454.80000000005,15596.61,19,5
2024-12-01,Electronics,Platinum,RETURNED,147087.72,13092.95,5,2
2024-12-01,Electronics,Regular,CANCELLED,2963007.63,215173.36,72,23
2024-12-01,Electronics,Regular,DELIVERED,18953415.85,1767982.28,553,193
2024-12-01,Electronics,Regular,PENDING,2703404.15,146008.96,58,18
2024-12-01,Electronics,Regular,RETURNED,1783099.6300000001,121444.94,63,20
2024-12-01,Electronics,Regular,SHIPPED,2492281.06,185280.86,71,24
2024-12-01,Electronics,Silver,CANCELLED,447812.02999999997,41839.15,12,5
2024-12-01,Electronics,Silver,DELIVERED,9359645.88,646106.85,274,95
2024-12-01,Electronics,Silver,PENDING,1267156.17,57586.45,27,8
2024-12-01,Electronics,Silver,RETURNED,1090120.06,101392.48,35,11
2024-12-01,Electronics,Silver,SHIPPED,877075.5700000001,46040.340000000004,24,7
2024-12-01,Fashion,Gold,CANCELLED,199965.13,15234.25,6,2
2024-12-01,Fashion,Gold,DELIVERED,3811280.6,300359.74,108,39
2024-12-01,Fashion,Gold,PENDING,1167182.89,98611.88,22,7
2024-12-01,Fashion,Gold,RETURNED,368607.86,45172.05,11,4
2024-12-01,Fashion,Gold,SHIPPED,703063.32,75265.26,16,7
2024-12-01,Fashion,Platinum,CANCELLED,155787.24,0.0,4,1
2024-12-01,Fashion,Platinum,DELIVERED,2064513.03,123002.39,53,15
2024-12-01,Fashion,Platinum,PENDING,486691.05000000005,29226.76,16,5
2024-12-01,Fashion,Platinum,RETURNED,191172.63,0.0,5,2
2024-12-01,Fashion,Platinum,SHIPPED,90022.24,10002.47,3,1
2024-12-01,Fashion,Regular,CANCELLED,1691217.81,138646.51,59,21
2024-12-01,Fashion,Regular,DELIVERED,21097007.49,1726930.8,613,208
2024-12-01,Fashion,Regular,PENDING,2702180.21,269879.3,78,28
2024-12-01,Fashion,Regular,RETURNED,1534798.11,173024.3,42,14
2024-12-01,Fashion,Regular,SHIPPED,3611051.43,226481.6,100,38
2024-12-01,Fashion,Silver,CANCELLED,441994.58,15599.369999999999,11,4
2024-12-01,Fashion,Silver,DELIVERED,8578827.75,779337.57,267,88
2024-12-01,Fashion,Silver,PENDING,1328815.0,113125.97,35,9
2024-12-01,Fashion,Silver,RETURNED,656995.01,103466.06,24,8
2024-12-01,Fashion,Silver,SHIPPED,1368643.16,128236.15,32,12
2024-12-01,Furniture,Gold,CANCELLED,236123.88,23512.17,6,3
2024-12-01,Furniture,Gold,DELIVERED,3634335.89,363888.95,115,37
2024-12-01,Furniture,Gold,PENDING,688160.36,93304.64,22,7
2024-12-01,Furniture,Gold,RETURNED,511036.3,57297.18,20,6
2024-12-01,Furniture,Gold,SHIPPED,361023.81,9676.78,12,4
2024-12-01,Furniture,Platinum,CANCELLED,24968.63,2774.29,1,1
2024-12-01,Furniture,Platinum,DELIVERED,1754259.92,201506.78,48,18
2024-12-01,Furniture,Platinum,PENDING,475601.18,27427.6,12,4
2024-12-01,Furniture,Platinum,SHIPPED,750459.05,48686.65,18,4
2024-12-01,Furniture,Regular,CANCELLED,1645864.62,157611.1,58,22
2024-12-01,Furniture,Regular,DELIVERED,21590473.1,1823321.24,674,226
2024-12-01,Furniture,Regular,PENDING,2891128.84,207325.18,81,27
2024-12-01,Furniture,Regular,RETURNED,1559833.57,202212.61000000002,42,17
2024-12-01,Furniture,Regular,SHIPPED,2360423.37,135203.88999999998,78,28
2024-12-01,Furniture,Silver,CANCELLED,1211138.71,74627.4,33,11
2024-12-01,Furniture,Silver,DELIVERED,6120267.55,586181.65,214,75
2024-12-01,Furniture,Silver,PENDING,593709.62,31528.010000000002,26,10
2024-12-01,Furniture,Silver,RETURNED,820579.5,88568.36,22,8
2024-12-01,Furniture,Silver,SHIPPED,980177.51,166585.74,36,12
2024-12-01,Home,Gold,CANCELLED,300108.54000000004,13940.94,10,2
2024-12-01,Home,Gold,DELIVERED,4148390.2,354387.51,133,42
2024-12-01,Home,Gold,PENDING,960341.43,46194.24,22,9
2024-12-01,Home,Gold,RETURNED,742162.07,101466.09,21,6
2024-12-01,Home,Gold,SHIPPED,190929.63999999998,302.35,7,3
2024-12-01,Home,Platinum,CANCELLED,1269.54,317.38,2,1
2024-12-01,Home,Platinum,DELIVERED,3276958.37,146085.46,78,25
2024-12-01,Home,Platinum,PENDING,72400.45,12776.550000000001,4,3
2024-12-01,Home,Platinum,RETURNED,14366.28,0.0,2,1
2024-12-01,Home,Platinum,SHIPPED,295407.85,8491.32,8,4
2024-12-01,Home,Regular,CANCELLED,2322751.7,345663.54,68,24
2024-12-01,Home,Regular,DELIVERED,24517914.59,2222427.42,680,235
2024-12-01,Home,Regular,PENDING,2703076.61,245119.9,86,23
2024-12-01,Home,Regular,RETURNED,2278704.34,158052.58000000002,53,16
2024-12-01,Home,Regular,SHIPPED,2891476.94,175458.38999999998,100,38
2024-12-01,Home,Silver,CANCELLED,735140.18,45940.37,21,6
2024-12-01,Home,Silver,DELIVERED,11791187.75,961999.66,314,106
2024-12-01,Home,Silver,PENDING,1014082.4600000001,77439.47,39,10
2024-12-01,Home,Silver,RETURNED,850661.84,79849.0,19,9
2024-12-01,Home,Silver,SHIPPED,1423846.28,93620.11,49,15
2024-12-01,Sports,Gold,CANCELLED,507407.41000000003,11682.880000000001,11,4
2024-12-01,Sports,Gold,DELIVERED,2986484.41,326107.57,81,34
2024-12-01,Sports,Gold,PENDING,470639.32999999996,43656.65,14,5
2024-12-01,Sports,Gold,RETURNED,410506.01,26177.17,11,3
2024-12-01,Sports,Gold,SHIPPED,1389483.8499999999,99937.21,29,7
2024-12-01,Sports,Platinum,DELIVERED,1572751.48,154464.14,50,19
2024-12-01,Sports,Platinum,PENDING,216681.83000000002,46286.36,11,4
2024-12-01,Sports,Platinum,SHIPPED,463304.75,19361.69,12,3
2024-12-01,Sports,Regular,CANCELLED,2621071.26,167835.39,78,28
2024-12-01,Sports,Regular,DELIVERED,22964279.18,1952186.63,647,221
2024-12-01,Sports,Regular,PENDING,2695128.87,234943.62,73,25
2024-12-01,Sports,Regular,RETURNED,2732786.5,220403.41,80,30
2024-12-01,Sports,Regular,SHIPPED,4989929.0,446287.43,137,42
2024-12-01,Sports,Silver,CANCELLED,1154981.32,84322.28,29,8
2024-12-01,Sports,Silver,DELIVERED,8544038.9,936296.79,260,96
2024-12-01,Sports,Silver,PENDING,1495230.09,146052.85,43,11
2024-12-01,Sports,Silver,RETURNED,1149440.15,205020.59,23,6
2024-12-01,Sports,Silver,SHIPPED,780976.0,56231.149999999994,28,10
2024-12-01,Toys,Gold,CANCELLED,297634.99,49561.67,8,4
2024-12-01,Toys,Gold,DELIVERED,3431561.1,379967.77999999997,100,37
2024-12-01,Toys,Gold,PENDING,366475.77,55164.69,12,6
2024-12-01,Toys,Gold,RETURNED,933514.2,104879.66,29,7
2024-12-01,Toys,Gold,SHIPPED,594283.03,78516.35,26,9
2024-12-01,Toys,Platinum,CANCELLED,184482.15,8190.49,7,2
2024-12-01,Toys,Platinum,DELIVERED,2578396.34,221010.72999999998,75,24
2024-12-01,Toys,Platinum,PENDING,225119.32,0.0,7,1
2024-12-01,Toys,Platinum,RETURNED,90554.99,6580.22,4,2
2024-12-01,Toys,Platinum,SHIPPED,444609.16000000003,10192.17,14,3
2024-12-01,Toys,Regular,CANCELLED,2273779.59,129389.16,65,23
2024-12-01,Toys,Regular,DELIVERED,20562154.34,1916060.19,664,217
2024-12-01,Toys,Regular,PENDING,1314708.35,115667.01,34,14
2024-12-01,Toys,Regular,RETURNED,1949424.11,238573.45,73,30
2024-12-01,Toys,Regular,SHIPPED,3356706.66,350346.43,104,36
2024-12-01,Toys,Silver,CANCELLED,1225978.87,103527.72,39,10
2024-12-01,Toys,Silver,DELIVERED,6443642.1,623894.22,190,72
2024-12-01,Toys,Silver,PENDING,191354.5,33489.17,11,6
2024-12-01,Toys,Silver,RETURNED,401435.92,17551.629999999997,14,5
2024-12-01,Toys,Silver,SHIPPED,1280073.79,72577.9,35,12
2025-01-01,Beauty,Gold,CANCELLED,478184.85,15364.36,16,4
2025-01-01,Beauty,Gold,DELIVERED,5507541.57,396531.42,127,37
2025-01-01,Beauty,Gold,PENDING,803593.83,96247.95000000001,18,7
2025-01-01,Beauty,Gold,RETURNED,281445.91000000003,74604.74,7,3
2025-01-01,Beauty,Gold,SHIPPED,130250.02,13599.83,7,4
2025-01-01,Beauty,Platinum,CANCELLED,507555.99,23428.83,13,3
2025-01-01,Beauty,Platinum,DELIVERED,2529646.48,208375.39,76,24
2025-01-01,Beauty,Platinum,PENDING,190940.4,0.0,4,1
2025-01-01,Beauty,Platinum,RETURNED,35971.23,0.0,3,1
2025-01-01,Beauty,Platinum,SHIPPED,428725.47,10186.09,12,4
2025-01-01,Beauty,Regular,CANCELLED,4743309.57,411963.56,113,34
2025-01-01,Beauty,Regular,DELIVERED,21021696.27,1491659.34,530,176
2025-01-01,Beauty,Regular,PENDING,2525636.93,250779.91999999998,72,24
2025-01-01,Beauty,Regular,RETURNED,3007734.73,255473.94,66,24
2025-01-01,Beauty,Regular,SHIPPED,2984256.1,298390.72,74,21
2025-01-01,Beauty,Silver,CANCELLED,915639.27,97416.64,28,7
2025-01-01,Beauty,Silver,DELIVERED,8598268.43,754411.85,227,80
2025-01-01,Beauty,Silver,PENDING,1021821.3500000001,47392.090000000004,28,10
2025-01-01,Beauty,Silver,RETURNED,1507289.32,178005.13,31,10
2025-01-01,Beauty,Silver,SHIPPED,1425182.83,82255.13,34,14
2025-01-01,Books,Gold,CANCELLED,556628.75,43100.06,14,6
2025-01-01,Books,Gold,DELIVERED,5132621.47,444601.59,124,44
2025-01-01,Books,Gold,PENDING,158273.51,11067.45,10,5
2025-01-01,Books,Gold,RETURNED,341087.20999999996,17951.96,5,2
2025-01-01,Books,Gold,SHIPPED,2217650.34,191059.7,45,13
2025-01-01,Books,Platinum,CANCELLED,151547.28,0.0,4,2
2025-01-01,Books,Platinum,DELIVERED,1428934.48,73715.72,47,18
2025-01-01,Books,Platinum,PENDING,363880.63,12518.25,6,2
2025-01-01,Books,Platinum,RETURNED,136235.84,0.0,5,2
2025-01-01,Books,Platinum,SHIPPED,156035.78999999998,12350.05,7,3
2025-01-01,Books,Regular,CANCELLED,3244411.3,236750.43,73,23
2025-01-01,Books,Regular,DELIVERED,24881489.79,2262616.73,663,218
2025-01-01,Books,Regular,PENDING,3301642.64,327846.61,82,28
2025-01-01,Books,Regular,RETURNED,3646847.38,257334.3,89,32
2025-01-01,Books,Regular,SHIPPED,4590824.59,307507.93,102,34
2025-01-01,Books,Silver,CANCELLED,814661.48,64546.93,20,8
2025-01-01,Books,Silver,DELIVERED,9601730.27,812490.4400000001,246,81
2025-01-01,Books,Silver,PENDING,1328633.32,89997.71,31,8
2025-01-01,Books,Silver,RETURNED,733847.8099999999,49074.04,31,10
2025-01-01,Books,Silver,SHIPPED,1205220.68,108740.28,35,9
2025-01-01,Electronics,Gold,CANCELLED,973172.2799999999,38786.35,19,5
2025-01-01,Electronics,Gold,DELIVERED,4162549.7800000003,342780.4,140,45
2025-01-01,Electronics,Gold,PENDING,97356.15,15495.68,6,3
2025-01-01,Electronics,Gold,RETURNED,341943.68,20529.02,16,5
2025-01-01,Electronics,Gold,SHIPPED,446489.59,5102.08,15,6
2025-01-01,Electronics,Platinum,CANCELLED,27872.339999999997,6425.16,3,2
2025-01-01,Electronics,Platinum,DELIVERED,1838643.53,161575.38,55,19
2025-01-01,Electronics,Platinum,PENDING,219216.64,24357.4,4,1
2025-01-01,Electronics,Platinum,RETURNED,243639.13,9602.42,6,3
2025-01-01,Electronics,Platinum,SHIPPED,462097.48,53144.44,11,3
2025-01-01,Electronics,Regular,CANCELLED,1782776.04,174119.88,61,23
2025-01-01,Electronics,Regular,DELIVERED,19305771.41,1782454.05,559,195
2025-01-01,Electronics,Regular,PENDING,2376663.93,168711.96,66,23
2025-01-01,Electronics,Regular,RETURNED,2257285.04,184236.63,73,22
2025-01-01,Electronics,Regular,SHIPPED,2602341.41,232663.51,74,28
2025-01-01,Electronics,Silver,CANCELLED,333193.82,39098.92,9,4
2025-01-01,Electronics,Silver,DELIVERED,8846568.72,805944.5599999999,236,83
2025-01-01,Electronics,Silver,PENDING,567838.14,48089.09,12,5
2025-01-01,Electronics,Silver,RETURNED,778471.61,62675.869999999995,22,8
2025-01-01,Electronics,Silver,SHIPPED,615741.49,55219.759999999995,20,6
2025-01-01,Fashion,Gold,CANCELLED,266490.86,40409.14,11,4
2025-01-01,Fashion,Gold,DELIVERED,4741248.72,471413.47,139,49
2025-01-01,Fashion,Gold,PENDING,260033.86,47894.159999999996,9,5
2025-01-01,Fashion,Gold,RETURNED,357618.16000000003,54149.9,12,4
2025-01-01,Fashion,Gold,SHIPPED,712596.23,103256.62000000001,15,5
2025-01-01,Fashion,Platinum,CANCELLED,133146.03,0.0,4,2
2025-01-01,Fashion,Platinum,DELIVERED,1707946.6400000001,109354.7,46,14
2025-01-01,Fashion,Platinum,PENDING,321226.67,20274.04,6,2
2025-01-01,Fashion,Platinum,RETURNED,229148.37,17616.62,11,4
2025-01-01,Fashion,Regular,CANCELLED,1871015.08,272467.58,54,20
2025-01-01,Fashion,Regular,DELIVERED,19883951.05,1681864.1199999999,553,196
2025-01-01,Fashion,Regular,PENDING,3032576.4,203478.6,100,29
2025-01-01,Fashion,Regular,RETURNED,1931519.85,197790.77,64,23
2025-01-01,Fashion,Regular,SHIPPED,3694551.77,292808.97,92,28
2025-01-01,Fashion,Silver,CANCELLED,612029.01,58215.54,21,7
2025-01-01,Fashion,Silver,DELIVERED,10319920.78,1049970.6,304,102
2025-01-01,Fashion,Silver,PENDING,1258771.36,112444.53,25,10
2025-01-01,Fashion,Silver,RETURNED,475495.08,36464.16,14,4
2025-01-01,Fashion,Silver,SHIPPED,1067097.22,89626.68,30,12
2025-01-01,Furniture,Gold,CANCELLED,532723.38,109304.23,13,6
2025-01-01,Furniture,Gold,DELIVERED,2936623.25,252828.33,100,42
2025-01-01,Furniture,Gold,PENDING,791367.37,85755.18,23,7
2025-01-01,Furniture,Gold,RETURNED,311253.08999999997,0.0,11,4
2025-01-01,Furniture,Gold,SHIPPED,426128.69,8017.74,15,5
2025-01-01,Furniture,Platinum,CANCELLED,145227.22,25032.769999999997,8,2
2025-01-01,Furniture,Platinum,DELIVERED,2095942.32,204004.38,70,21
2025-01-01,Furniture,Platinum,PENDING,369975.78,55564.44,14,4
2025-01-01,Furniture,Platinum,RETURNED,123827.35999999999,3897.04,6,2
2025-01-01,Furniture,Regular,CANCELLED,1947910.82,149246.52,66,24
2025-01-01,Furniture,Regular,DELIVERED,20488686.32,1655913.6300000001,605,209
2025-01-01,Furniture,Regular,PENDING,2290938.71,198935.87,63,22
2025-01-01,Furniture,Regular,RETURNED,2386307.75,146979.16,89,29
2025-01-01,Furniture,Regular,SHIPPED,3092238.17,277735.81,95,30
2025-01-01,Furniture,Silver,CANCELLED,463663.32,11641.0,13,6
2025-01-01,Furniture,Silver,DELIVERED,5995066.02,477593.18,190,73
2025-01-01,Furniture,Silver,PENDING,655421.51,44470.57000000001,24,9
2025-01-01,Furniture,Silver,RETURNED,940970.87,40681.6,26,9
2025-01-01,Furniture,Silver,SHIPPED,570053.02,56345.35,20,9
2025-01-01,Home,Gold,CANCELLED,910452.99,88178.72,23,7
2025-01-01,Home,Gold,DELIVERED,4100724.49,435976.12,120,42
2025-01-01,Home,Gold,PENDING,278921.73,19551.56,7,3
2025-01-01,Home,Gold,RETURNED,262766.4,20132.949999999997,17,4
2025-01-01,Home,Gold,SHIPPED,1226201.03,17805.34,26,11
2025-01-01,Home,Platinum,CANCELLED,130062.82,23424.58,7,1
2025-01-01,Home,Platinum,DELIVERED,2099747.17,176648.38,59,25
2025-01-01,Home,Platinum,PENDING,225990.28,44390.34,6,2
2025-01-01,Home,Platinum,RETURNED,69118.25,7679.81,2,1
2025-01-01,Home,Platinum,SHIPPED,289386.56,14939.5,12,4
2025-01-01,Home,Regular,CANCELLED,2128322.72,184369.33000000002,65,22
2025-01-01,Home,Regular,DELIVERED,26135168.31,2132560.73,720,227
2025-01-01,Home,Regular,PENDING,2767964.35,172981.19,80,26
2025-01-01,Home,Regular,RETURNED,1897506.1,236750.68,54,23
2025-01-01,Home,Regular,SHIPPED,3100156.46,293161.97,96,30
2025-01-01,Home,Silver,CANCELLED,1023631.0599999999,148382.19999999998,27,6
2025-01-01,Home,Silver,DELIVERED,8175706.47,754076.1900000001,241,91
2025-01-01,Home,Silver,PENDING,839183.07,34823.4,18,6
2025-01-01,Home,Silver,RETURNED,1049445.81,39064.37,29,12
2025-01-01,Home,Silver,SHIPPED,1181622.22,85647.7,39,11
2025-01-01,Sports,Gold,CANCELLED,529312.47,28488.43,12,6
2025-01-01,Sports,Gold,DELIVERED,5571044.86,492465.3,146,49
2025-01-01,Sports,Gold,PENDING,490008.15,8448.32,15,6
2025-01-01,Sports,Gold,RETURNED,413718.72,30249.579999999998,11,4
2025-01-01,Sports,Gold,SHIPPED,426833.67,48920.09,15,6
2025-01-01,Sports,Platinum,CANCELLED,201387.7,8813.35,8,3
2025-01-01,Sports,Platinum,DELIVERED,1145654.14,99285.05,40,13
2025-01-01,Sports,Platinum,PENDING,492705.71,116536.56,15,4
2025-01-01,Sports,Platinum,RETURNED,172949.93,33010.77,4,2
2025-01-01,Sports,Platinum,SHIPPED,110778.58,27694.64,2,1
2025-01-01,Sports,Regular,CANCELLED,2610987.33,268107.41000000003,64,28
2025-01-01,Sports,Regular,DELIVERED,16899759.59,1407731.03,490,166
2025-01-01,Sports,Regular,PENDING,3287971.71,288525.75,93,29
2025-01-01,Sports,Regular,RETURNED,3342869.57,180647.94,80,23
2025-01-01,Sports,Regular,SHIPPED,3614177.14,312060.4,114,35
2025-01-01,Sports,Silver,CANCELLED,1015129.48,66332.0,32,10
2025-01-01,Sports,Silver,DELIVERED,9587355.459999999,706108.86,262,91
2025-01-01,Sports,Silver,PENDING,647958.16,68614.85,21,7
2025-01-01,Sports,Silver,RETURNED,1083057.42,95946.13,28,7
2025-01-01,Sports,Silver,SHIPPED,1086407.99,39746.22,38,12
2025-01-01,Toys,Gold,CANCELLED,629530.19,33823.340000000004,14,4
2025-01-01,Toys,Gold,DELIVERED,3503139.41,210108.66,107,42
2025-01-01,Toys,Gold,PENDING,184964.05,4952.99,8,2
2025-01-01,Toys,Gold,RETURNED,129407.27,3340.0699999999997,9,4
2025-01-01,Toys,Gold,SHIPPED,131696.35,0.0,4,3
2025-01-01,Toys,Platinum,CANCELLED,358449.63,24669.73,10,4
2025-01-01,Toys,Platinum,DELIVERED,1464579.02,155394.51,50,21
2025-01-01,Toys,Platinum,PENDING,306717.08,0.0,8,2
2025-01-01,Toys,Platinum,RETURNED,177462.64,19936.699999999997,7,2
2025-01-01,Toys,Platinum,SHIPPED,95399.18,10191.85,3,2
2025-01-01,Toys,Regular,CANCELLED,2716060.81,188557.79,76,28
2025-01-01,Toys,Regular,DELIVERED,19313701.55,1792378.16,578,192
2025-01-01,Toys,Regular,PENDING,2080714.22,225945.38,74,26
2025-01-01,Toys,Regular,RETURNED,3280531.07,352059.68,101,37
2025-01-01,Toys,Regular,SHIPPED,3509195.03,291504.28,104,30
2025-01-01,Toys,Silver,CANCELLED,451370.38,42493.24,19,7
2025-01-01,Toys,Silver,DELIVERED,8161840.43,793625.11,242,88
2025-01-01,Toys,Silver,PENDING,769948.27,53513.3,24,9
2025-01-01,Toys,Silver,RETURNED,708244.14,91377.84999999999,26,10
2025-01-01,Toys,Silver,SHIPPED,1311247.67,81212.82,31,11
2025-02-01,Beauty,Gold,CANCELLED,638880.73,36945.479999999996,27,7
2025-02-01,Beauty,Gold,DELIVERED,3560212.24,306088.89,84,29
2025-02-01,Beauty,Gold,PENDING,536977.39,36322.12,13,6
2025-02-01,Beauty,Gold,RETURNED,300801.18,18449.379999999997,10,3
2025-02-01,Beauty,Gold,SHIPPED,269104.03,1406.99,6,4
2025-02-01,Beauty,Platinum,CANCELLED,158025.27,15250.02,4,1
2025-02-01,Beauty,Platinum,DELIVERED,2852636.33,229952.23,81,26
2025-02-01,Beauty,Platinum,PENDING,233451.3,16298.560000000001,5,2
2025-02-01,Beauty,Platinum,RETURNED,485555.57,78103.28,12,3
2025-02-01,Beauty,Platinum,SHIPPED,49861.44,4153.87,3,2
2025-02-01,Beauty,Regular,CANCELLED,1726487.6400000001,175114.6,57,24
2025-02-01,Beauty,Regular,DELIVERED,20471954.86,1748489.75,538,178
2025-02-01,Beauty,Regular,PENDING,3875766.73,254833.05,79,21
2025-02-01,Beauty,Regular,RETURNED,1871824.43,195618.72999999998,50,18
2025-02-01,Beauty,Regular,SHIPPED,3561517.54,323561.93,78,29
2025-02-01,Beauty,Silver,CANCELLED,1546953.7,144823.93,44,12
2025-02-01,Beauty,Silver,DELIVERED,7845175.7,647649.9299999999,225,82
2025-02-01,Beauty,Silver,PENDING,1313436.65,88534.36,43,13
2025-02-01,Beauty,Silver,RETURNED,127852.61,19649.43,8,2
2025-02-01,Beauty,Silver,SHIPPED,1374981.04,49105.36,32,11
2025-02-01,Books,Gold,CANCELLED,305436.91,21668.9,7,2
2025-02-01,Books,Gold,DELIVERED,2533342.17,185101.1,69,24
2025-02-01,Books,Gold,PENDING,42468.0,14156.0,1,1
2025-02-01,Books,Gold,RETURNED,548563.1000000001,78059.87,20,6
2025-02-01,Books,Gold,SHIPPED,1422567.08,146947.71,41,14
2025-02-01,Books,Platinum,DELIVERED,2631005.5,143513.78,59,19
2025-02-01,Books,Platinum,PENDING,202510.88,35458.6,4,2
2025-02-01,Books,Platinum,RETURNED,448959.29000000004,74988.53,9,3
2025-02-01,Books,Platinum,SHIPPED,145096.86000000002,7033.01,7,4
2025-02-01,Books,Regular,CANCELLED,3792110.44,425266.12,95,31
2025-02-01,Books,Regular,DELIVERED,24495471.39,1841077.14,657,217
2025-02-01,Books,Regular,PENDING,2012736.78,201475.17,53,17
2025-02-01,Books,Regular,RETURNED,1909165.44,185457.36000000002,60,22
2025-02-01,Books,Regular,SHIPPED,3404911.1,348523.29000000004,91,27
2025-02-01,Books,Silver,CANCELLED,1178802.98,53093.36,40,14
2025-02-01,Books,Silver,DELIVERED,9186996.18,870606.69,251,85
2025-02-01,Books,Silver,PENDING,1407787.79,132332.15,43,17
2025-02-01,Books,Silver,RETURNED,1034460.22,57399.13,25,9
2025-02-01,Books,Silver,SHIPPED,1314678.76,148793.55,29,8
2025-02-01,Electronics,Gold,CANCELLED,649910.7000000001,93472.99,20,6
2025-02-01,Electronics,Gold,DELIVERED,3228041.2399999998,310332.11,93,33
2025-02-01,Electronics,Gold,PENDING,395255.33999999997,46363.11,12,4
2025-02-01,Electronics,Gold,RETURNED,310363.53,6960.09,12,4
2025-02-01,Electronics,Gold,SHIPPED,1404787.05,81658.55,38,11
2025-02-01,Electronics,Platinum,CANCELLED,369290.11,27892.43,10,2
2025-02-01,Electronics,Platinum,DELIVERED,1562961.97,126638.76,49,18
2025-02-01,Electronics,Platinum,PENDING,126530.69,7251.09,5,3
2025-02-01,Electronics,Platinum,RETURNED,87906.4,11438.82,4,2
2025-02-01,Electronics,Platinum,SHIPPED,126271.92,6416.73,3,2
2025-02-01,Electronics,Regular,CANCELLED,2763563.58,200101.36,80,26
2025-02-01,Electronics,Regular,DELIVERED,20301983.87,1820535.72,594,203
2025-02-01,Electronics,Regular,PENDING,2254181.31,174449.5,60,22
2025-02-01,Electronics,Regular,RETURNED,2034063.92,174262.79,63,22
2025-02-01,Electronics,Regular,SHIPPED,2517679.21,236945.25,75,24
2025-02-01,Electronics,Silver,CANCELLED,799101.9,77621.29000000001,30,12
2025-02-01,Electronics,Silver,DELIVERED,6966541.62,682668.02,186,70
2025-02-01,Electronics,Silver,PENDING,436714.9,19499.68,10,7
2025-02-01,Electronics,Silver,RETURNED,791098.5,80106.91,20,7
2025-02-01,Electronics,Silver,SHIPPED,627016.96,16281.2,14,5
2025-02-01,Fashion,Gold,CANCELLED,369276.21,3449.9100000000003,10,5
2025-02-01,Fashion,Gold,DELIVERED,3433667.56,354136.08,102,31
2025-02-01,Fashion,Gold,PENDING,294587.5,50974.31,10,4
2025-02-01,Fashion,Gold,RETURNED,280299.86,43958.82,8,4
2025-02-01,Fashion,Gold,SHIPPED,519708.94999999995,64969.21,12,7
2025-02-01,Fashion,Platinum,CANCELLED,197065.13,1568.49,4,3
2025-02-01,Fashion,Platinum,DELIVERED,2253583.63,106346.19,72,24
2025-02-01,Fashion,Platinum,PENDING,434731.42,61994.61,9,2
2025-02-01,Fashion,Platinum,RETURNED,168727.67,14958.75,4,2
2025-02-01,Fashion,Platinum,SHIPPED,157517.94,5774.42,7,2
2025-02-01,Fashion,Regular,CANCELLED,2277073.64,166484.12,63,23
2025-02-01,Fashion,Regular,DELIVERED,20668141.82,1821858.31,555,195
2025-02-01,Fashion,Regular,PENDING,2207369.06,240159.1,77,27
2025-02-01,Fashion,Regular,RETURNED,3345354.83,266894.43,82,31
2025-02-01,Fashion,Regular,SHIPPED,2826299.17,274227.18,88,24
2025-02-01,Fashion,Silver,CANCELLED,433518.68,43916.020000000004,18,6
2025-02-01,Fashion,Silver,DELIVERED,7393559.04,596687.37,195,65
2025-02-01,Fashion,Silver,PENDING,1345068.99,115437.44,24,9
2025-02-01,Fashion,Silver,RETURNED,777862.4299999999,29621.75,14,4
2025-02-01,Fashion,Silver,SHIPPED,730228.1,96240.88,21,7
2025-02-01,Furniture,Gold,CANCELLED,147506.83000000002,6848.8,7,2
2025-02-01,Furniture,Gold,DELIVERED,3704407.66,287538.02,106,37
2025-02-01,Furniture,Gold,PENDING,347605.63,63846.55,12,4
2025-02-01,Furniture,Gold,RETURNED,332150.31,12061.37,10,4
2025-02-01,Furniture,Gold,SHIPPED,588013.25,38895.4,22,9
2025-02-01,Furniture,Platinum,DELIVERED,2051507.48,143091.22,81,26
2025-02-01,Furniture,Platinum,PENDING,122192.74,9326.66,5,1
2025-02-01,Furniture,Platinum,RETURNED,14653.35,0.0,3,1
2025-02-01,Furniture,Regular,CANCELLED,2105274.7199999997,124661.18,61,20
2025-02-01,Furniture,Regular,DELIVERED,23100708.89,2297310.72,691,220
2025-02-01,Furniture,Regular,PENDING,2485819.77,241310.06,66,21
2025-02-01,Furniture,Regular,RETURNED,1704076.93,162080.83000000002,49,16
2025-02-01,Furniture,Regular,SHIPPED,3778725.62,301541.38,109,36
2025-02-01,Furniture,Silver,CANCELLED,671631.54,61574.56,23,8
2025-02-01,Furniture,Silver,DELIVERED,7455846.9,656900.66,213,76
2025-02-01,Furniture,Silver,PENDING,557673.31,65739.92,16,9
2025-02-01,Furniture,Silver,RETURNED,833404.6,151475.06,25,6
2025-02-01,Furniture,Silver,SHIPPED,870871.0,105506.36,23,11
2025-02-01,Home,Gold,CANCELLED,766137.49,96951.94,19,6
2025-02-01,Home,Gold,DELIVERED,4369161.93,309734.7,120,45
2025-02-01,Home,Gold,PENDING,502409.22,111795.23999999999,14,4
2025-02-01,Home,Gold,RETURNED,607316.81,37101.35,14,5
2025-02-01,Home,Gold,SHIPPED,403186.42,66860.74,14,6
2025-02-01,Home,Platinum,DELIVERED,2777583.07,383839.03,84,29
2025-02-01,Home,Platinum,PENDING,94261.61,6549.02,3,2
2025-02-01,Home,Platinum,RETURNED,205742.16,13549.28,7,2
2025-02-01,Home,Platinum,SHIPPED,114283.56,0.0,8,2
2025-02-01,Home,Regular,CANCELLED,1507010.58,132139.65,61,23
2025-02-01,Home,Regular,DELIVERED,20846564.66,2033049.8900000001,641,221
2025-02-01,Home,Regular,PENDING,1830363.09,181717.13,56,22
2025-02-01,Home,Regular,RETURNED,1583290.03,147718.37,53,21
2025-02-01,Home,Regular,SHIPPED,1898132.82,102920.98000000001,57,26
2025-02-01,Home,Silver,CANCELLED,1810364.53,103818.56,43,11
2025-02-01,Home,Silver,DELIVERED,7426480.26,620326.75,202,76
2025-02-01,Home,Silver,PENDING,1284627.4,194444.41,39,14
2025-02-01,Home,Silver,RETURNED,680523.87,110882.93000000001,22,8
2025-02-01,Home,Silver,SHIPPED,1212970.46,59010.12,34,12
2025-02-01,Sports,Gold,CANCELLED,434180.35,61921.82,9,4
2025-02-01,Sports,Gold,DELIVERED,3520174.22,325136.79000000004,93,32
2025-02-01,Sports,Gold,PENDING,95311.62999999999,22639.22,3,2
2025-02-01,Sports,Gold,RETURNED,616230.06,22560.97,19,5
2025-02-01,Sports,Gold,SHIPPED,1465986.54,122307.73999999999,38,10
2025-02-01,Sports,Platinum,DELIVERED,2642197.05,144313.53,63,22
2025-02-01,Sports,Platinum,PENDING,140965.78,9916.630000000001,8,2
2025-02-01,Sports,Platinum,RETURNED,43339.39,3085.34,5,2
2025-02-01,Sports,Platinum,SHIPPED,226408.52000000002,25065.44,8,2
2025-02-01,Sports,Regular,CANCELLED,2392038.56,250519.48,79,23
2025-02-01,Sports,Regular,DELIVERED,22768496.49,1853606.46,611,201
2025-02-01,Sports,Regular,PENDING,2355289.8,188143.42,58,22
2025-02-01,Sports,Regular,RETURNED,2054943.22,167160.73,64,25
2025-02-01,Sports,Regular,SHIPPED,3109684.86,209086.16,90,31
2025-02-01,Sports,Silver,CANCELLED,706055.11,49200.09,19,8
2025-02-01,Sports,Silver,DELIVERED,8359726.4,656708.48,211,77
2025-02-01,Sports,Silver,PENDING,858724.3600000001,43011.86,17,6
2025-02-01,Sports,Silver,RETURNED,796835.35,65790.83,22,7
2025-02-01,Sports,Silver,SHIPPED,1487136.73,105455.24,33,11
2025-02-01,Toys,Gold,CANCELLED,619332.09,46157.990000000005,18,8
2025-02-01,Toys,Gold,DELIVERED,2729740.41,162547.72,106,37
2025-02-01,Toys,Gold,PENDING,576016.65,55991.16,18,6
2025-02-01,Toys,Gold,RETURNED,114989.03,12843.48,4,3
2025-02-01,Toys,Gold,SHIPPED,634049.46,41967.71,22,8
2025-02-01,Toys,Platinum,CANCELLED,235114.19,2534.14,9,1
2025-02-01,Toys,Platinum,DELIVERED,3672585.2800000003,228682.16,96,28
2025-02-01,Toys,Platinum,PENDING,137828.47999999998,4316.47,6,1
2025-02-01,Toys,Platinum,RETURNED,152945.55,6139.33,3,2
2025-02-01,Toys,Platinum,SHIPPED,307995.6,41347.85,9,3
2025-02-01,Toys,Regular,CANCELLED,1830775.27,162970.73,64,27
2025-02-01,Toys,Regular,DELIVERED,20711703.72,1540101.42,579,201
2025-02-01,Toys,Regular,PENDING,1476998.78,160710.92,58,21
2025-02-01,Toys,Regular,RETURNED,2334656.25,277029.73,80,24
2025-02-01,Toys,Regular,SHIPPED,3230061.54,345148.87,96,32
2025-02-01,Toys,Silver,CANCELLED,1692343.96,209554.94,47,15
2025-02-01,Toys,Silver,DELIVERED,8445610.69,655426.8300000001,246,80
2025-02-01,Toys,Silver,PENDING,540886.75,68665.95999999999,23,7
2025-02-01,Toys,Silver,RETURNED,889745.32,27458.07,24,5
2025-02-01,Toys,Silver,SHIPPED,1109053.91,51399.69,26,9
2025-03-01,Beauty,Gold,CANCELLED,859524.09,85383.14,23,9
2025-03-01,Beauty,Gold,DELIVERED,5427518.57,671997.19,142,46
2025-03-01,Beauty,Gold,PENDING,256157.65,15402.91,13,5
2025-03-01,Beauty,Gold,RETURNED,269463.75,8478.54,6,2
2025-03-01,Beauty,Gold,SHIPPED,508960.25,34127.04,14,3
2025-03-01,Beauty,Platinum,CANCELLED,77802.1,19450.52,2,1
2025-03-01,Beauty,Platinum,DELIVERED,2376930.0,128364.27,67,23
2025-03-01,Beauty,Platinum,PENDING,193625.52,10190.82,3,1
2025-03-01,Beauty,Platinum,RETURNED,238955.3,26827.210000000003,12,4
2025-03-01,Beauty,Platinum,SHIPPED,216620.85,24068.99,4,2
2025-03-01,Beauty,Regular,CANCELLED,1793371.24,208335.81,58,19
2025-03-01,Beauty,Regular,DELIVERED,26297433.05,2363396.04,655,224
2025-03-01,Beauty,Regular,PENDING,2934612.77,310141.64,76,24
2025-03-01,Beauty,Regular,RETURNED,2789759.82,164930.83000000002,75,26
2025-03-01,Beauty,Regular,SHIPPED,3008334.53,242403.46,85,29
2025-03-01,Beauty,Silver,CANCELLED,715225.53,42657.04,16,6
2025-03-01,Beauty,Silver,DELIVERED,11006711.47,997837.77,288,99
2025-03-01,Beauty,Silver,PENDING,727303.64,63299.4,18,10
2025-03-01,Beauty,Silver,RETURNED,828075.11,71243.32,19,7
2025-03-01,Beauty,Silver,SHIPPED,909095.51,77555.93,25,11
2025-03-01,Books,Gold,CANCELLED,261603.33999999997,33625.130000000005,9,4
2025-03-01,Books,Gold,DELIVERED,5761428.9399999995,488027.05,153,51
2025-03-01,Books,Gold,PENDING,181682.4,0.0,4,1
2025-03-01,Books,Gold,RETURNED,271023.88,10650.77,10,4
2025-03-01,Books,Gold,SHIPPED,436133.83,29907.940000000002,18,5
2025-03-01,Books,Platinum,CANCELLED,321442.49,26934.24,9,2
2025-03-01,Books,Platinum,DELIVERED,2206001.78,242332.2,67,20
2025-03-01,Books,Platinum,PENDING,26721.62,1406.4,1,1
2025-03-01,Books,Platinum,RETURNED,109329.6,1756.56,3,2
2025-03-01,Books,Regular,CANCELLED,2629094.8,227431.59,78,31
2025-03-01,Books,Regular,DELIVERED,25503599.51,2264014.17,691,238
2025-03-01,Books,Regular,PENDING,4599990.42,333389.16,113,30
2025-03-01,Books,Regular,RETURNED,3886136.1,393984.03,93,30
2025-03-01,Books,Regular,SHIPPED,3783480.58,418012.92,95,30
2025-03-01,Books,Silver,CANCELLED,1512930.9,134383.06,37,13
2025-03-01,Books,Silver,DELIVERED,8599180.29,713501.14,218,76
2025-03-01,Books,Silver,PENDING,1046245.64,113481.81000000001,28,9
2025-03-01,Books,Silver,RETURNED,814435.89,9129.92,15,5
2025-03-01,Books,Silver,SHIPPED,1001419.75,165558.64,30,10
2025-03-01,Electronics,Gold,CANCELLED,750613.49,58056.93,20,5
2025-03-01,Electronics,Gold,DELIVERED,4578342.5,413353.93,139,44
2025-03-01,Electronics,Gold,PENDING,594195.48,55362.58,22,6
2025-03-01,Electronics,Gold,RETURNED,221169.62,27439.83,18,5
2025-03-01,Electronics,Gold,SHIPPED,734677.59,47790.18,23,8
2025-03-01,Electronics,Platinum,CANCELLED,45292.25,0.0,1,1
2025-03-01,Electronics,Platinum,DELIVERED,2085568.78,173043.11,67,21
2025-03-01,Electronics,Platinum,RETURNED,315928.94999999995,36174.21,12,2
2025-03-01,Electronics,Platinum,SHIPPED,336032.5,31889.449999999997,7,3
2025-03-01,Electronics,Regular,CANCELLED,1391849.66,171860.47,42,18
2025-03-01,Electronics,Regular,DELIVERED,20164435.1,1808420.59,574,194
2025-03-01,Electronics,Regular,PENDING,2717167.65,305241.97000000003,69,23
2025-03-01,Electronics,Regular,RETURNED,2452236.5,152070.4,70,25
2025-03-01,Electronics,Regular,SHIPPED,3575146.96,199986.54,102,32
2025-03-01,Electronics,Silver,CANCELLED,1059742.55,88950.34,32,12
2025-03-01,Electronics,Silver,DELIVERED,6872810.07,466511.93,167,62
2025-03-01,Electronics,Silver,PENDING,1120838.77,117735.17,29,9
2025-03-01,Electronics,Silver,RETURNED,700663.17,62971.42,19,6
2025-03-01,Electronics,Silver,SHIPPED,746964.3300000001,59967.96000000001,28,9
2025-03-01,Fashion,Gold,CANCELLED,571831.89,52686.61,14,5
2025-03-01,Fashion,Gold,DELIVERED,3784524.65,405836.07,122,47
2025-03-01,Fashion,Gold,PENDING,881325.6900000001,60272.43,19,6
2025-03-01,Fashion,Gold,RETURNED,678460.93,72270.15,17,6
2025-03-01,Fashion,Gold,SHIPPED,302981.94,48662.2,11,4
2025-03-01,Fashion,Platinum,CANCELLED,91622.85,10180.32,3,1
2025-03-01,Fashion,Platinum,DELIVERED,3070651.03,413378.3,87,26
2025-03-01,Fashion,Platinum,PENDING,83684.72,20921.18,2,1
2025-03-01,Fashion,Platinum,RETURNED,231727.83000000002,10464.51,8,3
2025-03-01,Fashion,Platinum,SHIPPED,83042.70999999999,2390.19,6,2
2025-03-01,Fashion,Regular,CANCELLED,2436039.73,224223.42,69,23
2025-03-01,Fashion,Regular,DELIVERED,23522431.26,2064326.53,664,226
2025-03-01,Fashion,Regular,PENDING,1975510.25,140401.19,72,27
2025-03-01,Fashion,Regular,RETURNED,3328015.13,375644.81,81,26
2025-03-01,Fashion,Regular,SHIPPED,2464055.19,216487.07,71,27
2025-03-01,Fashion,Silver,CANCELLED,838375.74,42019.990000000005,26,8
2025-03-01,Fashion,Silver,DELIVERED,8504247.74,661631.52,236,88
2025-03-01,Fashion,Silver,PENDING,890140.86,68777.36,20,7
2025-03-01,Fashion,Silver,RETURNED,435129.42,57542.15,26,10
2025-03-01,Fashion,Silver,SHIPPED,1533338.57,128151.8,41,12
2025-03-01,Furniture,Gold,CANCELLED,762395.79,94446.40000000001,25,8
2025-03-01,Furniture,Gold,DELIVERED,3752021.63,198343.95,110,42
2025-03-01,Furniture,Gold,PENDING,356491.02,37272.24,15,8
2025-03-01,Furniture,Gold,RETURNED,359711.47000000003,15178.73,11,4
2025-03-01,Furniture,Gold,SHIPPED,212645.41999999998,16012.73,5,2
2025-03-01,Furniture,Platinum,CANCELLED,4745.18,0.0,2,1
2025-03-01,Furniture,Platinum,DELIVERED,1296401.78,73957.76000000001,38,18
2025-03-01,Furniture,Platinum,PENDING,50159.71,7847.860000000001,2,2
2025-03-01,Furniture,Platinum,RETURNED,237521.57,7081.57,6,2
2025-03-01,Furniture,Platinum,SHIPPED,144260.6,0.0,4,1
2025-03-01,Furniture,Regular,CANCELLED,2319436.35,179358.47,53,15
2025-03-01,Furniture,Regular,DELIVERED,24357757.64,2022708.73,687,229
2025-03-01,Furniture,Regular,PENDING,1322372.8,112884.24,40,16
2025-03-01,Furniture,Regular,RETURNED,2008070.3,127950.19,69,23
2025-03-01,Furniture,Regular,SHIPPED,3651280.2,304675.25,109,36
2025-03-01,Furniture,Silver,CANCELLED,1000607.6,69225.89,33,12
2025-03-01,Furniture,Silver,DELIVERED,8196342.56,676058.95,237,90
2025-03-01,Furniture,Silver,PENDING,674139.53,48721.56,28,10
2025-03-01,Furniture,Silver,RETURNED,499976.73,49038.25,24,7
2025-03-01,Furniture,Silver,SHIPPED,1805068.6099999999,128925.04000000001,45,14
2025-03-01,Home,Gold,CANCELLED,479184.25,32404.57,12,4
2025-03-01,Home,Gold,DELIVERED,4810592.99,364806.1,151,50
2025-03-01,Home,Gold,PENDING,593929.47,28355.66,15,5
2025-03-01,Home,Gold,RETURNED,891897.53,47688.23,16,5
2025-03-01,Home,Gold,SHIPPED,219794.19,8004.27,20,6
2025-03-01,Home,Platinum,CANCELLED,204384.66,0.0,5,2
2025-03-01,Home,Platinum,DELIVERED,1983575.63,94934.47,56,20
2025-03-01,Home,Platinum,PENDING,316758.95999999996,11007.07,5,2
2025-03-01,Home,Platinum,RETURNED,457245.47000000003,50064.02,16,6
2025-03-01,Home,Platinum,SHIPPED,485787.08999999997,26926.16,10,3
2025-03-01,Home,Regular,CANCELLED,2901938.16,173681.04,89,30
2025-03-01,Home,Regular,DELIVERED,24043071.9,2054837.54,650,227
2025-03-01,Home,Regular,PENDING,2284644.11,144673.02,57,24
2025-03-01,Home,Regular,RETURNED,1961334.95,137004.51,56,20
2025-03-01,Home,Regular,SHIPPED,3249327.85,281520.04,86,33
2025-03-01,Home,Silver,CANCELLED,1462743.8800000001,115792.26000000001,39,13
2025-03-01,Home,Silver,DELIVERED,10839244.54,973055.32,316,107
2025-03-01,Home,Silver,PENDING,723471.02,28858.260000000002,22,7
2025-03-01,Home,Silver,RETURNED,887371.88,94238.27,19,6
2025-03-01,Home,Silver,SHIPPED,1187653.17,176771.53,36,15
2025-03-01,Sports,Gold,CANCELLED,684573.18,9214.65,19,7
2025-03-01,Sports,Gold,DELIVERED,3580325.9699999997,340169.15,124,39
2025-03-01,Sports,Gold,PENDING,592666.1699999999,76115.22,15,5
2025-03-01,Sports,Gold,RETURNED,496695.03,25722.4,11,3
2025-03-01,Sports,Gold,SHIPPED,418141.44,21442.6,12,4
2025-03-01,Sports,Platinum,CANCELLED,213546.28,10174.58,4,2
2025-03-01,Sports,Platinum,DELIVERED,3097750.69,289623.48,91,32
2025-03-01,Sports,Platinum,RETURNED,358069.8,64880.51,8,3
2025-03-01,Sports,Platinum,SHIPPED,272186.73,4208.59,6,1
2025-03-01,Sports,Regular,CANCELLED,2215812.76,73589.01,53,21
2025-03-01,Sports,Regular,DELIVERED,22566823.55,1488124.76,595,204
2025-03-01,Sports,Regular,PENDING,2398389.22,224731.74,73,23
2025-03-01,Sports,Regular,RETURNED,2878505.1,256149.38,58,20
2025-03-01,Sports,Regular,SHIPPED,2933902.9,205646.69,70,32
2025-03-01,Sports,Silver,CANCELLED,1160166.77,64760.85,31,13
2025-03-01,Sports,Silver,DELIVERED,9603115.99,733610.44,253,83
2025-03-01,Sports,Silver,PENDING,817095.9,59189.06,23,8
2025-03-01,Sports,Silver,RETURNED,495076.94,78222.49,14,7
2025-03-01,Sports,Silver,SHIPPED,650024.89,54820.35,26,9
2025-03-01,Toys,Gold,CANCELLED,522506.02999999997,50803.43,11,6
2025-03-01,Toys,Gold,DELIVERED,3818528.74,387975.86,140,46
2025-03-01,Toys,Gold,PENDING,458792.93,40622.2,10,5
2025-03-01,Toys,Gold,RETURNED,81092.45,20273.11,4,1
2025-03-01,Toys,Gold,SHIPPED,483296.71,20623.19,13,4
2025-03-01,Toys,Platinum,DELIVERED,2010167.33,169487.52,67,19
2025-03-01,Toys,Platinum,PENDING,221396.76,2984.18,6,2
2025-03-01,Toys,Platinum,RETURNED,26230.9,0.0,2,1
2025-03-01,Toys,Platinum,SHIPPED,59452.85,1865.48,5,2
2025-03-01,Toys,Regular,CANCELLED,2330386.34,165975.76,69,24
2025-03-01,Toys,Regular,DELIVERED,19957392.6,1653216.51,651,217
2025-03-01,Toys,Regular,PENDING,2372585.43,179922.06,72,24
2025-03-01,Toys,Regular,RETURNED,2208702.9899999998,192475.91999999998,71,22
2025-03-01,Toys,Regular,SHIPPED,3508773.4699999997,213304.3,101,34
2025-03-01,Toys,Silver,CANCELLED,1168481.92,57516.19,36,15
2025-03-01,Toys,Silver,DELIVERED,7224188.01,438200.16,231,79
2025-03-01,Toys,Silver,PENDING,1109553.25,84030.67,34,11
2025-03-01,Toys,Silver,RETURNED,969541.78,69416.1,29,9
2025-03-01,Toys,Silver,SHIPPED,1457940.07,49157.94,41,14
2025-04-01,Beauty,Gold,CANCELLED,553242.12,12624.64,13,5
2025-04-01,Beauty,Gold,DELIVERED,6687722.31,713513.78,182,58
2025-04-01,Beauty,Gold,PENDING,1080306.25,84212.16,34,11
2025-04-01,Beauty,Gold,RETURNED,285565.25,15758.210000000001,9,3
2025-04-01,Beauty,Gold,SHIPPED,343622.20999999996,41928.29,8,4
2025-04-01,Beauty,Platinum,CANCELLED,460106.62,11661.21,10,3
2025-04-01,Beauty,Platinum,DELIVERED,1691424.93,92858.73999999999,36,16
2025-04-01,Beauty,Platinum,PENDING,103632.67,18288.120000000003,3,1
2025-04-01,Beauty,Platinum,SHIPPED,10384.68,0.0,1,1
2025-04-01,Beauty,Regular,CANCELLED,3847384.83,296060.25,82,25
2025-04-01,Beauty,Regular,DELIVERED,18362323.96,1385981.36,491,178
2025-04-01,Beauty,Regular,PENDING,2025277.95,217375.7,43,16
2025-04-01,Beauty,Regular,RETURNED,2387546.86,153053.79,60,24
2025-04-01,Beauty,Regular,SHIPPED,3271225.18,289830.8,82,24
2025-04-01,Beauty,Silver,CANCELLED,1689700.38,163459.31,47,14
2025-04-01,Beauty,Silver,DELIVERED,8800645.73,717847.84,240,78
2025-04-01,Beauty,Silver,PENDING,1146503.21,27446.96,32,10
2025-04-01,Beauty,Silver,RETURNED,1121186.55,63621.63,32,15
2025-04-01,Beauty,Silver,SHIPPED,824841.24,144903.57,30,11
2025-04-01,Books,Gold,CANCELLED,876080.23,111408.17,28,9
2025-04-01,Books,Gold,DELIVERED,5689610.58,469775.64,147,49
2025-04-01,Books,Gold,PENDING,1144506.62,137854.36,25,8
2025-04-01,Books,Gold,RETURNED,481380.94999999995,19345.04,12,6
2025-04-01,Books,Gold,SHIPPED,578133.22,28604.79,12,5
2025-04-01,Books,Platinum,CANCELLED,311546.91,5439.58,5,1
2025-04-01,Books,Platinum,DELIVERED,1327941.26,87982.96,41,17
2025-04-01,Books,Regular,CANCELLED,2099776.85,178185.61,63,20
2025-04-01,Books,Regular,DELIVERED,25249905.29,2061207.0,639,220
2025-04-01,Books,Regular,PENDING,1597402.8499999999,128407.38,52,21
2025-04-01,Books,Regular,RETURNED,2343211.32,295800.45,61,21
2025-04-01,Books,Regular,SHIPPED,3913087.83,281387.87,87,28
2025-04-01,Books,Silver,CANCELLED,525397.71,34536.99,23,10
2025-04-01,Books,Silver,DELIVERED,9922287.73,1058148.0,276,93
2025-04-01,Books,Silver,PENDING,1316647.58,80916.03,32,12
2025-04-01,Books,Silver,RETURNED,1076166.76,89976.73000000001,31,9
2025-04-01,Books,Silver,SHIPPED,689666.94,46995.38,23,9
2025-04-01,Electronics,Gold,CANCELLED,337719.79000000004,26866.43,13,4
2025-04-01,Electronics,Gold,DELIVERED,6206616.98,689407.85,168,54
2025-04-01,Electronics,Gold,PENDING,739999.01,91536.47,18,7
2025-04-01,Electronics,Gold,RETURNED,1042875.79,103502.4,27,8
2025-04-01,Electronics,Gold,SHIPPED,630431.4099999999,49174.32,15,4
2025-04-01,Electronics,Platinum,CANCELLED,21303.42,0.0,1,1
2025-04-01,Electronics,Platinum,DELIVERED,1325079.3699999999,120099.16,41,14
2025-04-01,Electronics,Platinum,PENDING,317718.27,41554.58,8,2
2025-04-01,Electronics,Platinum,RETURNED,100883.88,0.0,3,1
2025-04-01,Electronics,Platinum,SHIPPED,260962.91,17720.47,5,3
2025-04-01,Electronics,Regular,CANCELLED,2354718.56,133927.11000000002,68,23
2025-04-01,Electronics,Regular,DELIVERED,21119226.28,1885644.09,652,215
2025-04-01,Electronics,Regular,PENDING,1887639.6300000001,73138.67,51,18
2025-04-01,Electronics,Regular,RETURNED,2667757.17,284253.67,79,26
2025-04-01,Electronics,Regular,SHIPPED,2678862.87,263227.67,82,28
2025-04-01,Electronics,Silver,CANCELLED,949355.39,22059.79,21,8
2025-04-01,Electronics,Silver,DELIVERED,8146426.43,711963.79,229,80
2025-04-01,Electronics,Silver,PENDING,743630.05,82914.5,32,8
2025-04-01,Electronics,Silver,RETURNED,1163057.72,63447.75,32,9
2025-04-01,Electronics,Silver,SHIPPED,1009500.79,102986.29999999999,32,12
2025-04-01,Fashion,Gold,CANCELLED,972652.47,81219.11,23,6
2025-04-01,Fashion,Gold,DELIVERED,4999555.29,496473.84,143,49
2025-04-01,Fashion,Gold,PENDING,212852.85,0.0,3,1
2025-04-01,Fashion,Gold,RETURNED,312974.33,15520.42,10,5
2025-04-01,Fashion,Gold,SHIPPED,786315.24,91239.41,15,5
2025-04-01,Fashion,Platinum,CANCELLED,281052.98,25720.42,6,3
2025-04-01,Fashion,Platinum,DELIVERED,1692518.38,130384.95,44,17
2025-04-01,Fashion,Platinum,PENDING,114079.52,20131.68,4,1
2025-04-01,Fashion,Platinum,RETURNED,201328.6,10596.24,4,1
2025-04-01,Fashion,Platinum,SHIPPED,67403.4,3547.55,1,1
2025-04-01,Fashion,Regular,CANCELLED,2897087.62,229017.9,79,23
2025-04-01,Fashion,Regular,DELIVERED,20194955.68,1625668.95,600,201
2025-04-01,Fashion,Regular,PENDING,577633.36,70287.93,24,12
2025-04-01,Fashion,Regular,RETURNED,2903297.1,173209.19,86,28
2025-04-01,Fashion,Regular,SHIPPED,2562982.01,199204.96000000002,64,22
2025-04-01,Fashion,Silver,CANCELLED,1132558.81,68561.08,34,13
2025-04-01,Fashion,Silver,DELIVERED,6253550.74,469629.94,187,68
2025-04-01,Fashion,Silver,PENDING,708741.96,14918.800000000001,18,5
2025-04-01,Fashion,Silver,RETURNED,976136.6799999999,57609.16,27,12
2025-04-01,Fashion,Silver,SHIPPED,1010622.1799999999,88291.23,30,12
2025-04-01,Furniture,Gold,CANCELLED,382326.80000000005,37438.69,13,5
2025-04-01,Furniture,Gold,DELIVERED,4402357.0600000005,396718.77,139,48
2025-04-01,Furniture,Gold,PENDING,1044208.27,68813.61,39,10
2025-04-01,Furniture,Gold,RETURNED,774303.55,63805.509999999995,21,8
2025-04-01,Furniture,Gold,SHIPPED,591565.9400000001,53228.880000000005,19,7
2025-04-01,Furniture,Platinum,CANCELLED,255732.35,8659.810000000001,6,3
2025-04-01,Furniture,Platinum,DELIVERED,1541951.33,136611.83000000002,45,16
2025-04-01,Furniture,Platinum,PENDING,116826.92,27307.08,6,2
2025-04-01,Furniture,Platinum,RETURNED,138825.8,0.0,4,1
2025-04-01,Furniture,Platinum,SHIPPED,214712.76,8875.4,6,2
2025-04-01,Furniture,Regular,CANCELLED,3176354.25,299123.94,81,26
2025-04-01,Furniture,Regular,DELIVERED,20423987.49,2147464.68,624,211
2025-04-01,Furniture,Regular,PENDING,2275275.71,365432.92,63,21
2025-04-01,Furniture,Regular,RETURNED,2486840.98,161103.59,88,26
2025-04-01,Furniture,Regular,SHIPPED,3159162.59,366763.38,92,26
2025-04-01,Furniture,Silver,CANCELLED,1175903.76,29600.15,31,11
2025-04-01,Furniture,Silver,DELIVERED,7787269.74,725448.15,220,79
2025-04-01,Furniture,Silver,PENDING,886288.34,89477.19,26,9
2025-04-01,Furniture,Silver,RETURNED,1400209.2,136363.26,33,13
2025-04-01,Furniture,Silver,SHIPPED,1089871.44,90045.73,25,7
2025-04-01,Home,Gold,CANCELLED,750675.66,73169.73000000001,18,7
2025-04-01,Home,Gold,DELIVERED,3989541.52,329999.84,113,43
2025-04-01,Home,Gold,PENDING,1055771.38,32415.9,28,9
2025-04-01,Home,Gold,RETURNED,476589.25,26262.56,17,6
2025-04-01,Home,Gold,SHIPPED,511179.89,31488.23,13,5
2025-04-01,Home,Platinum,DELIVERED,3276334.68,257421.95,79,23
2025-04-01,Home,Platinum,RETURNED,148554.94,7818.68,3,1
2025-04-01,Home,Platinum,SHIPPED,34511.88,0.0,3,1
2025-04-01,Home,Regular,CANCELLED,1730126.62,123431.59000000001,56,22
2025-04-01,Home,Regular,DELIVERED,23010091.01,1938269.19,702,215
2025-04-01,Home,Regular,PENDING,2664575.44,345383.48,60,20
2025-04-01,Home,Regular,RETURNED,3855335.84,231752.86000000002,93,31
2025-04-01,Home,Regular,SHIPPED,3190888.93,162374.99,80,26
2025-04-01,Home,Silver,CANCELLED,1710243.57,202464.62,45,16
2025-04-01,Home,Silver,DELIVERED,8714846.48,778873.99,227,78
2025-04-01,Home,Silver,PENDING,1140604.84,126745.96,30,9
2025-04-01,Home,Silver,RETURNED,960639.0700000001,51250.77,24,10
2025-04-01,Home,Silver,SHIPPED,1253982.54,179482.02,29,11
2025-04-01,Sports,Gold,CANCELLED,570822.38,44104.15,18,5
2025-04-01,Sports,Gold,DELIVERED,5904489.81,417993.83,161,50
2025-04-01,Sports,Gold,PENDING,810523.69,105628.8,31,11
2025-04-01,Sports,Gold,RETURNED,602760.37,102988.25,22,8
2025-04-01,Sports,Gold,SHIPPED,119200.12,2283.12,8,2
2025-04-01,Sports,Platinum,CANCELLED,179699.69999999998,22144.16,6,3
2025-04-01,Sports,Platinum,DELIVERED,2720522.07,205191.86000000002,66,21
2025-04-01,Sports,Platinum,PENDING,83645.78,9293.98,3,1
2025-04-01,Sports,Platinum,RETURNED,128180.39,14242.27,6,2
2025-04-01,Sports,Platinum,SHIPPED,281961.44999999995,35279.92,7,2
2025-04-01,Sports,Regular,CANCELLED,2858970.38,223819.24,69,22
2025-04-01,Sports,Regular,DELIVERED,21800543.72,1992551.79,619,211
2025-04-01,Sports,Regular,PENDING,1805213.22,83588.70999999999,47,16
2025-04-01,Sports,Regular,RETURNED,2831316.11,262622.58,83,34
2025-04-01,Sports,Regular,SHIPPED,2006303.03,187997.33,50,20
2025-04-01,Sports,Silver,CANCELLED,1518592.66,154153.88,39,14
2025-04-01,Sports,Silver,DELIVERED,9797201.91,824995.65,255,90
2025-04-01,Sports,Silver,PENDING,391751.69,95717.92,12,6
2025-04-01,Sports,Silver,RETURNED,1522543.99,75461.56999999999,42,11
2025-04-01,Sports,Silver,SHIPPED,303990.71,23930.64,9,4
2025-04-01,Toys,Gold,CANCELLED,145137.9,17680.29,10,5
2025-04-01,Toys,Gold,DELIVERED,5185277.09,428480.68,162,50
2025-04-01,Toys,Gold,PENDING,844539.17,117054.78,33,11
2025-04-01,Toys,Gold,RETURNED,513294.05,42655.41,13,4
2025-04-01,Toys,Gold,SHIPPED,268238.5,16028.55,11,5
2025-04-01,Toys,Platinum,CANCELLED,27161.59,4793.22,1,1
2025-04-01,Toys,Platinum,DELIVERED,2120589.89,199093.41999999998,52,19
2025-04-01,Toys,Platinum,PENDING,195369.19999999998,30757.469999999998,4,2
2025-04-01,Toys,Platinum,RETURNED,171891.94,9046.94,4,1
2025-04-01,Toys,Platinum,SHIPPED,23580.01,0.0,1,1
2025-04-01,Toys,Regular,CANCELLED,1505361.71,164215.91999999998,58,19
2025-04-01,Toys,Regular,DELIVERED,18987848.78,1763777.14,577,203
2025-04-01,Toys,Regular,PENDING,1662956.83,157608.41,59,20
2025-04-01,Toys,Regular,RETURNED,2830303.1,184486.69,89,29
2025-04-01,Toys,Regular,SHIPPED,2695349.66,273242.83,75,26
2025-04-01,Toys,Silver,CANCELLED,2064509.6800000002,286670.28,59,16
2025-04-01,Toys,Silver,DELIVERED,7621210.33,738607.95,228,75
2025-04-01,Toys,Silver,PENDING,724655.77,101557.14,28,9
2025-04-01,Toys,Silver,RETURNED,821338.99,71570.3,38,13
2025-04-01,Toys,Silver,SHIPPED,1554257.48,145239.1,47,13
2025-05-01,Beauty,Gold,CANCELLED,368249.14,81371.59999999999,10,4
2025-05-01,Beauty,Gold,DELIVERED,4973226.7700000005,321663.57,120,36
2025-05-01,Beauty,Gold,PENDING,513359.75,16650.79,9,3
2025-05-01,Beauty,Gold,RETURNED,567102.44,100976.58,14,5
2025-05-01,Beauty,Gold,SHIPPED,749036.39,48511.19,22,7
2025-05-01,Beauty,Platinum,CANCELLED,375916.31,21737.47,13,4
2025-05-01,Beauty,Platinum,DELIVERED,1421299.35,158778.9,28,9
2025-05-01,Beauty,Platinum,PENDING,17871.45,0.0,3,1
2025-05-01,Beauty,Platinum,SHIPPED,143485.04,7551.84,4,1
2025-05-01,Beauty,Regular,CANCELLED,2673522.73,219839.94,68,26
2025-05-01,Beauty,Regular,DELIVERED,27804242.9,1932023.1300000001,717,239
2025-05-01,Beauty,Regular,PENDING,2656030.78,195787.59,73,22
2025-05-01,Beauty,Regular,RETURNED,2069096.58,181357.13,72,27
2025-05-01,Beauty,Regular,SHIPPED,3166913.8,263757.41,80,29
2025-05-01,Beauty,Silver,CANCELLED,1430194.42,121890.28,39,11
2025-05-01,Beauty,Silver,DELIVERED,7980115.81,819982.4500000001,209,75
2025-05-01,Beauty,Silver,PENDING,1280088.76,166830.25,33,11
2025-05-01,Beauty,Silver,RETURNED,1196639.94,132035.72,36,10
2025-05-01,Beauty,Silver,SHIPPED,1217708.74,88898.19,27,8
2025-05-01,Books,Gold,CANCELLED,1028820.3200000001,54990.93,33,10
2025-05-01,Books,Gold,DELIVERED,4301592.75,541916.89,126,44
2025-05-01,Books,Gold,PENDING,543472.72,79134.68000000001,22,7
2025-05-01,Books,Gold,RETURNED,684800.48,68830.85,18,8
2025-05-01,Books,Gold,SHIPPED,999356.94,133254.52,26,8
2025-05-01,Books,Platinum,CANCELLED,900.12,0.0,3,1
2025-05-01,Books,Platinum,DELIVERED,3367820.11,261162.81,72,24
2025-05-01,Books,Platinum,PENDING,433764.4,32436.670000000002,13,3
2025-05-01,Books,Platinum,SHIPPED,538693.62,50592.35,12,3
2025-05-01,Books,Regular,CANCELLED,2708569.27,270030.06,87,30
2025-05-01,Books,Regular,DELIVERED,22876174.6,2081368.41,607,207
2025-05-01,Books,Regular,PENDING,3742099.88,299341.75,95,32
2025-05-01,Books,Regular,RETURNED,3341464.29,206889.5,87,31
2025-05-01,Books,Regular,SHIPPED,3117535.37,313742.18,94,36
2025-05-01,Books,Silver,CANCELLED,840259.9400000001,47762.71,28,9
2025-05-01,Books,Silver,DELIVERED,7727401.24,476348.98,208,76
2025-05-01,Books,Silver,PENDING,1423663.1400000001,118146.97,36,10
2025-05-01,Books,Silver,RETURNED,1051018.07,81099.25,22,9
2025-05-01,Books,Silver,SHIPPED,742285.0,110496.48999999999,19,8
2025-05-01,Electronics,Gold,CANCELLED,573285.85,35311.34,21,7
2025-05-01,Electronics,Gold,DELIVERED,4510430.54,404503.54000000004,128,36
2025-05-01,Electronics,Gold,PENDING,313026.32999999996,3433.55,8,3
2025-05-01,Electronics,Gold,RETURNED,656983.16,39199.17,19,6
2025-05-01,Electronics,Gold,SHIPPED,859655.38,106112.06999999999,35,11
2025-05-01,Electronics,Platinum,CANCELLED,246984.05000000002,26019.86,6,3
2025-05-01,Electronics,Platinum,DELIVERED,2346808.67,130264.72,67,22
2025-05-01,Electronics,Platinum,PENDING,154629.75,9782.039999999999,3,2
2025-05-01,Electronics,Platinum,RETURNED,357673.95999999996,25068.36,6,2
2025-05-01,Electronics,Platinum,SHIPPED,50738.1,0.0,3,1
2025-05-01,Electronics,Regular,CANCELLED,3267159.35,289933.0,78,29
2025-05-01,Electronics,Regular,DELIVERED,22926420.76,1777616.65,637,227
2025-05-01,Electronics,Regular,PENDING,4206596.15,289056.17,92,26
2025-05-01,Electronics,Regular,RETURNED,2961822.74,151209.64,70,18
2025-05-01,Electronics,Regular,SHIPPED,3261358.66,229095.24,94,34
2025-05-01,Electronics,Silver,CANCELLED,1751853.39,151428.1,47,15
2025-05-01,Electronics,Silver,DELIVERED,6899542.23,506062.43,211,71
2025-05-01,Electronics,Silver,PENDING,364017.69,8588.07,15,7
2025-05-01,Electronics,Silver,RETURNED,946237.23,89316.68000000001,30,11
2025-05-01,Electronics,Silver,SHIPPED,406440.56,20422.48,10,4
2025-05-01,Fashion,Gold,CANCELLED,840976.35,68529.69,21,6
2025-05-01,Fashion,Gold,DELIVERED,2939984.97,244304.55,98,30
2025-05-01,Fashion,Gold,PENDING,1025968.89,29827.34,21,7
2025-05-01,Fashion,Gold,RETURNED,167748.63,1107.1299999999999,10,4
2025-05-01,Fashion,Gold,SHIPPED,704389.95,59444.54,21,7
2025-05-01,Fashion,Platinum,CANCELLED,160019.22,8422.06,4,1
2025-05-01,Fashion,Platinum,DELIVERED,1044824.23,108738.84,36,12
2025-05-01,Fashion,Platinum,PENDING,239963.19,18779.14,5,2
2025-05-01,Fashion,Platinum,RETURNED,95998.44,0.0,3,1
2025-05-01,Fashion,Platinum,SHIPPED,230500.41,40957.020000000004,6,4
2025-05-01,Fashion,Regular,CANCELLED,2318519.08,139219.59,76,25
2025-05-01,Fashion,Regular,DELIVERED,19821043.84,1959765.1199999999,549,191
2025-05-01,Fashion,Regular,PENDING,2158019.27,197663.16,62,18
2025-05-01,Fashion,Regular,RETURNED,2184085.0,133789.47,73,22
2025-05-01,Fashion,Regular,SHIPPED,3492746.82,315699.55,110,34
2025-05-01,Fashion,Silver,CANCELLED,1048140.0499999999,73714.70000000001,32,12
2025-05-01,Fashion,Silver,DELIVERED,6691842.67,626381.59,183,73
2025-05-01,Fashion,Silver,PENDING,300666.88,20459.38,11,4
2025-05-01,Fashion,Silver,RETURNED,793349.8400000001,87139.13,24,11
2025-05-01,Fashion,Silver,SHIPPED,1153613.61,116650.72,28,10
2025-05-01,Furniture,Gold,CANCELLED,322496.47,0.0,7,1
2025-05-01,Furniture,Gold,DELIVERED,3042005.5,208950.96,89,35
2025-05-01,Furniture,Gold,PENDING,838459.71,24899.34,19,5
2025-05-01,Furniture,Gold,RETURNED,778671.6,104519.98,27,7
2025-05-01,Furniture,Gold,SHIPPED,1236288.13,109863.65,35,10
2025-05-01,Furniture,Platinum,CANCELLED,139733.14,11471.84,6,3
2025-05-01,Furniture,Platinum,DELIVERED,1258844.52,76564.92,33,13
2025-05-01,Furniture,Platinum,PENDING,467690.74,26477.43,10,2
2025-05-01,Furniture,Platinum,SHIPPED,56556.12,0.0,2,1
2025-05-01,Furniture,Regular,CANCELLED,1831269.41,193903.32,59,22
2025-05-01,Furniture,Regular,DELIVERED,21624923.669999998,1988682.5,649,216
2025-05-01,Furniture,Regular,PENDING,3183916.43,301154.77,85,27
2025-05-01,Furniture,Regular,RETURNED,1958220.87,185180.59,59,18
2025-05-01,Furniture,Regular,SHIPPED,3673490.24,243716.03,109,32
2025-05-01,Furniture,Silver,CANCELLED,1314620.99,95062.29999999999,37,10
2025-05-01,Furniture,Silver,DELIVERED,5445737.56,510416.24,172,65
2025-05-01,Furniture,Silver,PENDING,1085539.72,79527.33,32,12
2025-05-01,Furniture,Silver,RETURNED,1014251.47,81324.17,30,10
2025-05-01,Furniture,Silver,SHIPPED,1364534.5,104666.94,36,11
2025-05-01,Home,Gold,CANCELLED,478616.05000000005,24030.12,15,5
2025-05-01,Home,Gold,DELIVERED,3624698.86,386118.06,125,41
2025-05-01,Home,Gold,PENDING,380816.11,59657.84,9,4
2025-05-01,Home,Gold,RETURNED,168874.31,10387.78,4,2
2025-05-01,Home,Gold,SHIPPED,1836458.86,125651.79,43,11
2025-05-01,Home,Platinum,DELIVERED,2003407.33,112295.52,64,20
2025-05-01,Home,Platinum,PENDING,643571.3099999999,98876.65,15,5
2025-05-01,Home,Platinum,RETURNED,15774.02,0.0,2,1
2025-05-01,Home,Platinum,SHIPPED,374839.74,0.0,7,3
2025-05-01,Home,Regular,CANCELLED,2843543.9,293876.98,97,26
2025-05-01,Home,Regular,DELIVERED,23604892.86,1950258.73,692,243
2025-05-01,Home,Regular,PENDING,3108945.41,327020.48,86,27
2025-05-01,Home,Regular,RETURNED,3966655.89,251438.21,103,32
2025-05-01,Home,Regular,SHIPPED,2788073.0100000002,270210.22000000003,95,33
2025-05-01,Home,Silver,CANCELLED,684625.33,52639.66,19,9
2025-05-01,Home,Silver,DELIVERED,6296675.43,553115.04,209,65
2025-05-01,Home,Silver,PENDING,651069.74,65822.01999999999,20,9
2025-05-01,Home,Silver,RETURNED,935219.17,27336.559999999998,25,8
2025-05-01,Home,Silver,SHIPPED,664699.31,72329.84,16,6
2025-05-01,Sports,Gold,CANCELLED,1034028.79,73534.84,24,7
2025-05-01,Sports,Gold,DELIVERED,3815720.06,396220.24,120,43
2025-05-01,Sports,Gold,PENDING,420880.12,41463.06,10,4
2025-05-01,Sports,Gold,RETURNED,374277.47,59337.8,14,4
2025-05-01,Sports,Gold,SHIPPED,591536.92,101418.22,23,8
2025-05-01,Sports,Platinum,CANCELLED,62012.81,3263.83,4,1
2025-05-01,Sports,Platinum,DELIVERED,1232005.8,137782.02,42,14
2025-05-01,Sports,Platinum,PENDING,468326.48,53889.28999999999,11,4
2025-05-01,Sports,Platinum,SHIPPED,374952.39,20774.5,9,3
2025-05-01,Sports,Regular,CANCELLED,1442589.62,112224.62,48,17
2025-05-01,Sports,Regular,DELIVERED,24733311.1,2228822.43,674,236
2025-05-01,Sports,Regular,PENDING,3180351.25,305176.67,104,39
2025-05-01,Sports,Regular,RETURNED,1912504.47,182779.73,55,19
2025-05-01,Sports,Regular,SHIPPED,4705515.94,385454.66,134,41
2025-05-01,Sports,Silver,CANCELLED,1761896.45,42052.75,42,14
2025-05-01,Sports,Silver,DELIVERED,8855272.26,720768.86,228,78
2025-05-01,Sports,Silver,PENDING,265532.67000000004,564.68,5,2
2025-05-01,Sports,Silver,RETURNED,890427.77,41673.46,26,8
2025-05-01,Sports,Silver,SHIPPED,1318334.22,110030.09,29,12
2025-05-01,Toys,Gold,CANCELLED,341689.41,18643.52,8,3
2025-05-01,Toys,Gold,DELIVERED,4209846.04,385239.92,125,40
2025-05-01,Toys,Gold,PENDING,381970.11,40028.33,8,4
2025-05-01,Toys,Gold,RETURNED,469265.37,29887.85,14,4
2025-05-01,Toys,Gold,SHIPPED,968492.88,49018.060000000005,27,8
2025-05-01,Toys,Platinum,CANCELLED,184296.76,21968.08,6,2
2025-05-01,Toys,Platinum,DELIVERED,1150244.6500000001,74077.81,44,14
2025-05-01,Toys,Platinum,PENDING,163407.41,21720.05,9,3
2025-05-01,Toys,Platinum,SHIPPED,23405.15,1231.85,2,1
2025-05-01,Toys,Regular,CANCELLED,3129318.04,247849.1,87,31
2025-05-01,Toys,Regular,DELIVERED,23081307.74,1920552.82,708,240
2025-05-01,Toys,Regular,PENDING,2707707.99,244998.56,73,24
2025-05-01,Toys,Regular,RETURNED,1815310.2,213918.87,71,26
2025-05-01,Toys,Regular,SHIPPED,2255070.99,237064.89,72,25
2025-05-01,Toys,Silver,CANCELLED,763341.8200000001,53835.56,27,10
2025-05-01,Toys,Silver,DELIVERED,6134354.05,714187.0,192,64
2025-05-01,Toys,Silver,PENDING,731412.4,72792.73,23,9
2025-05-01,Toys,Silver,RETURNED,773843.48,70081.33,17,5
2025-05-01,Toys,Silver,SHIPPED,980070.9600000001,62060.56,30,11
2025-06-01,Beauty,Gold,CANCELLED,713181.8099999999,62880.350000000006,13,4
2025-06-01,Beauty,Gold,DELIVERED,4749257.21,433228.45,135,44
2025-06-01,Beauty,Gold,PENDING,80955.59,4260.82,3,1
2025-06-01,Beauty,Gold,RETURNED,293642.52,17150.93,7,2
2025-06-01,Beauty,Gold,SHIPPED,607707.87,75118.22,14,8
2025-06-01,Beauty,Platinum,CANCELLED,183836.77,19094.04,5,2
2025-06-01,Beauty,Platinum,DELIVERED,2813519.7199999997,254937.49,79,27
2025-06-01,Beauty,Platinum,RETURNED,593293.6900000001,93835.04999999999,16,4
2025-06-01,Beauty,Platinum,SHIPPED,819952.98,45733.41,14,5
2025-06-01,Beauty,Regular,CANCELLED,2576780.58,240645.47,66,22
2025-06-01,Beauty,Regular,DELIVERED,23319572.42,2148687.81,594,200
2025-06-01,Beauty,Regular,PENDING,2931463.07,135140.8,70,19
2025-06-01,Beauty,Regular,RETURNED,2450977.92,176694.32,77,25
2025-06-01,Beauty,Regular,SHIPPED,2323833.1,246160.01,68,24
2025-06-01,Beauty,Silver,CANCELLED,1488025.15,140281.3,31,11
2025-06-01,Beauty,Silver,DELIVERED,9102493.45,778483.18,230,82
2025-06-01,Beauty,Silver,PENDING,358521.62,48740.82,12,6
2025-06-01,Beauty,Silver,RETURNED,1033605.5599999999,116008.49,30,10
2025-06-01,Beauty,Silver,SHIPPED,1832968.54,190714.16999999998,43,15
2025-06-01,Books,Gold,CANCELLED,819397.38,71167.86,19,8
2025-06-01,Books,Gold,DELIVERED,5191944.64,454829.51,140,43
2025-06-01,Books,Gold,RETURNED,302123.82999999996,20258.09,16,4
2025-06-01,Books,Gold,SHIPPED,634043.32,37474.87,14,4
2025-06-01,Books,Platinum,CANCELLED,236361.72,50268.32,6,2
2025-06-01,Books,Platinum,DELIVERED,2686338.98,200886.72,68,21
2025-06-01,Books,Platinum,PENDING,531001.61,29394.27,8,2
2025-06-01,Books,Platinum,SHIPPED,867080.87,125515.41,22,7
2025-06-01,Books,Regular,CANCELLED,2907588.76,169834.66999999998,79,29
2025-06-01,Books,Regular,DELIVERED,22868042.26,1815849.61,671,212
2025-06-01,Books,Regular,PENDING,2564707.74,279103.62,69,24
2025-06-01,Books,Regular,RETURNED,1737273.24,135081.89,58,22
2025-06-01,Books,Regular,SHIPPED,3274146.05,286549.13,83,27
2025-06-01,Books,Silver,CANCELLED,1364334.73,184602.12,34,10
2025-06-01,Books,Silver,DELIVERED,9170075.63,674824.23,249,80
2025-06-01,Books,Silver,PENDING,513377.66,21070.86,16,7
2025-06-01,Books,Silver,RETURNED,1572845.21,141431.88,36,14
2025-06-01,Books,Silver,SHIPPED,899241.84,115697.65,27,11
2025-06-01,Electronics,Gold,CANCELLED,573647.06,59904.79,18,6
2025-06-01,Electronics,Gold,DELIVERED,4813257.61,575717.15,128,40
2025-06-01,Electronics,Gold,PENDING,283073.22,24782.07,7,2
2025-06-01,Electronics,Gold,RETURNED,266049.08,2569.44,5,3
2025-06-01,Electronics,Gold,SHIPPED,696964.67,77056.72,21,7
2025-06-01,Electronics,Platinum,CANCELLED,263100.66,36150.18,6,2
2025-06-01,Electronics,Platinum,DELIVERED,1697443.81,219500.72999999998,63,20
2025-06-01,Electronics,Platinum,RETURNED,328232.0,21462.38,8,2
2025-06-01,Electronics,Platinum,SHIPPED,236456.41,5560.09,7,3
2025-06-01,Electronics,Regular,CANCELLED,2029515.86,182534.83,72,26
2025-06-01,Electronics,Regular,DELIVERED,19238282.14,1566099.33,545,175
2025-06-01,Electronics,Regular,PENDING,2318525.68,278217.44,59,17
2025-06-01,Electronics,Regular,RETURNED,2449145.92,203539.13,72,30
2025-06-01,Electronics,Regular,SHIPPED,2990274.9,259794.35,96,31
2025-06-01,Electronics,Silver,CANCELLED,715884.68,43830.72,19,8
2025-06-01,Electronics,Silver,DELIVERED,8078788.85,441543.27999999997,222,75
2025-06-01,Electronics,Silver,PENDING,637041.53,29374.440000000002,17,7
2025-06-01,Electronics,Silver,RETURNED,1407707.68,182570.48,37,12
2025-06-01,Electronics,Silver,SHIPPED,619502.68,34099.31,25,11
2025-06-01,Fashion,Gold,CANCELLED,452924.74,45221.26,9,4
2025-06-01,Fashion,Gold,DELIVERED,4034461.64,311529.22000000003,106,32
2025-06-01,Fashion,Gold,RETURNED,277283.20999999996,5319.71,7,2
2025-06-01,Fashion,Gold,SHIPPED,239808.7,15021.56,6,3
2025-06-01,Fashion,Platinum,CANCELLED,397590.3,41106.08,16,4
2025-06-01,Fashion,Platinum,DELIVERED,1739464.96,153392.57,62,24
2025-06-01,Fashion,Platinum,PENDING,308.01,0.0,3,1
2025-06-01,Fashion,Platinum,RETURNED,38496.16,0.0,1,1
2025-06-01,Fashion,Platinum,SHIPPED,369132.11,50438.12,13,4
2025-06-01,Fashion,Regular,CANCELLED,3210118.1,340622.06,76,24
2025-06-01,Fashion,Regular,DELIVERED,19897054.36,1431297.77,558,208
2025-06-01,Fashion,Regular,PENDING,901116.7799999999,48329.64,27,10
2025-06-01,Fashion,Regular,RETURNED,2213110.87,147150.6,82,23
2025-06-01,Fashion,Regular,SHIPPED,2432241.15,163034.0,63,24
2025-06-01,Fashion,Silver,CANCELLED,869243.77,83532.71,27,10
2025-06-01,Fashion,Silver,DELIVERED,8363442.65,746102.14,226,76
2025-06-01,Fashion,Silver,PENDING,477851.12,15621.27,12,7
2025-06-01,Fashion,Silver,RETURNED,1086839.74,68948.23,37,14
2025-06-01,Fashion,Silver,SHIPPED,1058540.81,108185.98999999999,31,12
2025-06-01,Furniture,Gold,CANCELLED,496242.08,19607.14,15,6
2025-06-01,Furniture,Gold,DELIVERED,3687207.59,250876.15,91,34
2025-06-01,Furniture,Gold,PENDING,264345.14,48839.869999999995,9,4
2025-06-01,Furniture,Gold,RETURNED,244809.15,6984.65,7,2
2025-06-01,Furniture,Gold,SHIPPED,640403.02,23187.51,21,8
2025-06-01,Furniture,Platinum,CANCELLED,461000.26,0.0,10,1
2025-06-01,Furniture,Platinum,DELIVERED,2265794.35,224714.43,74,24
2025-06-01,Furniture,Platinum,PENDING,289379.59,27132.690000000002,8,3
2025-06-01,Furniture,Platinum,RETURNED,270473.96,21063.989999999998,6,3
2025-06-01,Furniture,Platinum,SHIPPED,209896.75,35823.31,12,5
2025-06-01,Furniture,Regular,CANCELLED,1836281.75,120987.41,57,20
2025-06-01,Furniture,Regular,DELIVERED,19605229.3,1743986.1,575,204
2025-06-01,Furniture,Regular,PENDING,1372691.32,80636.7,45,19
2025-06-01,Furniture,Regular,RETURNED,3261949.64,224335.91,85,31
2025-06-01,Furniture,Regular,SHIPPED,1696570.0999999999,135809.13,53,18
2025-06-01,Furniture,Silver,CANCELLED,504951.54000000004,67539.07,22,8
2025-06-01,Furniture,Silver,DELIVERED,8672301.72,741754.62,242,78
2025-06-01,Furniture,Silver,PENDING,789036.3200000001,50749.08,18,6
2025-06-01,Furniture,Silver,RETURNED,371815.95999999996,27162.88,21,9
2025-06-01,Furniture,Silver,SHIPPED,1237071.76,81591.62,36,15
2025-06-01,Home,Gold,CANCELLED,305154.34,21250.13,9,6
2025-06-01,Home,Gold,DELIVERED,4573463.0,487489.47,151,48
2025-06-01,Home,Gold,PENDING,410957.61,7155.66,9,4
2025-06-01,Home,Gold,RETURNED,573030.4299999999,90289.47,14,4
2025-06-01,Home,Gold,SHIPPED,663040.19,46157.200000000004,25,6
2025-06-01,Home,Platinum,CANCELLED,148513.82,16501.54,3,1
2025-06-01,Home,Platinum,DELIVERED,2688557.7,223137.76,67,24
2025-06-01,Home,Platinum,PENDING,8933.73,992.64,1,1
2025-06-01,Home,Platinum,RETURNED,58599.94,5417.09,6,3
2025-06-01,Home,Platinum,SHIPPED,242252.74,73771.23,7,4
2025-06-01,Home,Regular,CANCELLED,2089176.67,205651.62,70,23
2025-06-01,Home,Regular,DELIVERED,20739089.09,1577790.8499999999,581,215
2025-06-01,Home,Regular,PENDING,1776919.21,153972.68,51,16
2025-06-01,Home,Regular,RETURNED,2779351.36,268506.74,76,28
2025-06-01,Home,Regular,SHIPPED,2295417.7,160182.04,72,29
2025-06-01,Home,Silver,CANCELLED,1172729.06,42014.66,32,10
2025-06-01,Home,Silver,DELIVERED,7191382.58,571528.13,214,74
2025-06-01,Home,Silver,PENDING,688122.9400000001,113143.72,25,9
2025-06-01,Home,Silver,RETURNED,1128159.64,97194.2,32,11
2025-06-01,Home,Silver,SHIPPED,882951.97,68775.42,33,11
2025-06-01,Sports,Gold,CANCELLED,251572.74,43744.58,6,5
2025-06-01,Sports,Gold,DELIVERED,3538279.5300000003,243901.06,97,33
2025-06-01,Sports,Gold,PENDING,138536.84,0.0,2,1
2025-06-01,Sports,Gold,RETURNED,483781.76,25161.06,13,5
2025-06-01,Sports,Gold,SHIPPED,33031.23,1738.49,1,1
2025-06-01,Sports,Platinum,CANCELLED,108936.23000000001,11607.76,3,2
2025-06-01,Sports,Platinum,DELIVERED,1798493.7,146356.16,48,17
2025-06-01,Sports,Platinum,PENDING,332051.18,32651.920000000002,6,2
2025-06-01,Sports,Platinum,RETURNED,295095.97000000003,52075.75,8,2
2025-06-01,Sports,Platinum,SHIPPED,772178.8300000001,71166.70999999999,14,5
2025-06-01,Sports,Regular,CANCELLED,2659449.37,279561.0,78,23
2025-06-01,Sports,Regular,DELIVERED,20677924.54,1843161.27,580,198
2025-06-01,Sports,Regular,PENDING,1726127.7,130759.63,51,19
2025-06-01,Sports,Regular,RETURNED,2247836.32,160972.15,71,28
2025-06-01,Sports,Regular,SHIPPED,3636396.71,306868.8,85,28
2025-06-01,Sports,Silver,CANCELLED,1130294.24,27094.82,31,10
2025-06-01,Sports,Silver,DELIVERED,8994833.66,902226.96,268,94
2025-06-01,Sports,Silver,PENDING,676800.8400000001,74170.87,22,7
2025-06-01,Sports,Silver,RETURNED,1379576.8599999999,84108.09,35,12
2025-06-01,Sports,Silver,SHIPPED,633689.12,87095.98999999999,27,9
2025-06-01,Toys,Gold,CANCELLED,665774.5700000001,67054.7,18,8
2025-06-01,Toys,Gold,DELIVERED,3419398.85,220061.29,105,34
2025-06-01,Toys,Gold,PENDING,623648.41,122632.66,13,3
2025-06-01,Toys,Gold,RETURNED,220872.62,7073.32,5,3
2025-06-01,Toys,Gold,SHIPPED,452546.51,56268.31,17,5
2025-06-01,Toys,Platinum,CANCELLED,237843.16999999998,22501.83,6,2
2025-06-01,Toys,Platinum,DELIVERED,1718507.02,119322.63,55,19
2025-06-01,Toys,Platinum,PENDING,98689.59,0.0,3,1
2025-06-01,Toys,Platinum,RETURNED,28226.44,4981.14,1,1
2025-06-01,Toys,Platinum,SHIPPED,328209.27999999997,22492.47,12,3
2025-06-01,Toys,Regular,CANCELLED,2390803.67,239254.43,69,25
2025-06-01,Toys,Regular,DELIVERED,19963093.28,1716854.99,616,210
2025-06-01,Toys,Regular,PENDING,1467223.23,140909.16,52,13
2025-06-01,Toys,Regular,RETURNED,2713537.77,341225.45,74,23
2025-06-01,Toys,Regular,SHIPPED,2624026.57,211048.57,81,29
2025-06-01,Toys,Silver,CANCELLED,1306148.38,182430.22999999998,39,10
2025-06-01,Toys,Silver,DELIVERED,7261082.94,756969.9,229,78
2025-06-01,Toys,Silver,PENDING,521479.2,44969.18,16,5
2025-06-01,Toys,Silver,RETURNED,1445256.67,31858.86,33,12
2025-06-01,Toys,Silver,SHIPPED,769516.35,73773.23000000001,30,11
2025-07-01,Beauty,Gold,CANCELLED,559164.22,17150.52,9,3
2025-07-01,Beauty,Gold,DELIVERED,3619982.83,246794.26,97,40
2025-07-01,Beauty,Gold,PENDING,598606.02,39426.310000000005,16,8
2025-07-01,Beauty,Gold,RETURNED,244329.23,27147.7,5,2
2025-07-01,Beauty,Gold,SHIPPED,693249.64,38024.19,16,7
2025-07-01,Beauty,Platinum,CANCELLED,420957.02,49105.06,7,3
2025-07-01,Beauty,Platinum,DELIVERED,1629720.3599999999,259783.2,50,16
2025-07-01,Beauty,Platinum,PENDING,627346.53,26501.47,10,4
2025-07-01,Beauty,Platinum,RETURNED,227700.78,27768.02,8,3
2025-07-01,Beauty,Platinum,SHIPPED,288258.07,3482.1,4,2
2025-07-01,Beauty,Regular,CANCELLED,2645510.88,293043.54,55,18
2025-07-01,Beauty,Regular,DELIVERED,19327802.22,1567689.3,544,201
2025-07-01,Beauty,Regular,PENDING,1868802.41,175768.91,51,20
2025-07-01,Beauty,Regular,RETURNED,3228471.44,196080.99,91,31
2025-07-01,Beauty,Regular,SHIPPED,3469374.28,266535.36,92,31
2025-07-01,Beauty,Silver,CANCELLED,1206208.2,159965.68,41,12
2025-07-01,Beauty,Silver,DELIVERED,7261138.12,493170.0,174,65
2025-07-01,Beauty,Silver,PENDING,695052.99,42239.46,27,11
2025-07-01,Beauty,Silver,RETURNED,752699.18,66154.09,19,7
2025-07-01,Beauty,Silver,SHIPPED,967432.29,56491.27,27,10
2025-07-01,Books,Gold,CANCELLED,345414.89,2709.06,5,2
2025-07-01,Books,Gold,DELIVERED,4420535.97,442151.27,129,43
2025-07-01,Books,Gold,PENDING,1044707.14,84044.51000000001,24,7
2025-07-01,Books,Gold,RETURNED,772063.28,75918.45999999999,18,5
2025-07-01,Books,Gold,SHIPPED,182726.79,9925.46,7,4
2025-07-01,Books,Platinum,CANCELLED,303502.27,58696.219999999994,10,4
2025-07-01,Books,Platinum,DELIVERED,2510016.77,174191.69,61,23
2025-07-01,Books,Platinum,PENDING,346711.94,8160.33,10,4
2025-07-01,Books,Platinum,RETURNED,204446.61,10760.35,4,1
2025-07-01,Books,Platinum,SHIPPED,199912.0,29709.63,9,4
2025-07-01,Books,Regular,CANCELLED,2931338.1799999997,160683.17,77,23
2025-07-01,Books,Regular,DELIVERED,25482949.36,2304512.29,695,225
2025-07-01,Books,Regular,PENDING,3551723.01,260263.94,85,31
2025-07-01,Books,Regular,RETURNED,2412013.89,209231.53,70,24
2025-07-01,Books,Regular,SHIPPED,3241673.2800000003,235016.82,86,29
2025-07-01,Books,Silver,CANCELLED,1880215.19,98649.7,48,13
2025-07-01,Books,Silver,DELIVERED,10993284.21,806476.44,278,90
2025-07-01,Books,Silver,PENDING,1087744.26,93096.61,27,11
2025-07-01,Books,Silver,RETURNED,664784.27,6836.61,14,4
2025-07-01,Books,Silver,SHIPPED,1145546.44,56343.36,28,8
2025-07-01,Electronics,Gold,CANCELLED,393633.39,21241.74,10,4
2025-07-01,Electronics,Gold,DELIVERED,4514870.58,461896.63,113,40
2025-07-01,Electronics,Gold,PENDING,468620.67,0.0,11,4
2025-07-01,Electronics,Gold,RETURNED,79512.08,19037.16,8,2
2025-07-01,Electronics,Gold,SHIPPED,729162.13,87537.57,18,5
2025-07-01,Electronics,Platinum,CANCELLED,340316.1,50507.81,12,4
2025-07-01,Electronics,Platinum,DELIVERED,1937603.25,214079.37,58,23
2025-07-01,Electronics,Platinum,PENDING,138838.11,0.0,7,2
2025-07-01,Electronics,Platinum,RETURNED,178138.03,37516.2,6,3
2025-07-01,Electronics,Platinum,SHIPPED,49713.649999999994,776.58,3,2
2025-07-01,Electronics,Regular,CANCELLED,1562706.3,64646.399999999994,49,19
2025-07-01,Electronics,Regular,DELIVERED,22391525.32,1841736.0,662,224
2025-07-01,Electronics,Regular,PENDING,2096258.11,237661.31,67,27
2025-07-01,Electronics,Regular,RETURNED,4313590.0,257441.63999999998,108,33
2025-07-01,Electronics,Regular,SHIPPED,3592050.66,281681.41000000003,100,29
2025-07-01,Electronics,Silver,CANCELLED,655848.63,45298.72,22,9
2025-07-01,Electronics,Silver,DELIVERED,7021886.88,520941.33,194,69
2025-07-01,Electronics,Silver,PENDING,743918.06,91681.66,18,6
2025-07-01,Electronics,Silver,RETURNED,611763.65,40523.89,21,9
2025-07-01,Electronics,Silver,SHIPPED,773533.74,90547.53,20,7
2025-07-01,Fashion,Gold,CANCELLED,537687.26,50241.65,11,6
2025-07-01,Fashion,Gold,DELIVERED,4806481.91,558321.0,133,45
2025-07-01,Fashion,Gold,PENDING,658167.26,29626.989999999998,12,4
2025-07-01,Fashion,Gold,RETURNED,54395.82,0.0,1,1
2025-07-01,Fashion,Gold,SHIPPED,264509.02,36962.25,9,5
2025-07-01,Fashion,Platinum,CANCELLED,572237.15,50026.18,11,3
2025-07-01,Fashion,Platinum,DELIVERED,1739209.3199999998,198333.82,48,16
2025-07-01,Fashion,Platinum,PENDING,321832.37,22373.239999999998,11,2
2025-07-01,Fashion,Platinum,RETURNED,248715.69,9428.53,4,2
2025-07-01,Fashion,Platinum,SHIPPED,328011.79000000004,82964.05,8,2
2025-07-01,Fashion,Regular,CANCELLED,1645371.3599999999,217374.06,53,19
2025-07-01,Fashion,Regular,DELIVERED,23313698.73,1854266.64,611,210
2025-07-01,Fashion,Regular,PENDING,2490581.1,175792.6,79,27
2025-07-01,Fashion,Regular,RETURNED,2579710.41,201154.69,68,22
2025-07-01,Fashion,Regular,SHIPPED,2457304.58,230626.02,75,27
2025-07-01,Fashion,Silver,CANCELLED,690864.96,83711.95,32,10
2025-07-01,Fashion,Silver,DELIVERED,10311822.99,829065.53,274,96
2025-07-01,Fashion,Silver,PENDING,640391.73,28271.02,18,6
2025-07-01,Fashion,Silver,RETURNED,512160.4,25238.62,13,4
2025-07-01,Fashion,Silver,SHIPPED,1467026.84,220910.00999999998,55,18
2025-07-01,Furniture,Gold,CANCELLED,517548.08,26725.340000000004,16,5
2025-07-01,Furniture,Gold,DELIVERED,4467862.33,439645.08999999997,125,43
2025-07-01,Furniture,Gold,PENDING,310265.32,10345.97,11,5
2025-07-01,Furniture,Gold,RETURNED,653168.4,44577.59,14,5
2025-07-01,Furniture,Gold,SHIPPED,371945.7,81424.28,14,7
2025-07-01,Furniture,Platinum,CANCELLED,168493.63,22819.83,4,2
2025-07-01,Furniture,Platinum,DELIVERED,1638409.9,253249.78,40,15
2025-07-01,Furniture,Platinum,PENDING,399751.16000000003,19858.07,7,2
2025-07-01,Furniture,Platinum,RETURNED,42200.6,0.0,4,1
2025-07-01,Furniture,Platinum,SHIPPED,243821.7,17721.72,9,4
2025-07-01,Furniture,Regular,CANCELLED,2292780.3200000003,191391.41,76,26
2025-07-01,Furniture,Regular,DELIVERED,17218741.62,1367172.74,572,208
2025-07-01,Furniture,Regular,PENDING,1889064.5699999998,191407.32,72,26
2025-07-01,Furniture,Regular,RETURNED,2096754.54,214439.11,62,25
2025-07-01,Furniture,Regular,SHIPPED,3579621.35,304408.69,99,29
2025-07-01,Furniture,Silver,CANCELLED,358965.85,34603.22,9,5
2025-07-01,Furniture,Silver,DELIVERED,6895009.09,585523.9,209,77
2025-07-01,Furniture,Silver,PENDING,621367.86,24780.120000000003,24,8
2025-07-01,Furniture,Silver,RETURNED,716390.61,75316.39,25,7
2025-07-01,Furniture,Silver,SHIPPED,1050488.73,91047.39,31,11
2025-07-01,Home,Gold,CANCELLED,610937.54,73462.51,15,6
2025-07-01,Home,Gold,DELIVERED,3008694.33,350941.52999999997,97,30
2025-07-01,Home,Gold,PENDING,651752.14,80946.95999999999,16,4
2025-07-01,Home,Gold,RETURNED,239490.94,12277.87,7,3
2025-07-01,Home,Gold,SHIPPED,512569.41,55328.67,24,7
2025-07-01,Home,Platinum,CANCELLED,252997.3,1536.5500000000002,11,4
2025-07-01,Home,Platinum,DELIVERED,2247209.0,253972.53,79,27
2025-07-01,Home,Platinum,PENDING,420132.4,22889.28,10,5
2025-07-01,Home,Platinum,RETURNED,23661.03,0.0,3,1
2025-07-01,Home,Platinum,SHIPPED,330143.27999999997,0.0,5,2
2025-07-01,Home,Regular,CANCELLED,2314515.52,53995.68,59,21
2025-07-01,Home,Regular,DELIVERED,22002383.83,1750859.82,614,214
2025-07-01,Home,Regular,PENDING,2179504.28,131641.05,55,21
2025-07-01,Home,Regular,RETURNED,2196302.19,93882.76,68,22
2025-07-01,Home,Regular,SHIPPED,2674493.66,219791.85,87,30
2025-07-01,Home,Silver,CANCELLED,1507222.51,119112.26,40,12
2025-07-01,Home,Silver,DELIVERED,8943710.709999999,790795.1,247,83
2025-07-01,Home,Silver,PENDING,976479.73,41895.38,33,10
2025-07-01,Home,Silver,RETURNED,1679797.96,153106.27,49,12
2025-07-01,Home,Silver,SHIPPED,756410.76,132584.87,28,11
2025-07-01,Sports,Gold,CANCELLED,740926.88,56243.33,22,6
2025-07-01,Sports,Gold,DELIVERED,5124942.22,380429.62,133,44
2025-07-01,Sports,Gold,PENDING,210235.91999999998,8109.44,12,4
2025-07-01,Sports,Gold,RETURNED,237537.59000000003,20161.86,9,3
2025-07-01,Sports,Gold,SHIPPED,689334.0599999999,18272.62,20,7
2025-07-01,Sports,Platinum,CANCELLED,258784.45,45667.84,5,2
2025-07-01,Sports,Platinum,DELIVERED,1543601.03,184539.12,42,15
2025-07-01,Sports,Platinum,PENDING,291729.45999999996,2719.21,8,3
2025-07-01,Sports,Platinum,RETURNED,132477.57,0.0,3,1
2025-07-01,Sports,Platinum,SHIPPED,116257.89,29064.47,4,1
2025-07-01,Sports,Regular,CANCELLED,1510835.42,88719.11,42,17
2025-07-01,Sports,Regular,DELIVERED,22592258.25,1945496.3900000001,660,225
2025-07-01,Sports,Regular,PENDING,2054027.84,235057.57,59,25
2025-07-01,Sports,Regular,RETURNED,3694234.47,184310.68,88,28
2025-07-01,Sports,Regular,SHIPPED,3598451.41,409803.59,94,30
2025-07-01,Sports,Silver,CANCELLED,977651.49,85053.33,31,11
2025-07-01,Sports,Silver,DELIVERED,8396644.34,489341.73,230,78
2025-07-01,Sports,Silver,PENDING,937627.69,27420.54,19,5
2025-07-01,Sports,Silver,RETURNED,775599.51,43991.62,24,8
2025-07-01,Sports,Silver,SHIPPED,1140400.5899999999,101688.62,28,10
2025-07-01,Toys,Gold,CANCELLED,407184.35,0.0,7,2
2025-07-01,Toys,Gold,DELIVERED,3862735.87,312039.96,116,31
2025-07-01,Toys,Gold,PENDING,341551.66000000003,39575.6,13,5
2025-07-01,Toys,Gold,RETURNED,249124.74,4734.93,5,3
2025-07-01,Toys,Gold,SHIPPED,865704.35,40765.13,29,8
2025-07-01,Toys,Platinum,CANCELLED,222735.41999999998,0.0,10,3
2025-07-01,Toys,Platinum,DELIVERED,2742458.74,198685.52000000002,73,27
2025-07-01,Toys,Platinum,PENDING,351760.52,79165.94,8,4
2025-07-01,Toys,Platinum,RETURNED,108488.63,19145.05,3,2
2025-07-01,Toys,Platinum,SHIPPED,29026.739999999998,3225.2000000000003,5,2
2025-07-01,Toys,Regular,CANCELLED,1972231.73,211908.47999999998,70,22
2025-07-01,Toys,Regular,DELIVERED,22025154.45,1839744.0,652,219
2025-07-01,Toys,Regular,PENDING,2217192.96,205351.4,80,28
2025-07-01,Toys,Regular,RETURNED,2116870.96,242188.13,74,28
2025-07-01,Toys,Regular,SHIPPED,2983666.38,318470.71,84,28
2025-07-01,Toys,Silver,CANCELLED,1275928.47,91859.54000000001,33,14
2025-07-01,Toys,Silver,DELIVERED,5708063.76,536532.89,214,77
2025-07-01,Toys,Silver,PENDING,264326.53,43106.89,15,6
2025-07-01,Toys,Silver,RETURNED,527889.13,27510.5,14,6
2025-07-01,Toys,Silver,SHIPPED,1391015.41,82578.03,38,11
2025-08-01,Beauty,Gold,CANCELLED,366833.18,21260.010000000002,13,6
2025-08-01,Beauty,Gold,DELIVERED,5263593.7,557325.96,143,47
2025-08-01,Beauty,Gold,PENDING,396941.05,13597.970000000001,9,4
2025-08-01,Beauty,Gold,RETURNED,310817.96,2382.86,9,4
2025-08-01,Beauty,Gold,SHIPPED,832984.47,15602.74,18,5
2025-08-01,Beauty,Platinum,CANCELLED,296818.08,65114.67,6,2
2025-08-01,Beauty,Platinum,DELIVERED,1369621.79,90647.07,39,15
2025-08-01,Beauty,Platinum,PENDING,11683.25,2920.81,1,1
2025-08-01,Beauty,Platinum,RETURNED,89496.18000000001,24580.14,4,2
2025-08-01,Beauty,Platinum,SHIPPED,605306.71,47031.74,13,3
2025-08-01,Beauty,Regular,CANCELLED,3173616.63,292218.4,89,31
2025-08-01,Beauty,Regular,DELIVERED,20531822.72,1826642.16,567,207
2025-08-01,Beauty,Regular,PENDING,2279957.62,205928.96,52,21
2025-08-01,Beauty,Regular,RETURNED,1872364.19,153695.91,45,15
2025-08-01,Beauty,Regular,SHIPPED,3658592.8,206765.54,88,34
2025-08-01,Beauty,Silver,CANCELLED,809901.9199999999,78096.26999999999,20,9
2025-08-01,Beauty,Silver,DELIVERED,11338452.27,891966.47,285,93
2025-08-01,Beauty,Silver,PENDING,1716905.4,255226.87,40,12
2025-08-01,Beauty,Silver,RETURNED,246913.00999999998,19862.35,7,4
2025-08-01,Beauty,Silver,SHIPPED,1468740.71,63536.4,38,14
2025-08-01,Books,Gold,CANCELLED,651909.61,101329.08,24,6
2025-08-01,Books,Gold,DELIVERED,4798725.84,418139.19,143,45
2025-08-01,Books,Gold,PENDING,636926.12,69160.62,15,5
2025-08-01,Books,Gold,RETURNED,908407.42,46034.520000000004,20,6
2025-08-01,Books,Gold,SHIPPED,338848.08999999997,29783.32,8,3
2025-08-01,Books,Platinum,CANCELLED,76799.55,13454.84,8,3
2025-08-01,Books,Platinum,DELIVERED,1984001.49,219460.99,47,16
2025-08-01,Books,Platinum,RETURNED,828200.82,61732.020000000004,20,4
2025-08-01,Books,Platinum,SHIPPED,975424.27,48915.59,17,5
2025-08-01,Books,Regular,CANCELLED,3093575.13,284948.09,82,25
2025-08-01,Books,Regular,DELIVERED,23899402.9,2437169.21,634,227
2025-08-01,Books,Regular,PENDING,3156405.47,306994.27,75,25
2025-08-01,Books,Regular,RETURNED,3532792.44,385717.97,89,26
2025-08-01,Books,Regular,SHIPPED,3603077.34,367227.1,94,30
2025-08-01,Books,Silver,CANCELLED,629959.54,68151.56,15,5
2025-08-01,Books,Silver,DELIVERED,10292570.22,749403.6,301,100
2025-08-01,Books,Silver,PENDING,384747.76,26930.62,9,4
2025-08-01,Books,Silver,RETURNED,946584.95,130451.2,25,8
2025-08-01,Books,Silver,SHIPPED,772765.92,81239.99,24,9
2025-08-01,Electronics,Gold,CANCELLED,457684.17,20593.58,11,4
2025-08-01,Electronics,Gold,DELIVERED,5032545.91,313134.41,121,42
2025-08-01,Electronics,Gold,PENDING,697793.97,117696.69,16,6
2025-08-01,Electronics,Gold,RETURNED,1007983.48,80839.45,21,8
2025-08-01,Electronics,Gold,SHIPPED,170126.44,11120.18,6,2
2025-08-01,Electronics,Platinum,CANCELLED,152223.84,38055.96,3,1
2025-08-01,Electronics,Platinum,DELIVERED,1401467.68,141392.15,47,18
2025-08-01,Electronics,Platinum,PENDING,58943.97,0.0,3,1
2025-08-01,Electronics,Platinum,RETURNED,407839.19,14879.73,8,1
2025-08-01,Electronics,Platinum,SHIPPED,557375.23,27789.21,12,4
2025-08-01,Electronics,Regular,CANCELLED,1789602.63,239054.31,57,20
2025-08-01,Electronics,Regular,DELIVERED,24269981.39,2226000.95,682,229
2025-08-01,Electronics,Regular,PENDING,1805396.17,130025.97,61,19
2025-08-01,Electronics,Regular,RETURNED,2107860.29,180034.7,64,19
2025-08-01,Electronics,Regular,SHIPPED,2722948.03,212697.59,82,27
2025-08-01,Electronics,Silver,CANCELLED,710401.47,70367.9,25,9
2025-08-01,Electronics,Silver,DELIVERED,7943612.65,911453.18,236,78
2025-08-01,Electronics,Silver,PENDING,726306.94,33584.61,24,10
2025-08-01,Electronics,Silver,RETURNED,432233.9,55891.61,13,6
2025-08-01,Electronics,Silver,SHIPPED,543478.12,6663.889999999999,13,6
2025-08-01,Fashion,Gold,CANCELLED,247866.08,21229.87,11,5
2025-08-01,Fashion,Gold,DELIVERED,4238204.56,277114.18,119,44
2025-08-01,Fashion,Gold,PENDING,596039.4099999999,81009.85,16,4
2025-08-01,Fashion,Gold,RETURNED,392401.24,37474.88,10,3
2025-08-01,Fashion,Gold,SHIPPED,424408.34,38488.16,13,4
2025-08-01,Fashion,Platinum,CANCELLED,108805.91,10235.77,4,3
2025-08-01,Fashion,Platinum,DELIVERED,1530994.66,117194.98000000001,48,17
2025-08-01,Fashion,Platinum,PENDING,215683.55,9143.24,10,4
2025-08-01,Fashion,Platinum,RETURNED,225987.72,1568.49,5,3
2025-08-01,Fashion,Platinum,SHIPPED,254283.28,1195.1,9,3
2025-08-01,Fashion,Regular,CANCELLED,1893507.06,296368.94,55,18
2025-08-01,Fashion,Regular,DELIVERED,24304438.64,1882523.3599999999,663,229
2025-08-01,Fashion,Regular,PENDING,2662725.21,212244.71,76,26
2025-08-01,Fashion,Regular,RETURNED,2081113.5,227454.8,60,16
2025-08-01,Fashion,Regular,SHIPPED,2921689.32,234406.68,94,34
2025-08-01,Fashion,Silver,CANCELLED,954219.54,112549.12,33,12
2025-08-01,Fashion,Silver,DELIVERED,9158199.85,679551.6900000001,272,93
2025-08-01,Fashion,Silver,PENDING,1342669.15,87307.58,33,8
2025-08-01,Fashion,Silver,RETURNED,202329.27000000002,37889.21,6,3
2025-08-01,Fashion,Silver,SHIPPED,1123972.3900000001,66201.87,32,10
2025-08-01,Furniture,Gold,CANCELLED,123003.70000000001,16418.75,11,3
2025-08-01,Furniture,Gold,DELIVERED,4731868.03,472997.74,138,47
2025-08-01,Furniture,Gold,PENDING,396344.3,21077.45,11,5
2025-08-01,Furniture,Gold,RETURNED,372219.8,15300.77,15,5
2025-08-01,Furniture,Gold,SHIPPED,177134.89,4367.15,6,2
2025-08-01,Furniture,Platinum,CANCELLED,102081.48,3970.7799999999997,5,3
2025-08-01,Furniture,Platinum,DELIVERED,1534483.32,112271.67,50,18
2025-08-01,Furniture,Platinum,PENDING,39636.58,0.0,2,1
2025-08-01,Furniture,Platinum,RETURNED,279068.74,53419.04,8,3
2025-08-01,Furniture,Platinum,SHIPPED,371919.2,30709.4,8,2
2025-08-01,Furniture,Regular,CANCELLED,1825891.95,150359.91,71,25
2025-08-01,Furniture,Regular,DELIVERED,20603329.21,1877449.74,663,218
2025-08-01,Furniture,Regular,PENDING,2014418.25,222260.27,54,17
2025-08-01,Furniture,Regular,RETURNED,1974631.8,180039.53,56,17
2025-08-01,Furniture,Regular,SHIPPED,2870905.8600000003,172576.71,93,33
2025-08-01,Furniture,Silver,CANCELLED,1041822.8200000001,75451.04999999999,39,13
2025-08-01,Furniture,Silver,DELIVERED,7913223.8,842510.5700000001,226,85
2025-08-01,Furniture,Silver,PENDING,814710.6699999999,33534.57,23,7
2025-08-01,Furniture,Silver,RETURNED,649717.37,21660.93,15,7
2025-08-01,Furniture,Silver,SHIPPED,436105.52,27657.68,14,6
2025-08-01,Home,Gold,CANCELLED,1100352.42,62398.37,26,8
2025-08-01,Home,Gold,DELIVERED,3055670.21,274720.26,110,42
2025-08-01,Home,Gold,PENDING,810788.74,57751.16,27,8
2025-08-01,Home,Gold,RETURNED,846523.72,25731.27,25,8
2025-08-01,Home,Gold,SHIPPED,311493.81,12309.560000000001,10,3
2025-08-01,Home,Platinum,CANCELLED,98562.40999999999,14645.9,5,2
2025-08-01,Home,Platinum,DELIVERED,2122264.07,241160.83000000002,67,21
2025-08-01,Home,Platinum,PENDING,1815.43,453.86,1,1
2025-08-01,Home,Platinum,RETURNED,2574.34,0.0,2,1
2025-08-01,Home,Platinum,SHIPPED,364158.43,43394.71,13,5
2025-08-01,Home,Regular,CANCELLED,2985988.18,277741.66,77,26
2025-08-01,Home,Regular,DELIVERED,23426285.98,1945437.19,680,230
2025-08-01,Home,Regular,PENDING,2279414.17,177593.44,54,21
2025-08-01,Home,Regular,RETURNED,3134623.2600000002,162349.35,79,26
2025-08-01,Home,Regular,SHIPPED,3820586.31,186439.29,92,36
2025-08-01,Home,Silver,CANCELLED,1121206.69,92672.59999999999,30,11
2025-08-01,Home,Silver,DELIVERED,9516237.74,983059.25,275,87
2025-08-01,Home,Silver,PENDING,586361.66,65855.67,20,7
2025-08-01,Home,Silver,RETURNED,796151.86,89657.06999999999,24,7
2025-08-01,Home,Silver,SHIPPED,600079.59,107697.25,23,11
2025-08-01,Sports,Gold,CANCELLED,896376.53,94201.17,22,8
2025-08-01,Sports,Gold,DELIVERED,5159917.2299999995,360513.29000000004,140,49
2025-08-01,Sports,Gold,PENDING,926290.36,7886.3,21,7
2025-08-01,Sports,Gold,RETURNED,747495.62,62172.2,19,6
2025-08-01,Sports,Gold,SHIPPED,709922.89,10029.990000000002,17,6
2025-08-01,Sports,Platinum,CANCELLED,219189.66999999998,8363.85,4,2
2025-08-01,Sports,Platinum,DELIVERED,1946297.89,163096.78,48,17
2025-08-01,Sports,Platinum,PENDING,435037.79,79243.03,11,3
2025-08-01,Sports,Platinum,RETURNED,331140.49,46137.030000000006,11,4
2025-08-01,Sports,Platinum,SHIPPED,303917.16,34655.29,10,3
2025-08-01,Sports,Regular,CANCELLED,2703198.25,162798.7,73,29
2025-08-01,Sports,Regular,DELIVERED,27163887.55,2263670.9899999998,748,240
2025-08-01,Sports,Regular,PENDING,3775682.28,274124.34,90,29
2025-08-01,Sports,Regular,RETURNED,1826769.27,130640.56,45,15
2025-08-01,Sports,Regular,SHIPPED,2594830.8,193120.5,53,18
2025-08-01,Sports,Silver,CANCELLED,1360227.2,91534.35,31,12
2025-08-01,Sports,Silver,DELIVERED,11300180.5,802539.53,289,96
2025-08-01,Sports,Silver,PENDING,790938.73,135719.44,28,8
2025-08-01,Sports,Silver,RETURNED,745546.74,118039.32,19,6
2025-08-01,Sports,Silver,SHIPPED,448218.86,36301.98,20,6
2025-08-01,Toys,Gold,CANCELLED,186188.8,16153.73,15,5
2025-08-01,Toys,Gold,DELIVERED,2282711.22,185456.35,98,37
2025-08-01,Toys,Gold,PENDING,443435.36,11431.16,14,4
2025-08-01,Toys,Gold,RETURNED,546532.93,20492.510000000002,18,7
2025-08-01,Toys,Gold,SHIPPED,426184.08,0.0,8,2
2025-08-01,Toys,Platinum,CANCELLED,164653.23,0.0,3,1
2025-08-01,Toys,Platinum,DELIVERED,1464239.05,131496.54,43,18
2025-08-01,Toys,Platinum,PENDING,277494.23,45245.95,6,2
2025-08-01,Toys,Platinum,RETURNED,79926.61,233.85,5,2
2025-08-01,Toys,Platinum,SHIPPED,626231.27,54698.97,17,4
2025-08-01,Toys,Regular,CANCELLED,2213342.77,173988.22,56,20
2025-08-01,Toys,Regular,DELIVERED,21913904.83,1899203.26,632,212
2025-08-01,Toys,Regular,PENDING,2451013.22,204400.76,83,27
2025-08-01,Toys,Regular,RETURNED,2192178.73,172004.69,52,22
2025-08-01,Toys,Regular,SHIPPED,2931647.35,246038.04,91,31
2025-08-01,Toys,Silver,CANCELLED,1236920.93,102697.33,34,10
2025-08-01,Toys,Silver,DELIVERED,7514655.04,575182.0599999999,246,87
2025-08-01,Toys,Silver,PENDING,955280.4,78798.87,30,9
2025-08-01,Toys,Silver,RETURNED,84872.03,10918.06,7,4
2025-08-01,Toys,Silver,SHIPPED,465595.26,61608.94,17,8
2025-09-01,Beauty,Gold,CANCELLED,361971.07999999996,21127.36,10,4
2025-09-01,Beauty,Gold,DELIVERED,4882722.13,323558.02,128,49
2025-09-01,Beauty,Gold,PENDING,229240.55,39068.73,7,3
2025-09-01,Beauty,Gold,RETURNED,877870.25,91210.73999999999,21,7
2025-09-01,Beauty,Gold,SHIPPED,548964.14,34266.92,15,5
2025-09-01,Beauty,Platinum,CANCELLED,558560.27,26937.63,13,5
2025-09-01,Beauty,Platinum,DELIVERED,2225686.95,196327.67,56,18
2025-09-01,Beauty,Platinum,PENDING,237389.28000000003,21624.06,9,2
2025-09-01,Beauty,Platinum,SHIPPED,110346.49,22633.39,6,1
2025-09-01,Beauty,Regular,CANCELLED,2015939.47,153603.69999999998,66,26
2025-09-01,Beauty,Regular,DELIVERED,28270228.52,2429538.72,691,228
2025-09-01,Beauty,Regular,PENDING,2007139.52,132250.75,52,18
2025-09-01,Beauty,Regular,RETURNED,1915286.6400000001,100210.68,44,18
2025-09-01,Beauty,Regular,SHIPPED,3560106.42,279670.86,89,26
2025-09-01,Beauty,Silver,CANCELLED,1131844.5599999998,105763.64,27,8
2025-09-01,Beauty,Silver,DELIVERED,7188986.85,666247.14,216,74
2025-09-01,Beauty,Silver,PENDING,100994.12,7224.77,5,2
2025-09-01,Beauty,Silver,RETURNED,792332.49,53574.2,17,6
2025-09-01,Beauty,Silver,SHIPPED,558071.61,47852.229999999996,20,9
2025-09-01,Books,Gold,CANCELLED,334248.07,45631.58,7,4
2025-09-01,Books,Gold,DELIVERED,3514742.08,266991.10000000003,102,40
2025-09-01,Books,Gold,PENDING,179711.18,36600.29,5,2
2025-09-01,Books,Gold,RETURNED,790229.55,79187.97,17,4
2025-09-01,Books,Gold,SHIPPED,423524.67000000004,30274.58,21,7
2025-09-01,Books,Platinum,CANCELLED,270185.45,38308.369999999995,7,3
2025-09-01,Books,Platinum,DELIVERED,1673003.15,191890.68,59,19
2025-09-01,Books,Platinum,PENDING,156655.2,19443.84,6,2
2025-09-01,Books,Platinum,RETURNED,71423.19,21152.35,4,2
2025-09-01,Books,Platinum,SHIPPED,929521.24,81157.6,18,5
2025-09-01,Books,Regular,CANCELLED,4227237.89,297666.55,97,28
2025-09-01,Books,Regular,DELIVERED,27327296.46,2579930.51,720,246
2025-09-01,Books,Regular,PENDING,1581300.62,150214.85,46,16
2025-09-01,Books,Regular,RETURNED,2663847.91,224806.27,68,20
2025-09-01,Books,Regular,SHIPPED,3094760.07,194299.3,80,25
2025-09-01,Books,Silver,CANCELLED,1834606.02,218684.09,49,17
2025-09-01,Books,Silver,DELIVERED,9487532.16,726084.85,272,94
2025-09-01,Books,Silver,PENDING,1219633.42,132939.64,29,8
2025-09-01,Books,Silver,RETURNED,302700.29000000004,10209.380000000001,9,5
2025-09-01,Books,Silver,SHIPPED,421323.41,37049.520000000004,14,5
2025-09-01,Electronics,Gold,CANCELLED,549955.79,36579.1,22,6
2025-09-01,Electronics,Gold,DELIVERED,4298597.99,369340.61,125,43
2025-09-01,Electronics,Gold,PENDING,1115055.79,99957.59,29,11
2025-09-01,Electronics,Gold,RETURNED,550673.59,47983.89,18,5
2025-09-01,Electronics,Gold,SHIPPED,473907.5,16955.97,16,6
2025-09-01,Electronics,Platinum,CANCELLED,633263.89,53065.09,15,5
2025-09-01,Electronics,Platinum,DELIVERED,1724611.3,146478.53,55,21
2025-09-01,Electronics,Platinum,PENDING,59152.35,10905.18,3,2
2025-09-01,Electronics,Platinum,SHIPPED,64387.15,7154.13,2,1
2025-09-01,Electronics,Regular,CANCELLED,3440007.15,248732.41,102,29
2025-09-01,Electronics,Regular,DELIVERED,23626485.9,2053929.3800000001,644,215
2025-09-01,Electronics,Regular,PENDING,2336067.14,204274.21,66,24
2025-09-01,Electronics,Regular,RETURNED,1456028.08,178617.1,49,19
2025-09-01,Electronics,Regular,SHIPPED,2970037.03,240969.57,84,32
2025-09-01,Electronics,Silver,CANCELLED,510361.85000000003,41082.28,18,7
2025-09-01,Electronics,Silver,DELIVERED,8995324.45,793991.51,262,92
2025-09-01,Electronics,Silver,PENDING,800295.0800000001,56943.86,16,6
2025-09-01,Electronics,Silver,RETURNED,717674.8,84592.01999999999,16,7
2025-09-01,Electronics,Silver,SHIPPED,423795.29,93142.88,15,6
2025-09-01,Fashion,Gold,CANCELLED,316773.31,34283.08,9,3
2025-09-01,Fashion,Gold,DELIVERED,3699795.52,297603.13,101,34
2025-09-01,Fashion,Gold,PENDING,349155.5,30154.15,10,2
2025-09-01,Fashion,Gold,RETURNED,329840.5,25930.38,11,3
2025-09-01,Fashion,Gold,SHIPPED,595558.8500000001,18312.440000000002,14,6
2025-09-01,Fashion,Platinum,DELIVERED,1896978.26,206026.39,52,18
2025-09-01,Fashion,Platinum,PENDING,559248.01,72954.7,14,3
2025-09-01,Fashion,Platinum,SHIPPED,575333.54,35273.83,14,5
2025-09-01,Fashion,Regular,CANCELLED,2524433.35,205487.22,62,23
2025-09-01,Fashion,Regular,DELIVERED,21901619.25,1861155.74,649,222
2025-09-01,Fashion,Regular,PENDING,1800827.05,203210.43,50,13
2025-09-01,Fashion,Regular,RETURNED,1133136.8,82305.38,40,14
2025-09-01,Fashion,Regular,SHIPPED,4018963.2199999997,286803.66,104,27
2025-09-01,Fashion,Silver,CANCELLED,711179.45,94132.38,22,8
2025-09-01,Fashion,Silver,DELIVERED,7748604.58,545354.95,232,79
2025-09-01,Fashion,Silver,PENDING,102.67,0.0,1,1
2025-09-01,Fashion,Silver,RETURNED,253769.3,17019.65,11,5
2025-09-01,Fashion,Silver,SHIPPED,435603.56,70776.5,16,7
2025-09-01,Furniture,Gold,CANCELLED,545442.76,0.0,16,6
2025-09-01,Furniture,Gold,DELIVERED,3198722.48,306606.09,92,31
2025-09-01,Furniture,Gold,PENDING,409638.57,38097.24,11,5
2025-09-01,Furniture,Gold,RETURNED,682199.05,32857.58,19,6
2025-09-01,Furniture,Gold,SHIPPED,812076.5700000001,93529.59,28,8
2025-09-01,Furniture,Platinum,CANCELLED,662043.28,10576.89,17,5
2025-09-01,Furniture,Platinum,DELIVERED,1257150.31,94259.76000000001,46,19
2025-09-01,Furniture,Platinum,PENDING,295570.35,9019.37,5,3
2025-09-01,Furniture,Platinum,RETURNED,41417.76,0.0,3,1
2025-09-01,Furniture,Platinum,SHIPPED,61519.99,0.0,1,1
2025-09-01,Furniture,Regular,CANCELLED,2710050.14,301605.54,82,26
2025-09-01,Furniture,Regular,DELIVERED,21513190.61,1626489.88,657,230
2025-09-01,Furniture,Regular,PENDING,3253927.17,289258.49,84,23
2025-09-01,Furniture,Regular,RETURNED,1567294.54,141026.36000000002,51,19
2025-09-01,Furniture,Regular,SHIPPED,3139872.01,218459.69,84,33
2025-09-01,Furniture,Silver,CANCELLED,1055719.62,99375.11,31,9
2025-09-01,Furniture,Silver,DELIVERED,8321822.97,711690.47,233,76
2025-09-01,Furniture,Silver,PENDING,940483.07,65400.49,21,8
2025-09-01,Furniture,Silver,RETURNED,832458.27,59237.68,26,10
2025-09-01,Furniture,Silver,SHIPPED,1324239.03,58007.22,37,13
2025-09-01,Home,Gold,CANCELLED,396485.93,47562.25,9,6
2025-09-01,Home,Gold,DELIVERED,3822595.01,480558.6,121,43
2025-09-01,Home,Gold,PENDING,1058322.55,87724.54,23,7
2025-09-01,Home,Gold,RETURNED,746554.8200000001,92472.16,23,8
2025-09-01,Home,Gold,SHIPPED,1286900.33,120120.85,39,11
2025-09-01,Home,Platinum,CANCELLED,332679.47,34074.49,12,3
2025-09-01,Home,Platinum,DELIVERED,3092533.48,222089.65,66,19
2025-09-01,Home,Platinum,PENDING,23661.03,0.0,3,1
2025-09-01,Home,Platinum,RETURNED,483442.82,71994.89,19,3
2025-09-01,Home,Platinum,SHIPPED,379637.85,35825.48,16,5
2025-09-01,Home,Regular,CANCELLED,4128015.04,321808.95,98,28
2025-09-01,Home,Regular,DELIVERED,24556124.62,1912845.49,735,245
2025-09-01,Home,Regular,PENDING,1880792.39,162266.19,72,21
2025-09-01,Home,Regular,RETURNED,1845492.8599999999,219544.94,48,18
2025-09-01,Home,Regular,SHIPPED,3361018.98,225507.58,91,29
2025-09-01,Home,Silver,CANCELLED,595834.81,47391.65,18,9
2025-09-01,Home,Silver,DELIVERED,6745883.41,803895.91,206,71
2025-09-01,Home,Silver,PENDING,810076.84,73585.16,31,10
2025-09-01,Home,Silver,RETURNED,197066.50999999998,23138.79,11,6
2025-09-01,Home,Silver,SHIPPED,796879.03,60021.090000000004,30,10
2025-09-01,Sports,Gold,CANCELLED,60480.51,4287.41,4,3
2025-09-01,Sports,Gold,DELIVERED,4997365.350000001,505107.91,123,40
2025-09-01,Sports,Gold,PENDING,533700.9299999999,23631.31,10,3
2025-09-01,Sports,Gold,RETURNED,1093916.77,73921.8,22,8
2025-09-01,Sports,Gold,SHIPPED,575980.97,45320.92,15,5
2025-09-01,Sports,Platinum,CANCELLED,260360.74,31896.09,12,4
2025-09-01,Sports,Platinum,DELIVERED,1383071.21,220600.4,43,16
2025-09-01,Sports,Platinum,PENDING,653045.62,31510.57,15,6
2025-09-01,Sports,Platinum,RETURNED,347844.93,45093.43,8,2
2025-09-01,Sports,Platinum,SHIPPED,323730.16,12430.26,10,4
2025-09-01,Sports,Regular,CANCELLED,2713442.2800000003,243876.35,72,29
2025-09-01,Sports,Regular,DELIVERED,22208304.26,1950041.0,661,227
2025-09-01,Sports,Regular,PENDING,1527283.06,124081.82,53,16
2025-09-01,Sports,Regular,RETURNED,824535.51,107118.25,31,13
2025-09-01,Sports,Regular,SHIPPED,3196436.5,213553.97,77,26
2025-09-01,Sports,Silver,CANCELLED,627997.6799999999,74798.45,20,6
2025-09-01,Sports,Silver,DELIVERED,7975236.7700000005,799670.69,221,73
2025-09-01,Sports,Silver,PENDING,638411.6799999999,52556.86,16,6
2025-09-01,Sports,Silver,RETURNED,381921.49,51446.450000000004,11,4
2025-09-01,Sports,Silver,SHIPPED,1447864.27,75620.27,34,12
2025-09-01,Toys,Gold,CANCELLED,546709.16,115592.45,14,5
2025-09-01,Toys,Gold,DELIVERED,5331883.75,369917.61,150,48
2025-09-01,Toys,Gold,PENDING,61092.54,18582.22,6,2
2025-09-01,Toys,Gold,RETURNED,804746.9400000001,51350.979999999996,18,5
2025-09-01,Toys,Gold,SHIPPED,248155.57,22334.660000000003,8,4
2025-09-01,Toys,Platinum,CANCELLED,139646.83,3093.25,6,2
2025-09-01,Toys,Platinum,DELIVERED,3058967.1,258796.37,89,25
2025-09-01,Toys,Platinum,PENDING,168003.4,8842.28,4,1
2025-09-01,Toys,Platinum,RETURNED,121663.35,24659.940000000002,5,3
2025-09-01,Toys,Platinum,SHIPPED,341680.98,18680.87,13,4
2025-09-01,Toys,Regular,CANCELLED,2528178.11,146499.34,73,26
2025-09-01,Toys,Regular,DELIVERED,23004218.66,1896996.9,716,242
2025-09-01,Toys,Regular,PENDING,1943854.56,178195.21,55,17
2025-09-01,Toys,Regular,RETURNED,1647959.38,188651.72999999998,57,23
2025-09-01,Toys,Regular,SHIPPED,2340867.95,205352.54,82,28
2025-09-01,Toys,Silver,CANCELLED,913578.4,97617.14,32,11
2025-09-01,Toys,Silver,DELIVERED,7453471.77,767830.78,210,70
2025-09-01,Toys,Silver,PENDING,957774.14,86633.72,25,10
2025-09-01,Toys,Silver,RETURNED,861679.0599999999,43944.99,26,8
2025-09-01,Toys,Silver,SHIPPED,542210.74,40044.63,20,8
2025-10-01,Beauty,Gold,CANCELLED,967341.93,43051.61,32,11
2025-10-01,Beauty,Gold,DELIVERED,3058151.78,214157.48,90,35
2025-10-01,Beauty,Gold,PENDING,760980.53,74490.96,15,5
2025-10-01,Beauty,Gold,RETURNED,114424.04000000001,10477.31,5,2
2025-10-01,Beauty,Gold,SHIPPED,666875.74,68644.37999999999,20,6
2025-10-01,Beauty,Platinum,DELIVERED,2270391.43,207775.72,60,22
2025-10-01,Beauty,Platinum,PENDING,188820.17,9937.9,3,1
2025-10-01,Beauty,Platinum,RETURNED,180579.84,15922.2,6,2
2025-10-01,Beauty,Platinum,SHIPPED,566182.95,14536.86,12,5
2025-10-01,Beauty,Regular,CANCELLED,2479604.5,145937.86,69,24
2025-10-01,Beauty,Regular,DELIVERED,23093193.94,2065355.54,631,207
2025-10-01,Beauty,Regular,PENDING,1326552.14,137464.53,39,13
2025-10-01,Beauty,Regular,RETURNED,2863401.64,350085.07,79,25
2025-10-01,Beauty,Regular,SHIPPED,3675121.91,232841.21,110,36
2025-10-01,Beauty,Silver,CANCELLED,3174615.12,220752.77,62,21
2025-10-01,Beauty,Silver,DELIVERED,7241803.1899999995,689983.81,196,68
2025-10-01,Beauty,Silver,PENDING,1508961.47,120172.98,36,11
2025-10-01,Beauty,Silver,RETURNED,1556447.29,133537.7,38,9
2025-10-01,Beauty,Silver,SHIPPED,681477.47,46254.04,27,10
2025-10-01,Books,Gold,CANCELLED,295223.68,7707.76,10,4
2025-10-01,Books,Gold,DELIVERED,4169883.82,321261.16,101,40
2025-10-01,Books,Gold,PENDING,410292.39,22165.63,14,4
2025-10-01,Books,Gold,RETURNED,179369.56,12649.14,6,3
2025-10-01,Books,Gold,SHIPPED,1141577.74,166982.66,29,8
2025-10-01,Books,Platinum,CANCELLED,85016.86,11507.59,3,2
2025-10-01,Books,Platinum,DELIVERED,1749871.84,183688.8,55,23
2025-10-01,Books,Platinum,PENDING,49741.65,2617.98,1,1
2025-10-01,Books,Platinum,SHIPPED,517090.01,87498.64,14,6
2025-10-01,Books,Regular,CANCELLED,3365399.43,228248.55,78,26
2025-10-01,Books,Regular,DELIVERED,22348447.57,1950351.82,598,216
2025-10-01,Books,Regular,PENDING,2709294.59,269810.83,71,26
2025-10-01,Books,Regular,RETURNED,1853594.14,205484.81,62,17
2025-10-01,Books,Regular,SHIPPED,3494079.12,428234.88,86,30
2025-10-01,Books,Silver,CANCELLED,1440421.35,165322.59,35,12
2025-10-01,Books,Silver,DELIVERED,7969840.07,621790.95,224,85
2025-10-01,Books,Silver,PENDING,790557.31,77229.83,27,9
2025-10-01,Books,Silver,RETURNED,1197205.0,148880.65,28,6
2025-10-01,Books,Silver,SHIPPED,1426763.12,100928.53,30,11
2025-10-01,Electronics,Gold,CANCELLED,568896.34,70723.33,16,6
2025-10-01,Electronics,Gold,DELIVERED,5524761.05,521218.31,144,48
2025-10-01,Electronics,Gold,PENDING,276824.9,15094.23,8,4
2025-10-01,Electronics,Gold,RETURNED,424711.99,45662.29,11,4
2025-10-01,Electronics,Gold,SHIPPED,610477.36,62600.659999999996,20,7
2025-10-01,Electronics,Platinum,CANCELLED,151360.78,29117.879999999997,9,2
2025-10-01,Electronics,Platinum,DELIVERED,3311619.13,300667.37,84,29
2025-10-01,Electronics,Platinum,RETURNED,66879.85,963.89,6,2
2025-10-01,Electronics,Platinum,SHIPPED,702717.21,50883.86,23,8
2025-10-01,Electronics,Regular,CANCELLED,2562935.31,242103.0,68,25
2025-10-01,Electronics,Regular,DELIVERED,23835075.96,2029827.91,679,221
2025-10-01,Electronics,Regular,PENDING,2152063.23,186567.53,62,23
2025-10-01,Electronics,Regular,RETURNED,1569578.74,147215.67,45,19
2025-10-01,Electronics,Regular,SHIPPED,3074266.23,278058.61,84,32
2025-10-01,Electronics,Silver,CANCELLED,1389525.53,69992.64,44,16
2025-10-01,Electronics,Silver,DELIVERED,8070999.46,615016.13,244,80
2025-10-01,Electronics,Silver,PENDING,967418.37,49903.95,25,7
2025-10-01,Electronics,Silver,RETURNED,760295.4,26315.94,18,7
2025-10-01,Electronics,Silver,SHIPPED,740919.97,105489.09999999999,26,9
2025-10-01,Fashion,Gold,CANCELLED,488628.2,28642.86,14,7
2025-10-01,Fashion,Gold,DELIVERED,3465707.0100000002,273540.76,94,35
2025-10-01,Fashion,Gold,PENDING,607028.37,61055.07,15,6
2025-10-01,Fashion,Gold,RETURNED,286742.74,54451.270000000004,11,3
2025-10-01,Fashion,Gold,SHIPPED,730344.28,38397.68,22,5
2025-10-01,Fashion,Platinum,CANCELLED,365086.28,0.0,8,2
2025-10-01,Fashion,Platinum,DELIVERED,1807057.84,178686.37,49,16
2025-10-01,Fashion,Platinum,PENDING,114509.45000000001,22707.93,4,2
2025-10-01,Fashion,Platinum,RETURNED,237443.76,10907.28,8,3
2025-10-01,Fashion,Platinum,SHIPPED,319444.51,13296.5,7,4
2025-10-01,Fashion,Regular,CANCELLED,1128165.67,122719.45999999999,47,16
2025-10-01,Fashion,Regular,DELIVERED,20156506.51,1838956.7,600,209
2025-10-01,Fashion,Regular,PENDING,2067368.3599999999,158564.46,57,22
2025-10-01,Fashion,Regular,RETURNED,1413483.87,109662.64,65,17
2025-10-01,Fashion,Regular,SHIPPED,3954889.66,463646.14,103,29
2025-10-01,Fashion,Silver,CANCELLED,1055036.18,100503.76,34,14
2025-10-01,Fashion,Silver,DELIVERED,7657378.61,666364.98,238,84
2025-10-01,Fashion,Silver,PENDING,530921.93,13336.63,13,4
2025-10-01,Fashion,Silver,RETURNED,622606.6000000001,79723.09999999999,22,8
2025-10-01,Fashion,Silver,SHIPPED,1730224.64,87733.61,41,15
2025-10-01,Furniture,Gold,CANCELLED,96825.61,7167.08,5,3
2025-10-01,Furniture,Gold,DELIVERED,5099158.22,395757.85,142,51
2025-10-01,Furniture,Gold,PENDING,957572.95,52480.549999999996,21,7
2025-10-01,Furniture,Gold,RETURNED,498479.1,41300.78,17,5
2025-10-01,Furniture,Gold,SHIPPED,654529.0,48038.82,16,4
2025-10-01,Furniture,Platinum,DELIVERED,1246123.89,93539.22,51,19
2025-10-01,Furniture,Platinum,PENDING,68163.72,7706.87,5,2
2025-10-01,Furniture,Platinum,RETURNED,289519.49,759.86,5,2
2025-10-01,Furniture,Platinum,SHIPPED,401098.03,39593.18,19,6
2025-10-01,Furniture,Regular,CANCELLED,2336788.88,225706.77,61,20
2025-10-01,Furniture,Regular,DELIVERED,22111420.46,1879060.91,658,226
2025-10-01,Furniture,Regular,PENDING,2364064.4299999997,247309.11,64,15
2025-10-01,Furniture,Regular,RETURNED,1709633.98,136840.15,41,15
2025-10-01,Furniture,Regular,SHIPPED,3269020.19,251472.35,101,34
2025-10-01,Furniture,Silver,CANCELLED,672162.8200000001,92588.18,31,9
2025-10-01,Furniture,Silver,DELIVERED,8470241.68,848932.41,278,94
2025-10-01,Furniture,Silver,PENDING,713283.23,76508.99,21,6
2025-10-01,Furniture,Silver,RETURNED,507074.3,71876.85,16,8
2025-10-01,Furniture,Silver,SHIPPED,1265491.91,142687.86,53,17
2025-10-01,Home,Gold,CANCELLED,1241448.8,97519.51,28,6
2025-10-01,Home,Gold,DELIVERED,4749758.66,481472.45999999996,141,48
2025-10-01,Home,Gold,PENDING,480947.04000000004,68768.47,13,5
2025-10-01,Home,Gold,RETURNED,585067.85,62168.630000000005,15,5
2025-10-01,Home,Gold,SHIPPED,568781.73,93553.14,15,5
2025-10-01,Home,Platinum,CANCELLED,427165.32,24400.829999999998,9,3
2025-10-01,Home,Platinum,DELIVERED,1165945.6,73480.51,34,13
2025-10-01,Home,Platinum,PENDING,360994.03,43067.04,7,3
2025-10-01,Home,Platinum,RETURNED,270917.29,44570.81,11,3
2025-10-01,Home,Platinum,SHIPPED,523823.38,99782.68000000001,15,5
2025-10-01,Home,Regular,CANCELLED,2881767.02,196743.73,84,28
2025-10-01,Home,Regular,DELIVERED,21339827.71,1926582.0,647,213
2025-10-01,Home,Regular,PENDING,1668556.04,167206.66,57,22
2025-10-01,Home,Regular,RETURNED,1700303.84,196393.28,59,18
2025-10-01,Home,Regular,SHIPPED,4021045.21,497462.38999999996,100,35
2025-10-01,Home,Silver,CANCELLED,1229171.03,127197.04000000001,51,19
2025-10-01,Home,Silver,DELIVERED,9851594.99,840078.72,300,93
2025-10-01,Home,Silver,PENDING,895442.86,159231.34,24,9
2025-10-01,Home,Silver,RETURNED,649493.83,81882.78,33,9
2025-10-01,Home,Silver,SHIPPED,1640040.13,131874.69,50,14
2025-10-01,Sports,Gold,CANCELLED,479088.77,30101.23,17,6
2025-10-01,Sports,Gold,DELIVERED,4545553.19,412738.2,136,46
2025-10-01,Sports,Gold,PENDING,760551.61,73019.27,22,7
2025-10-01,Sports,Gold,RETURNED,611222.52,20976.64,14,6
2025-10-01,Sports,Gold,SHIPPED,461299.78,43676.43,18,8
2025-10-01,Sports,Platinum,DELIVERED,3539274.42,285124.23,85,23
2025-10-01,Sports,Platinum,PENDING,241144.66999999998,23935.03,6,3
2025-10-01,Sports,Platinum,RETURNED,265457.14,30397.52,10,3
2025-10-01,Sports,Platinum,SHIPPED,273929.52,10938.92,8,2
2025-10-01,Sports,Regular,CANCELLED,2731965.18,160640.63,76,26
2025-10-01,Sports,Regular,DELIVERED,23747992.49,1964192.77,656,219
2025-10-01,Sports,Regular,PENDING,2165159.86,220098.82,66,20
2025-10-01,Sports,Regular,RETURNED,2630570.44,192770.29,81,24
2025-10-01,Sports,Regular,SHIPPED,2936348.46,190366.64,91,35
2025-10-01,Sports,Silver,CANCELLED,1819095.3199999998,207323.33,46,17
2025-10-01,Sports,Silver,DELIVERED,9651135.83,856574.72,258,85
2025-10-01,Sports,Silver,PENDING,1016777.23,58205.72,30,8
2025-10-01,Sports,Silver,RETURNED,784417.93,74694.78,20,7
2025-10-01,Sports,Silver,SHIPPED,1276279.83,57363.7,35,12
2025-10-01,Toys,Gold,CANCELLED,608751.52,67637.81,22,5
2025-10-01,Toys,Gold,DELIVERED,4651499.1,412106.4,140,46
2025-10-01,Toys,Gold,PENDING,523098.49,52054.15,20,7
2025-10-01,Toys,Gold,RETURNED,693386.16,78107.61,18,6
2025-10-01,Toys,Gold,SHIPPED,405287.14999999997,54437.5,21,7
2025-10-01,Toys,Platinum,DELIVERED,1650631.64,110908.18000000001,50,20
2025-10-01,Toys,Platinum,PENDING,48874.33,3835.95,4,2
2025-10-01,Toys,Platinum,RETURNED,7460.44,0.0,1,1
2025-10-01,Toys,Platinum,SHIPPED,516032.08,8399.07,17,6
2025-10-01,Toys,Regular,CANCELLED,1572996.75,79670.01,45,19
2025-10-01,Toys,Regular,DELIVERED,19118648.19,1562385.31,583,206
2025-10-01,Toys,Regular,PENDING,2992720.23,285402.64,78,29
2025-10-01,Toys,Regular,RETURNED,2424318.1,115191.72,70,20
2025-10-01,Toys,Regular,SHIPPED,3485975.04,281288.04,98,26
2025-10-01,Toys,Silver,CANCELLED,1536359.04,103285.85,42,15
2025-10-01,Toys,Silver,DELIVERED,6812960.83,635310.22,197,72
2025-10-01,Toys,Silver,PENDING,496652.74,54492.350000000006,14,6
2025-10-01,Toys,Silver,RETURNED,578073.73,28761.67,14,5
2025-10-01,Toys,Silver,SHIPPED,784116.69,59492.55,31,10
2025-11-01,Beauty,Gold,CANCELLED,367649.67000000004,7654.81,12,4
2025-11-01,Beauty,Gold,DELIVERED,3879369.62,321236.39999999997,109,42
2025-11-01,Beauty,Gold,PENDING,570594.25,79294.01000000001,10,3
2025-11-01,Beauty,Gold,RETURNED,425991.24,33914.16,9,3
2025-11-01,Beauty,Gold,SHIPPED,843030.4099999999,137389.91,20,6
2025-11-01,Beauty,Platinum,CANCELLED,582422.04,23684.910000000003,13,3
2025-11-01,Beauty,Platinum,DELIVERED,2035541.97,146250.67,67,22
2025-11-01,Beauty,Platinum,PENDING,53581.19,0.0,1,1
2025-11-01,Beauty,Platinum,RETURNED,8935.51,0.0,1,1
2025-11-01,Beauty,Platinum,SHIPPED,213686.5,28220.82,9,4
2025-11-01,Beauty,Regular,CANCELLED,2958495.64,221509.24,76,28
2025-11-01,Beauty,Regular,DELIVERED,18401172.38,1577529.16,480,183
2025-11-01,Beauty,Regular,PENDING,3048692.27,206911.43,72,24
2025-11-01,Beauty,Regular,RETURNED,2037998.28,153060.13,46,19
2025-11-01,Beauty,Regular,SHIPPED,3948682.85,378962.29,89,28
2025-11-01,Beauty,Silver,CANCELLED,1008505.12,68504.05,24,8
2025-11-01,Beauty,Silver,DELIVERED,7513338.7700000005,529240.99,200,70
2025-11-01,Beauty,Silver,PENDING,1561992.18,125172.01,37,12
2025-11-01,Beauty,Silver,RETURNED,972105.93,84258.85,22,9
2025-11-01,Beauty,Silver,SHIPPED,1553778.95,126254.31,44,16
2025-11-01,Books,Gold,CANCELLED,900395.6799999999,93464.63,21,7
2025-11-01,Books,Gold,DELIVERED,7019336.78,560707.89,181,56
2025-11-01,Books,Gold,PENDING,653335.39,49232.16,17,4
2025-11-01,Books,Gold,RETURNED,659726.47,29719.870000000003,19,7
2025-11-01,Books,Gold,SHIPPED,334150.43,10869.42,11,5
2025-11-01,Books,Platinum,CANCELLED,618094.2,79825.95,13,3
2025-11-01,Books,Platinum,DELIVERED,2740639.21,141082.26,71,26
2025-11-01,Books,Platinum,PENDING,389856.81,56070.68,11,3
2025-11-01,Books,Platinum,RETURNED,242851.11,11461.15,6,1
2025-11-01,Books,Platinum,SHIPPED,260525.57,19770.5,6,3
2025-11-01,Books,Regular,CANCELLED,3421720.95,322909.25,87,26
2025-11-01,Books,Regular,DELIVERED,22524569.38,1854546.87,563,191
2025-11-01,Books,Regular,PENDING,2872010.62,216428.19,79,26
2025-11-01,Books,Regular,RETURNED,2212644.58,235305.16,59,19
2025-11-01,Books,Regular,SHIPPED,3580687.96,366913.72,92,35
2025-11-01,Books,Silver,CANCELLED,629265.45,55249.740000000005,15,6
2025-11-01,Books,Silver,DELIVERED,7978500.23,733737.41,203,73
2025-11-01,Books,Silver,PENDING,549340.49,52074.78,25,8
2025-11-01,Books,Silver,RETURNED,603517.29,113196.51999999999,19,7
2025-11-01,Books,Silver,SHIPPED,2119152.6,95114.41,42,13
2025-11-01,Electronics,Gold,CANCELLED,263224.51,34548.67,6,3
2025-11-01,Electronics,Gold,DELIVERED,5880424.75,497186.18,158,55
2025-11-01,Electronics,Gold,PENDING,339377.11,37128.97,13,5
2025-11-01,Electronics,Gold,RETURNED,186421.34,11031.460000000001,7,4
2025-11-01,Electronics,Gold,SHIPPED,316781.17000000004,25741.22,16,5
2025-11-01,Electronics,Platinum,CANCELLED,6390.54,336.34,4,1
2025-11-01,Electronics,Platinum,DELIVERED,1861532.8599999999,170806.66,72,21
2025-11-01,Electronics,Platinum,PENDING,181097.21,16810.66,6,2
2025-11-01,Electronics,Platinum,SHIPPED,239051.04,15434.88,13,3
2025-11-01,Electronics,Regular,CANCELLED,1076731.04,126476.23,42,14
2025-11-01,Electronics,Regular,DELIVERED,17240100.26,1378927.85,520,176
2025-11-01,Electronics,Regular,PENDING,1948290.4100000001,190322.68,58,19
2025-11-01,Electronics,Regular,RETURNED,1828885.64,233231.96,52,19
2025-11-01,Electronics,Regular,SHIPPED,3229840.54,264650.77,81,27
2025-11-01,Electronics,Silver,CANCELLED,1414913.19,81466.65,39,9
2025-11-01,Electronics,Silver,DELIVERED,7024038.47,599493.22,200,66
2025-11-01,Electronics,Silver,PENDING,831960.5,68570.27,28,10
2025-11-01,Electronics,Silver,RETURNED,1082660.5,60522.0,29,10
2025-11-01,Electronics,Silver,SHIPPED,1853700.74,206691.65,53,16
2025-11-01,Fashion,Gold,CANCELLED,719254.14,18632.96,22,7
2025-11-01,Fashion,Gold,DELIVERED,3967103.7,321615.77,130,49
2025-11-01,Fashion,Gold,PENDING,183026.66999999998,24937.48,3,2
2025-11-01,Fashion,Gold,RETURNED,374429.20999999996,16921.18,7,3
2025-11-01,Fashion,Gold,SHIPPED,844333.9199999999,120185.08,29,8
2025-11-01,Fashion,Platinum,CANCELLED,286826.52999999997,3376.43,7,3
2025-11-01,Fashion,Platinum,DELIVERED,1683742.54,81777.38,49,18
2025-11-01,Fashion,Platinum,PENDING,411413.21,5090.16,11,3
2025-11-01,Fashion,Platinum,SHIPPED,159353.06,6217.4,6,2
2025-11-01,Fashion,Regular,CANCELLED,2069056.94,149925.06,65,23
2025-11-01,Fashion,Regular,DELIVERED,20529601.16,1757044.27,588,197
2025-11-01,Fashion,Regular,PENDING,1746015.79,96598.41,43,16
2025-11-01,Fashion,Regular,RETURNED,1790838.71,188658.43,53,19
2025-11-01,Fashion,Regular,SHIPPED,2666713.5,341089.07,82,28
2025-11-01,Fashion,Silver,CANCELLED,875820.59,92504.47,17,7
2025-11-01,Fashion,Silver,DELIVERED,7073191.71,737293.96,201,78
2025-11-01,Fashion,Silver,PENDING,548456.39,62346.549999999996,16,6
2025-11-01,Fashion,Silver,RETURNED,512572.22,72676.97,19,6
2025-11-01,Fashion,Silver,SHIPPED,953092.55,49777.14,28,11
2025-11-01,Furniture,Gold,CANCELLED,378320.12,52208.69,15,5
2025-11-01,Furniture,Gold,DELIVERED,3995820.67,310391.1,127,39
2025-11-01,Furniture,Gold,PENDING,405491.91000000003,110358.69,13,5
2025-11-01,Furniture,Gold,RETURNED,389218.43,29514.22,15,4
2025-11-01,Furniture,Gold,SHIPPED,549635.64,13814.28,12,4
2025-11-01,Furniture,Platinum,CANCELLED,152748.53,7971.01,7,2
2025-11-01,Furniture,Platinum,DELIVERED,2484807.7600000002,207574.66,78,29
2025-11-01,Furniture,Platinum,RETURNED,218969.55,35902.13,8,2
2025-11-01,Furniture,Platinum,SHIPPED,146919.98,20757.77,5,3
2025-11-01,Furniture,Regular,CANCELLED,1494321.26,75349.52,52,22
2025-11-01,Furniture,Regular,DELIVERED,18835200.580000002,1235279.02,528,192
2025-11-01,Furniture,Regular,PENDING,1483590.48,122041.02,57,16
2025-11-01,Furniture,Regular,RETURNED,1419485.3,115160.81,47,15
2025-11-01,Furniture,Regular,SHIPPED,3363137.77,249529.41,107,36
2025-11-01,Furniture,Silver,CANCELLED,760651.87,65668.16,20,7
2025-11-01,Furniture,Silver,DELIVERED,7323444.5,584103.87,225,81
2025-11-01,Furniture,Silver,PENDING,1591338.0,212371.51,43,14
2025-11-01,Furniture,Silver,RETURNED,750419.73,62959.950000000004,22,7
2025-11-01,Furniture,Silver,SHIPPED,1083959.66,95133.47,28,9
2025-11-01,Home,Gold,CANCELLED,394440.02999999997,26559.12,22,6
2025-11-01,Home,Gold,DELIVERED,5812719.92,555382.89,153,45
2025-11-01,Home,Gold,PENDING,96603.67000000001,10069.88,5,2
2025-11-01,Home,Gold,RETURNED,69742.06,419.27,4,2
2025-11-01,Home,Gold,SHIPPED,757882.61,91340.14,19,8
2025-11-01,Home,Platinum,CANCELLED,9723.150000000001,1080.36,2,2
2025-11-01,Home,Platinum,DELIVERED,3022487.55,278138.35,103,30
2025-11-01,Home,Platinum,PENDING,223359.42,74453.14,4,1
2025-11-01,Home,Platinum,RETURNED,238748.63,19158.16,5,2
2025-11-01,Home,Platinum,SHIPPED,269697.12,24069.09,7,3
2025-11-01,Home,Regular,CANCELLED,3665793.75,252680.36000000002,91,35
2025-11-01,Home,Regular,DELIVERED,21213161.97,1634284.57,637,206
2025-11-01,Home,Regular,PENDING,2596010.0,216966.02,64,24
2025-11-01,Home,Regular,RETURNED,1608091.54,96057.34,49,17
2025-11-01,Home,Regular,SHIPPED,3051032.32,222315.88999999998,92,33
2025-11-01,Home,Silver,CANCELLED,1404777.16,75455.78,30,9
2025-11-01,Home,Silver,DELIVERED,7529960.51,610050.12,210,73
2025-11-01,Home,Silver,PENDING,1640830.89,89057.95,36,11
2025-11-01,Home,Silver,RETURNED,1436055.43,132352.75,34,9
2025-11-01,Home,Silver,SHIPPED,1026622.24,90795.85,43,14
2025-11-01,Sports,Gold,CANCELLED,1360356.21,84503.20999999999,28,6
2025-11-01,Sports,Gold,DELIVERED,6883191.47,544156.2,182,62
2025-11-01,Sports,Gold,PENDING,631777.46,35371.85,13,4
2025-11-01,Sports,Gold,RETURNED,148179.81,16762.7,4,2
2025-11-01,Sports,Gold,SHIPPED,644792.23,28844.75,17,6
2025-11-01,Sports,Platinum,CANCELLED,4934.47,870.79,2,1
2025-11-01,Sports,Platinum,DELIVERED,2547210.18,136100.66,68,25
2025-11-01,Sports,Platinum,PENDING,347605.43,7365.64,6,2
2025-11-01,Sports,Platinum,SHIPPED,86166.62,1161.05,7,2
2025-11-01,Sports,Regular,CANCELLED,4427132.33,360073.44,109,32
2025-11-01,Sports,Regular,DELIVERED,22133119.85,1750602.49,590,204
2025-11-01,Sports,Regular,PENDING,1870291.6400000001,171821.72,45,15
2025-11-01,Sports,Regular,RETURNED,1687089.83,147126.06,48,18
2025-11-01,Sports,Regular,SHIPPED,3727503.44,415784.4,96,35
2025-11-01,Sports,Silver,CANCELLED,498480.57999999996,28711.920000000002,14,6
2025-11-01,Sports,Silver,DELIVERED,8201242.51,557370.87,238,79
2025-11-01,Sports,Silver,PENDING,1507857.8699999999,112219.04999999999,40,14
2025-11-01,Sports,Silver,RETURNED,1300349.05,110196.62,30,9
2025-11-01,Sports,Silver,SHIPPED,2318842.54,183640.18,46,14
2025-11-01,Toys,Gold,CANCELLED,490146.77,86611.04,22,6
2025-11-01,Toys,Gold,DELIVERED,5516747.57,435959.4,164,60
2025-11-01,Toys,Gold,PENDING,398363.47,22765.83,10,4
2025-11-01,Toys,Gold,RETURNED,681096.42,38317.380000000005,19,6
2025-11-01,Toys,Gold,SHIPPED,313558.75,38866.04,13,7
2025-11-01,Toys,Platinum,CANCELLED,81967.28,9107.48,2,1
2025-11-01,Toys,Platinum,DELIVERED,1149364.6,83964.12,48,19
2025-11-01,Toys,Platinum,RETURNED,55474.58,18491.53,3,1
2025-11-01,Toys,Platinum,SHIPPED,526001.46,32258.59,9,2
2025-11-01,Toys,Regular,CANCELLED,2649639.75,249899.47,90,30
2025-11-01,Toys,Regular,DELIVERED,19807380.39,1509747.42,669,214
2025-11-01,Toys,Regular,PENDING,2534011.38,176743.38,79,27
2025-11-01,Toys,Regular,RETURNED,2230273.43,176982.45,75,27
2025-11-01,Toys,Regular,SHIPPED,2839040.61,249289.28,97,31
2025-11-01,Toys,Silver,CANCELLED,835541.39,125066.73,27,9
2025-11-01,Toys,Silver,DELIVERED,6894497.56,534303.96,230,78
2025-11-01,Toys,Silver,PENDING,666138.02,46529.64,18,7
2025-11-01,Toys,Silver,RETURNED,659764.61,52696.57,18,8
2025-11-01,Toys,Silver,SHIPPED,864180.84,65142.78,27,11
2025-12-01,Beauty,Gold,CANCELLED,528207.45,35878.46,13,4
2025-12-01,Beauty,Gold,DELIVERED,5010144.27,477279.74,129,41
2025-12-01,Beauty,Gold,PENDING,297661.15,19386.46,12,3
2025-12-01,Beauty,Gold,RETURNED,1013929.12,102747.72,29,9
2025-12-01,Beauty,Gold,SHIPPED,533270.02,75349.22,18,5
2025-12-01,Beauty,Platinum,CANCELLED,250810.71,3938.94,8,3
2025-12-01,Beauty,Platinum,DELIVERED,1532353.97,105085.5,34,12
2025-12-01,Beauty,Platinum,RETURNED,381130.51,1876.25,7,2
2025-12-01,Beauty,Platinum,SHIPPED,205972.7,21375.14,8,3
2025-12-01,Beauty,Regular,CANCELLED,2519428.25,208767.63,66,26
2025-12-01,Beauty,Regular,DELIVERED,27744758.04,1912620.81,676,214
2025-12-01,Beauty,Regular,PENDING,1469888.69,63221.630000000005,40,13
2025-12-01,Beauty,Regular,RETURNED,1733343.0899999999,103210.8,50,18
2025-12-01,Beauty,Regular,SHIPPED,4156642.81,444556.76999999996,109,35
2025-12-01,Beauty,Silver,CANCELLED,1160482.64,58367.97,24,9
2025-12-01,Beauty,Silver,DELIVERED,8786016.61,797520.17,245,82
2025-12-01,Beauty,Silver,PENDING,1040571.21,69134.59999999999,44,12
2025-12-01,Beauty,Silver,RETURNED,797387.78,44985.27,22,8
2025-12-01,Beauty,Silver,SHIPPED,626485.17,104514.07,17,7
2025-12-01,Books,Gold,CANCELLED,538172.34,31725.440000000002,13,4
2025-12-01,Books,Gold,DELIVERED,5499399.94,433200.62,128,43
2025-12-01,Books,Gold,PENDING,69202.54,12212.21,3,1
2025-12-01,Books,Gold,RETURNED,446351.27999999997,10897.58,11,4
2025-12-01,Books,Gold,SHIPPED,489302.42000000004,71336.78,21,6
2025-12-01,Books,Platinum,CANCELLED,475467.0,50582.37,14,4
2025-12-01,Books,Platinum,DELIVERED,1273402.78,82697.68,43,14
2025-12-01,Books,Platinum,SHIPPED,59264.62,10458.46,1,1
2025-12-01,Books,Regular,CANCELLED,2814331.2600000002,352455.14,79,25
2025-12-01,Books,Regular,DELIVERED,26514347.3,2188296.14,676,245
2025-12-01,Books,Regular,PENDING,1698632.95,203193.59,46,19
2025-12-01,Books,Regular,RETURNED,831315.84,111569.11,26,10
2025-12-01,Books,Regular,SHIPPED,2556831.9,331438.38,85,24
2025-12-01,Books,Silver,CANCELLED,738581.9400000001,80752.42,19,8
2025-12-01,Books,Silver,DELIVERED,8371327.61,688392.21,218,75
2025-12-01,Books,Silver,PENDING,832496.02,82782.27,21,8
2025-12-01,Books,Silver,RETURNED,769181.09,45595.28,13,4
2025-12-01,Books,Silver,SHIPPED,565271.97,38207.74,17,7
2025-12-01,Electronics,Gold,CANCELLED,818380.23,83149.63,21,5
2025-12-01,Electronics,Gold,DELIVERED,4677962.51,326183.29,143,47
2025-12-01,Electronics,Gold,PENDING,439380.98,27974.97,14,5
2025-12-01,Electronics,Gold,SHIPPED,723808.2,71022.0,22,8
2025-12-01,Electronics,Platinum,CANCELLED,331338.08999999997,9526.77,8,3
2025-12-01,Electronics,Platinum,DELIVERED,1658276.98,140150.85,39,14
2025-12-01,Electronics,Platinum,RETURNED,101070.81,0.0,3,1
2025-12-01,Electronics,Platinum,SHIPPED,74254.58,0.0,4,2
2025-12-01,Electronics,Regular,CANCELLED,2305734.59,190932.57,68,21
2025-12-01,Electronics,Regular,DELIVERED,23211938.28,1757758.78,675,229
2025-12-01,Electronics,Regular,PENDING,1033518.96,59361.84,36,12
2025-12-01,Electronics,Regular,RETURNED,1618314.63,96886.48999999999,46,20
2025-12-01,Electronics,Regular,SHIPPED,3973807.89,415477.43,111,38
2025-12-01,Electronics,Silver,CANCELLED,1014452.78,133790.29,22,8
2025-12-01,Electronics,Silver,DELIVERED,7054568.16,615640.6,202,76
2025-12-01,Electronics,Silver,PENDING,555537.89,62856.44,20,8
2025-12-01,Electronics,Silver,RETURNED,684012.22,22185.93,19,6
2025-12-01,Electronics,Silver,SHIPPED,510543.19999999995,40594.329999999994,14,4
2025-12-01,Fashion,Gold,CANCELLED,647717.99,55355.229999999996,18,5
2025-12-01,Fashion,Gold,DELIVERED,3783156.82,292299.07,112,41
2025-12-01,Fashion,Gold,PENDING,401545.68,38988.3,12,6
2025-12-01,Fashion,Gold,RETURNED,854547.97,21290.010000000002,19,7
2025-12-01,Fashion,Gold,SHIPPED,192257.64,11578.73,12,4
2025-12-01,Fashion,Platinum,CANCELLED,30621.78,0.0,3,1
2025-12-01,Fashion,Platinum,DELIVERED,1503469.9100000001,141007.09,49,15
2025-12-01,Fashion,Platinum,SHIPPED,305594.16,64861.479999999996,9,3
2025-12-01,Fashion,Regular,CANCELLED,2360131.56,219784.18,71,25
2025-12-01,Fashion,Regular,DELIVERED,22563612.27,2047723.02,613,216
2025-12-01,Fashion,Regular,PENDING,1377699.06,110731.49,41,13
2025-12-01,Fashion,Regular,RETURNED,2087691.7,225363.16,58,22
2025-12-01,Fashion,Regular,SHIPPED,2198477.85,232182.33000000002,75,27
2025-12-01,Fashion,Silver,CANCELLED,1153241.68,88913.25,31,12
2025-12-01,Fashion,Silver,DELIVERED,10567975.57,882540.52,296,86
2025-12-01,Fashion,Silver,PENDING,325381.17,23082.57,14,5
2025-12-01,Fashion,Silver,RETURNED,665462.71,55814.54,17,6
2025-12-01,Fashion,Silver,SHIPPED,500402.83,35545.39,24,7
2025-12-01,Furniture,Gold,CANCELLED,45229.78,2380.52,2,1
2025-12-01,Furniture,Gold,DELIVERED,3523232.44,340934.97,114,45
2025-12-01,Furniture,Gold,PENDING,859414.1,67314.03,29,7
2025-12-01,Furniture,Gold,RETURNED,464988.58,29232.02,17,7
2025-12-01,Furniture,Gold,SHIPPED,1002551.15,90998.64,23,6
2025-12-01,Furniture,Platinum,CANCELLED,292793.48,21310.22,9,3
2025-12-01,Furniture,Platinum,DELIVERED,1190818.3,103022.94,39,13
2025-12-01,Furniture,Platinum,PENDING,109774.36,0.0,4,1
2025-12-01,Furniture,Platinum,SHIPPED,155421.65,17269.07,4,1
2025-12-01,Furniture,Regular,CANCELLED,3185859.34,346336.01,113,34
2025-12-01,Furniture,Regular,DELIVERED,21717605.75,1869549.01,636,218
2025-12-01,Furniture,Regular,PENDING,2065460.72,212238.2,52,19
2025-12-01,Furniture,Regular,RETURNED,2043716.08,165462.56,80,21
2025-12-01,Furniture,Regular,SHIPPED,3878123.58,354296.01,113,35
2025-12-01,Furniture,Silver,CANCELLED,719997.11,61733.21,20,6
2025-12-01,Furniture,Silver,DELIVERED,7754350.4,609307.42,224,81
2025-12-01,Furniture,Silver,PENDING,895449.71,65198.95,21,9
2025-12-01,Furniture,Silver,RETURNED,611816.96,56301.939999999995,18,7
2025-12-01,Furniture,Silver,SHIPPED,1309567.87,89946.18999999999,40,11
2025-12-01,Home,Gold,CANCELLED,130397.35,18489.23,6,3
2025-12-01,Home,Gold,DELIVERED,6134459.32,521293.72,172,50
2025-12-01,Home,Gold,PENDING,739078.8200000001,17859.41,16,6
2025-12-01,Home,Gold,RETURNED,507231.17,14733.250000000002,13,4
2025-12-01,Home,Gold,SHIPPED,115330.4,4039.24,6,2
2025-12-01,Home,Platinum,CANCELLED,206474.16,6902.38,7,2
2025-12-01,Home,Platinum,DELIVERED,1878774.6600000001,147982.18,41,13
2025-12-01,Home,Platinum,PENDING,27364.9,6841.22,4,1
2025-12-01,Home,Platinum,RETURNED,64342.78,7149.2,1,1
2025-12-01,Home,Platinum,SHIPPED,17270.23,0.0,3,2
2025-12-01,Home,Regular,CANCELLED,4868464.54,319445.88,123,32
2025-12-01,Home,Regular,DELIVERED,22974040.45,1768001.59,688,244
2025-12-01,Home,Regular,PENDING,1152707.27,113653.03,46,15
2025-12-01,Home,Regular,RETURNED,2524771.49,119486.47,86,26
2025-12-01,Home,Regular,SHIPPED,3233766.51,295862.03,88,24
2025-12-01,Home,Silver,CANCELLED,1119206.3599999999,136651.8,32,10
2025-12-01,Home,Silver,DELIVERED,8808701.45,680652.42,261,93
2025-12-01,Home,Silver,PENDING,627208.02,67754.56,16,7
2025-12-01,Home,Silver,RETURNED,347445.18,22131.96,9,4
2025-12-01,Home,Silver,SHIPPED,1091194.02,28245.019999999997,25,7
2025-12-01,Sports,Gold,CANCELLED,178364.3,48427.16,9,2
2025-12-01,Sports,Gold,DELIVERED,4705934.45,419833.58,138,47
2025-12-01,Sports,Gold,PENDING,384138.4,24483.22,11,6
2025-12-01,Sports,Gold,RETURNED,429035.82,46244.979999999996,20,6
2025-12-01,Sports,Gold,SHIPPED,749666.0,99722.6,26,9
2025-12-01,Sports,Platinum,CANCELLED,216756.96999999997,0.0,4,2
2025-12-01,Sports,Platinum,DELIVERED,1672614.48,150918.66999999998,41,13
2025-12-01,Sports,Platinum,RETURNED,161156.37,21742.059999999998,5,1
2025-12-01,Sports,Platinum,SHIPPED,298495.84,48154.05,8,3
2025-12-01,Sports,Regular,CANCELLED,2345628.32,159562.88999999998,61,21
2025-12-01,Sports,Regular,DELIVERED,22767291.65,1594925.75,613,203
2025-12-01,Sports,Regular,PENDING,985733.75,116929.72,27,14
2025-12-01,Sports,Regular,RETURNED,2049010.03,207316.16999999998,52,21
2025-12-01,Sports,Regular,SHIPPED,4048747.87,170205.79,96,31
2025-12-01,Sports,Silver,CANCELLED,1855271.9,160139.96,44,12
2025-12-01,Sports,Silver,DELIVERED,10935996.47,822652.66,285,98
2025-12-01,Sports,Silver,PENDING,656918.37,54347.29,19,8
2025-12-01,Sports,Silver,RETURNED,291014.38,60705.009999999995,11,5
2025-12-01,Sports,Silver,SHIPPED,1448996.71,140102.05,42,12
2025-12-01,Toys,Gold,CANCELLED,157105.78,17456.2,5,2
2025-12-01,Toys,Gold,DELIVERED,4522591.4,372068.72,129,51
2025-12-01,Toys,Gold,PENDING,497683.06,29823.61,15,5
2025-12-01,Toys,Gold,RETURNED,58748.8,9117.37,7,4
2025-12-01,Toys,Gold,SHIPPED,608359.85,64193.9,17,6
2025-12-01,Toys,Platinum,CANCELLED,874458.1,48516.81,18,6
2025-12-01,Toys,Platinum,DELIVERED,1270900.3900000001,107009.37,39,17
2025-12-01,Toys,Platinum,PENDING,122133.74,13570.42,3,1
2025-12-01,Toys,Platinum,SHIPPED,175883.27,19008.09,7,3
2025-12-01,Toys,Regular,CANCELLED,1690464.68,163472.68,64,23
2025-12-01,Toys,Regular,DELIVERED,19981174.69,1799108.98,662,235
2025-12-01,Toys,Regular,PENDING,1630926.97,115751.52,51,18
2025-12-01,Toys,Regular,RETURNED,2531433.35,285125.79,84,27
2025-12-01,Toys,Regular,SHIPPED,3530117.57,421319.64,107,37
2025-12-01,Toys,Silver,CANCELLED,589747.99,52242.93,23,8
2025-12-01,Toys,Silver,DELIVERED,6412297.88,538327.0,211,73
2025-12-01,Toys,Silver,PENDING,601014.8200000001,36119.04,24,7
2025-12-01,Toys,Silver,RETURNED,117257.98999999999,2948.12,6,3
2025-12-01,Toys,Silver,SHIPPED,1751096.1400000001,100967.78,42,13
2026-01-01,Beauty,Gold,CANCELLED,723278.1,118444.19,19,6
2026-01-01,Beauty,Gold,DELIVERED,6636545.3,529124.4,146,49
2026-01-01,Beauty,Gold,PENDING,316370.32999999996,19307.21,13,5
2026-01-01,Beauty,Gold,RETURNED,270825.44,30668.64,5,2
2026-01-01,Beauty,Gold,SHIPPED,500647.56999999995,25077.08,14,4
2026-01-01,Beauty,Platinum,CANCELLED,372461.51,7461.17,9,4
2026-01-01,Beauty,Platinum,DELIVERED,3626695.3,231229.3,78,29
2026-01-01,Beauty,Platinum,PENDING,248912.2,51205.869999999995,7,2
2026-01-01,Beauty,Platinum,RETURNED,206109.44,6965.26,3,1
2026-01-01,Beauty,Platinum,SHIPPED,347398.46,28899.06,8,2
2026-01-01,Beauty,Regular,CANCELLED,1577866.38,192777.62,51,19
2026-01-01,Beauty,Regular,DELIVERED,22089462.34,1909066.66,551,201
2026-01-01,Beauty,Regular,PENDING,5808910.92,401740.69,131,40
2026-01-01,Beauty,Regular,RETURNED,2431843.43,180761.8,63,18
2026-01-01,Beauty,Regular,SHIPPED,5259985.97,446648.06,134,41
2026-01-01,Beauty,Silver,CANCELLED,465671.54,40221.340000000004,17,6
2026-01-01,Beauty,Silver,DELIVERED,9021916.84,763242.46,250,89
2026-01-01,Beauty,Silver,PENDING,1055102.79,91871.28,23,8
2026-01-01,Beauty,Silver,RETURNED,462419.44999999995,33210.41,12,7
2026-01-01,Beauty,Silver,SHIPPED,959013.89,115319.14,20,8
2026-01-01,Books,Gold,CANCELLED,386704.52,66208.2,8,3
2026-01-01,Books,Gold,DELIVERED,5540132.15,388357.32,156,55
2026-01-01,Books,Gold,PENDING,322615.44999999995,37707.58,10,3
2026-01-01,Books,Gold,RETURNED,174628.72,10694.6,6,2
2026-01-01,Books,Gold,SHIPPED,1145260.45,194512.81,27,7
2026-01-01,Books,Platinum,CANCELLED,64949.85,3418.41,3,1
2026-01-01,Books,Platinum,DELIVERED,2182612.44,180867.85,63,23
2026-01-01,Books,Platinum,PENDING,53094.76,5899.42,1,1
2026-01-01,Books,Regular,CANCELLED,1899786.88,196290.39,55,20
2026-01-01,Books,Regular,DELIVERED,25035145.66,2292039.41,666,229
2026-01-01,Books,Regular,PENDING,4893706.66,462180.2,120,40
2026-01-01,Books,Regular,RETURNED,1682662.21,57350.41,52,17
2026-01-01,Books,Regular,SHIPPED,2614414.26,211251.72,81,28
2026-01-01,Books,Silver,CANCELLED,2182595.56,105696.47,60,18
2026-01-01,Books,Silver,DELIVERED,9607070.94,816831.98,284,85
2026-01-01,Books,Silver,PENDING,333526.81,57856.81,8,5
2026-01-01,Books,Silver,RETURNED,659011.6599999999,36198.259999999995,18,6
2026-01-01,Books,Silver,SHIPPED,1128952.63,121224.34,29,13
2026-01-01,Electronics,Gold,CANCELLED,579145.74,37639.32,13,4
2026-01-01,Electronics,Gold,DELIVERED,4812515.78,389205.17,144,51
2026-01-01,Electronics,Gold,PENDING,392529.68,14804.05,12,4
2026-01-01,Electronics,Gold,RETURNED,686057.21,14506.34,16,3
2026-01-01,Electronics,Gold,SHIPPED,497185.98000000004,31208.29,12,6
2026-01-01,Electronics,Platinum,CANCELLED,371156.46,19403.0,13,6
2026-01-01,Electronics,Platinum,DELIVERED,2570459.36,200257.71,76,24
2026-01-01,Electronics,Platinum,PENDING,371993.2,0.0,5,2
2026-01-01,Electronics,Platinum,SHIPPED,366525.15,64130.53999999999,9,3
2026-01-01,Electronics,Regular,CANCELLED,2594124.83,302790.35,80,26
2026-01-01,Electronics,Regular,DELIVERED,22102407.68,2068032.84,650,229
2026-01-01,Electronics,Regular,PENDING,4550804.58,279255.93,107,34
2026-01-01,Electronics,Regular,RETURNED,2315861.34,136150.52,55,18
2026-01-01,Electronics,Regular,SHIPPED,3635157.81,359426.46,115,36
2026-01-01,Electronics,Silver,CANCELLED,725989.1900000001,38990.86,19,7
2026-01-01,Electronics,Silver,DELIVERED,8504326.62,740588.62,244,77
2026-01-01,Electronics,Silver,PENDING,712991.8,60030.06,14,6
2026-01-01,Electronics,Silver,RETURNED,740926.59,32837.259999999995,20,7
2026-01-01,Electronics,Silver,SHIPPED,1022307.52,63973.58,30,10
2026-01-01,Fashion,Gold,CANCELLED,879630.29,64632.01,24,11
2026-01-01,Fashion,Gold,DELIVERED,5020950.29,606458.51,140,46
2026-01-01,Fashion,Gold,PENDING,381559.82,53325.240000000005,10,4
2026-01-01,Fashion,Gold,RETURNED,255991.31,1180.54,10,4
2026-01-01,Fashion,Gold,SHIPPED,847955.5,111196.34,21,5
2026-01-01,Fashion,Platinum,CANCELLED,268973.31,51699.83,6,2
2026-01-01,Fashion,Platinum,DELIVERED,1384073.97,112536.62,44,17
2026-01-01,Fashion,Platinum,PENDING,475135.64,33516.7,9,3
2026-01-01,Fashion,Platinum,SHIPPED,158945.69,17660.63,4,1
2026-01-01,Fashion,Regular,CANCELLED,3273096.63,404288.51999999996,99,25
2026-01-01,Fashion,Regular,DELIVERED,20170800.4,1763659.16,590,198
2026-01-01,Fashion,Regular,PENDING,3070899.36,211076.48,96,28
2026-01-01,Fashion,Regular,RETURNED,1631875.95,288820.76,44,17
2026-01-01,Fashion,Regular,SHIPPED,3173938.63,215578.01,102,36
2026-01-01,Fashion,Silver,CANCELLED,1186374.09,52729.61,25,9
2026-01-01,Fashion,Silver,DELIVERED,8525611.85,447639.12,250,85
2026-01-01,Fashion,Silver,PENDING,1823029.74,145434.27,48,11
2026-01-01,Fashion,Silver,RETURNED,393360.7,25742.26,16,5
2026-01-01,Fashion,Silver,SHIPPED,1659273.5,121710.02,31,9
2026-01-01,Furniture,Gold,CANCELLED,550731.87,56537.89,18,6
2026-01-01,Furniture,Gold,DELIVERED,4449599.59,290187.41,143,53
2026-01-01,Furniture,Gold,PENDING,80797.81,3732.17,9,3
2026-01-01,Furniture,Gold,RETURNED,226300.59,6089.38,14,3
2026-01-01,Furniture,Gold,SHIPPED,881769.1699999999,34858.13,22,9
2026-01-01,Furniture,Platinum,CANCELLED,222034.47999999998,0.0,7,3
2026-01-01,Furniture,Platinum,DELIVERED,2749755.4699999997,400502.82,72,25
2026-01-01,Furniture,Platinum,PENDING,713847.82,49575.509999999995,15,4
2026-01-01,Furniture,Platinum,RETURNED,74733.8,0.0,2,1
2026-01-01,Furniture,Platinum,SHIPPED,127329.12,0.0,3,1
2026-01-01,Furniture,Regular,CANCELLED,2262414.62,206011.31,76,25
2026-01-01,Furniture,Regular,DELIVERED,21228512.84,1474964.34,628,213
2026-01-01,Furniture,Regular,PENDING,4877066.47,355858.62,150,44
2026-01-01,Furniture,Regular,RETURNED,1252085.56,112110.35,33,15
2026-01-01,Furniture,Regular,SHIPPED,1861170.8,172277.54,55,23
2026-01-01,Furniture,Silver,CANCELLED,921181.76,59522.35,35,12
2026-01-01,Furniture,Silver,DELIVERED,7935111.48,613585.0,261,81
2026-01-01,Furniture,Silver,PENDING,728473.3200000001,45881.19,17,6
2026-01-01,Furniture,Silver,RETURNED,679674.65,49245.11,15,5
2026-01-01,Furniture,Silver,SHIPPED,845469.04,36688.87,26,11
2026-01-01,Home,Gold,CANCELLED,248022.49,9941.62,10,3
2026-01-01,Home,Gold,DELIVERED,4796872.57,524265.78,171,53
2026-01-01,Home,Gold,PENDING,231887.78,18440.03,12,6
2026-01-01,Home,Gold,RETURNED,412204.17000000004,1725.59,9,3
2026-01-01,Home,Gold,SHIPPED,1310018.95,136687.72,37,12
2026-01-01,Home,Platinum,CANCELLED,585316.61,23336.58,16,6
2026-01-01,Home,Platinum,DELIVERED,1871682.07,135849.49000000002,54,21
2026-01-01,Home,Platinum,PENDING,45152.33,11288.08,3,1
2026-01-01,Home,Platinum,RETURNED,142280.21000000002,5480.43,7,1
2026-01-01,Home,Platinum,SHIPPED,153948.0,17551.41,7,2
2026-01-01,Home,Regular,CANCELLED,1679622.08,152226.02,76,25
2026-01-01,Home,Regular,DELIVERED,24302958.15,2083993.45,701,223
2026-01-01,Home,Regular,PENDING,2560092.31,187710.88,76,30
2026-01-01,Home,Regular,RETURNED,1657526.12,99570.22,56,20
2026-01-01,Home,Regular,SHIPPED,4884440.53,391666.62,131,41
2026-01-01,Home,Silver,CANCELLED,803294.35,113014.75,22,7
2026-01-01,Home,Silver,DELIVERED,10819384.82,1018307.4,334,98
2026-01-01,Home,Silver,PENDING,502407.96,40830.93000000001,24,9
2026-01-01,Home,Silver,RETURNED,1351830.64,90713.52,28,9
2026-01-01,Home,Silver,SHIPPED,660563.0800000001,36956.4,20,7
2026-01-01,Sports,Gold,CANCELLED,638664.0900000001,41447.18,16,6
2026-01-01,Sports,Gold,DELIVERED,6194488.9,627173.9,165,62
2026-01-01,Sports,Gold,PENDING,927775.64,109997.85,22,9
2026-01-01,Sports,Gold,RETURNED,413944.06,37076.38,10,3
2026-01-01,Sports,Gold,SHIPPED,615961.49,42914.83,25,9
2026-01-01,Sports,Platinum,CANCELLED,55909.55,8960.240000000002,3,2
2026-01-01,Sports,Platinum,DELIVERED,2354029.16,194395.5,59,22
2026-01-01,Sports,Platinum,PENDING,166708.02000000002,5580.56,6,2
2026-01-01,Sports,Platinum,RETURNED,144116.27,16727.69,4,2
2026-01-01,Sports,Platinum,SHIPPED,146239.81,16248.87,4,1
2026-01-01,Sports,Regular,CANCELLED,3280426.07,298395.04,79,25
2026-01-01,Sports,Regular,DELIVERED,22101183.03,1923296.1300000001,625,221
2026-01-01,Sports,Regular,PENDING,3173666.37,203176.66,83,27
2026-01-01,Sports,Regular,RETURNED,1666472.25,163697.93,52,19
2026-01-01,Sports,Regular,SHIPPED,3537099.61,303677.94,108,35
2026-01-01,Sports,Silver,CANCELLED,1337650.05,77876.9,39,14
2026-01-01,Sports,Silver,DELIVERED,9951572.99,710790.36,269,82
2026-01-01,Sports,Silver,PENDING,853937.75,73684.48,24,10
2026-01-01,Sports,Silver,RETURNED,552452.0,98272.73,25,9
2026-01-01,Sports,Silver,SHIPPED,1733003.43,177421.58000000002,45,16
2026-01-01,Toys,Gold,CANCELLED,782987.08,74988.15,28,9
2026-01-01,Toys,Gold,DELIVERED,3757255.49,392610.24,124,48
2026-01-01,Toys,Gold,PENDING,630324.15,103662.96,15,5
2026-01-01,Toys,Gold,RETURNED,693318.82,33440.28999999999,12,4
2026-01-01,Toys,Gold,SHIPPED,658566.77,49160.83,21,8
2026-01-01,Toys,Platinum,CANCELLED,735967.33,106001.37,16,4
2026-01-01,Toys,Platinum,DELIVERED,976862.52,64216.68,39,16
2026-01-01,Toys,Platinum,PENDING,145996.85,4870.63,7,3
2026-01-01,Toys,Platinum,SHIPPED,500317.5,0.0,11,3
2026-01-01,Toys,Regular,CANCELLED,1093399.95,60764.64,40,15
2026-01-01,Toys,Regular,DELIVERED,20843630.85,1889546.89,695,223
2026-01-01,Toys,Regular,PENDING,3430677.02,187939.13,95,35
2026-01-01,Toys,Regular,RETURNED,2221951.68,248651.8,73,24
2026-01-01,Toys,Regular,SHIPPED,4697368.67,342133.33,131,43
2026-01-01,Toys,Silver,CANCELLED,596914.0,12338.039999999999,20,9
2026-01-01,Toys,Silver,DELIVERED,6952837.52,639691.01,224,79
2026-01-01,Toys,Silver,PENDING,1666750.22,175339.94,44,13
2026-01-01,Toys,Silver,RETURNED,209746.62,12927.39,9,2
2026-01-01,Toys,Silver,SHIPPED,993112.3300000001,54543.11,26,10
2026-02-01,Beauty,Gold,CANCELLED,748501.37,45817.15,22,6
2026-02-01,Beauty,Gold,DELIVERED,6292638.36,530606.6,170,50
2026-02-01,Beauty,Gold,PENDING,430296.0,18981.23,12,5
2026-02-01,Beauty,Gold,RETURNED,94484.16,10498.24,8,2
2026-02-01,Beauty,Gold,SHIPPED,145102.41999999998,8224.42,6,2
2026-02-01,Beauty,Platinum,CANCELLED,168849.13,0.0,3,2
2026-02-01,Beauty,Platinum,DELIVERED,2853381.0100000002,242183.94,67,24
2026-02-01,Beauty,Platinum,PENDING,147538.92,0.0,2,1
2026-02-01,Beauty,Platinum,RETURNED,100944.15,0.0,3,1
2026-02-01,Beauty,Platinum,SHIPPED,102613.14,25653.29,3,2
2026-02-01,Beauty,Regular,CANCELLED,2051717.27,156659.39,44,15
2026-02-01,Beauty,Regular,DELIVERED,22200735.21,2197322.29,585,210
2026-02-01,Beauty,Regular,PENDING,2430914.76,110419.34,58,15
2026-02-01,Beauty,Regular,RETURNED,2394308.49,186688.44,56,17
2026-02-01,Beauty,Regular,SHIPPED,3072483.9,261534.88999999998,96,29
2026-02-01,Beauty,Silver,CANCELLED,281853.41,13997.45,17,6
2026-02-01,Beauty,Silver,DELIVERED,9058513.82,758475.34,229,78
2026-02-01,Beauty,Silver,PENDING,524203.46,58731.91,21,7
2026-02-01,Beauty,Silver,RETURNED,427923.83999999997,0.0,10,4
2026-02-01,Beauty,Silver,SHIPPED,1094149.96,105449.76,34,12
2026-02-01,Books,Gold,CANCELLED,141788.16,47262.72,3,1
2026-02-01,Books,Gold,DELIVERED,3787526.07,362654.69,128,46
2026-02-01,Books,Gold,PENDING,285293.44,35750.88,16,4
2026-02-01,Books,Gold,RETURNED,349580.37,54028.59,8,2
2026-02-01,Books,Gold,SHIPPED,1540516.45,121512.41,32,12
2026-02-01,Books,Platinum,CANCELLED,262141.8,54237.84,8,2
2026-02-01,Books,Platinum,DELIVERED,2885724.28,244942.41,87,28
2026-02-01,Books,Platinum,PENDING,50788.25,2673.07,4,1
2026-02-01,Books,Platinum,RETURNED,580279.97,30541.05,10,3
2026-02-01,Books,Platinum,SHIPPED,155457.94,8182.0,4,2
2026-02-01,Books,Regular,CANCELLED,1902327.11,159130.58000000002,48,16
2026-02-01,Books,Regular,DELIVERED,21478652.72,1512411.42,584,201
2026-02-01,Books,Regular,PENDING,1508795.81,108963.86000000002,51,18
2026-02-01,Books,Regular,RETURNED,3390920.9899999998,186572.65,75,25
2026-02-01,Books,Regular,SHIPPED,3649871.04,312756.62,94,33
2026-02-01,Books,Silver,CANCELLED,1287287.76,139566.38999999998,40,12
2026-02-01,Books,Silver,DELIVERED,9178825.08,735368.4,264,85
2026-02-01,Books,Silver,PENDING,621065.2,45428.14,22,10
2026-02-01,Books,Silver,RETURNED,384113.20999999996,25389.95,13,2
2026-02-01,Books,Silver,SHIPPED,978474.52,27404.05,25,9
2026-02-01,Electronics,Gold,CANCELLED,711838.73,62564.53,16,5
2026-02-01,Electronics,Gold,DELIVERED,4179462.71,392049.41000000003,134,42
2026-02-01,Electronics,Gold,PENDING,273123.34,31926.52,14,4
2026-02-01,Electronics,Gold,RETURNED,174325.19,13851.87,8,2
2026-02-01,Electronics,Gold,SHIPPED,625260.76,108845.51999999999,18,8
2026-02-01,Electronics,Platinum,CANCELLED,782293.62,57132.08,17,4
2026-02-01,Electronics,Platinum,DELIVERED,1120212.4,112880.8,43,17
2026-02-01,Electronics,Platinum,RETURNED,353055.82,17537.27,10,4
2026-02-01,Electronics,Platinum,SHIPPED,184637.14,5354.78,10,2
2026-02-01,Electronics,Regular,CANCELLED,1479036.1099999999,55765.9,37,16
2026-02-01,Electronics,Regular,DELIVERED,21337947.99,1607337.04,599,200
2026-02-01,Electronics,Regular,PENDING,2078165.31,134511.28,67,22
2026-02-01,Electronics,Regular,RETURNED,1946828.69,197351.47,52,18
2026-02-01,Electronics,Regular,SHIPPED,2943011.7,224654.86,80,28
2026-02-01,Electronics,Silver,CANCELLED,1158960.51,182647.79,39,14
2026-02-01,Electronics,Silver,DELIVERED,8195937.81,573591.76,222,73
2026-02-01,Electronics,Silver,PENDING,392016.75,56823.47000000001,15,6
2026-02-01,Electronics,Silver,RETURNED,914298.9299999999,55376.84,21,7
2026-02-01,Electronics,Silver,SHIPPED,1134527.83,117091.86,40,9
2026-02-01,Fashion,Gold,CANCELLED,676085.92,17393.83,19,6
2026-02-01,Fashion,Gold,DELIVERED,4716713.53,357607.1,144,54
2026-02-01,Fashion,Gold,PENDING,357386.12,22969.07,10,3
2026-02-01,Fashion,Gold,RETURNED,351845.8,62042.92,12,2
2026-02-01,Fashion,Gold,SHIPPED,1122157.78,66484.3,22,6
2026-02-01,Fashion,Platinum,CANCELLED,306195.26,26097.940000000002,12,4
2026-02-01,Fashion,Platinum,DELIVERED,1717564.21,134817.82,38,13
2026-02-01,Fashion,Platinum,RETURNED,338177.68,35459.33,11,4
2026-02-01,Fashion,Platinum,SHIPPED,371755.94,7544.52,10,3
2026-02-01,Fashion,Regular,CANCELLED,1167796.62,82537.18,44,11
2026-02-01,Fashion,Regular,DELIVERED,18865844.8,1370256.85,558,183
2026-02-01,Fashion,Regular,PENDING,1473954.55,84060.38,45,18
2026-02-01,Fashion,Regular,RETURNED,2090503.58,264966.07,57,20
2026-02-01,Fashion,Regular,SHIPPED,2863145.61,209244.24000000002,78,28
2026-02-01,Fashion,Silver,CANCELLED,1272788.82,76217.04000000001,35,12
2026-02-01,Fashion,Silver,DELIVERED,6619531.3,579727.58,197,64
2026-02-01,Fashion,Silver,PENDING,253298.16,2358.68,9,4
2026-02-01,Fashion,Silver,RETURNED,269764.97,21622.76,13,5
2026-02-01,Fashion,Silver,SHIPPED,1145902.54,61049.17,25,9
2026-02-01,Furniture,Gold,CANCELLED,399180.8,24185.09,12,5
2026-02-01,Furniture,Gold,DELIVERED,3851529.13,265011.89,100,36
2026-02-01,Furniture,Gold,PENDING,275877.36000000004,15032.630000000001,5,2
2026-02-01,Furniture,Gold,RETURNED,134865.93,7098.21,3,1
2026-02-01,Furniture,Gold,SHIPPED,843196.25,84310.11,20,6
2026-02-01,Furniture,Platinum,CANCELLED,75307.04000000001,5317.24,8,3
2026-02-01,Furniture,Platinum,DELIVERED,1058378.09,118635.38,37,16
2026-02-01,Furniture,Platinum,PENDING,69966.55,2398.07,4,1
2026-02-01,Furniture,Platinum,SHIPPED,95220.6,0.0,4,1
2026-02-01,Furniture,Regular,CANCELLED,2576135.34,174441.98,76,26
2026-02-01,Furniture,Regular,DELIVERED,17155027.03,1337241.01,539,192
2026-02-01,Furniture,Regular,PENDING,3655283.9,373391.34,94,28
2026-02-01,Furniture,Regular,RETURNED,2608337.9899999998,171615.73,75,26
2026-02-01,Furniture,Regular,SHIPPED,2372255.07,189382.33,86,29
2026-02-01,Furniture,Silver,CANCELLED,386160.97000000003,21602.43,13,7
2026-02-01,Furniture,Silver,DELIVERED,8057581.68,705248.46,250,84
2026-02-01,Furniture,Silver,PENDING,1154489.23,53825.18,27,10
2026-02-01,Furniture,Silver,RETURNED,1020221.0599999999,69233.32,23,7
2026-02-01,Furniture,Silver,SHIPPED,1087531.02,130845.11,31,9
2026-02-01,Home,Gold,CANCELLED,172064.53,4906.6,6,4
2026-02-01,Home,Gold,DELIVERED,5596570.52,466317.63,143,49
2026-02-01,Home,Gold,PENDING,320987.85,21751.02,8,3
2026-02-01,Home,Gold,RETURNED,251355.22,10855.15,7,2
2026-02-01,Home,Gold,SHIPPED,864802.8,106998.58,22,8
2026-02-01,Home,Platinum,CANCELLED,143425.1,27024.480000000003,4,3
2026-02-01,Home,Platinum,DELIVERED,1545334.58,113820.98,42,15
2026-02-01,Home,Platinum,SHIPPED,125488.01999999999,31372.0,5,2
2026-02-01,Home,Regular,CANCELLED,2689307.97,256365.98,71,21
2026-02-01,Home,Regular,DELIVERED,24862507.85,2212755.56,685,221
2026-02-01,Home,Regular,PENDING,2384081.37,248467.75999999998,61,22
2026-02-01,Home,Regular,RETURNED,2123446.66,315560.08,63,20
2026-02-01,Home,Regular,SHIPPED,2436130.82,249963.52,59,21
2026-02-01,Home,Silver,CANCELLED,535771.0,22855.93,17,8
2026-02-01,Home,Silver,DELIVERED,9417220.77,737453.21,255,82
2026-02-01,Home,Silver,PENDING,656774.26,72760.25,14,5
2026-02-01,Home,Silver,RETURNED,661483.76,34162.479999999996,20,10
2026-02-01,Home,Silver,SHIPPED,829999.72,92360.6,23,8
2026-02-01,Sports,Gold,CANCELLED,775195.63,38972.69,15,5
2026-02-01,Sports,Gold,DELIVERED,4422443.45,278016.43,129,47
2026-02-01,Sports,Gold,PENDING,429535.49,86709.01,9,3
2026-02-01,Sports,Gold,RETURNED,224959.05,42464.03,10,4
2026-02-01,Sports,Gold,SHIPPED,1537339.8399999999,99209.48,35,9
2026-02-01,Sports,Platinum,CANCELLED,530813.06,25918.75,13,4
2026-02-01,Sports,Platinum,DELIVERED,1775701.97,110957.31999999999,50,17
2026-02-01,Sports,Platinum,RETURNED,76788.97,4041.53,2,1
2026-02-01,Sports,Platinum,SHIPPED,95405.21,9955.550000000001,6,2
2026-02-01,Sports,Regular,CANCELLED,3236596.89,291889.68,89,25
2026-02-01,Sports,Regular,DELIVERED,20313676.62,1675889.96,592,209
2026-02-01,Sports,Regular,PENDING,2339430.88,105048.25,64,19
2026-02-01,Sports,Regular,RETURNED,1695152.92,125119.68000000001,40,15
2026-02-01,Sports,Regular,SHIPPED,3217183.35,386325.43,89,27
2026-02-01,Sports,Silver,CANCELLED,1113802.49,90120.98,33,10
2026-02-01,Sports,Silver,DELIVERED,7880911.47,754030.4199999999,210,73
2026-02-01,Sports,Silver,PENDING,817480.9,65395.78,29,7
2026-02-01,Sports,Silver,RETURNED,413021.74,57164.880000000005,12,6
2026-02-01,Sports,Silver,SHIPPED,1266477.03,116271.31,34,12
2026-02-01,Toys,Gold,CANCELLED,487740.29,49128.47,13,4
2026-02-01,Toys,Gold,DELIVERED,4484899.62,382614.68,144,46
2026-02-01,Toys,Gold,PENDING,83373.73000000001,14289.83,3,2
2026-02-01,Toys,Gold,RETURNED,502301.01,30359.36,15,5
2026-02-01,Toys,Gold,SHIPPED,353594.36,22909.03,11,7
2026-02-01,Toys,Platinum,CANCELLED,339543.63,13007.980000000001,6,3
2026-02-01,Toys,Platinum,DELIVERED,1898839.5,130332.6,48,16
2026-02-01,Toys,Platinum,PENDING,25098.87,0.0,1,1
2026-02-01,Toys,Platinum,SHIPPED,400807.6,37669.93,10,2
2026-02-01,Toys,Regular,CANCELLED,1875678.72,233758.34,49,19
2026-02-01,Toys,Regular,DELIVERED,18597314.91,1587560.19,571,203
2026-02-01,Toys,Regular,PENDING,1038973.42,69126.63,38,12
2026-02-01,Toys,Regular,RETURNED,2797601.61,186631.05,78,21
2026-02-01,Toys,Regular,SHIPPED,2131891.57,203511.33000000002,68,23
2026-02-01,Toys,Silver,CANCELLED,794641.1699999999,133375.32,31,12
2026-02-01,Toys,Silver,DELIVERED,5668035.27,458285.52999999997,147,53
2026-02-01,Toys,Silver,PENDING,1288754.69,105561.5,44,13
2026-02-01,Toys,Silver,RETURNED,525470.59,96232.12,19,4
2026-02-01,Toys,Silver,SHIPPED,882980.85,74059.37,26,7
2026-03-01,Beauty,Gold,CANCELLED,690683.8899999999,76489.93000000001,14,5
2026-03-01,Beauty,Gold,DELIVERED,5315483.92,504613.88,128,43
2026-03-01,Beauty,Gold,PENDING,458638.70999999996,80841.41,20,6
2026-03-01,Beauty,Gold,RETURNED,106112.73000000001,19399.39,3,2
2026-03-01,Beauty,Gold,SHIPPED,1464625.4,136793.14,30,9
2026-03-01,Beauty,Platinum,DELIVERED,2973957.2399999998,202165.26,72,25
2026-03-01,Beauty,Platinum,PENDING,332412.68,9646.32,14,3
2026-03-01,Beauty,Platinum,RETURNED,785325.79,82303.01999999999,22,5
2026-03-01,Beauty,Platinum,SHIPPED,371391.3,38352.64,14,3
2026-03-01,Beauty,Regular,CANCELLED,3432011.62,322520.02,90,30
2026-03-01,Beauty,Regular,DELIVERED,26119993.34,2123183.44,629,212
2026-03-01,Beauty,Regular,PENDING,2655117.4299999997,251375.08,70,25
2026-03-01,Beauty,Regular,RETURNED,1758309.3599999999,191620.98,53,19
2026-03-01,Beauty,Regular,SHIPPED,3234284.86,212671.93,76,25
2026-03-01,Beauty,Silver,CANCELLED,279871.56,12099.779999999999,14,7
2026-03-01,Beauty,Silver,DELIVERED,11701051.71,1069431.5,281,85
2026-03-01,Beauty,Silver,PENDING,175000.57,28629.269999999997,6,3
2026-03-01,Beauty,Silver,RETURNED,1140218.1300000001,126920.78,34,10
2026-03-01,Beauty,Silver,SHIPPED,1095350.05,80872.89,23,8
2026-03-01,Books,Gold,CANCELLED,795778.86,163362.82,26,8
2026-03-01,Books,Gold,DELIVERED,4511539.41,287648.93,125,39
2026-03-01,Books,Gold,PENDING,415902.87,48742.11,11,3
2026-03-01,Books,Gold,RETURNED,497750.78,50330.19,12,3
2026-03-01,Books,Gold,SHIPPED,614980.3,64876.31999999999,22,6
2026-03-01,Books,Platinum,CANCELLED,33993.41,3777.05,1,1
2026-03-01,Books,Platinum,DELIVERED,882382.94,65365.62,26,10
2026-03-01,Books,Platinum,PENDING,218771.44,28319.25,6,3
2026-03-01,Books,Platinum,RETURNED,309496.2,22206.59,10,4
2026-03-01,Books,Platinum,SHIPPED,91816.54000000001,2831.2,3,2
2026-03-01,Books,Regular,CANCELLED,3145929.81,310054.55,83,31
2026-03-01,Books,Regular,DELIVERED,27452460.19,2114015.65,735,235
2026-03-01,Books,Regular,PENDING,3098278.99,212156.71,80,27
2026-03-01,Books,Regular,RETURNED,1916862.24,192021.03,60,22
2026-03-01,Books,Regular,SHIPPED,4095380.73,173584.93,94,33
2026-03-01,Books,Silver,CANCELLED,49296.15,2199.7,5,2
2026-03-01,Books,Silver,DELIVERED,9405501.96,815741.16,255,76
2026-03-01,Books,Silver,PENDING,511622.71,53752.75,18,5
2026-03-01,Books,Silver,RETURNED,771957.99,51012.0,22,7
2026-03-01,Books,Silver,SHIPPED,478284.97000000003,75918.41,16,6
2026-03-01,Electronics,Gold,CANCELLED,220518.0,11206.44,8,5
2026-03-01,Electronics,Gold,DELIVERED,3364181.07,282631.17,86,37
2026-03-01,Electronics,Gold,PENDING,515434.6,67448.79000000001,12,4
2026-03-01,Electronics,Gold,RETURNED,651830.43,58195.67,17,5
2026-03-01,Electronics,Gold,SHIPPED,505901.12,21398.949999999997,16,9
2026-03-01,Electronics,Platinum,DELIVERED,1746124.11,140372.08000000002,55,20
2026-03-01,Electronics,Platinum,PENDING,113306.25,14302.199999999999,7,2
2026-03-01,Electronics,Platinum,RETURNED,695141.48,92068.20999999999,16,5
2026-03-01,Electronics,Platinum,SHIPPED,605460.55,45026.63,28,7
2026-03-01,Electronics,Regular,CANCELLED,2213114.93,215944.28,76,28
2026-03-01,Electronics,Regular,DELIVERED,20309311.59,2176927.67,583,202
2026-03-01,Electronics,Regular,PENDING,2335040.28,282795.47,74,29
2026-03-01,Electronics,Regular,RETURNED,2236146.77,126961.20000000001,63,22
2026-03-01,Electronics,Regular,SHIPPED,2402718.41,208084.52,65,25
2026-03-01,Electronics,Silver,CANCELLED,282659.63,16178.61,9,5
2026-03-01,Electronics,Silver,DELIVERED,6399408.07,649749.76,193,71
2026-03-01,Electronics,Silver,PENDING,748572.5,45043.52,16,7
2026-03-01,Electronics,Silver,RETURNED,496299.78,90584.81999999999,13,6
2026-03-01,Electronics,Silver,SHIPPED,672755.17,95838.59,20,9
2026-03-01,Fashion,Gold,CANCELLED,536393.1,29165.039999999997,17,7
2026-03-01,Fashion,Gold,DELIVERED,4438974.59,320292.27,135,48
2026-03-01,Fashion,Gold,PENDING,200203.13999999998,8287.59,8,3
2026-03-01,Fashion,Gold,RETURNED,339673.14,16313.7,16,6
2026-03-01,Fashion,Gold,SHIPPED,771969.46,60563.81,21,5
2026-03-01,Fashion,Platinum,DELIVERED,1264565.88,124865.56,44,18
2026-03-01,Fashion,Platinum,PENDING,124347.96,0.0,4,1
2026-03-01,Fashion,Platinum,RETURNED,696757.6,14426.6,15,7
2026-03-01,Fashion,Platinum,SHIPPED,478447.72,61890.200000000004,13,4
2026-03-01,Fashion,Regular,CANCELLED,2051960.67,207018.34,67,20
2026-03-01,Fashion,Regular,DELIVERED,22653005.05,1814641.81,634,221
2026-03-01,Fashion,Regular,PENDING,1479925.15,76241.13,40,18
2026-03-01,Fashion,Regular,RETURNED,1457704.7,132109.17,43,16
2026-03-01,Fashion,Regular,SHIPPED,3627086.16,340984.58,96,35
2026-03-01,Fashion,Silver,CANCELLED,369477.39,24446.52,11,2
2026-03-01,Fashion,Silver,DELIVERED,6982759.65,678738.42,229,76
2026-03-01,Fashion,Silver,PENDING,356406.13,17224.829999999998,13,4
2026-03-01,Fashion,Silver,RETURNED,751763.34,42392.14,27,8
2026-03-01,Fashion,Silver,SHIPPED,216094.11,21558.77,14,5
2026-03-01,Furniture,Gold,CANCELLED,307484.5,46447.270000000004,8,4
2026-03-01,Furniture,Gold,DELIVERED,4271893.5,328650.88,118,38
2026-03-01,Furniture,Gold,PENDING,321169.08999999997,33194.29,12,6
2026-03-01,Furniture,Gold,RETURNED,542004.38,37640.15,14,3
2026-03-01,Furniture,Gold,SHIPPED,825135.64,24686.84,27,8
2026-03-01,Furniture,Platinum,CANCELLED,87952.37,12192.78,5,1
2026-03-01,Furniture,Platinum,DELIVERED,1721969.0699999998,47450.21,54,18
2026-03-01,Furniture,Platinum,PENDING,127329.12,0.0,3,1
2026-03-01,Furniture,Platinum,RETURNED,179835.87,17755.89,13,4
2026-03-01,Furniture,Platinum,SHIPPED,45427.37,2390.91,1,1
2026-03-01,Furniture,Regular,CANCELLED,2522565.97,188295.52,61,22
2026-03-01,Furniture,Regular,DELIVERED,22855202.12,1962422.6,661,229
2026-03-01,Furniture,Regular,PENDING,2822854.67,266213.26,87,26
2026-03-01,Furniture,Regular,RETURNED,2191942.55,275689.11,61,18
2026-03-01,Furniture,Regular,SHIPPED,2355516.29,194344.63,89,33
2026-03-01,Furniture,Silver,CANCELLED,435810.9,43355.46000000001,14,6
2026-03-01,Furniture,Silver,DELIVERED,6087377.49,542661.63,191,68
2026-03-01,Furniture,Silver,PENDING,575324.0,55195.06,14,6
2026-03-01,Furniture,Silver,RETURNED,1420309.55,52158.55,32,11
2026-03-01,Furniture,Silver,SHIPPED,898146.19,41008.259999999995,24,8
2026-03-01,Home,Gold,CANCELLED,689713.38,84783.64,19,6
2026-03-01,Home,Gold,DELIVERED,6570212.86,634800.96,169,54
2026-03-01,Home,Gold,PENDING,576197.14,37216.1,11,7
2026-03-01,Home,Gold,RETURNED,368085.64,24323.14,17,6
2026-03-01,Home,Gold,SHIPPED,768505.49,65783.1,20,6
2026-03-01,Home,Platinum,CANCELLED,244146.34999999998,21096.739999999998,5,2
2026-03-01,Home,Platinum,DELIVERED,978753.8200000001,69536.54,45,13
2026-03-01,Home,Platinum,PENDING,229773.94999999998,6950.96,10,3
2026-03-01,Home,Platinum,RETURNED,538145.39,25507.71,14,6
2026-03-01,Home,Platinum,SHIPPED,496598.85,70289.91,12,4
2026-03-01,Home,Regular,CANCELLED,2856757.93,230581.4,65,21
2026-03-01,Home,Regular,DELIVERED,23852607.02,2116472.35,697,240
2026-03-01,Home,Regular,PENDING,4193497.28,262171.51,93,30
2026-03-01,Home,Regular,RETURNED,1671269.7,113345.27,47,20
2026-03-01,Home,Regular,SHIPPED,2224472.85,162487.41999999998,95,30
2026-03-01,Home,Silver,CANCELLED,378415.06,18909.8,14,6
2026-03-01,Home,Silver,DELIVERED,8316917.89,640114.08,233,78
2026-03-01,Home,Silver,PENDING,795779.53,70517.84,24,5
2026-03-01,Home,Silver,RETURNED,827264.6,13046.75,22,6
2026-03-01,Home,Silver,SHIPPED,375936.97000000003,29301.33,13,5
2026-03-01,Sports,Gold,CANCELLED,637384.78,86918.16,14,6
2026-03-01,Sports,Gold,DELIVERED,4900668.83,306949.34,154,49
2026-03-01,Sports,Gold,PENDING,298787.83999999997,15603.939999999999,8,3
2026-03-01,Sports,Gold,RETURNED,318367.87,8262.66,11,4
2026-03-01,Sports,Gold,SHIPPED,693411.24,50149.729999999996,19,5
2026-03-01,Sports,Platinum,DELIVERED,2262701.83,178757.57,62,22
2026-03-01,Sports,Platinum,RETURNED,703073.01,30389.95,15,5
2026-03-01,Sports,Platinum,SHIPPED,217424.48,8679.45,8,2
2026-03-01,Sports,Regular,CANCELLED,1899637.25,160141.75,52,19
2026-03-01,Sports,Regular,DELIVERED,23944248.13,1980689.03,679,228
2026-03-01,Sports,Regular,PENDING,2404851.64,201323.18,69,28
2026-03-01,Sports,Regular,RETURNED,2743877.2399999998,198465.46,77,22
2026-03-01,Sports,Regular,SHIPPED,2277140.55,194471.83,76,27
2026-03-01,Sports,Silver,CANCELLED,523581.34,17148.46,12,5
2026-03-01,Sports,Silver,DELIVERED,7050258.67,540307.15,192,72
2026-03-01,Sports,Silver,PENDING,539397.91,34734.0,14,5
2026-03-01,Sports,Silver,RETURNED,702022.97,50414.78,20,7
2026-03-01,Sports,Silver,SHIPPED,880318.66,77677.03,32,11
2026-03-01,Toys,Gold,CANCELLED,75298.98,1086.62,5,3
2026-03-01,Toys,Gold,DELIVERED,5906578.53,473500.33,153,51
2026-03-01,Toys,Gold,PENDING,352289.56,19336.85,12,4
2026-03-01,Toys,Gold,RETURNED,195580.59999999998,6606.0,13,5
2026-03-01,Toys,Gold,SHIPPED,772636.25,33612.79,20,8
2026-03-01,Toys,Platinum,CANCELLED,45164.53,7970.21,2,1
2026-03-01,Toys,Platinum,DELIVERED,2019219.99,118708.57,69,20
2026-03-01,Toys,Platinum,PENDING,72885.28,8233.130000000001,6,2
2026-03-01,Toys,Platinum,RETURNED,329642.72000000003,5802.04,12,4
2026-03-01,Toys,Platinum,SHIPPED,312937.51,20609.030000000002,11,6
2026-03-01,Toys,Regular,CANCELLED,1870466.77,164425.77,85,31
2026-03-01,Toys,Regular,DELIVERED,23666020.08,1809511.32,734,233
2026-03-01,Toys,Regular,PENDING,2642824.11,230670.5,82,27
2026-03-01,Toys,Regular,RETURNED,1564562.32,140286.47,53,21
2026-03-01,Toys,Regular,SHIPPED,3239401.92,190766.06,90,30
2026-03-01,Toys,Silver,CANCELLED,376378.01,70200.78,10,6
2026-03-01,Toys,Silver,DELIVERED,6527890.93,520080.31,205,81
2026-03-01,Toys,Silver,PENDING,646253.5700000001,34530.55,16,3
2026-03-01,Toys,Silver,RETURNED,628650.98,60022.56,19,6
2026-03-01,Toys,Silver,SHIPPED,593289.22,72601.07,18,6
2026-04-01,Beauty,Gold,CANCELLED,942932.4,32900.1,24,7
2026-04-01,Beauty,Gold,DELIVERED,6206948.06,391069.75,166,55
2026-04-01,Beauty,Gold,PENDING,341945.92,10226.75,11,4
2026-04-01,Beauty,Gold,RETURNED,1488431.63,240322.18999999997,31,8
2026-04-01,Beauty,Gold,SHIPPED,716358.14,108461.4,21,10
2026-04-01,Beauty,Platinum,CANCELLED,485461.16,22113.67,13,4
2026-04-01,Beauty,Platinum,DELIVERED,1562793.82,152593.21,39,14
2026-04-01,Beauty,Platinum,SHIPPED,115172.12,16897.95,3,2
2026-04-01,Beauty,Regular,CANCELLED,2817426.89,156879.59,73,23
2026-04-01,Beauty,Regular,DELIVERED,22140234.07,1754883.22,634,214
2026-04-01,Beauty,Regular,PENDING,3624106.15,285587.5,98,32
2026-04-01,Beauty,Regular,RETURNED,2275662.25,122747.74,55,23
2026-04-01,Beauty,Regular,SHIPPED,3250139.07,306570.65,79,32
2026-04-01,Beauty,Silver,CANCELLED,716223.5900000001,59126.93,18,8
2026-04-01,Beauty,Silver,DELIVERED,8660700.45,688717.5,206,65
2026-04-01,Beauty,Silver,PENDING,463328.31,87812.37,12,6
2026-04-01,Beauty,Silver,RETURNED,865062.96,138678.64,26,10
2026-04-01,Beauty,Silver,SHIPPED,1088144.53,142013.36,34,10
2026-04-01,Books,Gold,CANCELLED,744934.86,77853.28,22,8
2026-04-01,Books,Gold,DELIVERED,4653737.9,394960.38,115,37
2026-04-01,Books,Gold,PENDING,410701.95,46726.189999999995,12,5
2026-04-01,Books,Gold,RETURNED,416750.21,38048.27,14,6
2026-04-01,Books,Gold,SHIPPED,910393.92,69580.77,26,9
2026-04-01,Books,Platinum,CANCELLED,244004.32,56279.78,7,3
2026-04-01,Books,Platinum,DELIVERED,2383009.27,178880.73,61,25
2026-04-01,Books,Platinum,PENDING,147498.47,7763.08,3,1
2026-04-01,Books,Platinum,RETURNED,52263.1,7921.48,3,2
2026-04-01,Books,Platinum,SHIPPED,532101.86,42131.75,11,3
2026-04-01,Books,Regular,CANCELLED,1782044.47,83479.56,57,21
2026-04-01,Books,Regular,DELIVERED,21929486.58,1605209.41,580,213
2026-04-01,Books,Regular,PENDING,2225712.16,191562.49,58,18
2026-04-01,Books,Regular,RETURNED,4331344.43,435162.56,109,34
2026-04-01,Books,Regular,SHIPPED,4940375.13,285835.57,124,44
2026-04-01,Books,Silver,CANCELLED,1014624.13,43410.119999999995,24,7
2026-04-01,Books,Silver,DELIVERED,8160959.44,676398.32,217,69
2026-04-01,Books,Silver,PENDING,1472162.67,104999.94,27,6
2026-04-01,Books,Silver,RETURNED,1457904.05,127671.61,39,11
2026-04-01,Books,Silver,SHIPPED,1024647.17,54400.090000000004,31,12
2026-04-01,Electronics,Gold,CANCELLED,570665.24,89467.75,20,6
2026-04-01,Electronics,Gold,DELIVERED,4381026.73,500030.44,124,46
2026-04-01,Electronics,Gold,PENDING,522697.11,39924.86,14,4
2026-04-01,Electronics,Gold,RETURNED,506006.95,48165.39,19,4
2026-04-01,Electronics,Gold,SHIPPED,651578.43,28396.609999999997,18,5
2026-04-01,Electronics,Platinum,CANCELLED,302477.28,9516.96,6,2
2026-04-01,Electronics,Platinum,DELIVERED,1536301.44,125502.26999999999,45,15
2026-04-01,Electronics,Platinum,PENDING,69973.31,7774.81,2,1
2026-04-01,Electronics,Platinum,RETURNED,262027.44,0.0,4,1
2026-04-01,Electronics,Platinum,SHIPPED,608060.64,75834.38,13,6
2026-04-01,Electronics,Regular,CANCELLED,1971981.66,155746.42,57,19
2026-04-01,Electronics,Regular,DELIVERED,18168359.08,1643297.4,536,183
2026-04-01,Electronics,Regular,PENDING,2717480.96,227681.98,73,23
2026-04-01,Electronics,Regular,RETURNED,2196433.98,176358.1,58,18
2026-04-01,Electronics,Regular,SHIPPED,3462301.64,243942.18,92,32
2026-04-01,Electronics,Silver,CANCELLED,695888.84,64654.119999999995,20,8
2026-04-01,Electronics,Silver,DELIVERED,6186371.84,533399.26,203,71
2026-04-01,Electronics,Silver,PENDING,959560.34,34296.96,25,9
2026-04-01,Electronics,Silver,RETURNED,1890950.18,125530.54,47,15
2026-04-01,Electronics,Silver,SHIPPED,744282.1900000001,79100.51,28,10
2026-04-01,Fashion,Gold,CANCELLED,560385.41,33309.58,18,5
2026-04-01,Fashion,Gold,DELIVERED,4523520.41,310384.57,123,38
2026-04-01,Fashion,Gold,PENDING,139097.47,9277.27,6,3
2026-04-01,Fashion,Gold,RETURNED,629062.9199999999,10966.32,19,5
2026-04-01,Fashion,Gold,SHIPPED,757883.0800000001,91371.15999999999,18,6
2026-04-01,Fashion,Platinum,CANCELLED,363058.39,22457.03,10,3
2026-04-01,Fashion,Platinum,DELIVERED,1683069.73,149431.1,68,21
2026-04-01,Fashion,Platinum,PENDING,78512.34,4132.23,3,1
2026-04-01,Fashion,Platinum,SHIPPED,899003.66,37544.18,23,6
2026-04-01,Fashion,Regular,CANCELLED,2916539.23,211670.09,84,25
2026-04-01,Fashion,Regular,DELIVERED,18501317.83,1343612.57,534,177
2026-04-01,Fashion,Regular,PENDING,1609818.02,97905.75,51,20
2026-04-01,Fashion,Regular,RETURNED,2515103.46,212347.05,63,24
2026-04-01,Fashion,Regular,SHIPPED,3489209.15,310454.54,105,31
2026-04-01,Fashion,Silver,CANCELLED,710192.41,66959.54999999999,15,6
2026-04-01,Fashion,Silver,DELIVERED,5887394.57,466160.43,149,62
2026-04-01,Fashion,Silver,PENDING,341854.0,27521.42,11,3
2026-04-01,Fashion,Silver,RETURNED,551978.01,59488.19,18,8
2026-04-01,Fashion,Silver,SHIPPED,519128.76,76131.61,14,3
2026-04-01,Furniture,Gold,CANCELLED,258585.04,12362.39,11,5
2026-04-01,Furniture,Gold,DELIVERED,4286525.06,377767.45,119,38
2026-04-01,Furniture,Gold,PENDING,567707.66,31627.36,18,5
2026-04-01,Furniture,Gold,RETURNED,832371.27,75980.91,29,8
2026-04-01,Furniture,Gold,SHIPPED,696252.75,63071.27,20,6
2026-04-01,Furniture,Platinum,CANCELLED,971328.94,88213.24,21,6
2026-04-01,Furniture,Platinum,DELIVERED,1441448.91,124202.51999999999,46,18
2026-04-01,Furniture,Platinum,PENDING,149471.06,7866.9,4,2
2026-04-01,Furniture,Platinum,SHIPPED,323101.18,0.0,6,2
2026-04-01,Furniture,Regular,CANCELLED,2226806.47,260733.98,87,28
2026-04-01,Furniture,Regular,DELIVERED,20533755.74,1820757.86,643,215
2026-04-01,Furniture,Regular,PENDING,1286023.79,51112.43,40,18
2026-04-01,Furniture,Regular,RETURNED,2327796.65,340058.58,77,25
2026-04-01,Furniture,Regular,SHIPPED,3193670.92,349863.73,86,31
2026-04-01,Furniture,Silver,CANCELLED,1336961.18,100854.95,37,10
2026-04-01,Furniture,Silver,DELIVERED,6800800.15,556114.12,186,60
2026-04-01,Furniture,Silver,PENDING,1228971.06,59972.58,32,9
2026-04-01,Furniture,Silver,RETURNED,348958.26,9464.28,13,6
2026-04-01,Furniture,Silver,SHIPPED,660249.94,35005.85,24,7
2026-04-01,Home,Gold,CANCELLED,664951.55,83871.73000000001,21,8
2026-04-01,Home,Gold,DELIVERED,3919750.7,343320.02,94,37
2026-04-01,Home,Gold,PENDING,261460.2,34830.34,13,5
2026-04-01,Home,Gold,RETURNED,846243.39,64801.56,24,8
2026-04-01,Home,Gold,SHIPPED,1373429.32,121806.66,38,12
2026-04-01,Home,Platinum,DELIVERED,2179375.96,184013.26,57,19
2026-04-01,Home,Platinum,PENDING,255129.43,7634.67,5,2
2026-04-01,Home,Platinum,RETURNED,149365.39,30391.769999999997,4,2
2026-04-01,Home,Platinum,SHIPPED,544513.94,8084.110000000001,16,4
2026-04-01,Home,Regular,CANCELLED,2879720.19,241676.81,77,27
2026-04-01,Home,Regular,DELIVERED,26570434.28,2244947.24,739,244
2026-04-01,Home,Regular,PENDING,2478007.23,134629.65,73,20
2026-04-01,Home,Regular,RETURNED,3008047.65,306175.4,90,31
2026-04-01,Home,Regular,SHIPPED,4704120.0,328569.57,131,45
2026-04-01,Home,Silver,CANCELLED,765720.76,66201.32,28,8
2026-04-01,Home,Silver,DELIVERED,9166108.49,888511.46,265,83
2026-04-01,Home,Silver,PENDING,333160.95,48836.13,10,2
2026-04-01,Home,Silver,RETURNED,830277.21,73032.82,21,8
2026-04-01,Home,Silver,SHIPPED,530263.12,88161.98999999999,10,6
2026-04-01,Sports,Gold,CANCELLED,641207.65,136202.45,16,5
2026-04-01,Sports,Gold,DELIVERED,4246014.57,337527.23,111,33
2026-04-01,Sports,Gold,PENDING,502536.81000000006,0.0,7,3
2026-04-01,Sports,Gold,RETURNED,706546.95,63933.85,16,7
2026-04-01,Sports,Gold,SHIPPED,803372.56,30156.29,21,7
2026-04-01,Sports,Platinum,CANCELLED,214516.57,10208.81,9,3
2026-04-01,Sports,Platinum,DELIVERED,1650261.23,72543.3,53,14
2026-04-01,Sports,Platinum,PENDING,255511.43,8898.62,7,2
2026-04-01,Sports,Platinum,RETURNED,114772.43000000001,28205.71,6,2
2026-04-01,Sports,Platinum,SHIPPED,555363.8200000001,42497.490000000005,19,6
2026-04-01,Sports,Regular,CANCELLED,2218034.98,202563.06,77,26
2026-04-01,Sports,Regular,DELIVERED,23845254.98,1966025.13,662,224
2026-04-01,Sports,Regular,PENDING,2290824.3000000003,162593.31,68,23
2026-04-01,Sports,Regular,RETURNED,2301060.36,218751.1,65,25
2026-04-01,Sports,Regular,SHIPPED,3346765.71,289275.85,98,31
2026-04-01,Sports,Silver,CANCELLED,1092259.98,117468.41,29,8
2026-04-01,Sports,Silver,DELIVERED,9351121.02,700733.54,251,78
2026-04-01,Sports,Silver,PENDING,115621.31,14880.779999999999,7,4
2026-04-01,Sports,Silver,RETURNED,518718.82,28774.78,18,5
2026-04-01,Sports,Silver,SHIPPED,501743.48000000004,71442.01000000001,16,7
2026-04-01,Toys,Gold,CANCELLED,457257.99,26041.809999999998,13,4
2026-04-01,Toys,Gold,DELIVERED,4237468.78,390474.88,148,45
2026-04-01,Toys,Gold,PENDING,128668.71,5264.849999999999,7,5
2026-04-01,Toys,Gold,RETURNED,489661.58,49334.0,20,7
2026-04-01,Toys,Gold,SHIPPED,976778.42,53204.08,21,10
2026-04-01,Toys,Platinum,CANCELLED,981229.78,38208.78999999999,22,5
2026-04-01,Toys,Platinum,DELIVERED,1886146.9,186889.86,70,20
2026-04-01,Toys,Platinum,PENDING,2316.38,257.38,4,1
2026-04-01,Toys,Platinum,RETURNED,113576.0,5977.68,2,1
2026-04-01,Toys,Platinum,SHIPPED,324847.76,13921.16,12,4
2026-04-01,Toys,Regular,CANCELLED,1758417.49,126697.53,67,21
2026-04-01,Toys,Regular,DELIVERED,19816348.76,1458829.76,596,197
2026-04-01,Toys,Regular,PENDING,2904928.38,213859.5,80,28
2026-04-01,Toys,Regular,RETURNED,1449275.07,87433.37,46,16
2026-04-01,Toys,Regular,SHIPPED,3248230.33,323102.06,115,36
2026-04-01,Toys,Silver,CANCELLED,420869.36,38692.7,16,5
2026-04-01,Toys,Silver,DELIVERED,7570791.5200000005,735257.32,223,76
2026-04-01,Toys,Silver,PENDING,289216.95,29658.99,10,6
2026-04-01,Toys,Silver,RETURNED,321225.10000000003,25459.27,18,8
2026-04-01,Toys,Silver,SHIPPED,834441.12,42412.04,29,10
2026-05-01,Beauty,Gold,CANCELLED,304125.11,9150.140000000001,8,3
2026-05-01,Beauty,Gold,DELIVERED,5087082.65,480192.57,118,43
2026-05-01,Beauty,Gold,PENDING,389000.89,21877.32,9,5
2026-05-01,Beauty,Gold,RETURNED,615428.28,38847.94,14,5
2026-05-01,Beauty,Gold,SHIPPED,616655.17,30955.98,13,4
2026-05-01,Beauty,Platinum,CANCELLED,239228.06,45798.090000000004,11,3
2026-05-01,Beauty,Platinum,DELIVERED,1321954.7,143666.57,41,18
2026-05-01,Beauty,Platinum,PENDING,237536.40000000002,19031.16,6,3
2026-05-01,Beauty,Platinum,RETURNED,13118.66,690.46,4,1
2026-05-01,Beauty,Platinum,SHIPPED,287660.04000000004,0.0,5,2
2026-05-01,Beauty,Regular,CANCELLED,2763628.66,257039.91,72,22
2026-05-01,Beauty,Regular,DELIVERED,21652398.7,1662136.13,573,191
2026-05-01,Beauty,Regular,PENDING,1489731.96,172250.42,47,15
2026-05-01,Beauty,Regular,RETURNED,3609926.78,392243.69,86,28
2026-05-01,Beauty,Regular,SHIPPED,3348299.9,262441.61,78,27
2026-05-01,Beauty,Silver,CANCELLED,939430.22,110573.12,30,9
2026-05-01,Beauty,Silver,DELIVERED,9029388.8,811438.6900000001,234,76
2026-05-01,Beauty,Silver,PENDING,626102.55,47473.52,23,10
2026-05-01,Beauty,Silver,RETURNED,338977.87,55274.64,13,5
2026-05-01,Beauty,Silver,SHIPPED,2542027.22,236564.38,61,19
2026-05-01,Books,Gold,CANCELLED,795299.16,7161.75,18,5
2026-05-01,Books,Gold,DELIVERED,4627591.67,356145.08,144,51
2026-05-01,Books,Gold,PENDING,432560.73,16707.24,15,7
2026-05-01,Books,Gold,RETURNED,274149.93,17749.91,10,4
2026-05-01,Books,Gold,SHIPPED,581943.16,45643.840000000004,16,8
2026-05-01,Books,Platinum,CANCELLED,217632.4,7525.97,5,3
2026-05-01,Books,Platinum,DELIVERED,1426489.04,142266.23,41,13
2026-05-01,Books,Platinum,PENDING,875855.44,104422.73000000001,21,6
2026-05-01,Books,Platinum,RETURNED,199776.38,18104.16,5,1
2026-05-01,Books,Platinum,SHIPPED,490556.61,2342.08,10,4
2026-05-01,Books,Regular,CANCELLED,3303025.73,275217.45,97,33
2026-05-01,Books,Regular,DELIVERED,26542570.14,2211461.43,697,236
2026-05-01,Books,Regular,PENDING,2791396.88,346373.11,76,25
2026-05-01,Books,Regular,RETURNED,2886433.13,202281.32,78,26
2026-05-01,Books,Regular,SHIPPED,3798815.7,256333.11,92,34
2026-05-01,Books,Silver,CANCELLED,927866.93,52655.53,24,8
2026-05-01,Books,Silver,DELIVERED,8834088.06,719646.29,217,73
2026-05-01,Books,Silver,PENDING,661698.84,83016.93,17,8
2026-05-01,Books,Silver,RETURNED,446945.12,22834.5,13,5
2026-05-01,Books,Silver,SHIPPED,2033502.28,133300.87,42,17
2026-05-01,Electronics,Gold,CANCELLED,327365.02,27569.03,13,4
2026-05-01,Electronics,Gold,DELIVERED,3737330.42,301983.83999999997,119,39
2026-05-01,Electronics,Gold,PENDING,287043.7,16230.41,11,3
2026-05-01,Electronics,Gold,RETURNED,463613.96,12907.25,9,4
2026-05-01,Electronics,Gold,SHIPPED,399165.87,14225.83,9,4
2026-05-01,Electronics,Platinum,CANCELLED,541966.76,75745.81999999999,19,5
2026-05-01,Electronics,Platinum,DELIVERED,1677527.67,184724.06,53,19
2026-05-01,Electronics,Platinum,RETURNED,170979.31,25961.13,4,2
2026-05-01,Electronics,Platinum,SHIPPED,836781.98,158082.06,28,7
2026-05-01,Electronics,Regular,CANCELLED,2500331.52,250039.87,79,25
2026-05-01,Electronics,Regular,DELIVERED,22310998.12,1746981.0,610,203
2026-05-01,Electronics,Regular,PENDING,2599815.58,166615.32,68,25
2026-05-01,Electronics,Regular,RETURNED,3289095.44,232995.66999999998,92,24
2026-05-01,Electronics,Regular,SHIPPED,4122822.88,274970.55,118,41
2026-05-01,Electronics,Silver,CANCELLED,237170.88,28111.449999999997,9,5
2026-05-01,Electronics,Silver,DELIVERED,8135723.1,581468.08,229,80
2026-05-01,Electronics,Silver,PENDING,652143.09,64987.850000000006,20,6
2026-05-01,Electronics,Silver,RETURNED,552296.82,48766.24999999999,15,6
2026-05-01,Electronics,Silver,SHIPPED,1495978.38,130337.29,40,17
2026-05-01,Fashion,Gold,CANCELLED,690403.61,52338.14,18,6
2026-05-01,Fashion,Gold,DELIVERED,3753857.25,387005.96,116,39
2026-05-01,Fashion,Gold,PENDING,387822.49,29259.5,10,5
2026-05-01,Fashion,Gold,RETURNED,513254.01,65536.79,15,6
2026-05-01,Fashion,Gold,SHIPPED,316657.63,27889.0,10,4
2026-05-01,Fashion,Platinum,CANCELLED,185596.55,10794.02,5,2
2026-05-01,Fashion,Platinum,DELIVERED,2341232.16,149936.6,64,18
2026-05-01,Fashion,Platinum,PENDING,308985.6,50283.51,5,2
2026-05-01,Fashion,Platinum,SHIPPED,399975.83,93488.51000000001,13,5
2026-05-01,Fashion,Regular,CANCELLED,2506757.34,223081.86,81,28
2026-05-01,Fashion,Regular,DELIVERED,22580698.13,1795104.22,632,215
2026-05-01,Fashion,Regular,PENDING,1528327.45,110612.16,52,21
2026-05-01,Fashion,Regular,RETURNED,3030753.16,253985.19,86,28
2026-05-01,Fashion,Regular,SHIPPED,2816743.32,231171.48,85,27
2026-05-01,Fashion,Silver,CANCELLED,1611711.45,197370.88,45,13
2026-05-01,Fashion,Silver,DELIVERED,7169926.91,456551.48,206,72
2026-05-01,Fashion,Silver,PENDING,376498.22,13725.04,15,5
2026-05-01,Fashion,Silver,RETURNED,249869.3,15629.529999999999,9,4
2026-05-01,Fashion,Silver,SHIPPED,903546.67,60578.72,20,11
2026-05-01,Furniture,Gold,CANCELLED,316801.73,10447.89,10,5
2026-05-01,Furniture,Gold,DELIVERED,3657900.09,223715.98,101,40
2026-05-01,Furniture,Gold,PENDING,465998.02,40785.7,15,4
2026-05-01,Furniture,Gold,RETURNED,75388.31,15726.67,8,4
2026-05-01,Furniture,Gold,SHIPPED,389831.52,6998.0599999999995,9,3
2026-05-01,Furniture,Platinum,CANCELLED,209969.65,69361.46,5,2
2026-05-01,Furniture,Platinum,DELIVERED,2147196.06,253958.86,56,20
2026-05-01,Furniture,Platinum,PENDING,52696.83,2773.52,1,1
2026-05-01,Furniture,Platinum,RETURNED,475843.55,47455.14,10,4
2026-05-01,Furniture,Platinum,SHIPPED,444319.67000000004,37972.729999999996,12,4
2026-05-01,Furniture,Regular,CANCELLED,3195416.4,252698.26,99,33
2026-05-01,Furniture,Regular,DELIVERED,20897194.08,1527871.29,584,187
2026-05-01,Furniture,Regular,PENDING,2011894.44,173242.78,68,23
2026-05-01,Furniture,Regular,RETURNED,2659099.02,171074.3,91,35
2026-05-01,Furniture,Regular,SHIPPED,4327558.58,339517.94,104,36
2026-05-01,Furniture,Silver,CANCELLED,1510445.7,150359.58000000002,38,10
2026-05-01,Furniture,Silver,DELIVERED,8041953.36,700834.34,237,80
2026-05-01,Furniture,Silver,PENDING,864103.04,46473.229999999996,23,10
2026-05-01,Furniture,Silver,RETURNED,396762.66,21875.32,18,6
2026-05-01,Furniture,Silver,SHIPPED,2065652.16,141924.42,67,18
2026-05-01,Home,Gold,CANCELLED,735092.2,74196.87,19,6
2026-05-01,Home,Gold,DELIVERED,6942955.1899999995,538088.47,195,51
2026-05-01,Home,Gold,PENDING,361422.95,45447.63,7,2
2026-05-01,Home,Gold,RETURNED,624536.46,36574.54,16,7
2026-05-01,Home,Gold,SHIPPED,70365.65,8924.19,5,3
2026-05-01,Home,Platinum,CANCELLED,78327.17,4110.32,2,2
2026-05-01,Home,Platinum,DELIVERED,976688.64,104557.47,31,13
2026-05-01,Home,Platinum,PENDING,116410.65,8981.62,2,2
2026-05-01,Home,Platinum,RETURNED,200257.28,45104.94,5,2
2026-05-01,Home,Platinum,SHIPPED,49815.97,7483.700000000001,7,1
2026-05-01,Home,Regular,CANCELLED,2601831.4299999997,221632.32,71,26
2026-05-01,Home,Regular,DELIVERED,18288801.4,1568563.02,547,209
2026-05-01,Home,Regular,PENDING,2635486.43,216776.91999999998,67,23
2026-05-01,Home,Regular,RETURNED,3184032.7800000003,237512.53999999998,86,28
2026-05-01,Home,Regular,SHIPPED,3032958.84,371479.8,94,31
2026-05-01,Home,Silver,CANCELLED,1182141.75,96298.03,33,12
2026-05-01,Home,Silver,DELIVERED,6490222.36,649894.79,192,68
2026-05-01,Home,Silver,PENDING,408438.72,53722.229999999996,12,6
2026-05-01,Home,Silver,RETURNED,1421566.61,81527.61,40,13
2026-05-01,Home,Silver,SHIPPED,1674255.94,104137.18,43,18
2026-05-01,Sports,Gold,CANCELLED,293008.51,5145.87,8,3
2026-05-01,Sports,Gold,DELIVERED,6244417.45,578667.17,158,51
2026-05-01,Sports,Gold,PENDING,726386.54,51508.6,16,6
2026-05-01,Sports,Gold,RETURNED,193919.64,3867.0499999999997,10,5
2026-05-01,Sports,Gold,SHIPPED,100340.84,0.0,2,1
2026-05-01,Sports,Platinum,CANCELLED,92939.76,0.0,3,1
2026-05-01,Sports,Platinum,DELIVERED,2020787.1099999999,122884.62,46,15
2026-05-01,Sports,Platinum,PENDING,20583.5,5145.87,1,1
2026-05-01,Sports,Platinum,RETURNED,335257.81,29200.1,6,2
2026-05-01,Sports,Platinum,SHIPPED,417018.89,5222.45,14,4
2026-05-01,Sports,Regular,CANCELLED,2706233.47,171023.07,74,27
2026-05-01,Sports,Regular,DELIVERED,20382914.9,1650712.16,551,205
2026-05-01,Sports,Regular,PENDING,2372433.74,110038.98,76,24
2026-05-01,Sports,Regular,RETURNED,2201559.68,185599.02,55,20
2026-05-01,Sports,Regular,SHIPPED,3209922.0300000003,267687.14,85,29
2026-05-01,Sports,Silver,CANCELLED,1019102.06,30369.260000000002,22,9
2026-05-01,Sports,Silver,DELIVERED,7079413.92,641695.21,205,71
2026-05-01,Sports,Silver,PENDING,1491800.4,165370.88,38,12
2026-05-01,Sports,Silver,RETURNED,635733.93,57451.240000000005,19,8
2026-05-01,Sports,Silver,SHIPPED,2789265.46,187749.65,79,26
2026-05-01,Toys,Gold,CANCELLED,499722.86,43801.740000000005,13,6
2026-05-01,Toys,Gold,DELIVERED,4326129.0,468500.77,147,51
2026-05-01,Toys,Gold,PENDING,225171.59000000003,46317.53,8,2
2026-05-01,Toys,Gold,RETURNED,575055.76,11571.48,18,5
2026-05-01,Toys,Gold,SHIPPED,120612.35,11244.89,8,3
2026-05-01,Toys,Platinum,CANCELLED,159850.34,18142.71,13,4
2026-05-01,Toys,Platinum,DELIVERED,1791037.0899999999,161080.87,44,13
2026-05-01,Toys,Platinum,PENDING,310948.91,51459.45,13,4
2026-05-01,Toys,Platinum,RETURNED,35956.270000000004,5256.1,5,2
2026-05-01,Toys,Platinum,SHIPPED,290452.88,18505.12,13,4
2026-05-01,Toys,Regular,CANCELLED,613111.09,37841.17,18,9
2026-05-01,Toys,Regular,DELIVERED,21358848.64,1978772.56,680,234
2026-05-01,Toys,Regular,PENDING,1748754.97,121918.15,52,18
2026-05-01,Toys,Regular,RETURNED,2443952.85,260254.34000000003,66,27
2026-05-01,Toys,Regular,SHIPPED,3056134.62,262996.88,92,36
2026-05-01,Toys,Silver,CANCELLED,803669.31,65281.22,32,11
2026-05-01,Toys,Silver,DELIVERED,5534354.02,605073.58,173,63
2026-05-01,Toys,Silver,PENDING,893948.4199999999,59715.979999999996,22,7
2026-05-01,Toys,Silver,RETURNED,808523.4,106102.05,29,9
2026-05-01,Toys,Silver,SHIPPED,2044240.7,189873.78,75,24
2026-06-01,Beauty,Gold,CANCELLED,1063633.51,139654.46000000002,22,7
2026-06-01,Beauty,Gold,DELIVERED,3410057.7199999997,391555.62,88,37
2026-06-01,Beauty,Gold,PENDING,759528.9,86715.88,21,5
2026-06-01,Beauty,Gold,RETURNED,393264.74,43696.08,8,3
2026-06-01,Beauty,Gold,SHIPPED,1305004.8800000001,129683.16,30,8
2026-06-01,Beauty,Platinum,CANCELLED,180406.2,5223.24,4,2
2026-06-01,Beauty,Platinum,DELIVERED,2330673.34,215130.66,57,18
2026-06-01,Beauty,Platinum,PENDING,119934.04,6312.32,2,1
2026-06-01,Beauty,Platinum,RETURNED,165798.99,23310.469999999998,6,2
2026-06-01,Beauty,Platinum,SHIPPED,419341.17000000004,26250.66,8,3
2026-06-01,Beauty,Regular,CANCELLED,2660991.63,208825.26,66,19
2026-06-01,Beauty,Regular,DELIVERED,20854631.05,1885817.64,590,211
2026-06-01,Beauty,Regular,PENDING,4194899.97,439079.74,95,31
2026-06-01,Beauty,Regular,RETURNED,3122484.4,262092.97,67,23
2026-06-01,Beauty,Regular,SHIPPED,2353324.84,195306.84,60,22
2026-06-01,Beauty,Silver,CANCELLED,963396.26,87493.54,24,8
2026-06-01,Beauty,Silver,DELIVERED,10799409.16,895140.4,269,87
2026-06-01,Beauty,Silver,PENDING,877656.47,58310.659999999996,23,10
2026-06-01,Beauty,Silver,RETURNED,1493195.04,131086.87,39,13
2026-06-01,Beauty,Silver,SHIPPED,1326305.97,74478.19,32,11
2026-06-01,Books,Gold,CANCELLED,517686.37,34914.01,16,6
2026-06-01,Books,Gold,DELIVERED,3951300.2199999997,352589.54,106,40
2026-06-01,Books,Gold,PENDING,2655.12,0.0,2,1
2026-06-01,Books,Gold,RETURNED,54140.42,5489.81,2,2
2026-06-01,Books,Gold,SHIPPED,874838.77,95348.88,21,6
2026-06-01,Books,Platinum,CANCELLED,145739.89,10183.71,7,3
2026-06-01,Books,Platinum,DELIVERED,1847078.05,131200.80000000002,46,16
2026-06-01,Books,Platinum,PENDING,107691.16,0.0,2,1
2026-06-01,Books,Platinum,RETURNED,289137.23,30077.350000000002,7,3
2026-06-01,Books,Platinum,SHIPPED,146447.39,7707.76,3,1
2026-06-01,Books,Regular,CANCELLED,3881818.65,352579.89,110,33
2026-06-01,Books,Regular,DELIVERED,25666095.22,1970419.61,678,225
2026-06-01,Books,Regular,PENDING,3320420.9299999997,263748.62,72,31
2026-06-01,Books,Regular,RETURNED,2355937.09,161589.7,73,24
2026-06-01,Books,Regular,SHIPPED,3056920.5100000002,235310.38,80,25
2026-06-01,Books,Silver,CANCELLED,584774.51,79676.97,17,5
2026-06-01,Books,Silver,DELIVERED,12013210.78,892779.6,293,95
2026-06-01,Books,Silver,PENDING,1506982.28,35050.19,27,9
2026-06-01,Books,Silver,RETURNED,1449558.32,172642.44,32,9
2026-06-01,Books,Silver,SHIPPED,2122546.2,110385.86,52,14
2026-06-01,Electronics,Gold,CANCELLED,715007.87,61112.85,22,6
2026-06-01,Electronics,Gold,DELIVERED,4690833.53,266366.47,125,39
2026-06-01,Electronics,Gold,PENDING,345429.82,24171.3,7,2
2026-06-01,Electronics,Gold,RETURNED,717382.8,59935.43,22,7
2026-06-01,Electronics,Gold,SHIPPED,902656.98,104574.35,22,6
2026-06-01,Electronics,Platinum,CANCELLED,370440.46,42602.41,12,2
2026-06-01,Electronics,Platinum,DELIVERED,2160769.6,199848.75,53,15
2026-06-01,Electronics,Platinum,RETURNED,95463.6,11567.62,3,2
2026-06-01,Electronics,Platinum,SHIPPED,90909.51,4784.71,2,1
2026-06-01,Electronics,Regular,CANCELLED,1694624.14,220841.37,52,21
2026-06-01,Electronics,Regular,DELIVERED,23599507.36,2081519.13,678,226
2026-06-01,Electronics,Regular,PENDING,2309622.4699999997,260005.3,64,24
2026-06-01,Electronics,Regular,RETURNED,1990406.33,187485.07,70,22
2026-06-01,Electronics,Regular,SHIPPED,2996358.88,248201.7,93,32
2026-06-01,Electronics,Silver,CANCELLED,759629.64,81057.54,23,7
2026-06-01,Electronics,Silver,DELIVERED,8261338.39,464971.05,226,81
2026-06-01,Electronics,Silver,PENDING,758484.29,67603.51,22,8
2026-06-01,Electronics,Silver,RETURNED,859158.67,105476.91,20,8
2026-06-01,Electronics,Silver,SHIPPED,1650587.13,64119.020000000004,37,11
2026-06-01,Fashion,Gold,CANCELLED,185744.97000000003,27472.5,11,4
2026-06-01,Fashion,Gold,DELIVERED,3755029.77,282601.05,110,42
2026-06-01,Fashion,Gold,PENDING,148198.0,26842.24,8,2
2026-06-01,Fashion,Gold,RETURNED,609014.86,12930.11,14,5
2026-06-01,Fashion,Gold,SHIPPED,877160.79,71621.29000000001,26,10
2026-06-01,Fashion,Platinum,CANCELLED,572524.3,33432.82,20,5
2026-06-01,Fashion,Platinum,DELIVERED,1676903.4,194072.2,44,13
2026-06-01,Fashion,Platinum,PENDING,132067.52,0.0,2,1
2026-06-01,Fashion,Platinum,RETURNED,460696.77,18481.08,13,3
2026-06-01,Fashion,Platinum,SHIPPED,615180.36,67257.95999999999,16,3
2026-06-01,Fashion,Regular,CANCELLED,2808691.59,177291.13,86,24
2026-06-01,Fashion,Regular,DELIVERED,21022883.41,2046856.68,614,213
2026-06-01,Fashion,Regular,PENDING,1835324.08,151372.15,60,23
2026-06-01,Fashion,Regular,RETURNED,1312129.05,75337.98,47,17
2026-06-01,Fashion,Regular,SHIPPED,2258594.17,174629.16,66,23
2026-06-01,Fashion,Silver,CANCELLED,661752.87,61754.55,27,9
2026-06-01,Fashion,Silver,DELIVERED,6837672.82,602688.56,194,69
2026-06-01,Fashion,Silver,PENDING,489695.58,14944.83,15,7
2026-06-01,Fashion,Silver,RETURNED,699393.89,87623.03,20,8
2026-06-01,Fashion,Silver,SHIPPED,542894.42,14907.63,27,9
2026-06-01,Furniture,Gold,CANCELLED,335241.37,16815.010000000002,11,4
2026-06-01,Furniture,Gold,DELIVERED,3624900.94,257974.51,102,33
2026-06-01,Furniture,Gold,PENDING,532221.04,24998.02,18,7
2026-06-01,Furniture,Gold,RETURNED,600229.69,51618.100000000006,19,6
2026-06-01,Furniture,Gold,SHIPPED,409132.5,20491.58,8,5
2026-06-01,Furniture,Platinum,CANCELLED,208617.61,10979.87,4,1
2026-06-01,Furniture,Platinum,DELIVERED,1869429.76,284023.33999999997,56,20
2026-06-01,Furniture,Platinum,RETURNED,392286.41000000003,0.0,9,2
2026-06-01,Furniture,Platinum,SHIPPED,257152.82,30586.62,6,3
2026-06-01,Furniture,Regular,CANCELLED,1918109.07,86468.04000000001,55,19
2026-06-01,Furniture,Regular,DELIVERED,22030187.65,1736939.55,627,223
2026-06-01,Furniture,Regular,PENDING,1907185.44,132407.97,62,22
2026-06-01,Furniture,Regular,RETURNED,1832436.17,193992.74,60,22
2026-06-01,Furniture,Regular,SHIPPED,3134654.17,149370.69,88,32
2026-06-01,Furniture,Silver,CANCELLED,485031.51,19898.57,22,10
2026-06-01,Furniture,Silver,DELIVERED,8481324.29,697658.39,231,80
2026-06-01,Furniture,Silver,PENDING,555079.91,40660.45,10,4
2026-06-01,Furniture,Silver,RETURNED,417905.07,83403.14,18,6
2026-06-01,Furniture,Silver,SHIPPED,1398570.34,42304.28,45,11
2026-06-01,Home,Gold,CANCELLED,771298.55,2979.26,16,5
2026-06-01,Home,Gold,DELIVERED,4100939.75,293565.62,112,42
2026-06-01,Home,Gold,PENDING,545895.23,41145.53,21,6
2026-06-01,Home,Gold,RETURNED,765728.05,72228.58,17,5
2026-06-01,Home,Gold,SHIPPED,1610000.9,74016.07,34,10
2026-06-01,Home,Platinum,CANCELLED,896801.07,38376.12,19,4
2026-06-01,Home,Platinum,DELIVERED,932978.47,41196.77,21,9
2026-06-01,Home,Platinum,PENDING,3251.23,361.25,3,1
2026-06-01,Home,Platinum,SHIPPED,482693.81,38792.25,11,5
2026-06-01,Home,Regular,CANCELLED,2918934.36,303193.72000000003,85,29
2026-06-01,Home,Regular,DELIVERED,23497143.69,2399314.37,668,231
2026-06-01,Home,Regular,PENDING,3313246.45,214163.52,84,26
2026-06-01,Home,Regular,RETURNED,2230182.32,181363.57,83,28
2026-06-01,Home,Regular,SHIPPED,3409478.07,248454.99,84,32
2026-06-01,Home,Silver,CANCELLED,542912.39,107217.16,15,7
2026-06-01,Home,Silver,DELIVERED,7356658.42,510814.04,233,76
2026-06-01,Home,Silver,PENDING,821030.02,122898.06000000001,31,8
2026-06-01,Home,Silver,RETURNED,714364.93,108221.87,33,8
2026-06-01,Home,Silver,SHIPPED,1629969.03,168521.16,39,13
2026-06-01,Sports,Gold,CANCELLED,125028.93,6580.47,3,1
2026-06-01,Sports,Gold,DELIVERED,4067186.7600000002,338135.11,122,43
2026-06-01,Sports,Gold,PENDING,1045778.49,80528.56,21,7
2026-06-01,Sports,Gold,RETURNED,379885.83999999997,17581.03,10,3
2026-06-01,Sports,Gold,SHIPPED,615210.74,14549.300000000001,15,6
2026-06-01,Sports,Platinum,CANCELLED,223875.03,0.0,9,3
2026-06-01,Sports,Platinum,DELIVERED,2116277.47,139476.34,66,22
2026-06-01,Sports,Platinum,RETURNED,104116.8,591.78,4,2
2026-06-01,Sports,Platinum,SHIPPED,436739.16,24220.4,16,5
2026-06-01,Sports,Regular,CANCELLED,2948949.57,248838.99,75,26
2026-06-01,Sports,Regular,DELIVERED,23368954.28,1867280.54,619,218
2026-06-01,Sports,Regular,PENDING,4612092.9399999995,245785.81,108,36
2026-06-01,Sports,Regular,RETURNED,2404139.62,106464.1,64,22
2026-06-01,Sports,Regular,SHIPPED,2959956.76,316251.32,72,30
2026-06-01,Sports,Silver,CANCELLED,1013444.2799999999,129983.85,24,8
2026-06-01,Sports,Silver,DELIVERED,8547321.08,647151.24,253,88
2026-06-01,Sports,Silver,PENDING,757375.7,72131.49,19,7
2026-06-01,Sports,Silver,RETURNED,235729.94,44741.92,9,4
2026-06-01,Sports,Silver,SHIPPED,1678861.78,173316.35,55,16
2026-06-01,Toys,Gold,CANCELLED,291893.19,35044.9,12,4
2026-06-01,Toys,Gold,DELIVERED,4533868.12,330690.51,124,44
2026-06-01,Toys,Gold,PENDING,221734.42,11670.23,9,3
2026-06-01,Toys,Gold,RETURNED,906030.25,131504.11000000002,22,7
2026-06-01,Toys,Gold,SHIPPED,411023.14,9559.56,13,7
2026-06-01,Toys,Platinum,CANCELLED,433870.25,78618.17,11,4
2026-06-01,Toys,Platinum,DELIVERED,1867958.22,241839.5,47,16
2026-06-01,Toys,Platinum,PENDING,161215.24,0.0,5,1
2026-06-01,Toys,Platinum,RETURNED,219916.14,8148.490000000001,7,2
2026-06-01,Toys,Platinum,SHIPPED,72068.47,12646.11,4,2
2026-06-01,Toys,Regular,CANCELLED,1717034.6400000001,109566.93000000001,61,22
2026-06-01,Toys,Regular,DELIVERED,20159330.09,1885447.18,660,223
2026-06-01,Toys,Regular,PENDING,2439641.93,138795.38,72,27
2026-06-01,Toys,Regular,RETURNED,2647670.3,261108.15,78,25
2026-06-01,Toys,Regular,SHIPPED,2376849.19,138219.25,67,21
2026-06-01,Toys,Silver,CANCELLED,1068490.07,84862.97,34,8
2026-06-01,Toys,Silver,DELIVERED,6863924.97,652495.06,222,83
2026-06-01,Toys,Silver,PENDING,751307.45,49987.38,19,7
2026-06-01,Toys,Silver,RETURNED,543111.54,74990.79000000001,22,7
2026-06-01,Toys,Silver,SHIPPED,1640860.78,155238.81,52,14
2026-07-01,Beauty,Gold,CANCELLED,522149.29,23682.95,15,6
2026-07-01,Beauty,Gold,DELIVERED,3852908.65,291144.94,85,24
2026-07-01,Beauty,Gold,PENDING,1667155.76,113551.0,38,12
2026-07-01,Beauty,Gold,RETURNED,333080.43,17530.55,8,3
2026-07-01,Beauty,Gold,SHIPPED,1443809.25,240235.54,58,15
2026-07-01,Beauty,Platinum,CANCELLED,131725.05,0.0,3,1
2026-07-01,Beauty,Platinum,DELIVERED,2891329.78,92338.28,57,17
2026-07-01,Beauty,Platinum,PENDING,777555.34,71880.15,14,3
2026-07-01,Beauty,Platinum,SHIPPED,783980.7100000001,87774.72,19,7
2026-07-01,Beauty,Regular,CANCELLED,3495175.82,279875.05,69,21
2026-07-01,Beauty,Regular,DELIVERED,16137483.67,1545853.55,460,146
2026-07-01,Beauty,Regular,PENDING,4622206.38,382884.64,131,36
2026-07-01,Beauty,Regular,RETURNED,883459.35,70340.21,31,10
2026-07-01,Beauty,Regular,SHIPPED,6249950.74,583034.17,169,53
2026-07-01,Beauty,Silver,CANCELLED,471541.49,42068.86,15,5
2026-07-01,Beauty,Silver,DELIVERED,6049170.45,485891.52,151,52
2026-07-01,Beauty,Silver,PENDING,1351938.29,154839.86000000002,46,15
2026-07-01,Beauty,Silver,RETURNED,563397.62,58748.22,18,7
2026-07-01,Beauty,Silver,SHIPPED,3827983.64,400222.13,97,31
2026-07-01,Books,Gold,CANCELLED,263696.05,65325.149999999994,7,3
2026-07-01,Books,Gold,DELIVERED,2580789.86,287624.5,70,27
2026-07-01,Books,Gold,PENDING,1589710.98,256471.8,51,14
2026-07-01,Books,Gold,RETURNED,152397.99,8020.95,3,1
2026-07-01,Books,Gold,SHIPPED,3109848.33,184190.76,79,25
2026-07-01,Books,Platinum,CANCELLED,586335.3500000001,21405.7,11,3
2026-07-01,Books,Platinum,DELIVERED,1526905.55,118249.45999999999,38,15
2026-07-01,Books,Platinum,PENDING,900765.83,64693.43,17,5
2026-07-01,Books,Platinum,RETURNED,228441.86,12023.26,4,1
2026-07-01,Books,Platinum,SHIPPED,771982.76,130514.15,24,6
2026-07-01,Books,Regular,CANCELLED,2737978.58,217220.28,74,21
2026-07-01,Books,Regular,DELIVERED,16432107.290000001,1732774.53,457,155
2026-07-01,Books,Regular,PENDING,4458374.23,386014.01,114,40
2026-07-01,Books,Regular,RETURNED,2384551.63,99622.39,54,20
2026-07-01,Books,Regular,SHIPPED,5788142.13,677442.35,169,50
2026-07-01,Books,Silver,CANCELLED,451745.43,41800.05,16,8
2026-07-01,Books,Silver,DELIVERED,6161506.95,553732.0,156,53
2026-07-01,Books,Silver,PENDING,1805821.68,163414.82,45,15
2026-07-01,Books,Silver,RETURNED,829709.87,75635.28,23,8
2026-07-01,Books,Silver,SHIPPED,4265137.92,368736.01,105,29
2026-07-01,Electronics,Gold,CANCELLED,188024.24,29952.36,7,2
2026-07-01,Electronics,Gold,DELIVERED,2039424.45,160704.93,47,17
2026-07-01,Electronics,Gold,PENDING,1540922.78,208810.06,50,17
2026-07-01,Electronics,Gold,RETURNED,100478.82,8626.6,2,2
2026-07-01,Electronics,Gold,SHIPPED,1126055.21,175749.53,36,12
2026-07-01,Electronics,Platinum,CANCELLED,63869.64,0.0,3,1
2026-07-01,Electronics,Platinum,DELIVERED,961520.73,102522.83,25,9
2026-07-01,Electronics,Platinum,PENDING,130989.1,0.0,4,3
2026-07-01,Electronics,Platinum,SHIPPED,423952.17000000004,46465.29,10,4
2026-07-01,Electronics,Regular,CANCELLED,2234881.39,202842.05,74,22
2026-07-01,Electronics,Regular,DELIVERED,14653538.34,1161202.05,419,154
2026-07-01,Electronics,Regular,PENDING,4576981.2,475234.07,130,46
2026-07-01,Electronics,Regular,RETURNED,948433.29,53060.29,28,11
2026-07-01,Electronics,Regular,SHIPPED,8476798.62,891953.89,249,67
2026-07-01,Electronics,Silver,CANCELLED,568564.83,48400.329999999994,20,7
2026-07-01,Electronics,Silver,DELIVERED,4879163.41,551260.55,140,48
2026-07-01,Electronics,Silver,PENDING,921258.2999999999,120171.58,22,8
2026-07-01,Electronics,Silver,RETURNED,643755.3,33081.06,19,6
2026-07-01,Electronics,Silver,SHIPPED,1211284.21,69715.39,34,14
2026-07-01,Fashion,Gold,CANCELLED,642757.7,82804.09,14,5
2026-07-01,Fashion,Gold,DELIVERED,2711455.44,234785.23,89,27
2026-07-01,Fashion,Gold,PENDING,988135.5800000001,59027.81,26,10
2026-07-01,Fashion,Gold,RETURNED,59531.32,0.0,4,1
2026-07-01,Fashion,Gold,SHIPPED,1928756.93,191978.72999999998,59,17
2026-07-01,Fashion,Platinum,CANCELLED,267688.39,7355.16,7,2
2026-07-01,Fashion,Platinum,DELIVERED,1592800.6,131071.43,49,14
2026-07-01,Fashion,Platinum,PENDING,705204.88,121496.1,17,4
2026-07-01,Fashion,Platinum,RETURNED,251427.48,0.0,4,1
2026-07-01,Fashion,Platinum,SHIPPED,518037.13,98094.19,20,6
2026-07-01,Fashion,Regular,CANCELLED,1441288.96,186320.94,46,13
2026-07-01,Fashion,Regular,DELIVERED,12191737.8,1220529.07,373,135
2026-07-01,Fashion,Regular,PENDING,5121700.52,604730.78,139,42
2026-07-01,Fashion,Regular,RETURNED,1139971.8800000001,80024.03,39,11
2026-07-01,Fashion,Regular,SHIPPED,4382621.91,387811.12,162,53
2026-07-01,Fashion,Silver,CANCELLED,683393.17,21406.29,22,9
2026-07-01,Fashion,Silver,DELIVERED,4338802.34,344986.98,137,50
2026-07-01,Fashion,Silver,PENDING,1638833.92,161650.58000000002,44,17
2026-07-01,Fashion,Silver,RETURNED,486503.41000000003,81323.23999999999,13,7
2026-07-01,Fashion,Silver,SHIPPED,3642704.71,323384.95,95,28
2026-07-01,Furniture,Gold,CANCELLED,292456.11,22025.27,8,3
2026-07-01,Furniture,Gold,DELIVERED,1625207.57,195127.99,53,19
2026-07-01,Furniture,Gold,PENDING,925498.97,97799.41,29,12
2026-07-01,Furniture,Gold,SHIPPED,2466131.63,357588.32,69,17
2026-07-01,Furniture,Platinum,CANCELLED,131599.59,14622.18,3,1
2026-07-01,Furniture,Platinum,DELIVERED,1037403.27,81105.63,43,12
2026-07-01,Furniture,Platinum,PENDING,536242.72,76429.02,11,3
2026-07-01,Furniture,Platinum,SHIPPED,610330.29,76131.22,11,4
2026-07-01,Furniture,Regular,CANCELLED,2125632.4,137918.65,59,16
2026-07-01,Furniture,Regular,DELIVERED,14110927.29,1191827.03,436,145
2026-07-01,Furniture,Regular,PENDING,3574260.92,302358.78,110,36
2026-07-01,Furniture,Regular,RETURNED,1556264.83,151062.24,59,21
2026-07-01,Furniture,Regular,SHIPPED,5430461.67,445688.51,188,58
2026-07-01,Furniture,Silver,CANCELLED,972023.12,71944.96,31,12
2026-07-01,Furniture,Silver,DELIVERED,5728617.68,508358.67,200,65
2026-07-01,Furniture,Silver,PENDING,1284591.96,42095.81,49,14
2026-07-01,Furniture,Silver,RETURNED,331000.53,19815.14,10,4
2026-07-01,Furniture,Silver,SHIPPED,3046671.44,262556.82,98,30
2026-07-01,Home,Gold,CANCELLED,450963.64,5503.54,8,3
2026-07-01,Home,Gold,DELIVERED,2329777.36,253551.18,53,20
2026-07-01,Home,Gold,PENDING,1621464.82,195437.74,42,13
2026-07-01,Home,Gold,RETURNED,159904.33000000002,11818.55,6,2
2026-07-01,Home,Gold,SHIPPED,2139875.1,276640.37,58,18
2026-07-01,Home,Platinum,CANCELLED,121273.31,5787.48,2,2
2026-07-01,Home,Platinum,DELIVERED,1124467.63,97278.03,30,11
2026-07-01,Home,Platinum,PENDING,769683.23,74154.17,24,7
2026-07-01,Home,Platinum,RETURNED,97019.73,10779.97,2,1
2026-07-01,Home,Platinum,SHIPPED,1821751.72,282277.23,40,12
2026-07-01,Home,Regular,CANCELLED,2501793.86,187904.27000000002,66,21
2026-07-01,Home,Regular,DELIVERED,16284706.76,1521220.57,496,162
2026-07-01,Home,Regular,PENDING,4863131.81,330702.64,133,44
2026-07-01,Home,Regular,RETURNED,2172182.54,268617.1,48,15
2026-07-01,Home,Regular,SHIPPED,6259245.41,714783.6900000001,207,63
2026-07-01,Home,Silver,CANCELLED,822846.26,54583.64,33,9
2026-07-01,Home,Silver,DELIVERED,5533675.18,482710.38,156,53
2026-07-01,Home,Silver,PENDING,2606927.0,292725.8,82,26
2026-07-01,Home,Silver,RETURNED,981438.23,63988.57,31,12
2026-07-01,Home,Silver,SHIPPED,3231158.18,297843.72,106,35
2026-07-01,Sports,Gold,CANCELLED,386572.01,9938.56,9,3
2026-07-01,Sports,Gold,DELIVERED,2868206.15,304661.18,85,28
2026-07-01,Sports,Gold,PENDING,793080.59,111058.53,26,9
2026-07-01,Sports,Gold,RETURNED,100120.07,5269.48,3,1
2026-07-01,Sports,Gold,SHIPPED,1346400.98,148648.39,36,11
2026-07-01,Sports,Platinum,CANCELLED,509017.83999999997,54725.869999999995,13,3
2026-07-01,Sports,Platinum,DELIVERED,1215592.22,106985.55,37,15
2026-07-01,Sports,Platinum,PENDING,398397.23,11334.92,10,2
2026-07-01,Sports,Platinum,SHIPPED,865569.97,78475.82,26,9
2026-07-01,Sports,Regular,CANCELLED,1311658.3699999999,152328.2,37,14
2026-07-01,Sports,Regular,DELIVERED,14057626.44,1323226.89,405,134
2026-07-01,Sports,Regular,PENDING,6002842.99,566638.1,191,55
2026-07-01,Sports,Regular,RETURNED,1418497.55,99220.5,42,15
2026-07-01,Sports,Regular,SHIPPED,6745880.73,623287.67,190,57
2026-07-01,Sports,Silver,CANCELLED,997155.12,105758.05,30,9
2026-07-01,Sports,Silver,DELIVERED,5148413.05,513286.66000000003,147,52
2026-07-01,Sports,Silver,PENDING,1328992.8,158298.3,36,15
2026-07-01,Sports,Silver,RETURNED,1182385.28,89506.57,30,11
2026-07-01,Sports,Silver,SHIPPED,4583656.37,343129.44,126,37
2026-07-01,Toys,Gold,CANCELLED,363074.75,65877.93,14,6
2026-07-01,Toys,Gold,DELIVERED,2593114.41,160842.25,77,25
2026-07-01,Toys,Gold,PENDING,1069831.74,131896.88,40,13
2026-07-01,Toys,Gold,RETURNED,454358.5,46253.9,21,3
2026-07-01,Toys,Gold,SHIPPED,1334735.52,146141.64,49,16
2026-07-01,Toys,Platinum,CANCELLED,69439.1,12253.96,2,2
2026-07-01,Toys,Platinum,DELIVERED,894231.15,124951.86000000002,36,12
2026-07-01,Toys,Platinum,PENDING,168883.06,0.0,4,4
2026-07-01,Toys,Platinum,RETURNED,231207.87,2883.45,6,2
2026-07-01,Toys,Platinum,SHIPPED,523775.5,50010.659999999996,27,8
2026-07-01,Toys,Regular,CANCELLED,2037470.1400000001,184022.07,64,22
2026-07-01,Toys,Regular,DELIVERED,15177336.32,1348476.22,481,158
2026-07-01,Toys,Regular,PENDING,3635493.37,377333.14999999997,124,43
2026-07-01,Toys,Regular,RETURNED,1659851.6199999999,198391.25,54,17
2026-07-01,Toys,Regular,SHIPPED,4819043.17,476917.27,143,48
2026-07-01,Toys,Silver,CANCELLED,1116985.72,103410.61000000002,29,9
2026-07-01,Toys,Silver,DELIVERED,6180141.76,418942.03,191,59
2026-07-01,Toys,Silver,PENDING,2365574.33,207710.46,60,17
2026-07-01,Toys,Silver,RETURNED,983090.96,105108.35,27,8
2026-07-01,Toys,Silver,SHIPPED,3109129.21,301380.28,95,32
