payment_date,payment_method,payment_status,payment_count,payment_amount,refund_amount,net_payment_amount
2024-01-01,Credit Card,PENDING,1,53534.18,0.00,53534.18
2024-01-01,Credit Card,REFUNDED,1,380177.47,380177.47,0.00
2024-01-01,Credit Card,SUCCESS,4,976504.56,0.00,976504.56
2024-01-01,Debit Card,FAILED,3,326256.87,0.00,326256.87
2024-01-01,Debit Card,REFUNDED,4,1117789.64,1117789.64,0.00
2024-01-01,Debit Card,SUCCESS,4,321159.89,0.00,321159.89
2024-01-01,Net Banking,FAILED,2,182491.00,0.00,182491.00
2024-01-01,Net Banking,PENDING,1,462995.19,0.00,462995.19
2024-01-01,Net Banking,REFUNDED,1,156166.47,156166.47,0.00
2024-01-01,Net Banking,SUCCESS,6,1535247.55,0.00,1535247.55
2024-01-01,Upi,FAILED,1,290386.16,0.00,290386.16
2024-01-01,Upi,SUCCESS,6,1623654.23,0.00,1623654.23
2024-01-01,Wallet,PENDING,1,149549.64,0.00,149549.64
2024-01-01,Wallet,REFUNDED,3,633529.44,633529.44,0.00
2024-01-01,Wallet,SUCCESS,2,552148.46,0.00,552148.46
2024-01-02,Credit Card,FAILED,2,143755.74,0.00,143755.74
2024-01-02,Credit Card,REFUNDED,2,219770.01,219770.01,0.00
2024-01-02,Credit Card,SUCCESS,10,3158314.87,0.00,3158314.87
2024-01-02,Debit Card,REFUNDED,1,50630.44,50630.44,0.00
2024-01-02,Debit Card,SUCCESS,12,3906542.92,0.00,3906542.92
2024-01-02,Net Banking,REFUNDED,1,171370.68,171370.68,0.00
2024-01-02,Net Banking,SUCCESS,7,2490872.97,0.00,2490872.97
2024-01-02,Upi,FAILED,1,515578.81,0.00,515578.81
2024-01-02,Upi,PENDING,1,151808.07,0.00,151808.07
2024-01-02,Upi,REFUNDED,2,877975.62,877975.62,0.00
2024-01-02,Upi,SUCCESS,8,2028655.08,0.00,2028655.08
2024-01-02,Wallet,FAILED,1,372375.63,0.00,372375.63
2024-01-02,Wallet,REFUNDED,3,1381057.17,1381057.17,0.00
2024-01-02,Wallet,SUCCESS,6,1470994.48,0.00,1470994.48
2024-01-03,Credit Card,FAILED,2,102421.85,0.00,102421.85
2024-01-03,Credit Card,REFUNDED,2,521011.13,521011.13,0.00
2024-01-03,Credit Card,SUCCESS,6,1699373.92,0.00,1699373.92
2024-01-03,Debit Card,FAILED,3,446145.31,0.00,446145.31
2024-01-03,Debit Card,SUCCESS,6,1666492.54,0.00,1666492.54
2024-01-03,Net Banking,REFUNDED,1,26736.51,26736.51,0.00
2024-01-03,Net Banking,SUCCESS,6,2208199.41,0.00,2208199.41
2024-01-03,Upi,FAILED,2,462378.13,0.00,462378.13
2024-01-03,Upi,PENDING,1,371408.02,0.00,371408.02
2024-01-03,Upi,REFUNDED,2,666019.71,666019.71,0.00
2024-01-03,Upi,SUCCESS,8,1249037.13,0.00,1249037.13
2024-01-03,Wallet,REFUNDED,1,424141.29,424141.29,0.00
2024-01-03,Wallet,SUCCESS,6,1412877.90,0.00,1412877.90
2024-01-04,Credit Card,FAILED,1,293885.68,0.00,293885.68
2024-01-04,Credit Card,REFUNDED,1,181101.76,181101.76,0.00
2024-01-04,Credit Card,SUCCESS,8,2228690.92,0.00,2228690.92
2024-01-04,Debit Card,FAILED,3,829494.88,0.00,829494.88
2024-01-04,Debit Card,PENDING,3,1011628.60,0.00,1011628.60
2024-01-04,Debit Card,REFUNDED,3,779352.63,779352.63,0.00
2024-01-04,Debit Card,SUCCESS,4,1034280.41,0.00,1034280.41
2024-01-04,Net Banking,PENDING,1,266003.90,0.00,266003.90
2024-01-04,Net Banking,REFUNDED,2,334489.36,334489.36,0.00
2024-01-04,Net Banking,SUCCESS,5,1128576.41,0.00,1128576.41
2024-01-04,Upi,FAILED,1,450480.95,0.00,450480.95
2024-01-04,Upi,REFUNDED,3,1012944.69,1012944.69,0.00
2024-01-04,Upi,SUCCESS,11,3296517.08,0.00,3296517.08
2024-01-04,Wallet,FAILED,1,206616.01,0.00,206616.01
2024-01-04,Wallet,REFUNDED,2,693172.95,693172.95,0.00
2024-01-04,Wallet,SUCCESS,4,648865.29,0.00,648865.29
2024-01-05,Credit Card,FAILED,1,164085.15,0.00,164085.15
2024-01-05,Credit Card,REFUNDED,3,1151874.25,1151874.25,0.00
2024-01-05,Credit Card,SUCCESS,14,2795519.64,0.00,2795519.64
2024-01-05,Debit Card,FAILED,1,129864.10,0.00,129864.10
2024-01-05,Debit Card,SUCCESS,8,1622914.55,0.00,1622914.55
2024-01-05,Net Banking,FAILED,1,324388.30,0.00,324388.30
2024-01-05,Net Banking,PENDING,1,182652.24,0.00,182652.24
2024-01-05,Net Banking,REFUNDED,1,482165.36,482165.36,0.00
2024-01-05,Net Banking,SUCCESS,8,2008870.47,0.00,2008870.47
2024-01-05,Upi,REFUNDED,1,128159.52,128159.52,0.00
2024-01-05,Upi,SUCCESS,4,1271146.42,0.00,1271146.42
2024-01-05,Wallet,FAILED,1,489225.42,0.00,489225.42
2024-01-05,Wallet,PENDING,1,386738.10,0.00,386738.10
2024-01-05,Wallet,REFUNDED,3,1057487.65,1057487.65,0.00
2024-01-05,Wallet,SUCCESS,3,823427.97,0.00,823427.97
2024-01-06,Credit Card,FAILED,1,450242.70,0.00,450242.70
2024-01-06,Credit Card,REFUNDED,1,309681.06,309681.06,0.00
2024-01-06,Credit Card,SUCCESS,10,3029597.53,0.00,3029597.53
2024-01-06,Debit Card,REFUNDED,1,139267.95,139267.95,0.00
2024-01-06,Debit Card,SUCCESS,9,2193533.98,0.00,2193533.98
2024-01-06,Net Banking,FAILED,2,846786.96,0.00,846786.96
2024-01-06,Net Banking,SUCCESS,12,3817699.55,0.00,3817699.55
2024-01-06,Upi,FAILED,4,848555.48,0.00,848555.48
2024-01-06,Upi,REFUNDED,4,1114834.81,1114834.81,0.00
2024-01-06,Upi,SUCCESS,6,1544941.49,0.00,1544941.49
2024-01-06,Wallet,PENDING,1,192785.31,0.00,192785.31
2024-01-06,Wallet,SUCCESS,12,3402161.41,0.00,3402161.41
2024-01-07,Credit Card,SUCCESS,7,1501720.42,0.00,1501720.42
2024-01-07,Debit Card,SUCCESS,12,2903597.19,0.00,2903597.19
2024-01-07,Net Banking,FAILED,1,176192.45,0.00,176192.45
2024-01-07,Net Banking,REFUNDED,2,432787.94,432787.94,0.00
2024-01-07,Net Banking,SUCCESS,5,1727281.04,0.00,1727281.04
2024-01-07,Upi,FAILED,3,583697.53,0.00,583697.53
2024-01-07,Upi,SUCCESS,14,4393068.91,0.00,4393068.91
2024-01-07,Wallet,REFUNDED,1,521694.95,521694.95,0.00
2024-01-07,Wallet,SUCCESS,6,1166304.05,0.00,1166304.05
2024-01-08,Credit Card,FAILED,1,527179.07,0.00,527179.07
2024-01-08,Credit Card,PENDING,1,19626.38,0.00,19626.38
2024-01-08,Credit Card,SUCCESS,10,2034272.06,0.00,2034272.06
2024-01-08,Debit Card,PENDING,1,263028.55,0.00,263028.55
2024-01-08,Debit Card,REFUNDED,4,1190802.09,1190802.09,0.00
2024-01-08,Debit Card,SUCCESS,6,1565300.28,0.00,1565300.28
2024-01-08,Net Banking,FAILED,1,114509.06,0.00,114509.06
2024-01-08,Net Banking,REFUNDED,1,444352.62,444352.62,0.00
2024-01-08,Net Banking,SUCCESS,15,3449182.84,0.00,3449182.84
2024-01-08,Upi,FAILED,1,55360.45,0.00,55360.45
2024-01-08,Upi,REFUNDED,1,108902.95,108902.95,0.00
2024-01-08,Upi,SUCCESS,8,2380570.95,0.00,2380570.95
2024-01-08,Wallet,FAILED,1,214364.95,0.00,214364.95
2024-01-08,Wallet,REFUNDED,3,578115.02,578115.02,0.00
2024-01-08,Wallet,SUCCESS,12,2680088.88,0.00,2680088.88
2024-01-09,Credit Card,FAILED,1,137130.37,0.00,137130.37
2024-01-09,Credit Card,REFUNDED,3,921184.74,921184.74,0.00
2024-01-09,Credit Card,SUCCESS,5,1094760.43,0.00,1094760.43
2024-01-09,Debit Card,FAILED,2,624454.52,0.00,624454.52
2024-01-09,Debit Card,REFUNDED,1,599345.50,599345.50,0.00
2024-01-09,Debit Card,SUCCESS,9,2671837.95,0.00,2671837.95
2024-01-09,Net Banking,FAILED,3,636521.24,0.00,636521.24
2024-01-09,Net Banking,REFUNDED,1,428506.28,428506.28,0.00
2024-01-09,Net Banking,SUCCESS,6,2398135.13,0.00,2398135.13
2024-01-09,Upi,FAILED,1,31345.02,0.00,31345.02
2024-01-09,Upi,SUCCESS,6,2389139.36,0.00,2389139.36
2024-01-09,Wallet,FAILED,1,181705.55,0.00,181705.55
2024-01-09,Wallet,REFUNDED,2,730009.36,730009.36,0.00
2024-01-09,Wallet,SUCCESS,3,803802.44,0.00,803802.44
2024-01-10,Credit Card,REFUNDED,3,979278.59,979278.59,0.00
2024-01-10,Credit Card,SUCCESS,7,1985397.06,0.00,1985397.06
2024-01-10,Debit Card,PENDING,1,327647.73,0.00,327647.73
2024-01-10,Debit Card,SUCCESS,11,3595017.86,0.00,3595017.86
2024-01-10,Net Banking,FAILED,2,414005.72,0.00,414005.72
2024-01-10,Net Banking,REFUNDED,1,761883.90,761883.90,0.00
2024-01-10,Net Banking,SUCCESS,10,1721101.00,0.00,1721101.00
2024-01-10,Upi,REFUNDED,1,113803.13,113803.13,0.00
2024-01-10,Upi,SUCCESS,9,3087336.58,0.00,3087336.58
2024-01-10,Wallet,PENDING,1,356826.59,0.00,356826.59
2024-01-10,Wallet,SUCCESS,4,981162.55,0.00,981162.55
2024-01-11,Credit Card,FAILED,2,537989.74,0.00,537989.74
2024-01-11,Credit Card,REFUNDED,3,1074186.04,1074186.04,0.00
2024-01-11,Credit Card,SUCCESS,8,2359809.54,0.00,2359809.54
2024-01-11,Debit Card,REFUNDED,2,331402.53,331402.53,0.00
2024-01-11,Debit Card,SUCCESS,9,2270384.67,0.00,2270384.67
2024-01-11,Net Banking,FAILED,1,37858.83,0.00,37858.83
2024-01-11,Net Banking,REFUNDED,1,133739.47,133739.47,0.00
2024-01-11,Net Banking,SUCCESS,8,2023225.10,0.00,2023225.10
2024-01-11,Upi,FAILED,2,709545.15,0.00,709545.15
2024-01-11,Upi,REFUNDED,1,122156.39,122156.39,0.00
2024-01-11,Upi,SUCCESS,13,2902379.95,0.00,2902379.95
2024-01-11,Wallet,FAILED,1,46913.40,0.00,46913.40
2024-01-11,Wallet,PENDING,1,210038.09,0.00,210038.09
2024-01-11,Wallet,REFUNDED,2,1021857.62,1021857.62,0.00
2024-01-11,Wallet,SUCCESS,3,816417.62,0.00,816417.62
2024-01-12,Credit Card,FAILED,3,432313.64,0.00,432313.64
2024-01-12,Credit Card,REFUNDED,2,588260.33,588260.33,0.00
2024-01-12,Credit Card,SUCCESS,14,3687156.20,0.00,3687156.20
2024-01-12,Debit Card,PENDING,1,139522.93,0.00,139522.93
2024-01-12,Debit Card,REFUNDED,1,305476.90,305476.90,0.00
2024-01-12,Debit Card,SUCCESS,8,2724124.00,0.00,2724124.00
2024-01-12,Net Banking,FAILED,1,613862.06,0.00,613862.06
2024-01-12,Net Banking,REFUNDED,1,354411.98,354411.98,0.00
2024-01-12,Net Banking,SUCCESS,7,1222923.83,0.00,1222923.83
2024-01-12,Upi,FAILED,2,748995.08,0.00,748995.08
2024-01-12,Upi,REFUNDED,1,395064.37,395064.37,0.00
2024-01-12,Upi,SUCCESS,5,1806494.54,0.00,1806494.54
2024-01-12,Wallet,REFUNDED,2,586506.64,586506.64,0.00
2024-01-12,Wallet,SUCCESS,10,3117520.28,0.00,3117520.28
2024-01-13,Credit Card,FAILED,1,122876.90,0.00,122876.90
2024-01-13,Credit Card,REFUNDED,2,296321.49,296321.49,0.00
2024-01-13,Credit Card,SUCCESS,5,1424486.11,0.00,1424486.11
2024-01-13,Debit Card,FAILED,1,240200.01,0.00,240200.01
2024-01-13,Debit Card,REFUNDED,2,289242.05,289242.05,0.00
2024-01-13,Debit Card,SUCCESS,8,2344135.00,0.00,2344135.00
2024-01-13,Net Banking,FAILED,1,201822.74,0.00,201822.74
2024-01-13,Net Banking,REFUNDED,3,724637.56,724637.56,0.00
2024-01-13,Net Banking,SUCCESS,12,3356441.38,0.00,3356441.38
2024-01-13,Upi,FAILED,1,439247.46,0.00,439247.46
2024-01-13,Upi,SUCCESS,10,3105887.96,0.00,3105887.96
2024-01-13,Wallet,PENDING,1,194025.03,0.00,194025.03
2024-01-13,Wallet,REFUNDED,1,259010.53,259010.53,0.00
2024-01-13,Wallet,SUCCESS,8,1986724.01,0.00,1986724.01
2024-01-14,Credit Card,FAILED,1,16070.82,0.00,16070.82
2024-01-14,Credit Card,PENDING,1,32931.26,0.00,32931.26
2024-01-14,Credit Card,REFUNDED,2,287666.76,287666.76,0.00
2024-01-14,Credit Card,SUCCESS,5,887204.53,0.00,887204.53
2024-01-14,Debit Card,FAILED,1,15144.90,0.00,15144.90
2024-01-14,Debit Card,REFUNDED,2,833847.27,833847.27,0.00
2024-01-14,Debit Card,SUCCESS,9,2327508.83,0.00,2327508.83
2024-01-14,Net Banking,FAILED,1,681010.82,0.00,681010.82
2024-01-14,Net Banking,SUCCESS,7,1677046.63,0.00,1677046.63
2024-01-14,Upi,FAILED,1,395151.09,0.00,395151.09
2024-01-14,Upi,REFUNDED,1,268795.94,268795.94,0.00
2024-01-14,Upi,SUCCESS,7,1721301.61,0.00,1721301.61
2024-01-14,Wallet,FAILED,1,164462.92,0.00,164462.92
2024-01-14,Wallet,PENDING,1,237659.22,0.00,237659.22
2024-01-14,Wallet,REFUNDED,2,575563.20,575563.20,0.00
2024-01-14,Wallet,SUCCESS,8,2841445.10,0.00,2841445.10
2024-01-15,Credit Card,FAILED,2,1027619.24,0.00,1027619.24
2024-01-15,Credit Card,REFUNDED,3,1097788.94,1097788.94,0.00
2024-01-15,Credit Card,SUCCESS,15,4320456.28,0.00,4320456.28
2024-01-15,Debit Card,PENDING,1,240976.64,0.00,240976.64
2024-01-15,Debit Card,REFUNDED,1,561602.05,561602.05,0.00
2024-01-15,Debit Card,SUCCESS,11,3798268.11,0.00,3798268.11
2024-01-15,Net Banking,REFUNDED,3,805454.90,805454.90,0.00
2024-01-15,Net Banking,SUCCESS,10,2012930.10,0.00,2012930.10
2024-01-15,Upi,FAILED,3,145373.62,0.00,145373.62
2024-01-15,Upi,PENDING,2,158128.59,0.00,158128.59
2024-01-15,Upi,REFUNDED,1,144527.00,144527.00,0.00
2024-01-15,Upi,SUCCESS,11,2760001.21,0.00,2760001.21
2024-01-15,Wallet,PENDING,2,242569.65,0.00,242569.65
2024-01-15,Wallet,REFUNDED,2,212216.27,212216.27,0.00
2024-01-15,Wallet,SUCCESS,7,1728045.94,0.00,1728045.94
2024-01-16,Credit Card,FAILED,2,517023.65,0.00,517023.65
2024-01-16,Credit Card,REFUNDED,2,353611.84,353611.84,0.00
2024-01-16,Credit Card,SUCCESS,3,785157.60,0.00,785157.60
2024-01-16,Debit Card,FAILED,4,991567.34,0.00,991567.34
2024-01-16,Debit Card,REFUNDED,3,678009.86,678009.86,0.00
2024-01-16,Debit Card,SUCCESS,8,2167835.37,0.00,2167835.37
2024-01-16,Net Banking,FAILED,2,87065.06,0.00,87065.06
2024-01-16,Net Banking,SUCCESS,7,2358371.05,0.00,2358371.05
2024-01-16,Upi,FAILED,1,222635.55,0.00,222635.55
2024-01-16,Upi,PENDING,1,530256.71,0.00,530256.71
2024-01-16,Upi,REFUNDED,2,1034571.58,1034571.58,0.00
2024-01-16,Upi,SUCCESS,6,2248736.39,0.00,2248736.39
2024-01-16,Wallet,FAILED,3,1174783.47,0.00,1174783.47
2024-01-16,Wallet,REFUNDED,1,224850.09,224850.09,0.00
2024-01-16,Wallet,SUCCESS,11,3032912.48,0.00,3032912.48
2024-01-17,Credit Card,FAILED,3,1037515.93,0.00,1037515.93
2024-01-17,Credit Card,SUCCESS,14,2198493.95,0.00,2198493.95
2024-01-17,Debit Card,PENDING,1,162078.76,0.00,162078.76
2024-01-17,Debit Card,REFUNDED,2,922202.28,922202.28,0.00
2024-01-17,Debit Card,SUCCESS,11,3204028.79,0.00,3204028.79
2024-01-17,Net Banking,FAILED,1,494429.86,0.00,494429.86
2024-01-17,Net Banking,REFUNDED,2,1044406.35,1044406.35,0.00
2024-01-17,Net Banking,SUCCESS,3,558059.62,0.00,558059.62
2024-01-17,Upi,FAILED,3,523875.97,0.00,523875.97
2024-01-17,Upi,PENDING,2,219198.94,0.00,219198.94
2024-01-17,Upi,SUCCESS,7,1810619.14,0.00,1810619.14
2024-01-17,Wallet,FAILED,2,530791.89,0.00,530791.89
2024-01-17,Wallet,REFUNDED,1,376446.11,376446.11,0.00
2024-01-17,Wallet,SUCCESS,5,1041703.15,0.00,1041703.15
2024-01-18,Credit Card,FAILED,2,445364.54,0.00,445364.54
2024-01-18,Credit Card,PENDING,1,336009.35,0.00,336009.35
2024-01-18,Credit Card,REFUNDED,3,973485.63,973485.63,0.00
2024-01-18,Credit Card,SUCCESS,9,2993270.03,0.00,2993270.03
2024-01-18,Debit Card,FAILED,2,661674.94,0.00,661674.94
2024-01-18,Debit Card,REFUNDED,5,1691252.03,1691252.03,0.00
2024-01-18,Debit Card,SUCCESS,8,2066963.84,0.00,2066963.84
2024-01-18,Net Banking,FAILED,2,790023.02,0.00,790023.02
2024-01-18,Net Banking,PENDING,1,704711.63,0.00,704711.63
2024-01-18,Net Banking,REFUNDED,5,788164.38,788164.38,0.00
2024-01-18,Net Banking,SUCCESS,4,1237253.66,0.00,1237253.66
2024-01-18,Upi,FAILED,1,23033.78,0.00,23033.78
2024-01-18,Upi,PENDING,2,700698.27,0.00,700698.27
2024-01-18,Upi,REFUNDED,2,779514.26,779514.26,0.00
2024-01-18,Upi,SUCCESS,12,2956343.73,0.00,2956343.73
2024-01-18,Wallet,FAILED,2,611487.42,0.00,611487.42
2024-01-18,Wallet,PENDING,1,282743.58,0.00,282743.58
2024-01-18,Wallet,REFUNDED,1,272868.63,272868.63,0.00
2024-01-18,Wallet,SUCCESS,12,3201616.12,0.00,3201616.12
2024-01-19,Credit Card,FAILED,1,92428.68,0.00,92428.68
2024-01-19,Credit Card,REFUNDED,3,753311.76,753311.76,0.00
2024-01-19,Credit Card,SUCCESS,8,2479937.78,0.00,2479937.78
2024-01-19,Debit Card,SUCCESS,12,2082798.08,0.00,2082798.08
2024-01-19,Net Banking,SUCCESS,3,288657.67,0.00,288657.67
2024-01-19,Upi,PENDING,1,26943.44,0.00,26943.44
2024-01-19,Upi,REFUNDED,1,350790.93,350790.93,0.00
2024-01-19,Upi,SUCCESS,8,1528757.33,0.00,1528757.33
2024-01-19,Wallet,PENDING,1,13844.47,0.00,13844.47
2024-01-19,Wallet,SUCCESS,9,2017626.85,0.00,2017626.85
2024-01-20,Credit Card,FAILED,1,527963.20,0.00,527963.20
2024-01-20,Credit Card,PENDING,1,90485.05,0.00,90485.05
2024-01-20,Credit Card,SUCCESS,12,3180752.41,0.00,3180752.41
2024-01-20,Debit Card,FAILED,2,909815.11,0.00,909815.11
2024-01-20,Debit Card,REFUNDED,4,1442454.44,1442454.44,0.00
2024-01-20,Debit Card,SUCCESS,7,987680.08,0.00,987680.08
2024-01-20,Net Banking,FAILED,3,1736779.88,0.00,1736779.88
2024-01-20,Net Banking,SUCCESS,4,1409411.05,0.00,1409411.05
2024-01-20,Upi,FAILED,1,262792.19,0.00,262792.19
2024-01-20,Upi,PENDING,1,212789.01,0.00,212789.01
2024-01-20,Upi,REFUNDED,3,583163.50,583163.50,0.00
2024-01-20,Upi,SUCCESS,8,1797016.08,0.00,1797016.08
2024-01-20,Wallet,FAILED,1,383908.73,0.00,383908.73
2024-01-20,Wallet,SUCCESS,6,1483530.14,0.00,1483530.14
2024-01-21,Credit Card,REFUNDED,1,460559.52,460559.52,0.00
2024-01-21,Credit Card,SUCCESS,6,1496451.40,0.00,1496451.40
2024-01-21,Debit Card,FAILED,2,481144.22,0.00,481144.22
2024-01-21,Debit Card,PENDING,2,978139.17,0.00,978139.17
2024-01-21,Debit Card,REFUNDED,1,173431.29,173431.29,0.00
2024-01-21,Debit Card,SUCCESS,11,4218098.12,0.00,4218098.12
2024-01-21,Net Banking,FAILED,4,1594242.43,0.00,1594242.43
2024-01-21,Net Banking,REFUNDED,3,1318928.86,1318928.86,0.00
2024-01-21,Net Banking,SUCCESS,7,1527228.10,0.00,1527228.10
2024-01-21,Upi,FAILED,2,267733.42,0.00,267733.42
2024-01-21,Upi,REFUNDED,4,797038.01,797038.01,0.00
2024-01-21,Upi,SUCCESS,5,835794.22,0.00,835794.22
2024-01-21,Wallet,FAILED,2,629040.48,0.00,629040.48
2024-01-21,Wallet,PENDING,1,187884.57,0.00,187884.57
2024-01-21,Wallet,SUCCESS,10,2803883.47,0.00,2803883.47
2024-01-22,Credit Card,REFUNDED,3,1010052.21,1010052.21,0.00
2024-01-22,Credit Card,SUCCESS,11,2908692.54,0.00,2908692.54
2024-01-22,Debit Card,REFUNDED,2,237991.89,237991.89,0.00
2024-01-22,Debit Card,SUCCESS,5,1073420.02,0.00,1073420.02
2024-01-22,Net Banking,SUCCESS,11,2958961.53,0.00,2958961.53
2024-01-22,Upi,FAILED,1,263208.64,0.00,263208.64
2024-01-22,Upi,REFUNDED,2,634516.57,634516.57,0.00
2024-01-22,Upi,SUCCESS,6,1217436.77,0.00,1217436.77
2024-01-22,Wallet,FAILED,3,770498.72,0.00,770498.72
2024-01-22,Wallet,REFUNDED,1,294910.53,294910.53,0.00
2024-01-22,Wallet,SUCCESS,9,3113161.68,0.00,3113161.68
2024-01-23,Credit Card,REFUNDED,3,1300168.87,1300168.87,0.00
2024-01-23,Credit Card,SUCCESS,7,2179060.73,0.00,2179060.73
2024-01-23,Debit Card,PENDING,1,362113.34,0.00,362113.34
2024-01-23,Debit Card,REFUNDED,2,681033.71,681033.71,0.00
2024-01-23,Debit Card,SUCCESS,11,1651639.68,0.00,1651639.68
2024-01-23,Net Banking,PENDING,1,433089.20,0.00,433089.20
2024-01-23,Net Banking,SUCCESS,9,2446205.65,0.00,2446205.65
2024-01-23,Upi,REFUNDED,1,138598.21,138598.21,0.00
2024-01-23,Upi,SUCCESS,4,796058.25,0.00,796058.25
2024-01-23,Wallet,FAILED,2,350945.68,0.00,350945.68
2024-01-23,Wallet,REFUNDED,1,195275.70,195275.70,0.00
2024-01-23,Wallet,SUCCESS,5,2365977.01,0.00,2365977.01
2024-01-24,Credit Card,FAILED,1,133405.76,0.00,133405.76
2024-01-24,Credit Card,SUCCESS,10,2667577.05,0.00,2667577.05
2024-01-24,Debit Card,FAILED,2,225485.42,0.00,225485.42
2024-01-24,Debit Card,PENDING,1,323718.07,0.00,323718.07
2024-01-24,Debit Card,REFUNDED,2,538055.57,538055.57,0.00
2024-01-24,Debit Card,SUCCESS,5,1597136.83,0.00,1597136.83
2024-01-24,Net Banking,FAILED,1,326733.63,0.00,326733.63
2024-01-24,Net Banking,REFUNDED,1,517952.78,517952.78,0.00
2024-01-24,Net Banking,SUCCESS,7,3198165.96,0.00,3198165.96
2024-01-24,Upi,FAILED,3,779861.23,0.00,779861.23
2024-01-24,Upi,REFUNDED,1,216852.59,216852.59,0.00
2024-01-24,Upi,SUCCESS,7,1640350.41,0.00,1640350.41
2024-01-24,Wallet,FAILED,1,659416.21,0.00,659416.21
2024-01-24,Wallet,REFUNDED,5,1520643.99,1520643.99,0.00
2024-01-24,Wallet,SUCCESS,8,2010018.49,0.00,2010018.49
2024-01-25,Credit Card,FAILED,1,736359.85,0.00,736359.85
2024-01-25,Credit Card,PENDING,1,440014.64,0.00,440014.64
2024-01-25,Credit Card,REFUNDED,4,1316019.85,1316019.85,0.00
2024-01-25,Credit Card,SUCCESS,8,1761356.05,0.00,1761356.05
2024-01-25,Debit Card,FAILED,1,57129.14,0.00,57129.14
2024-01-25,Debit Card,SUCCESS,1,147876.62,0.00,147876.62
2024-01-25,Net Banking,FAILED,2,269747.48,0.00,269747.48
2024-01-25,Net Banking,PENDING,1,76990.93,0.00,76990.93
2024-01-25,Net Banking,SUCCESS,6,1685996.67,0.00,1685996.67
2024-01-25,Upi,FAILED,1,343945.66,0.00,343945.66
2024-01-25,Upi,REFUNDED,1,37229.25,37229.25,0.00
2024-01-25,Upi,SUCCESS,5,1150738.91,0.00,1150738.91
2024-01-25,Wallet,FAILED,1,37177.16,0.00,37177.16
2024-01-25,Wallet,SUCCESS,5,2156793.79,0.00,2156793.79
2024-01-26,Credit Card,REFUNDED,2,1042990.90,1042990.90,0.00
2024-01-26,Credit Card,SUCCESS,10,2264877.45,0.00,2264877.45
2024-01-26,Debit Card,REFUNDED,2,589054.34,589054.34,0.00
2024-01-26,Debit Card,SUCCESS,10,2294995.28,0.00,2294995.28
2024-01-26,Net Banking,FAILED,1,217750.97,0.00,217750.97
2024-01-26,Net Banking,SUCCESS,6,2187598.38,0.00,2187598.38
2024-01-26,Upi,FAILED,1,540907.45,0.00,540907.45
2024-01-26,Upi,REFUNDED,3,915385.48,915385.48,0.00
2024-01-26,Upi,SUCCESS,5,1725251.64,0.00,1725251.64
2024-01-26,Wallet,FAILED,1,132704.47,0.00,132704.47
2024-01-26,Wallet,PENDING,1,348721.55,0.00,348721.55
2024-01-26,Wallet,REFUNDED,2,856510.28,856510.28,0.00
2024-01-26,Wallet,SUCCESS,9,1897102.07,0.00,1897102.07
2024-01-27,Credit Card,FAILED,2,439709.05,0.00,439709.05
2024-01-27,Credit Card,REFUNDED,2,71170.06,71170.06,0.00
2024-01-27,Credit Card,SUCCESS,7,2135807.28,0.00,2135807.28
2024-01-27,Debit Card,FAILED,1,25741.28,0.00,25741.28
2024-01-27,Debit Card,PENDING,1,357770.87,0.00,357770.87
2024-01-27,Debit Card,REFUNDED,3,608461.86,608461.86,0.00
2024-01-27,Debit Card,SUCCESS,6,1476876.19,0.00,1476876.19
2024-01-27,Net Banking,FAILED,3,531057.79,0.00,531057.79
2024-01-27,Net Banking,REFUNDED,1,133257.48,133257.48,0.00
2024-01-27,Net Banking,SUCCESS,4,896619.39,0.00,896619.39
2024-01-27,Upi,FAILED,1,634351.25,0.00,634351.25
2024-01-27,Upi,PENDING,1,121616.98,0.00,121616.98
2024-01-27,Upi,REFUNDED,1,129299.34,129299.34,0.00
2024-01-27,Upi,SUCCESS,8,2336071.20,0.00,2336071.20
2024-01-27,Wallet,FAILED,1,285814.26,0.00,285814.26
2024-01-27,Wallet,REFUNDED,2,343293.41,343293.41,0.00
2024-01-27,Wallet,SUCCESS,7,2686167.81,0.00,2686167.81
2024-01-28,Credit Card,FAILED,1,569098.82,0.00,569098.82
2024-01-28,Credit Card,PENDING,1,469784.27,0.00,469784.27
2024-01-28,Credit Card,REFUNDED,2,721882.10,721882.10,0.00
2024-01-28,Credit Card,SUCCESS,4,1109645.61,0.00,1109645.61
2024-01-28,Debit Card,FAILED,2,428782.80,0.00,428782.80
2024-01-28,Debit Card,SUCCESS,8,2580975.79,0.00,2580975.79
2024-01-28,Net Banking,FAILED,3,541459.37,0.00,541459.37
2024-01-28,Net Banking,SUCCESS,3,714184.77,0.00,714184.77
2024-01-28,Upi,REFUNDED,2,486083.66,486083.66,0.00
2024-01-28,Upi,SUCCESS,3,576435.73,0.00,576435.73
2024-01-28,Wallet,FAILED,1,361712.01,0.00,361712.01
2024-01-28,Wallet,SUCCESS,7,1200667.75,0.00,1200667.75
2024-01-29,Credit Card,FAILED,1,129073.75,0.00,129073.75
2024-01-29,Credit Card,REFUNDED,1,180387.39,180387.39,0.00
2024-01-29,Credit Card,SUCCESS,10,2134297.23,0.00,2134297.23
2024-01-29,Debit Card,REFUNDED,5,867868.60,867868.60,0.00
2024-01-29,Debit Card,SUCCESS,11,2692979.05,0.00,2692979.05
2024-01-29,Net Banking,PENDING,1,435508.88,0.00,435508.88
2024-01-29,Net Banking,SUCCESS,5,1367329.11,0.00,1367329.11
2024-01-29,Upi,FAILED,2,767210.44,0.00,767210.44
2024-01-29,Upi,REFUNDED,3,904517.87,904517.87,0.00
2024-01-29,Upi,SUCCESS,7,1686850.03,0.00,1686850.03
2024-01-29,Wallet,FAILED,1,513834.11,0.00,513834.11
2024-01-29,Wallet,REFUNDED,3,424013.43,424013.43,0.00
2024-01-29,Wallet,SUCCESS,7,1973352.71,0.00,1973352.71
2024-01-30,Credit Card,FAILED,2,377343.83,0.00,377343.83
2024-01-30,Credit Card,REFUNDED,1,456791.60,456791.60,0.00
2024-01-30,Credit Card,SUCCESS,10,2443377.61,0.00,2443377.61
2024-01-30,Debit Card,FAILED,3,415666.19,0.00,415666.19
2024-01-30,Debit Card,PENDING,3,875840.57,0.00,875840.57
2024-01-30,Debit Card,SUCCESS,6,2319534.08,0.00,2319534.08
2024-01-30,Net Banking,FAILED,2,509214.65,0.00,509214.65
2024-01-30,Net Banking,SUCCESS,7,2042218.89,0.00,2042218.89
2024-01-30,Upi,REFUNDED,2,344652.17,344652.17,0.00
2024-01-30,Upi,SUCCESS,6,1881246.12,0.00,1881246.12
2024-01-30,Wallet,SUCCESS,4,942848.77,0.00,942848.77
2024-01-31,Credit Card,FAILED,1,530764.61,0.00,530764.61
2024-01-31,Credit Card,REFUNDED,3,980144.26,980144.26,0.00
2024-01-31,Credit Card,SUCCESS,10,2118569.66,0.00,2118569.66
2024-01-31,Debit Card,FAILED,2,464808.36,0.00,464808.36
2024-01-31,Debit Card,REFUNDED,4,1459513.68,1459513.68,0.00
2024-01-31,Debit Card,SUCCESS,4,453237.48,0.00,453237.48
2024-01-31,Net Banking,REFUNDED,3,799808.73,799808.73,0.00
2024-01-31,Net Banking,SUCCESS,8,1957046.59,0.00,1957046.59
2024-01-31,Upi,FAILED,1,266902.39,0.00,266902.39
2024-01-31,Upi,SUCCESS,4,1197204.92,0.00,1197204.92
2024-01-31,Wallet,FAILED,2,540056.91,0.00,540056.91
2024-01-31,Wallet,SUCCESS,9,2390337.76,0.00,2390337.76
2024-02-01,Credit Card,FAILED,1,107757.65,0.00,107757.65
2024-02-01,Credit Card,REFUNDED,1,404834.20,404834.20,0.00
2024-02-01,Credit Card,SUCCESS,6,1339242.60,0.00,1339242.60
2024-02-01,Debit Card,FAILED,2,267375.96,0.00,267375.96
2024-02-01,Debit Card,PENDING,1,555108.20,0.00,555108.20
2024-02-01,Debit Card,REFUNDED,1,312152.10,312152.10,0.00
2024-02-01,Debit Card,SUCCESS,7,1851073.55,0.00,1851073.55
2024-02-01,Net Banking,FAILED,1,218533.27,0.00,218533.27
2024-02-01,Net Banking,SUCCESS,4,1074182.60,0.00,1074182.60
2024-02-01,Upi,FAILED,2,192023.65,0.00,192023.65
2024-02-01,Upi,REFUNDED,3,1523741.66,1523741.66,0.00
2024-02-01,Upi,SUCCESS,8,2487916.85,0.00,2487916.85
2024-02-01,Wallet,REFUNDED,1,89304.53,89304.53,0.00
2024-02-01,Wallet,SUCCESS,7,1944740.40,0.00,1944740.40
2024-02-02,Credit Card,PENDING,1,198837.25,0.00,198837.25
2024-02-02,Credit Card,REFUNDED,1,197039.25,197039.25,0.00
2024-02-02,Credit Card,SUCCESS,7,1624422.06,0.00,1624422.06
2024-02-02,Debit Card,REFUNDED,4,2102538.82,2102538.82,0.00
2024-02-02,Debit Card,SUCCESS,12,3672294.75,0.00,3672294.75
2024-02-02,Net Banking,FAILED,2,347579.40,0.00,347579.40
2024-02-02,Net Banking,PENDING,1,446094.45,0.00,446094.45
2024-02-02,Net Banking,REFUNDED,1,188614.41,188614.41,0.00
2024-02-02,Net Banking,SUCCESS,3,533581.06,0.00,533581.06
2024-02-02,Upi,FAILED,5,813430.84,0.00,813430.84
2024-02-02,Upi,REFUNDED,2,955423.50,955423.50,0.00
2024-02-02,Upi,SUCCESS,11,2482877.36,0.00,2482877.36
2024-02-02,Wallet,REFUNDED,1,229925.31,229925.31,0.00
2024-02-02,Wallet,SUCCESS,2,1066812.34,0.00,1066812.34
2024-02-03,Credit Card,FAILED,2,357045.27,0.00,357045.27
2024-02-03,Credit Card,REFUNDED,3,499763.40,499763.40,0.00
2024-02-03,Credit Card,SUCCESS,7,1639210.06,0.00,1639210.06
2024-02-03,Debit Card,SUCCESS,8,1722486.92,0.00,1722486.92
2024-02-03,Net Banking,FAILED,2,523479.68,0.00,523479.68
2024-02-03,Net Banking,REFUNDED,3,1416465.60,1416465.60,0.00
2024-02-03,Net Banking,SUCCESS,7,1607534.17,0.00,1607534.17
2024-02-03,Upi,FAILED,3,826742.69,0.00,826742.69
2024-02-03,Upi,REFUNDED,1,459980.59,459980.59,0.00
2024-02-03,Upi,SUCCESS,5,1692024.65,0.00,1692024.65
2024-02-03,Wallet,FAILED,1,337529.44,0.00,337529.44
2024-02-03,Wallet,REFUNDED,1,219220.76,219220.76,0.00
2024-02-03,Wallet,SUCCESS,10,4237221.68,0.00,4237221.68
2024-02-04,Credit Card,REFUNDED,2,836297.66,836297.66,0.00
2024-02-04,Credit Card,SUCCESS,8,1398612.42,0.00,1398612.42
2024-02-04,Debit Card,FAILED,1,224971.53,0.00,224971.53
2024-02-04,Debit Card,REFUNDED,1,258728.99,258728.99,0.00
2024-02-04,Debit Card,SUCCESS,4,630588.64,0.00,630588.64
2024-02-04,Net Banking,FAILED,3,977786.11,0.00,977786.11
2024-02-04,Net Banking,REFUNDED,2,583064.16,583064.16,0.00
2024-02-04,Net Banking,SUCCESS,7,1458748.32,0.00,1458748.32
2024-02-04,Upi,REFUNDED,2,396461.81,396461.81,0.00
2024-02-04,Upi,SUCCESS,8,2383111.37,0.00,2383111.37
2024-02-04,Wallet,FAILED,1,67172.27,0.00,67172.27
2024-02-04,Wallet,PENDING,1,260643.68,0.00,260643.68
2024-02-04,Wallet,REFUNDED,1,147150.84,147150.84,0.00
2024-02-04,Wallet,SUCCESS,4,688656.49,0.00,688656.49
2024-02-05,Credit Card,FAILED,1,723271.48,0.00,723271.48
2024-02-05,Credit Card,PENDING,1,501732.87,0.00,501732.87
2024-02-05,Credit Card,REFUNDED,4,668265.88,668265.88,0.00
2024-02-05,Credit Card,SUCCESS,8,2418597.10,0.00,2418597.10
2024-02-05,Debit Card,FAILED,1,260507.25,0.00,260507.25
2024-02-05,Debit Card,REFUNDED,2,454450.41,454450.41,0.00
2024-02-05,Debit Card,SUCCESS,8,1920174.15,0.00,1920174.15
2024-02-05,Net Banking,FAILED,2,324363.48,0.00,324363.48
2024-02-05,Net Banking,REFUNDED,1,103333.99,103333.99,0.00
2024-02-05,Net Banking,SUCCESS,13,2101219.22,0.00,2101219.22
2024-02-05,Upi,REFUNDED,4,800054.88,800054.88,0.00
2024-02-05,Upi,SUCCESS,17,4459705.92,0.00,4459705.92
2024-02-05,Wallet,FAILED,1,421850.60,0.00,421850.60
2024-02-05,Wallet,REFUNDED,1,168332.07,168332.07,0.00
2024-02-05,Wallet,SUCCESS,7,1074978.02,0.00,1074978.02
2024-02-06,Credit Card,FAILED,3,853595.45,0.00,853595.45
2024-02-06,Credit Card,PENDING,1,504342.10,0.00,504342.10
2024-02-06,Credit Card,REFUNDED,1,278476.89,278476.89,0.00
2024-02-06,Credit Card,SUCCESS,9,3137108.20,0.00,3137108.20
2024-02-06,Debit Card,FAILED,1,70630.05,0.00,70630.05
2024-02-06,Debit Card,PENDING,1,337395.56,0.00,337395.56
2024-02-06,Debit Card,REFUNDED,1,218768.38,218768.38,0.00
2024-02-06,Debit Card,SUCCESS,10,3822215.04,0.00,3822215.04
2024-02-06,Net Banking,FAILED,1,399556.81,0.00,399556.81
2024-02-06,Net Banking,PENDING,1,430222.13,0.00,430222.13
2024-02-06,Net Banking,REFUNDED,2,566536.42,566536.42,0.00
2024-02-06,Net Banking,SUCCESS,11,3311787.08,0.00,3311787.08
2024-02-06,Upi,PENDING,1,271491.72,0.00,271491.72
2024-02-06,Upi,REFUNDED,2,773416.38,773416.38,0.00
2024-02-06,Upi,SUCCESS,8,2442613.92,0.00,2442613.92
2024-02-06,Wallet,FAILED,1,424023.50,0.00,424023.50
2024-02-06,Wallet,REFUNDED,3,434746.17,434746.17,0.00
2024-02-06,Wallet,SUCCESS,8,2576205.15,0.00,2576205.15
2024-02-07,Credit Card,FAILED,4,1045740.00,0.00,1045740.00
2024-02-07,Credit Card,PENDING,2,610582.28,0.00,610582.28
2024-02-07,Credit Card,REFUNDED,2,206921.52,206921.52,0.00
2024-02-07,Credit Card,SUCCESS,11,3153946.41,0.00,3153946.41
2024-02-07,Debit Card,FAILED,1,175846.06,0.00,175846.06
2024-02-07,Debit Card,SUCCESS,7,1334498.27,0.00,1334498.27
2024-02-07,Net Banking,FAILED,1,71014.17,0.00,71014.17
2024-02-07,Net Banking,SUCCESS,9,2591777.57,0.00,2591777.57
2024-02-07,Upi,FAILED,1,337594.36,0.00,337594.36
2024-02-07,Upi,SUCCESS,9,3275902.48,0.00,3275902.48
2024-02-07,Wallet,FAILED,2,393929.58,0.00,393929.58
2024-02-07,Wallet,REFUNDED,2,647639.01,647639.01,0.00
2024-02-07,Wallet,SUCCESS,5,1555284.70,0.00,1555284.70
2024-02-08,Credit Card,FAILED,2,180895.07,0.00,180895.07
2024-02-08,Credit Card,REFUNDED,3,640408.62,640408.62,0.00
2024-02-08,Credit Card,SUCCESS,4,775171.40,0.00,775171.40
2024-02-08,Debit Card,FAILED,1,443962.10,0.00,443962.10
2024-02-08,Debit Card,SUCCESS,10,1729995.66,0.00,1729995.66
2024-02-08,Net Banking,REFUNDED,3,690086.79,690086.79,0.00
2024-02-08,Net Banking,SUCCESS,9,2615117.49,0.00,2615117.49
2024-02-08,Upi,FAILED,2,431880.82,0.00,431880.82
2024-02-08,Upi,PENDING,1,157076.85,0.00,157076.85
2024-02-08,Upi,SUCCESS,14,4114795.47,0.00,4114795.47
2024-02-08,Wallet,FAILED,2,766937.45,0.00,766937.45
2024-02-08,Wallet,REFUNDED,4,956244.63,956244.63,0.00
2024-02-08,Wallet,SUCCESS,7,2470187.74,0.00,2470187.74
2024-02-09,Credit Card,FAILED,2,515275.25,0.00,515275.25
2024-02-09,Credit Card,REFUNDED,5,1281009.40,1281009.40,0.00
2024-02-09,Credit Card,SUCCESS,11,3122630.91,0.00,3122630.91
2024-02-09,Debit Card,FAILED,1,30240.16,0.00,30240.16
2024-02-09,Debit Card,REFUNDED,2,721300.00,721300.00,0.00
2024-02-09,Debit Card,SUCCESS,7,1875330.27,0.00,1875330.27
2024-02-09,Net Banking,REFUNDED,4,1570393.24,1570393.24,0.00
2024-02-09,Net Banking,SUCCESS,3,1297858.59,0.00,1297858.59
2024-02-09,Upi,FAILED,1,151250.32,0.00,151250.32
2024-02-09,Upi,REFUNDED,1,172049.61,172049.61,0.00
2024-02-09,Upi,SUCCESS,9,2034406.92,0.00,2034406.92
2024-02-09,Wallet,FAILED,1,573870.54,0.00,573870.54
2024-02-09,Wallet,PENDING,2,678306.37,0.00,678306.37
2024-02-09,Wallet,REFUNDED,2,521148.49,521148.49,0.00
2024-02-09,Wallet,SUCCESS,11,3956748.01,0.00,3956748.01
2024-02-10,Credit Card,FAILED,1,104091.98,0.00,104091.98
2024-02-10,Credit Card,REFUNDED,3,1015450.12,1015450.12,0.00
2024-02-10,Credit Card,SUCCESS,6,1576383.71,0.00,1576383.71
2024-02-10,Debit Card,FAILED,2,920483.80,0.00,920483.80
2024-02-10,Debit Card,REFUNDED,2,403719.41,403719.41,0.00
2024-02-10,Debit Card,SUCCESS,5,1185442.91,0.00,1185442.91
2024-02-10,Net Banking,REFUNDED,6,2031426.50,2031426.50,0.00
2024-02-10,Net Banking,SUCCESS,9,2360322.25,0.00,2360322.25
2024-02-10,Upi,PENDING,1,159812.67,0.00,159812.67
2024-02-10,Upi,REFUNDED,1,516931.68,516931.68,0.00
2024-02-10,Upi,SUCCESS,6,1347640.35,0.00,1347640.35
2024-02-10,Wallet,FAILED,3,765136.52,0.00,765136.52
2024-02-10,Wallet,REFUNDED,1,120476.18,120476.18,0.00
2024-02-10,Wallet,SUCCESS,10,2404207.20,0.00,2404207.20
2024-02-11,Credit Card,FAILED,2,196590.04,0.00,196590.04
2024-02-11,Credit Card,PENDING,1,442590.34,0.00,442590.34
2024-02-11,Credit Card,SUCCESS,12,2076663.97,0.00,2076663.97
2024-02-11,Debit Card,FAILED,1,247613.86,0.00,247613.86
2024-02-11,Debit Card,PENDING,2,303280.56,0.00,303280.56
2024-02-11,Debit Card,SUCCESS,7,2423189.33,0.00,2423189.33
2024-02-11,Net Banking,FAILED,2,569150.23,0.00,569150.23
2024-02-11,Net Banking,REFUNDED,2,824602.52,824602.52,0.00
2024-02-11,Net Banking,SUCCESS,6,1886804.05,0.00,1886804.05
2024-02-11,Upi,SUCCESS,5,2611903.19,0.00,2611903.19
2024-02-11,Wallet,SUCCESS,14,3248937.69,0.00,3248937.69
2024-02-12,Credit Card,FAILED,2,467736.70,0.00,467736.70
2024-02-12,Credit Card,PENDING,2,566004.51,0.00,566004.51
2024-02-12,Credit Card,SUCCESS,6,952633.44,0.00,952633.44
2024-02-12,Debit Card,FAILED,2,709912.87,0.00,709912.87
2024-02-12,Debit Card,PENDING,1,302302.99,0.00,302302.99
2024-02-12,Debit Card,SUCCESS,7,2030317.48,0.00,2030317.48
2024-02-12,Net Banking,FAILED,2,527960.52,0.00,527960.52
2024-02-12,Net Banking,PENDING,1,105284.17,0.00,105284.17
2024-02-12,Net Banking,REFUNDED,7,1615726.71,1615726.71,0.00
2024-02-12,Net Banking,SUCCESS,7,2560784.11,0.00,2560784.11
2024-02-12,Upi,FAILED,2,416230.42,0.00,416230.42
2024-02-12,Upi,SUCCESS,9,2279506.33,0.00,2279506.33
2024-02-12,Wallet,FAILED,4,176038.30,0.00,176038.30
2024-02-12,Wallet,REFUNDED,3,1094730.87,1094730.87,0.00
2024-02-12,Wallet,SUCCESS,9,2440961.45,0.00,2440961.45
2024-02-13,Credit Card,FAILED,2,640891.05,0.00,640891.05
2024-02-13,Credit Card,SUCCESS,7,1370282.30,0.00,1370282.30
2024-02-13,Debit Card,FAILED,4,937646.70,0.00,937646.70
2024-02-13,Debit Card,PENDING,1,216652.99,0.00,216652.99
2024-02-13,Debit Card,REFUNDED,3,884353.75,884353.75,0.00
2024-02-13,Debit Card,SUCCESS,6,1583338.83,0.00,1583338.83
2024-02-13,Net Banking,FAILED,3,908460.39,0.00,908460.39
2024-02-13,Net Banking,REFUNDED,2,455718.19,455718.19,0.00
2024-02-13,Net Banking,SUCCESS,5,1030246.68,0.00,1030246.68
2024-02-13,Upi,REFUNDED,5,1441091.84,1441091.84,0.00
2024-02-13,Upi,SUCCESS,6,1471877.62,0.00,1471877.62
2024-02-13,Wallet,FAILED,1,540.07,0.00,540.07
2024-02-13,Wallet,REFUNDED,3,506736.26,506736.26,0.00
2024-02-13,Wallet,SUCCESS,5,1160766.01,0.00,1160766.01
2024-02-14,Credit Card,PENDING,1,104840.86,0.00,104840.86
2024-02-14,Credit Card,SUCCESS,5,1899176.83,0.00,1899176.83
2024-02-14,Debit Card,FAILED,1,230927.83,0.00,230927.83
2024-02-14,Debit Card,REFUNDED,1,321566.58,321566.58,0.00
2024-02-14,Debit Card,SUCCESS,8,1287500.33,0.00,1287500.33
2024-02-14,Net Banking,FAILED,1,132607.58,0.00,132607.58
2024-02-14,Net Banking,SUCCESS,7,1935541.27,0.00,1935541.27
2024-02-14,Upi,PENDING,3,1099311.11,0.00,1099311.11
2024-02-14,Upi,REFUNDED,3,719078.33,719078.33,0.00
2024-02-14,Upi,SUCCESS,9,1975091.09,0.00,1975091.09
2024-02-14,Wallet,FAILED,2,421877.40,0.00,421877.40
2024-02-14,Wallet,REFUNDED,3,249903.49,249903.49,0.00
2024-02-14,Wallet,SUCCESS,4,779781.15,0.00,779781.15
2024-02-15,Credit Card,FAILED,1,109590.08,0.00,109590.08
2024-02-15,Credit Card,PENDING,1,435080.66,0.00,435080.66
2024-02-15,Credit Card,REFUNDED,1,238506.41,238506.41,0.00
2024-02-15,Credit Card,SUCCESS,9,1768612.78,0.00,1768612.78
2024-02-15,Debit Card,FAILED,1,18050.45,0.00,18050.45
2024-02-15,Debit Card,PENDING,2,730102.18,0.00,730102.18
2024-02-15,Debit Card,REFUNDED,2,216248.39,216248.39,0.00
2024-02-15,Debit Card,SUCCESS,7,1600637.32,0.00,1600637.32
2024-02-15,Net Banking,FAILED,1,500915.62,0.00,500915.62
2024-02-15,Net Banking,PENDING,1,501214.91,0.00,501214.91
2024-02-15,Net Banking,REFUNDED,1,485176.09,485176.09,0.00
2024-02-15,Net Banking,SUCCESS,11,3169367.03,0.00,3169367.03
2024-02-15,Upi,FAILED,1,89934.09,0.00,89934.09
2024-02-15,Upi,REFUNDED,2,186696.08,186696.08,0.00
2024-02-15,Upi,SUCCESS,5,1880205.70,0.00,1880205.70
2024-02-15,Wallet,SUCCESS,6,1197180.87,0.00,1197180.87
2024-02-16,Credit Card,PENDING,1,266091.65,0.00,266091.65
2024-02-16,Credit Card,REFUNDED,6,951147.56,951147.56,0.00
2024-02-16,Credit Card,SUCCESS,9,2127478.92,0.00,2127478.92
2024-02-16,Debit Card,FAILED,2,713130.52,0.00,713130.52
2024-02-16,Debit Card,REFUNDED,1,523349.14,523349.14,0.00
2024-02-16,Debit Card,SUCCESS,7,2020322.67,0.00,2020322.67
2024-02-16,Net Banking,FAILED,2,572435.87,0.00,572435.87
2024-02-16,Net Banking,SUCCESS,11,2481498.45,0.00,2481498.45
2024-02-16,Upi,FAILED,3,1116642.01,0.00,1116642.01
2024-02-16,Upi,SUCCESS,9,1932990.50,0.00,1932990.50
2024-02-16,Wallet,FAILED,1,163920.60,0.00,163920.60
2024-02-16,Wallet,PENDING,1,229609.90,0.00,229609.90
2024-02-16,Wallet,SUCCESS,11,4192627.10,0.00,4192627.10
2024-02-17,Credit Card,FAILED,1,86431.14,0.00,86431.14
2024-02-17,Credit Card,PENDING,1,847605.17,0.00,847605.17
2024-02-17,Credit Card,REFUNDED,2,910917.97,910917.97,0.00
2024-02-17,Credit Card,SUCCESS,8,1569630.37,0.00,1569630.37
2024-02-17,Debit Card,FAILED,1,143854.60,0.00,143854.60
2024-02-17,Debit Card,REFUNDED,3,790263.54,790263.54,0.00
2024-02-17,Debit Card,SUCCESS,10,2601142.80,0.00,2601142.80
2024-02-17,Net Banking,FAILED,1,288781.48,0.00,288781.48
2024-02-17,Net Banking,PENDING,2,282888.55,0.00,282888.55
2024-02-17,Net Banking,REFUNDED,1,624355.72,624355.72,0.00
2024-02-17,Net Banking,SUCCESS,7,2377343.21,0.00,2377343.21
2024-02-17,Upi,FAILED,2,525185.69,0.00,525185.69
2024-02-17,Upi,PENDING,1,495782.65,0.00,495782.65
2024-02-17,Upi,REFUNDED,1,352770.16,352770.16,0.00
2024-02-17,Upi,SUCCESS,3,533122.71,0.00,533122.71
2024-02-17,Wallet,FAILED,1,159738.37,0.00,159738.37
2024-02-17,Wallet,PENDING,2,793266.98,0.00,793266.98
2024-02-17,Wallet,REFUNDED,1,29420.60,29420.60,0.00
2024-02-17,Wallet,SUCCESS,8,2479524.91,0.00,2479524.91
2024-02-18,Credit Card,SUCCESS,8,2083452.38,0.00,2083452.38
2024-02-18,Debit Card,REFUNDED,2,347375.94,347375.94,0.00
2024-02-18,Debit Card,SUCCESS,9,2009007.48,0.00,2009007.48
2024-02-18,Net Banking,FAILED,1,13498.36,0.00,13498.36
2024-02-18,Net Banking,SUCCESS,7,1448758.56,0.00,1448758.56
2024-02-18,Upi,REFUNDED,1,269551.61,269551.61,0.00
2024-02-18,Upi,SUCCESS,3,437502.19,0.00,437502.19
2024-02-18,Wallet,FAILED,1,293697.68,0.00,293697.68
2024-02-18,Wallet,SUCCESS,10,2733706.48,0.00,2733706.48
2024-02-19,Credit Card,FAILED,1,507021.60,0.00,507021.60
2024-02-19,Credit Card,PENDING,1,607920.91,0.00,607920.91
2024-02-19,Credit Card,SUCCESS,6,914583.88,0.00,914583.88
2024-02-19,Debit Card,PENDING,1,113720.28,0.00,113720.28
2024-02-19,Debit Card,SUCCESS,4,1241493.79,0.00,1241493.79
2024-02-19,Net Banking,FAILED,3,1258560.01,0.00,1258560.01
2024-02-19,Net Banking,REFUNDED,1,562763.33,562763.33,0.00
2024-02-19,Net Banking,SUCCESS,7,2288841.97,0.00,2288841.97
2024-02-19,Upi,FAILED,2,381736.60,0.00,381736.60
2024-02-19,Upi,REFUNDED,1,262874.63,262874.63,0.00
2024-02-19,Upi,SUCCESS,6,1515588.39,0.00,1515588.39
2024-02-19,Wallet,REFUNDED,3,937575.46,937575.46,0.00
2024-02-19,Wallet,SUCCESS,8,1904386.62,0.00,1904386.62
2024-02-20,Credit Card,FAILED,1,83815.04,0.00,83815.04
2024-02-20,Credit Card,REFUNDED,2,924394.04,924394.04,0.00
2024-02-20,Credit Card,SUCCESS,9,2248239.48,0.00,2248239.48
2024-02-20,Debit Card,FAILED,3,1041590.59,0.00,1041590.59
2024-02-20,Debit Card,REFUNDED,2,370800.21,370800.21,0.00
2024-02-20,Debit Card,SUCCESS,6,2151696.15,0.00,2151696.15
2024-02-20,Net Banking,REFUNDED,4,977681.91,977681.91,0.00
2024-02-20,Net Banking,SUCCESS,5,1046486.69,0.00,1046486.69
2024-02-20,Upi,REFUNDED,2,116164.48,116164.48,0.00
2024-02-20,Upi,SUCCESS,8,1832689.46,0.00,1832689.46
2024-02-20,Wallet,REFUNDED,1,38481.34,38481.34,0.00
2024-02-20,Wallet,SUCCESS,10,2859743.65,0.00,2859743.65
2024-02-21,Credit Card,REFUNDED,2,536022.48,536022.48,0.00
2024-02-21,Credit Card,SUCCESS,14,4358567.32,0.00,4358567.32
2024-02-21,Debit Card,FAILED,2,1077813.73,0.00,1077813.73
2024-02-21,Debit Card,PENDING,1,323666.63,0.00,323666.63
2024-02-21,Debit Card,REFUNDED,1,139697.48,139697.48,0.00
2024-02-21,Debit Card,SUCCESS,9,1725750.78,0.00,1725750.78
2024-02-21,Net Banking,FAILED,4,1034522.74,0.00,1034522.74
2024-02-21,Net Banking,REFUNDED,3,690365.62,690365.62,0.00
2024-02-21,Net Banking,SUCCESS,6,1897161.94,0.00,1897161.94
2024-02-21,Upi,FAILED,1,261900.61,0.00,261900.61
2024-02-21,Upi,REFUNDED,3,926508.64,926508.64,0.00
2024-02-21,Upi,SUCCESS,8,2137030.43,0.00,2137030.43
2024-02-21,Wallet,FAILED,3,533819.45,0.00,533819.45
2024-02-21,Wallet,REFUNDED,2,96574.09,96574.09,0.00
2024-02-21,Wallet,SUCCESS,4,1011613.50,0.00,1011613.50
2024-02-22,Credit Card,REFUNDED,2,121678.89,121678.89,0.00
2024-02-22,Credit Card,SUCCESS,3,826906.93,0.00,826906.93
2024-02-22,Debit Card,FAILED,1,451634.04,0.00,451634.04
2024-02-22,Debit Card,PENDING,1,218756.92,0.00,218756.92
2024-02-22,Debit Card,REFUNDED,3,927645.73,927645.73,0.00
2024-02-22,Debit Card,SUCCESS,6,1383693.62,0.00,1383693.62
2024-02-22,Net Banking,FAILED,1,264894.10,0.00,264894.10
2024-02-22,Net Banking,REFUNDED,1,397285.23,397285.23,0.00
2024-02-22,Net Banking,SUCCESS,5,745315.75,0.00,745315.75
2024-02-22,Upi,FAILED,3,762056.24,0.00,762056.24
2024-02-22,Upi,REFUNDED,4,658973.86,658973.86,0.00
2024-02-22,Upi,SUCCESS,5,1310652.73,0.00,1310652.73
2024-02-22,Wallet,PENDING,2,1051820.46,0.00,1051820.46
2024-02-22,Wallet,SUCCESS,14,3347703.17,0.00,3347703.17
2024-02-23,Credit Card,FAILED,1,256293.05,0.00,256293.05
2024-02-23,Credit Card,REFUNDED,2,451678.74,451678.74,0.00
2024-02-23,Credit Card,SUCCESS,4,1202523.28,0.00,1202523.28
2024-02-23,Debit Card,FAILED,2,148502.54,0.00,148502.54
2024-02-23,Debit Card,REFUNDED,3,566553.00,566553.00,0.00
2024-02-23,Debit Card,SUCCESS,7,1780057.42,0.00,1780057.42
2024-02-23,Net Banking,FAILED,2,406609.92,0.00,406609.92
2024-02-23,Net Banking,SUCCESS,6,904799.46,0.00,904799.46
2024-02-23,Upi,FAILED,1,557065.57,0.00,557065.57
2024-02-23,Upi,REFUNDED,2,22826.83,22826.83,0.00
2024-02-23,Upi,SUCCESS,5,1321314.29,0.00,1321314.29
2024-02-23,Wallet,REFUNDED,1,691833.18,691833.18,0.00
2024-02-23,Wallet,SUCCESS,8,2800951.53,0.00,2800951.53
2024-02-24,Credit Card,FAILED,2,332806.35,0.00,332806.35
2024-02-24,Credit Card,PENDING,1,439738.07,0.00,439738.07
2024-02-24,Credit Card,REFUNDED,2,411137.90,411137.90,0.00
2024-02-24,Credit Card,SUCCESS,7,3003896.15,0.00,3003896.15
2024-02-24,Debit Card,FAILED,4,1949386.17,0.00,1949386.17
2024-02-24,Debit Card,REFUNDED,2,770424.50,770424.50,0.00
2024-02-24,Debit Card,SUCCESS,6,924931.87,0.00,924931.87
2024-02-24,Net Banking,PENDING,1,263023.30,0.00,263023.30
2024-02-24,Net Banking,REFUNDED,1,313938.08,313938.08,0.00
2024-02-24,Net Banking,SUCCESS,8,2678706.00,0.00,2678706.00
2024-02-24,Upi,FAILED,1,236167.40,0.00,236167.40
2024-02-24,Upi,REFUNDED,1,359393.14,359393.14,0.00
2024-02-24,Upi,SUCCESS,7,2189483.48,0.00,2189483.48
2024-02-24,Wallet,FAILED,2,547163.85,0.00,547163.85
2024-02-24,Wallet,SUCCESS,9,1801016.12,0.00,1801016.12
2024-02-25,Credit Card,FAILED,5,1673145.73,0.00,1673145.73
2024-02-25,Credit Card,SUCCESS,8,1823911.88,0.00,1823911.88
2024-02-25,Debit Card,FAILED,1,153058.74,0.00,153058.74
2024-02-25,Debit Card,REFUNDED,2,138598.31,138598.31,0.00
2024-02-25,Debit Card,SUCCESS,9,3102848.67,0.00,3102848.67
2024-02-25,Net Banking,FAILED,3,553246.24,0.00,553246.24
2024-02-25,Net Banking,PENDING,1,306010.04,0.00,306010.04
2024-02-25,Net Banking,SUCCESS,12,2878013.23,0.00,2878013.23
2024-02-25,Upi,FAILED,1,394792.65,0.00,394792.65
2024-02-25,Upi,REFUNDED,1,308868.10,308868.10,0.00
2024-02-25,Upi,SUCCESS,6,1259228.57,0.00,1259228.57
2024-02-25,Wallet,FAILED,3,718995.70,0.00,718995.70
2024-02-25,Wallet,REFUNDED,1,207911.73,207911.73,0.00
2024-02-25,Wallet,SUCCESS,2,772068.60,0.00,772068.60
2024-02-26,Credit Card,FAILED,1,476883.61,0.00,476883.61
2024-02-26,Credit Card,PENDING,1,233199.89,0.00,233199.89
2024-02-26,Credit Card,REFUNDED,1,285293.65,285293.65,0.00
2024-02-26,Credit Card,SUCCESS,7,1856501.10,0.00,1856501.10
2024-02-26,Debit Card,FAILED,2,771467.76,0.00,771467.76
2024-02-26,Debit Card,REFUNDED,1,256673.90,256673.90,0.00
2024-02-26,Debit Card,SUCCESS,9,2125578.82,0.00,2125578.82
2024-02-26,Net Banking,SUCCESS,5,2299446.50,0.00,2299446.50
2024-02-26,Upi,FAILED,1,151393.65,0.00,151393.65
2024-02-26,Upi,SUCCESS,12,4322094.99,0.00,4322094.99
2024-02-26,Wallet,FAILED,3,469019.25,0.00,469019.25
2024-02-26,Wallet,PENDING,2,789263.61,0.00,789263.61
2024-02-26,Wallet,REFUNDED,2,620806.39,620806.39,0.00
2024-02-26,Wallet,SUCCESS,6,877680.17,0.00,877680.17
2024-02-27,Credit Card,FAILED,2,616336.71,0.00,616336.71
2024-02-27,Credit Card,PENDING,1,794958.90,0.00,794958.90
2024-02-27,Credit Card,SUCCESS,7,1669557.61,0.00,1669557.61
2024-02-27,Debit Card,FAILED,1,241313.29,0.00,241313.29
2024-02-27,Debit Card,REFUNDED,3,387395.52,387395.52,0.00
2024-02-27,Debit Card,SUCCESS,12,2784028.69,0.00,2784028.69
2024-02-27,Net Banking,FAILED,2,451254.34,0.00,451254.34
2024-02-27,Net Banking,SUCCESS,9,2031409.40,0.00,2031409.40
2024-02-27,Upi,FAILED,3,821661.76,0.00,821661.76
2024-02-27,Upi,SUCCESS,5,915631.89,0.00,915631.89
2024-02-27,Wallet,FAILED,1,253862.84,0.00,253862.84
2024-02-27,Wallet,REFUNDED,2,579761.62,579761.62,0.00
2024-02-27,Wallet,SUCCESS,11,2122770.35,0.00,2122770.35
2024-02-28,Credit Card,FAILED,2,232270.28,0.00,232270.28
2024-02-28,Credit Card,PENDING,1,112060.84,0.00,112060.84
2024-02-28,Credit Card,SUCCESS,9,2467587.81,0.00,2467587.81
2024-02-28,Debit Card,FAILED,1,432056.54,0.00,432056.54
2024-02-28,Debit Card,REFUNDED,3,838721.36,838721.36,0.00
2024-02-28,Debit Card,SUCCESS,9,2670831.89,0.00,2670831.89
2024-02-28,Net Banking,FAILED,1,57226.22,0.00,57226.22
2024-02-28,Net Banking,REFUNDED,2,626642.71,626642.71,0.00
2024-02-28,Net Banking,SUCCESS,10,2087625.14,0.00,2087625.14
2024-02-28,Upi,FAILED,1,384763.15,0.00,384763.15
2024-02-28,Upi,SUCCESS,4,754968.64,0.00,754968.64
2024-02-28,Wallet,FAILED,1,262877.43,0.00,262877.43
2024-02-28,Wallet,PENDING,2,948907.36,0.00,948907.36
2024-02-28,Wallet,REFUNDED,4,1381904.82,1381904.82,0.00
2024-02-28,Wallet,SUCCESS,5,935541.39,0.00,935541.39
2024-02-29,Credit Card,SUCCESS,11,2414746.12,0.00,2414746.12
2024-02-29,Debit Card,PENDING,1,48740.59,0.00,48740.59
2024-02-29,Debit Card,REFUNDED,2,499854.07,499854.07,0.00
2024-02-29,Debit Card,SUCCESS,6,666067.73,0.00,666067.73
2024-02-29,Net Banking,FAILED,1,83714.76,0.00,83714.76
2024-02-29,Net Banking,SUCCESS,6,2215014.61,0.00,2215014.61
2024-02-29,Upi,FAILED,1,358946.57,0.00,358946.57
2024-02-29,Upi,PENDING,1,410660.12,0.00,410660.12
2024-02-29,Upi,SUCCESS,5,949738.83,0.00,949738.83
2024-02-29,Wallet,FAILED,1,504894.64,0.00,504894.64
2024-02-29,Wallet,REFUNDED,1,253116.59,253116.59,0.00
2024-02-29,Wallet,SUCCESS,4,1067218.58,0.00,1067218.58
2024-03-01,Credit Card,FAILED,1,340179.81,0.00,340179.81
2024-03-01,Credit Card,REFUNDED,2,448631.26,448631.26,0.00
2024-03-01,Credit Card,SUCCESS,9,1621507.25,0.00,1621507.25
2024-03-01,Debit Card,REFUNDED,1,104005.84,104005.84,0.00
2024-03-01,Debit Card,SUCCESS,8,2087500.21,0.00,2087500.21
2024-03-01,Net Banking,FAILED,4,1419404.86,0.00,1419404.86
2024-03-01,Net Banking,REFUNDED,1,253869.66,253869.66,0.00
2024-03-01,Net Banking,SUCCESS,6,1218032.66,0.00,1218032.66
2024-03-01,Upi,FAILED,2,900372.11,0.00,900372.11
2024-03-01,Upi,REFUNDED,1,34656.77,34656.77,0.00
2024-03-01,Upi,SUCCESS,4,1709094.88,0.00,1709094.88
2024-03-01,Wallet,FAILED,3,950382.45,0.00,950382.45
2024-03-01,Wallet,SUCCESS,9,1693022.17,0.00,1693022.17
2024-03-02,Credit Card,FAILED,1,151552.16,0.00,151552.16
2024-03-02,Credit Card,PENDING,1,415526.96,0.00,415526.96
2024-03-02,Credit Card,REFUNDED,2,424838.07,424838.07,0.00
2024-03-02,Credit Card,SUCCESS,5,1007586.79,0.00,1007586.79
2024-03-02,Debit Card,SUCCESS,6,1413217.41,0.00,1413217.41
2024-03-02,Net Banking,FAILED,1,285583.57,0.00,285583.57
2024-03-02,Net Banking,REFUNDED,3,688220.08,688220.08,0.00
2024-03-02,Net Banking,SUCCESS,7,2034370.75,0.00,2034370.75
2024-03-02,Upi,FAILED,1,52711.55,0.00,52711.55
2024-03-02,Upi,PENDING,1,76875.05,0.00,76875.05
2024-03-02,Upi,REFUNDED,3,700590.83,700590.83,0.00
2024-03-02,Upi,SUCCESS,10,2767579.49,0.00,2767579.49
2024-03-02,Wallet,FAILED,1,304092.39,0.00,304092.39
2024-03-02,Wallet,REFUNDED,2,188288.59,188288.59,0.00
2024-03-02,Wallet,SUCCESS,10,3209717.98,0.00,3209717.98
2024-03-03,Credit Card,REFUNDED,2,582802.69,582802.69,0.00
2024-03-03,Credit Card,SUCCESS,7,1696849.69,0.00,1696849.69
2024-03-03,Debit Card,FAILED,1,436268.61,0.00,436268.61
2024-03-03,Debit Card,PENDING,2,385680.06,0.00,385680.06
2024-03-03,Debit Card,REFUNDED,1,192887.80,192887.80,0.00
2024-03-03,Debit Card,SUCCESS,8,2699548.57,0.00,2699548.57
2024-03-03,Net Banking,FAILED,1,291620.89,0.00,291620.89
2024-03-03,Net Banking,SUCCESS,10,2673002.71,0.00,2673002.71
2024-03-03,Upi,FAILED,1,180328.21,0.00,180328.21
2024-03-03,Upi,PENDING,1,23049.58,0.00,23049.58
2024-03-03,Upi,REFUNDED,1,132125.24,132125.24,0.00
2024-03-03,Upi,SUCCESS,8,1193643.74,0.00,1193643.74
2024-03-03,Wallet,FAILED,3,1033184.61,0.00,1033184.61
2024-03-03,Wallet,PENDING,1,174989.74,0.00,174989.74
2024-03-03,Wallet,SUCCESS,7,2002353.52,0.00,2002353.52
2024-03-04,Credit Card,FAILED,3,368306.69,0.00,368306.69
2024-03-04,Credit Card,REFUNDED,2,614889.24,614889.24,0.00
2024-03-04,Credit Card,SUCCESS,5,1389337.15,0.00,1389337.15
2024-03-04,Debit Card,FAILED,1,80553.20,0.00,80553.20
2024-03-04,Debit Card,REFUNDED,2,169276.05,169276.05,0.00
2024-03-04,Debit Card,SUCCESS,6,1559386.70,0.00,1559386.70
2024-03-04,Net Banking,FAILED,4,653535.15,0.00,653535.15
2024-03-04,Net Banking,SUCCESS,4,680502.06,0.00,680502.06
2024-03-04,Upi,PENDING,1,477867.43,0.00,477867.43
2024-03-04,Upi,REFUNDED,1,338086.82,338086.82,0.00
2024-03-04,Upi,SUCCESS,5,909335.48,0.00,909335.48
2024-03-04,Wallet,FAILED,1,208155.75,0.00,208155.75
2024-03-04,Wallet,REFUNDED,4,1939888.74,1939888.74,0.00
2024-03-04,Wallet,SUCCESS,6,1601954.10,0.00,1601954.10
2024-03-05,Credit Card,FAILED,1,248241.70,0.00,248241.70
2024-03-05,Credit Card,PENDING,1,626358.47,0.00,626358.47
2024-03-05,Credit Card,REFUNDED,2,107337.50,107337.50,0.00
2024-03-05,Credit Card,SUCCESS,9,3406718.11,0.00,3406718.11
2024-03-05,Debit Card,FAILED,1,322499.06,0.00,322499.06
2024-03-05,Debit Card,SUCCESS,7,1983914.04,0.00,1983914.04
2024-03-05,Net Banking,REFUNDED,1,498831.61,498831.61,0.00
2024-03-05,Net Banking,SUCCESS,6,1470769.02,0.00,1470769.02
2024-03-05,Upi,REFUNDED,1,76415.68,76415.68,0.00
2024-03-05,Upi,SUCCESS,5,1906324.67,0.00,1906324.67
2024-03-05,Wallet,FAILED,2,1250010.10,0.00,1250010.10
2024-03-05,Wallet,REFUNDED,1,431063.89,431063.89,0.00
2024-03-05,Wallet,SUCCESS,6,1528585.07,0.00,1528585.07
2024-03-06,Credit Card,PENDING,1,636216.55,0.00,636216.55
2024-03-06,Credit Card,REFUNDED,3,838989.45,838989.45,0.00
2024-03-06,Credit Card,SUCCESS,7,2224599.34,0.00,2224599.34
2024-03-06,Debit Card,FAILED,2,533534.45,0.00,533534.45
2024-03-06,Debit Card,REFUNDED,4,664213.69,664213.69,0.00
2024-03-06,Debit Card,SUCCESS,6,1792590.54,0.00,1792590.54
2024-03-06,Net Banking,FAILED,3,326676.59,0.00,326676.59
2024-03-06,Net Banking,REFUNDED,2,503809.84,503809.84,0.00
2024-03-06,Net Banking,SUCCESS,12,3062060.44,0.00,3062060.44
2024-03-06,Upi,FAILED,1,161439.78,0.00,161439.78
2024-03-06,Upi,REFUNDED,1,71780.96,71780.96,0.00
2024-03-06,Upi,SUCCESS,9,2383856.61,0.00,2383856.61
2024-03-06,Wallet,FAILED,3,455571.33,0.00,455571.33
2024-03-06,Wallet,REFUNDED,3,483816.13,483816.13,0.00
2024-03-06,Wallet,SUCCESS,7,1665176.14,0.00,1665176.14
2024-03-07,Credit Card,FAILED,1,211911.64,0.00,211911.64
2024-03-07,Credit Card,REFUNDED,3,690793.68,690793.68,0.00
2024-03-07,Credit Card,SUCCESS,6,1250645.97,0.00,1250645.97
2024-03-07,Debit Card,REFUNDED,2,766275.14,766275.14,0.00
2024-03-07,Debit Card,SUCCESS,10,3325050.39,0.00,3325050.39
2024-03-07,Net Banking,FAILED,3,1362661.01,0.00,1362661.01
2024-03-07,Net Banking,REFUNDED,1,23500.66,23500.66,0.00
2024-03-07,Net Banking,SUCCESS,9,1587289.10,0.00,1587289.10
2024-03-07,Upi,FAILED,1,347721.33,0.00,347721.33
2024-03-07,Upi,REFUNDED,2,422973.64,422973.64,0.00
2024-03-07,Upi,SUCCESS,6,1701451.56,0.00,1701451.56
2024-03-07,Wallet,REFUNDED,4,1181024.06,1181024.06,0.00
2024-03-07,Wallet,SUCCESS,5,1233182.02,0.00,1233182.02
2024-03-08,Credit Card,PENDING,1,132511.82,0.00,132511.82
2024-03-08,Credit Card,REFUNDED,1,29531.96,29531.96,0.00
2024-03-08,Credit Card,SUCCESS,4,1310087.38,0.00,1310087.38
2024-03-08,Debit Card,FAILED,1,280948.23,0.00,280948.23
2024-03-08,Debit Card,REFUNDED,1,256789.49,256789.49,0.00
2024-03-08,Debit Card,SUCCESS,5,1432830.57,0.00,1432830.57
2024-03-08,Net Banking,FAILED,1,93325.26,0.00,93325.26
2024-03-08,Net Banking,REFUNDED,1,248787.43,248787.43,0.00
2024-03-08,Net Banking,SUCCESS,6,1200958.12,0.00,1200958.12
2024-03-08,Upi,FAILED,2,524155.34,0.00,524155.34
2024-03-08,Upi,REFUNDED,3,235777.23,235777.23,0.00
2024-03-08,Upi,SUCCESS,6,1856782.86,0.00,1856782.86
2024-03-08,Wallet,FAILED,1,264869.37,0.00,264869.37
2024-03-08,Wallet,SUCCESS,6,1250321.90,0.00,1250321.90
2024-03-09,Credit Card,FAILED,1,51087.07,0.00,51087.07
2024-03-09,Credit Card,REFUNDED,1,72859.81,72859.81,0.00
2024-03-09,Credit Card,SUCCESS,10,2149622.75,0.00,2149622.75
2024-03-09,Debit Card,FAILED,2,776466.68,0.00,776466.68
2024-03-09,Debit Card,SUCCESS,4,806257.58,0.00,806257.58
2024-03-09,Net Banking,FAILED,1,6168.10,0.00,6168.10
2024-03-09,Net Banking,REFUNDED,2,462261.71,462261.71,0.00
2024-03-09,Net Banking,SUCCESS,9,3077358.34,0.00,3077358.34
2024-03-09,Upi,FAILED,1,272027.29,0.00,272027.29
2024-03-09,Upi,REFUNDED,1,356077.81,356077.81,0.00
2024-03-09,Upi,SUCCESS,5,823884.00,0.00,823884.00
2024-03-09,Wallet,FAILED,2,388783.61,0.00,388783.61
2024-03-09,Wallet,PENDING,1,91596.46,0.00,91596.46
2024-03-09,Wallet,SUCCESS,7,1976311.98,0.00,1976311.98
2024-03-10,Credit Card,REFUNDED,2,406871.75,406871.75,0.00
2024-03-10,Credit Card,SUCCESS,8,2431790.25,0.00,2431790.25
2024-03-10,Debit Card,FAILED,2,417925.35,0.00,417925.35
2024-03-10,Debit Card,REFUNDED,1,199220.83,199220.83,0.00
2024-03-10,Debit Card,SUCCESS,12,2484388.85,0.00,2484388.85
2024-03-10,Net Banking,REFUNDED,1,216584.44,216584.44,0.00
2024-03-10,Net Banking,SUCCESS,10,1900268.40,0.00,1900268.40
2024-03-10,Upi,FAILED,2,940615.38,0.00,940615.38
2024-03-10,Upi,PENDING,1,284389.84,0.00,284389.84
2024-03-10,Upi,REFUNDED,2,825392.20,825392.20,0.00
2024-03-10,Upi,SUCCESS,6,1619232.53,0.00,1619232.53
2024-03-10,Wallet,FAILED,2,487109.23,0.00,487109.23
2024-03-10,Wallet,SUCCESS,6,1381070.61,0.00,1381070.61
2024-03-11,Credit Card,REFUNDED,3,597110.14,597110.14,0.00
2024-03-11,Credit Card,SUCCESS,7,1661308.78,0.00,1661308.78
2024-03-11,Debit Card,FAILED,1,176587.35,0.00,176587.35
2024-03-11,Debit Card,PENDING,1,196545.89,0.00,196545.89
2024-03-11,Debit Card,REFUNDED,1,61817.48,61817.48,0.00
2024-03-11,Debit Card,SUCCESS,8,2564904.01,0.00,2564904.01
2024-03-11,Net Banking,FAILED,2,720641.80,0.00,720641.80
2024-03-11,Net Banking,REFUNDED,3,815054.93,815054.93,0.00
2024-03-11,Net Banking,SUCCESS,6,1879221.65,0.00,1879221.65
2024-03-11,Upi,FAILED,1,462169.86,0.00,462169.86
2024-03-11,Upi,SUCCESS,7,2088351.17,0.00,2088351.17
2024-03-11,Wallet,PENDING,1,426622.07,0.00,426622.07
2024-03-11,Wallet,REFUNDED,3,332357.34,332357.34,0.00
2024-03-11,Wallet,SUCCESS,10,2250079.05,0.00,2250079.05
2024-03-12,Credit Card,FAILED,1,586311.27,0.00,586311.27
2024-03-12,Credit Card,SUCCESS,3,900980.40,0.00,900980.40
2024-03-12,Debit Card,FAILED,1,241747.70,0.00,241747.70
2024-03-12,Debit Card,PENDING,1,292594.89,0.00,292594.89
2024-03-12,Debit Card,SUCCESS,5,871210.97,0.00,871210.97
2024-03-12,Net Banking,FAILED,1,60795.51,0.00,60795.51
2024-03-12,Net Banking,REFUNDED,4,962831.95,962831.95,0.00
2024-03-12,Net Banking,SUCCESS,10,3027467.40,0.00,3027467.40
2024-03-12,Upi,FAILED,2,683280.74,0.00,683280.74
2024-03-12,Upi,REFUNDED,1,375845.76,375845.76,0.00
2024-03-12,Upi,SUCCESS,10,1882759.59,0.00,1882759.59
2024-03-12,Wallet,FAILED,2,320075.44,0.00,320075.44
2024-03-12,Wallet,REFUNDED,1,164356.56,164356.56,0.00
2024-03-12,Wallet,SUCCESS,9,2856349.60,0.00,2856349.60
2024-03-13,Credit Card,FAILED,2,819355.01,0.00,819355.01
2024-03-13,Credit Card,SUCCESS,4,958062.09,0.00,958062.09
2024-03-13,Debit Card,PENDING,1,56143.00,0.00,56143.00
2024-03-13,Debit Card,SUCCESS,12,3769096.12,0.00,3769096.12
2024-03-13,Net Banking,PENDING,2,919499.09,0.00,919499.09
2024-03-13,Net Banking,REFUNDED,2,606630.24,606630.24,0.00
2024-03-13,Net Banking,SUCCESS,7,1766098.41,0.00,1766098.41
2024-03-13,Upi,FAILED,1,149951.92,0.00,149951.92
2024-03-13,Upi,REFUNDED,1,349091.89,349091.89,0.00
2024-03-13,Upi,SUCCESS,4,1256415.06,0.00,1256415.06
2024-03-13,Wallet,FAILED,1,117628.46,0.00,117628.46
2024-03-13,Wallet,PENDING,1,128063.17,0.00,128063.17
2024-03-13,Wallet,REFUNDED,1,148034.08,148034.08,0.00
2024-03-13,Wallet,SUCCESS,9,2979406.97,0.00,2979406.97
2024-03-14,Credit Card,FAILED,2,649693.46,0.00,649693.46
2024-03-14,Credit Card,PENDING,1,426944.37,0.00,426944.37
2024-03-14,Credit Card,REFUNDED,6,2381688.79,2381688.79,0.00
2024-03-14,Credit Card,SUCCESS,13,2926192.68,0.00,2926192.68
2024-03-14,Debit Card,FAILED,1,224172.70,0.00,224172.70
2024-03-14,Debit Card,PENDING,2,704665.43,0.00,704665.43
2024-03-14,Debit Card,REFUNDED,2,397517.23,397517.23,0.00
2024-03-14,Debit Card,SUCCESS,11,3648010.00,0.00,3648010.00
2024-03-14,Net Banking,FAILED,2,590554.18,0.00,590554.18
2024-03-14,Net Banking,REFUNDED,3,1009543.46,1009543.46,0.00
2024-03-14,Net Banking,SUCCESS,6,1474366.08,0.00,1474366.08
2024-03-14,Upi,PENDING,1,589624.70,0.00,589624.70
2024-03-14,Upi,REFUNDED,3,801742.07,801742.07,0.00
2024-03-14,Upi,SUCCESS,8,2565290.99,0.00,2565290.99
2024-03-14,Wallet,FAILED,1,160418.94,0.00,160418.94
2024-03-14,Wallet,REFUNDED,4,468247.18,468247.18,0.00
2024-03-14,Wallet,SUCCESS,13,3161533.18,0.00,3161533.18
2024-03-15,Credit Card,REFUNDED,2,812449.05,812449.05,0.00
2024-03-15,Credit Card,SUCCESS,8,2093237.12,0.00,2093237.12
2024-03-15,Debit Card,REFUNDED,2,708309.83,708309.83,0.00
2024-03-15,Debit Card,SUCCESS,10,2966592.79,0.00,2966592.79
2024-03-15,Net Banking,FAILED,3,567313.34,0.00,567313.34
2024-03-15,Net Banking,PENDING,1,172601.67,0.00,172601.67
2024-03-15,Net Banking,REFUNDED,1,340030.30,340030.30,0.00
2024-03-15,Net Banking,SUCCESS,6,1546188.13,0.00,1546188.13
2024-03-15,Upi,FAILED,2,501989.40,0.00,501989.40
2024-03-15,Upi,REFUNDED,1,83523.23,83523.23,0.00
2024-03-15,Upi,SUCCESS,12,2890933.37,0.00,2890933.37
2024-03-15,Wallet,REFUNDED,1,234322.53,234322.53,0.00
2024-03-15,Wallet,SUCCESS,10,3312434.20,0.00,3312434.20
2024-03-16,Credit Card,FAILED,1,353699.24,0.00,353699.24
2024-03-16,Credit Card,REFUNDED,1,80442.78,80442.78,0.00
2024-03-16,Credit Card,SUCCESS,4,1441342.57,0.00,1441342.57
2024-03-16,Debit Card,REFUNDED,1,58733.38,58733.38,0.00
2024-03-16,Debit Card,SUCCESS,10,2346535.27,0.00,2346535.27
2024-03-16,Net Banking,FAILED,1,19112.24,0.00,19112.24
2024-03-16,Net Banking,PENDING,1,350925.64,0.00,350925.64
2024-03-16,Net Banking,REFUNDED,1,159896.45,159896.45,0.00
2024-03-16,Net Banking,SUCCESS,5,1319386.70,0.00,1319386.70
2024-03-16,Upi,FAILED,1,130886.94,0.00,130886.94
2024-03-16,Upi,SUCCESS,9,2283654.85,0.00,2283654.85
2024-03-16,Wallet,FAILED,3,238856.41,0.00,238856.41
2024-03-16,Wallet,SUCCESS,7,1611712.62,0.00,1611712.62
2024-03-17,Credit Card,REFUNDED,1,53279.44,53279.44,0.00
2024-03-17,Credit Card,SUCCESS,6,1712944.64,0.00,1712944.64
2024-03-17,Debit Card,FAILED,4,1783154.11,0.00,1783154.11
2024-03-17,Debit Card,REFUNDED,5,1589775.01,1589775.01,0.00
2024-03-17,Debit Card,SUCCESS,10,2523166.40,0.00,2523166.40
2024-03-17,Net Banking,FAILED,1,189391.24,0.00,189391.24
2024-03-17,Net Banking,PENDING,1,250214.18,0.00,250214.18
2024-03-17,Net Banking,REFUNDED,1,305390.42,305390.42,0.00
2024-03-17,Net Banking,SUCCESS,7,2604359.99,0.00,2604359.99
2024-03-17,Upi,REFUNDED,1,173708.86,173708.86,0.00
2024-03-17,Upi,SUCCESS,11,3499765.39,0.00,3499765.39
2024-03-17,Wallet,REFUNDED,3,964691.53,964691.53,0.00
2024-03-17,Wallet,SUCCESS,5,1957041.30,0.00,1957041.30
2024-03-18,Credit Card,FAILED,1,390515.91,0.00,390515.91
2024-03-18,Credit Card,REFUNDED,6,1653346.26,1653346.26,0.00
2024-03-18,Credit Card,SUCCESS,15,3779676.62,0.00,3779676.62
2024-03-18,Debit Card,SUCCESS,5,1699193.43,0.00,1699193.43
2024-03-18,Net Banking,FAILED,4,1012263.79,0.00,1012263.79
2024-03-18,Net Banking,SUCCESS,1,312483.02,0.00,312483.02
2024-03-18,Upi,REFUNDED,3,330318.10,330318.10,0.00
2024-03-18,Upi,SUCCESS,13,2925480.36,0.00,2925480.36
2024-03-18,Wallet,FAILED,2,651318.59,0.00,651318.59
2024-03-18,Wallet,REFUNDED,2,1002806.45,1002806.45,0.00
2024-03-18,Wallet,SUCCESS,6,1748148.40,0.00,1748148.40
2024-03-19,Credit Card,FAILED,1,8113.79,0.00,8113.79
2024-03-19,Credit Card,REFUNDED,2,652131.79,652131.79,0.00
2024-03-19,Credit Card,SUCCESS,8,2452846.51,0.00,2452846.51
2024-03-19,Debit Card,PENDING,2,252291.20,0.00,252291.20
2024-03-19,Debit Card,REFUNDED,1,83890.63,83890.63,0.00
2024-03-19,Debit Card,SUCCESS,10,3093631.53,0.00,3093631.53
2024-03-19,Net Banking,REFUNDED,2,764980.60,764980.60,0.00
2024-03-19,Net Banking,SUCCESS,7,1873890.01,0.00,1873890.01
2024-03-19,Upi,FAILED,1,258791.50,0.00,258791.50
2024-03-19,Upi,REFUNDED,3,462974.36,462974.36,0.00
2024-03-19,Upi,SUCCESS,7,2173764.07,0.00,2173764.07
2024-03-19,Wallet,FAILED,2,432390.76,0.00,432390.76
2024-03-19,Wallet,REFUNDED,3,536525.54,536525.54,0.00
2024-03-19,Wallet,SUCCESS,5,1047929.18,0.00,1047929.18
2024-03-20,Credit Card,FAILED,1,176553.36,0.00,176553.36
2024-03-20,Credit Card,REFUNDED,1,35058.68,35058.68,0.00
2024-03-20,Credit Card,SUCCESS,8,1900115.92,0.00,1900115.92
2024-03-20,Debit Card,REFUNDED,1,51809.56,51809.56,0.00
2024-03-20,Debit Card,SUCCESS,9,2094026.73,0.00,2094026.73
2024-03-20,Net Banking,FAILED,3,1274554.20,0.00,1274554.20
2024-03-20,Net Banking,REFUNDED,3,951297.16,951297.16,0.00
2024-03-20,Net Banking,SUCCESS,13,3181714.61,0.00,3181714.61
2024-03-20,Upi,SUCCESS,4,813373.08,0.00,813373.08
2024-03-20,Wallet,FAILED,1,305083.21,0.00,305083.21
2024-03-20,Wallet,REFUNDED,1,403722.25,403722.25,0.00
2024-03-20,Wallet,SUCCESS,10,3127747.21,0.00,3127747.21
2024-03-21,Credit Card,FAILED,3,951657.82,0.00,951657.82
2024-03-21,Credit Card,REFUNDED,1,4094.14,4094.14,0.00
2024-03-21,Credit Card,SUCCESS,8,2487802.40,0.00,2487802.40
2024-03-21,Debit Card,FAILED,1,46172.90,0.00,46172.90
2024-03-21,Debit Card,REFUNDED,2,413079.85,413079.85,0.00
2024-03-21,Debit Card,SUCCESS,10,1997571.51,0.00,1997571.51
2024-03-21,Net Banking,FAILED,3,663938.83,0.00,663938.83
2024-03-21,Net Banking,SUCCESS,12,3941401.79,0.00,3941401.79
2024-03-21,Upi,FAILED,3,1008914.34,0.00,1008914.34
2024-03-21,Upi,REFUNDED,3,567879.28,567879.28,0.00
2024-03-21,Upi,SUCCESS,8,2767376.35,0.00,2767376.35
2024-03-21,Wallet,FAILED,4,1374877.46,0.00,1374877.46
2024-03-21,Wallet,REFUNDED,2,655700.00,655700.00,0.00
2024-03-21,Wallet,SUCCESS,13,2690812.30,0.00,2690812.30
2024-03-22,Credit Card,FAILED,1,264813.27,0.00,264813.27
2024-03-22,Credit Card,REFUNDED,2,732342.50,732342.50,0.00
2024-03-22,Credit Card,SUCCESS,11,2572909.38,0.00,2572909.38
2024-03-22,Debit Card,FAILED,2,555159.07,0.00,555159.07
2024-03-22,Debit Card,SUCCESS,10,1953620.18,0.00,1953620.18
2024-03-22,Net Banking,FAILED,1,290155.06,0.00,290155.06
2024-03-22,Net Banking,PENDING,2,821738.09,0.00,821738.09
2024-03-22,Net Banking,REFUNDED,2,941754.82,941754.82,0.00
2024-03-22,Net Banking,SUCCESS,6,1037946.17,0.00,1037946.17
2024-03-22,Upi,SUCCESS,9,2795864.80,0.00,2795864.80
2024-03-22,Wallet,FAILED,1,382116.04,0.00,382116.04
2024-03-22,Wallet,REFUNDED,1,494841.29,494841.29,0.00
2024-03-22,Wallet,SUCCESS,9,2064477.01,0.00,2064477.01
2024-03-23,Credit Card,FAILED,1,390679.60,0.00,390679.60
2024-03-23,Credit Card,REFUNDED,2,639576.38,639576.38,0.00
2024-03-23,Credit Card,SUCCESS,8,2903731.15,0.00,2903731.15
2024-03-23,Debit Card,FAILED,1,598591.89,0.00,598591.89
2024-03-23,Debit Card,PENDING,1,309255.04,0.00,309255.04
2024-03-23,Debit Card,REFUNDED,2,1103875.92,1103875.92,0.00
2024-03-23,Debit Card,SUCCESS,10,3215232.30,0.00,3215232.30
2024-03-23,Net Banking,FAILED,2,474247.04,0.00,474247.04
2024-03-23,Net Banking,SUCCESS,4,1985541.37,0.00,1985541.37
2024-03-23,Upi,PENDING,1,74558.75,0.00,74558.75
2024-03-23,Upi,REFUNDED,4,864453.15,864453.15,0.00
2024-03-23,Upi,SUCCESS,5,744896.45,0.00,744896.45
2024-03-23,Wallet,FAILED,1,202843.44,0.00,202843.44
2024-03-23,Wallet,REFUNDED,1,40415.25,40415.25,0.00
2024-03-23,Wallet,SUCCESS,12,3435696.70,0.00,3435696.70
2024-03-24,Credit Card,PENDING,1,52906.20,0.00,52906.20
2024-03-24,Credit Card,REFUNDED,1,457805.87,457805.87,0.00
2024-03-24,Credit Card,SUCCESS,11,3636487.61,0.00,3636487.61
2024-03-24,Debit Card,FAILED,1,374284.61,0.00,374284.61
2024-03-24,Debit Card,REFUNDED,3,670765.04,670765.04,0.00
2024-03-24,Debit Card,SUCCESS,4,449129.54,0.00,449129.54
2024-03-24,Net Banking,FAILED,1,187096.82,0.00,187096.82
2024-03-24,Net Banking,PENDING,1,84192.15,0.00,84192.15
2024-03-24,Net Banking,REFUNDED,1,212312.08,212312.08,0.00
2024-03-24,Net Banking,SUCCESS,13,3488787.10,0.00,3488787.10
2024-03-24,Upi,SUCCESS,9,2969206.14,0.00,2969206.14
2024-03-24,Wallet,REFUNDED,3,741480.91,741480.91,0.00
2024-03-24,Wallet,SUCCESS,8,592268.05,0.00,592268.05
2024-03-25,Credit Card,FAILED,2,927286.90,0.00,927286.90
2024-03-25,Credit Card,REFUNDED,1,192362.68,192362.68,0.00
2024-03-25,Credit Card,SUCCESS,4,940539.75,0.00,940539.75
2024-03-25,Debit Card,REFUNDED,2,573116.97,573116.97,0.00
2024-03-25,Debit Card,SUCCESS,6,1472863.90,0.00,1472863.90
2024-03-25,Net Banking,FAILED,2,717371.81,0.00,717371.81
2024-03-25,Net Banking,REFUNDED,1,180793.51,180793.51,0.00
2024-03-25,Net Banking,SUCCESS,4,1210057.56,0.00,1210057.56
2024-03-25,Upi,FAILED,2,410123.81,0.00,410123.81
2024-03-25,Upi,PENDING,1,39053.67,0.00,39053.67
2024-03-25,Upi,SUCCESS,9,2295771.02,0.00,2295771.02
2024-03-25,Wallet,REFUNDED,1,303114.75,303114.75,0.00
2024-03-25,Wallet,SUCCESS,8,2244842.89,0.00,2244842.89
2024-03-26,Credit Card,PENDING,1,542955.84,0.00,542955.84
2024-03-26,Credit Card,REFUNDED,4,787544.94,787544.94,0.00
2024-03-26,Credit Card,SUCCESS,10,3252814.32,0.00,3252814.32
2024-03-26,Debit Card,FAILED,2,1025897.73,0.00,1025897.73
2024-03-26,Debit Card,REFUNDED,2,467887.10,467887.10,0.00
2024-03-26,Debit Card,SUCCESS,7,968290.85,0.00,968290.85
2024-03-26,Net Banking,FAILED,1,415082.92,0.00,415082.92
2024-03-26,Net Banking,REFUNDED,2,719115.64,719115.64,0.00
2024-03-26,Net Banking,SUCCESS,5,1415106.11,0.00,1415106.11
2024-03-26,Upi,FAILED,2,671203.85,0.00,671203.85
2024-03-26,Upi,PENDING,1,253697.59,0.00,253697.59
2024-03-26,Upi,SUCCESS,6,1857340.73,0.00,1857340.73
2024-03-26,Wallet,PENDING,2,287920.16,0.00,287920.16
2024-03-26,Wallet,REFUNDED,2,771871.92,771871.92,0.00
2024-03-26,Wallet,SUCCESS,5,1951191.50,0.00,1951191.50
2024-03-27,Credit Card,PENDING,1,77310.45,0.00,77310.45
2024-03-27,Credit Card,REFUNDED,1,504273.84,504273.84,0.00
2024-03-27,Credit Card,SUCCESS,8,2465434.09,0.00,2465434.09
2024-03-27,Debit Card,SUCCESS,6,1069118.69,0.00,1069118.69
2024-03-27,Net Banking,FAILED,1,227626.71,0.00,227626.71
2024-03-27,Net Banking,REFUNDED,5,1211067.06,1211067.06,0.00
2024-03-27,Net Banking,SUCCESS,11,3089937.99,0.00,3089937.99
2024-03-27,Upi,FAILED,1,471470.92,0.00,471470.92
2024-03-27,Upi,REFUNDED,1,608194.64,608194.64,0.00
2024-03-27,Upi,SUCCESS,12,2713084.44,0.00,2713084.44
2024-03-27,Wallet,FAILED,1,126213.46,0.00,126213.46
2024-03-27,Wallet,PENDING,1,26299.08,0.00,26299.08
2024-03-27,Wallet,REFUNDED,1,509777.73,509777.73,0.00
2024-03-27,Wallet,SUCCESS,11,2209116.38,0.00,2209116.38
2024-03-28,Credit Card,FAILED,2,751939.80,0.00,751939.80
2024-03-28,Credit Card,REFUNDED,1,67337.44,67337.44,0.00
2024-03-28,Credit Card,SUCCESS,7,1087043.52,0.00,1087043.52
2024-03-28,Debit Card,REFUNDED,1,356910.78,356910.78,0.00
2024-03-28,Debit Card,SUCCESS,5,1407787.11,0.00,1407787.11
2024-03-28,Net Banking,FAILED,1,217909.33,0.00,217909.33
2024-03-28,Net Banking,REFUNDED,2,240484.38,240484.38,0.00
2024-03-28,Net Banking,SUCCESS,8,2995831.53,0.00,2995831.53
2024-03-28,Upi,FAILED,4,1086602.16,0.00,1086602.16
2024-03-28,Upi,REFUNDED,1,32136.90,32136.90,0.00
2024-03-28,Upi,SUCCESS,3,1429736.77,0.00,1429736.77
2024-03-28,Wallet,PENDING,1,610813.65,0.00,610813.65
2024-03-28,Wallet,SUCCESS,8,1429809.48,0.00,1429809.48
2024-03-29,Credit Card,REFUNDED,2,305868.00,305868.00,0.00
2024-03-29,Credit Card,SUCCESS,7,1579467.74,0.00,1579467.74
2024-03-29,Debit Card,REFUNDED,6,835996.34,835996.34,0.00
2024-03-29,Debit Card,SUCCESS,12,2297161.13,0.00,2297161.13
2024-03-29,Net Banking,REFUNDED,1,140093.06,140093.06,0.00
2024-03-29,Net Banking,SUCCESS,10,3034251.79,0.00,3034251.79
2024-03-29,Upi,REFUNDED,1,389168.35,389168.35,0.00
2024-03-29,Upi,SUCCESS,11,2748581.04,0.00,2748581.04
2024-03-29,Wallet,REFUNDED,3,388760.34,388760.34,0.00
2024-03-29,Wallet,SUCCESS,5,1255549.66,0.00,1255549.66
2024-03-30,Credit Card,REFUNDED,1,295485.95,295485.95,0.00
2024-03-30,Credit Card,SUCCESS,8,3039088.41,0.00,3039088.41
2024-03-30,Debit Card,PENDING,1,262413.22,0.00,262413.22
2024-03-30,Debit Card,REFUNDED,1,197909.23,197909.23,0.00
2024-03-30,Debit Card,SUCCESS,6,2384400.91,0.00,2384400.91
2024-03-30,Net Banking,PENDING,1,664475.98,0.00,664475.98
2024-03-30,Net Banking,REFUNDED,3,1154003.23,1154003.23,0.00
2024-03-30,Net Banking,SUCCESS,3,670577.76,0.00,670577.76
2024-03-30,Upi,FAILED,1,363674.30,0.00,363674.30
2024-03-30,Upi,SUCCESS,7,1600285.33,0.00,1600285.33
2024-03-30,Wallet,SUCCESS,8,2867971.73,0.00,2867971.73
2024-03-31,Credit Card,FAILED,1,80385.83,0.00,80385.83
2024-03-31,Credit Card,PENDING,1,778819.59,0.00,778819.59
2024-03-31,Credit Card,REFUNDED,2,1019952.14,1019952.14,0.00
2024-03-31,Credit Card,SUCCESS,7,2040207.92,0.00,2040207.92
2024-03-31,Debit Card,FAILED,2,256384.37,0.00,256384.37
2024-03-31,Debit Card,SUCCESS,11,2511071.85,0.00,2511071.85
2024-03-31,Net Banking,FAILED,3,583494.68,0.00,583494.68
2024-03-31,Net Banking,SUCCESS,4,561795.50,0.00,561795.50
2024-03-31,Upi,FAILED,2,143037.61,0.00,143037.61
2024-03-31,Upi,REFUNDED,1,244111.39,244111.39,0.00
2024-03-31,Upi,SUCCESS,7,1742883.48,0.00,1742883.48
2024-03-31,Wallet,REFUNDED,3,323981.08,323981.08,0.00
2024-03-31,Wallet,SUCCESS,8,2219856.73,0.00,2219856.73
2024-04-01,Credit Card,REFUNDED,2,506093.53,506093.53,0.00
2024-04-01,Credit Card,SUCCESS,7,886729.52,0.00,886729.52
2024-04-01,Debit Card,REFUNDED,2,342861.14,342861.14,0.00
2024-04-01,Debit Card,SUCCESS,5,1831017.21,0.00,1831017.21
2024-04-01,Net Banking,PENDING,1,468309.96,0.00,468309.96
2024-04-01,Net Banking,REFUNDED,3,1187639.85,1187639.85,0.00
2024-04-01,Net Banking,SUCCESS,2,396892.62,0.00,396892.62
2024-04-01,Upi,FAILED,2,1088529.72,0.00,1088529.72
2024-04-01,Upi,SUCCESS,3,668619.96,0.00,668619.96
2024-04-01,Wallet,FAILED,1,333510.52,0.00,333510.52
2024-04-01,Wallet,REFUNDED,1,295987.70,295987.70,0.00
2024-04-01,Wallet,SUCCESS,8,1779803.60,0.00,1779803.60
2024-04-02,Credit Card,PENDING,1,78538.08,0.00,78538.08
2024-04-02,Credit Card,REFUNDED,4,1334530.64,1334530.64,0.00
2024-04-02,Credit Card,SUCCESS,6,1896461.57,0.00,1896461.57
2024-04-02,Debit Card,FAILED,1,273898.84,0.00,273898.84
2024-04-02,Debit Card,SUCCESS,4,745738.62,0.00,745738.62
2024-04-02,Net Banking,FAILED,2,557722.67,0.00,557722.67
2024-04-02,Net Banking,REFUNDED,1,261181.10,261181.10,0.00
2024-04-02,Net Banking,SUCCESS,10,3002133.21,0.00,3002133.21
2024-04-02,Upi,FAILED,1,284191.61,0.00,284191.61
2024-04-02,Upi,PENDING,1,96316.56,0.00,96316.56
2024-04-02,Upi,REFUNDED,2,599392.09,599392.09,0.00
2024-04-02,Upi,SUCCESS,8,2925120.87,0.00,2925120.87
2024-04-02,Wallet,PENDING,1,340199.54,0.00,340199.54
2024-04-02,Wallet,REFUNDED,2,664200.95,664200.95,0.00
2024-04-02,Wallet,SUCCESS,7,1271577.44,0.00,1271577.44
2024-04-03,Credit Card,PENDING,1,121068.29,0.00,121068.29
2024-04-03,Credit Card,REFUNDED,2,430879.73,430879.73,0.00
2024-04-03,Credit Card,SUCCESS,11,2683237.06,0.00,2683237.06
2024-04-03,Debit Card,FAILED,2,381021.95,0.00,381021.95
2024-04-03,Debit Card,PENDING,2,532920.56,0.00,532920.56
2024-04-03,Debit Card,REFUNDED,1,200262.15,200262.15,0.00
2024-04-03,Debit Card,SUCCESS,10,2598196.45,0.00,2598196.45
2024-04-03,Net Banking,FAILED,1,61271.33,0.00,61271.33
2024-04-03,Net Banking,SUCCESS,9,2180954.25,0.00,2180954.25
2024-04-03,Upi,FAILED,1,32555.28,0.00,32555.28
2024-04-03,Upi,REFUNDED,1,361507.12,361507.12,0.00
2024-04-03,Upi,SUCCESS,6,1518228.70,0.00,1518228.70
2024-04-03,Wallet,FAILED,2,167666.96,0.00,167666.96
2024-04-03,Wallet,PENDING,1,90642.36,0.00,90642.36
2024-04-03,Wallet,SUCCESS,10,2909163.47,0.00,2909163.47
2024-04-04,Credit Card,FAILED,1,413219.23,0.00,413219.23
2024-04-04,Credit Card,REFUNDED,1,374760.05,374760.05,0.00
2024-04-04,Credit Card,SUCCESS,4,434080.27,0.00,434080.27
2024-04-04,Debit Card,REFUNDED,1,549877.36,549877.36,0.00
2024-04-04,Debit Card,SUCCESS,8,3116544.49,0.00,3116544.49
2024-04-04,Net Banking,REFUNDED,1,310031.59,310031.59,0.00
2024-04-04,Net Banking,SUCCESS,5,1320778.26,0.00,1320778.26
2024-04-04,Upi,FAILED,1,377933.28,0.00,377933.28
2024-04-04,Upi,PENDING,1,516156.32,0.00,516156.32
2024-04-04,Upi,SUCCESS,4,1221438.99,0.00,1221438.99
2024-04-04,Wallet,FAILED,1,42030.82,0.00,42030.82
2024-04-04,Wallet,REFUNDED,2,352955.85,352955.85,0.00
2024-04-04,Wallet,SUCCESS,7,2281113.68,0.00,2281113.68
2024-04-05,Credit Card,REFUNDED,2,483181.51,483181.51,0.00
2024-04-05,Credit Card,SUCCESS,9,2491276.83,0.00,2491276.83
2024-04-05,Debit Card,PENDING,2,471084.24,0.00,471084.24
2024-04-05,Debit Card,REFUNDED,1,392629.28,392629.28,0.00
2024-04-05,Debit Card,SUCCESS,6,1398308.69,0.00,1398308.69
2024-04-05,Net Banking,FAILED,1,333905.25,0.00,333905.25
2024-04-05,Net Banking,PENDING,1,511825.53,0.00,511825.53
2024-04-05,Net Banking,REFUNDED,3,777332.36,777332.36,0.00
2024-04-05,Net Banking,SUCCESS,13,3705384.12,0.00,3705384.12
2024-04-05,Upi,PENDING,1,401678.89,0.00,401678.89
2024-04-05,Upi,REFUNDED,2,696233.65,696233.65,0.00
2024-04-05,Upi,SUCCESS,7,1686175.04,0.00,1686175.04
2024-04-05,Wallet,FAILED,2,1090516.92,0.00,1090516.92
2024-04-05,Wallet,SUCCESS,10,4070434.92,0.00,4070434.92
2024-04-06,Credit Card,FAILED,2,1133038.99,0.00,1133038.99
2024-04-06,Credit Card,SUCCESS,7,2018813.28,0.00,2018813.28
2024-04-06,Debit Card,PENDING,1,484917.67,0.00,484917.67
2024-04-06,Debit Card,REFUNDED,2,336985.11,336985.11,0.00
2024-04-06,Debit Card,SUCCESS,3,957294.16,0.00,957294.16
2024-04-06,Net Banking,FAILED,2,260969.98,0.00,260969.98
2024-04-06,Net Banking,PENDING,1,209451.52,0.00,209451.52
2024-04-06,Net Banking,REFUNDED,4,468231.31,468231.31,0.00
2024-04-06,Net Banking,SUCCESS,5,518301.60,0.00,518301.60
2024-04-06,Upi,FAILED,2,423625.66,0.00,423625.66
2024-04-06,Upi,PENDING,1,465929.65,0.00,465929.65
2024-04-06,Upi,REFUNDED,2,135390.42,135390.42,0.00
2024-04-06,Upi,SUCCESS,7,1640355.61,0.00,1640355.61
2024-04-06,Wallet,FAILED,2,966737.07,0.00,966737.07
2024-04-06,Wallet,REFUNDED,2,236425.00,236425.00,0.00
2024-04-06,Wallet,SUCCESS,5,1059764.15,0.00,1059764.15
2024-04-07,Credit Card,FAILED,4,507622.49,0.00,507622.49
2024-04-07,Credit Card,SUCCESS,7,2153195.38,0.00,2153195.38
2024-04-07,Debit Card,SUCCESS,8,2417463.59,0.00,2417463.59
2024-04-07,Net Banking,REFUNDED,2,401366.63,401366.63,0.00
2024-04-07,Net Banking,SUCCESS,5,1594272.58,0.00,1594272.58
2024-04-07,Upi,FAILED,1,315022.38,0.00,315022.38
2024-04-07,Upi,PENDING,2,266320.70,0.00,266320.70
2024-04-07,Upi,REFUNDED,2,861303.71,861303.71,0.00
2024-04-07,Upi,SUCCESS,4,895254.30,0.00,895254.30
2024-04-07,Wallet,PENDING,1,121779.13,0.00,121779.13
2024-04-07,Wallet,REFUNDED,2,452265.27,452265.27,0.00
2024-04-07,Wallet,SUCCESS,12,2135723.26,0.00,2135723.26
2024-04-08,Credit Card,PENDING,1,168361.78,0.00,168361.78
2024-04-08,Credit Card,REFUNDED,3,832585.49,832585.49,0.00
2024-04-08,Credit Card,SUCCESS,7,2185895.07,0.00,2185895.07
2024-04-08,Debit Card,FAILED,2,478738.71,0.00,478738.71
2024-04-08,Debit Card,PENDING,1,245478.32,0.00,245478.32
2024-04-08,Debit Card,REFUNDED,1,282996.51,282996.51,0.00
2024-04-08,Debit Card,SUCCESS,2,816198.02,0.00,816198.02
2024-04-08,Net Banking,FAILED,1,359326.30,0.00,359326.30
2024-04-08,Net Banking,REFUNDED,1,227917.23,227917.23,0.00
2024-04-08,Net Banking,SUCCESS,6,1776084.71,0.00,1776084.71
2024-04-08,Upi,FAILED,1,297106.16,0.00,297106.16
2024-04-08,Upi,REFUNDED,2,402840.97,402840.97,0.00
2024-04-08,Upi,SUCCESS,7,2098320.02,0.00,2098320.02
2024-04-08,Wallet,FAILED,2,690647.55,0.00,690647.55
2024-04-08,Wallet,REFUNDED,1,152505.95,152505.95,0.00
2024-04-08,Wallet,SUCCESS,3,562405.99,0.00,562405.99
2024-04-09,Credit Card,REFUNDED,2,913119.67,913119.67,0.00
2024-04-09,Credit Card,SUCCESS,10,2611836.79,0.00,2611836.79
2024-04-09,Debit Card,FAILED,3,544821.21,0.00,544821.21
2024-04-09,Debit Card,PENDING,1,270173.27,0.00,270173.27
2024-04-09,Debit Card,REFUNDED,1,332790.82,332790.82,0.00
2024-04-09,Debit Card,SUCCESS,7,1149653.60,0.00,1149653.60
2024-04-09,Net Banking,FAILED,1,466425.07,0.00,466425.07
2024-04-09,Net Banking,SUCCESS,4,1505993.65,0.00,1505993.65
2024-04-09,Upi,PENDING,1,143121.35,0.00,143121.35
2024-04-09,Upi,REFUNDED,1,175854.38,175854.38,0.00
2024-04-09,Upi,SUCCESS,5,1407681.41,0.00,1407681.41
2024-04-09,Wallet,FAILED,3,777379.20,0.00,777379.20
2024-04-09,Wallet,REFUNDED,1,309440.54,309440.54,0.00
2024-04-09,Wallet,SUCCESS,8,1800841.15,0.00,1800841.15
2024-04-10,Credit Card,REFUNDED,1,187808.80,187808.80,0.00
2024-04-10,Credit Card,SUCCESS,5,1170759.19,0.00,1170759.19
2024-04-10,Debit Card,FAILED,1,390623.43,0.00,390623.43
2024-04-10,Debit Card,PENDING,2,856313.27,0.00,856313.27
2024-04-10,Debit Card,REFUNDED,2,403600.21,403600.21,0.00
2024-04-10,Debit Card,SUCCESS,7,1555363.94,0.00,1555363.94
2024-04-10,Net Banking,PENDING,1,110764.20,0.00,110764.20
2024-04-10,Net Banking,REFUNDED,2,544689.38,544689.38,0.00
2024-04-10,Net Banking,SUCCESS,8,2441348.06,0.00,2441348.06
2024-04-10,Upi,FAILED,1,314358.48,0.00,314358.48
2024-04-10,Upi,REFUNDED,2,309551.09,309551.09,0.00
2024-04-10,Upi,SUCCESS,10,2894698.21,0.00,2894698.21
2024-04-10,Wallet,FAILED,1,34445.04,0.00,34445.04
2024-04-10,Wallet,PENDING,2,404031.90,0.00,404031.90
2024-04-10,Wallet,REFUNDED,1,162163.49,162163.49,0.00
2024-04-10,Wallet,SUCCESS,8,1656022.08,0.00,1656022.08
2024-04-11,Credit Card,REFUNDED,2,288175.82,288175.82,0.00
2024-04-11,Credit Card,SUCCESS,11,3192605.61,0.00,3192605.61
2024-04-11,Debit Card,FAILED,2,582551.37,0.00,582551.37
2024-04-11,Debit Card,PENDING,1,208696.26,0.00,208696.26
2024-04-11,Debit Card,REFUNDED,2,713627.56,713627.56,0.00
2024-04-11,Debit Card,SUCCESS,6,1925661.81,0.00,1925661.81
2024-04-11,Net Banking,FAILED,2,247909.27,0.00,247909.27
2024-04-11,Net Banking,PENDING,1,186749.60,0.00,186749.60
2024-04-11,Net Banking,REFUNDED,2,575032.30,575032.30,0.00
2024-04-11,Net Banking,SUCCESS,9,1957827.69,0.00,1957827.69
2024-04-11,Upi,FAILED,1,706666.74,0.00,706666.74
2024-04-11,Upi,REFUNDED,1,305203.36,305203.36,0.00
2024-04-11,Upi,SUCCESS,3,855745.99,0.00,855745.99
2024-04-11,Wallet,FAILED,1,331656.73,0.00,331656.73
2024-04-11,Wallet,PENDING,2,921219.83,0.00,921219.83
2024-04-11,Wallet,REFUNDED,2,762382.27,762382.27,0.00
2024-04-11,Wallet,SUCCESS,9,3184844.88,0.00,3184844.88
2024-04-12,Credit Card,REFUNDED,2,254209.88,254209.88,0.00
2024-04-12,Credit Card,SUCCESS,11,2779945.39,0.00,2779945.39
2024-04-12,Debit Card,REFUNDED,1,601509.65,601509.65,0.00
2024-04-12,Debit Card,SUCCESS,6,1097377.57,0.00,1097377.57
2024-04-12,Net Banking,FAILED,3,1377606.92,0.00,1377606.92
2024-04-12,Net Banking,PENDING,1,169034.44,0.00,169034.44
2024-04-12,Net Banking,REFUNDED,4,1301807.12,1301807.12,0.00
2024-04-12,Net Banking,SUCCESS,2,364393.59,0.00,364393.59
2024-04-12,Upi,REFUNDED,1,419583.22,419583.22,0.00
2024-04-12,Upi,SUCCESS,10,2390712.00,0.00,2390712.00
2024-04-12,Wallet,FAILED,2,427146.46,0.00,427146.46
2024-04-12,Wallet,PENDING,1,529306.29,0.00,529306.29
2024-04-12,Wallet,SUCCESS,5,1204066.72,0.00,1204066.72
2024-04-13,Credit Card,FAILED,2,468855.02,0.00,468855.02
2024-04-13,Credit Card,PENDING,2,339477.87,0.00,339477.87
2024-04-13,Credit Card,REFUNDED,1,198511.31,198511.31,0.00
2024-04-13,Credit Card,SUCCESS,5,1186240.69,0.00,1186240.69
2024-04-13,Debit Card,FAILED,2,847573.37,0.00,847573.37
2024-04-13,Debit Card,PENDING,2,374133.24,0.00,374133.24
2024-04-13,Debit Card,REFUNDED,1,214181.40,214181.40,0.00
2024-04-13,Debit Card,SUCCESS,8,2331296.36,0.00,2331296.36
2024-04-13,Net Banking,FAILED,2,309347.07,0.00,309347.07
2024-04-13,Net Banking,PENDING,2,218769.78,0.00,218769.78
2024-04-13,Net Banking,REFUNDED,2,118005.32,118005.32,0.00
2024-04-13,Net Banking,SUCCESS,10,2158491.38,0.00,2158491.38
2024-04-13,Upi,FAILED,1,187329.99,0.00,187329.99
2024-04-13,Upi,REFUNDED,2,403018.73,403018.73,0.00
2024-04-13,Upi,SUCCESS,7,1697118.60,0.00,1697118.60
2024-04-13,Wallet,FAILED,3,751722.07,0.00,751722.07
2024-04-13,Wallet,PENDING,2,572824.09,0.00,572824.09
2024-04-13,Wallet,REFUNDED,1,108346.49,108346.49,0.00
2024-04-13,Wallet,SUCCESS,5,2318049.98,0.00,2318049.98
2024-04-14,Credit Card,REFUNDED,3,973107.31,973107.31,0.00
2024-04-14,Credit Card,SUCCESS,10,1862215.84,0.00,1862215.84
2024-04-14,Debit Card,FAILED,2,610176.35,0.00,610176.35
2024-04-14,Debit Card,PENDING,2,330640.07,0.00,330640.07
2024-04-14,Debit Card,SUCCESS,8,2971446.73,0.00,2971446.73
2024-04-14,Net Banking,REFUNDED,2,559512.06,559512.06,0.00
2024-04-14,Net Banking,SUCCESS,6,1922160.59,0.00,1922160.59
2024-04-14,Upi,REFUNDED,3,590743.81,590743.81,0.00
2024-04-14,Upi,SUCCESS,9,2527827.23,0.00,2527827.23
2024-04-14,Wallet,PENDING,1,317970.18,0.00,317970.18
2024-04-14,Wallet,REFUNDED,1,250159.42,250159.42,0.00
2024-04-14,Wallet,SUCCESS,7,1389661.75,0.00,1389661.75
2024-04-15,Credit Card,FAILED,3,727085.33,0.00,727085.33
2024-04-15,Credit Card,REFUNDED,5,1194272.31,1194272.31,0.00
2024-04-15,Credit Card,SUCCESS,6,2072976.08,0.00,2072976.08
2024-04-15,Debit Card,FAILED,1,392079.04,0.00,392079.04
2024-04-15,Debit Card,SUCCESS,4,858808.06,0.00,858808.06
2024-04-15,Net Banking,FAILED,1,110261.46,0.00,110261.46
2024-04-15,Net Banking,REFUNDED,3,1093972.27,1093972.27,0.00
2024-04-15,Net Banking,SUCCESS,10,2371288.50,0.00,2371288.50
2024-04-15,Upi,REFUNDED,3,958509.93,958509.93,0.00
2024-04-15,Upi,SUCCESS,6,985694.38,0.00,985694.38
2024-04-15,Wallet,FAILED,1,70359.04,0.00,70359.04
2024-04-15,Wallet,SUCCESS,9,2882320.10,0.00,2882320.10
2024-04-16,Credit Card,PENDING,1,502768.65,0.00,502768.65
2024-04-16,Credit Card,SUCCESS,8,1968912.32,0.00,1968912.32
2024-04-16,Debit Card,PENDING,1,6722.36,0.00,6722.36
2024-04-16,Debit Card,SUCCESS,10,2253181.69,0.00,2253181.69
2024-04-16,Net Banking,FAILED,1,452854.72,0.00,452854.72
2024-04-16,Net Banking,SUCCESS,10,2125488.06,0.00,2125488.06
2024-04-16,Upi,FAILED,3,701211.45,0.00,701211.45
2024-04-16,Upi,PENDING,3,971205.43,0.00,971205.43
2024-04-16,Upi,REFUNDED,1,40128.34,40128.34,0.00
2024-04-16,Upi,SUCCESS,10,2480012.65,0.00,2480012.65
2024-04-16,Wallet,FAILED,2,188921.38,0.00,188921.38
2024-04-16,Wallet,REFUNDED,4,641889.34,641889.34,0.00
2024-04-16,Wallet,SUCCESS,12,2269353.45,0.00,2269353.45
2024-04-17,Credit Card,FAILED,1,38137.29,0.00,38137.29
2024-04-17,Credit Card,SUCCESS,7,1882318.00,0.00,1882318.00
2024-04-17,Debit Card,FAILED,2,115365.35,0.00,115365.35
2024-04-17,Debit Card,SUCCESS,6,1504659.37,0.00,1504659.37
2024-04-17,Net Banking,FAILED,1,61500.59,0.00,61500.59
2024-04-17,Net Banking,REFUNDED,4,982335.76,982335.76,0.00
2024-04-17,Net Banking,SUCCESS,8,1988362.63,0.00,1988362.63
2024-04-17,Upi,FAILED,2,939006.16,0.00,939006.16
2024-04-17,Upi,REFUNDED,3,813268.93,813268.93,0.00
2024-04-17,Upi,SUCCESS,7,1919747.40,0.00,1919747.40
2024-04-17,Wallet,FAILED,2,830293.83,0.00,830293.83
2024-04-17,Wallet,SUCCESS,5,1520928.25,0.00,1520928.25
2024-04-18,Credit Card,FAILED,1,259001.62,0.00,259001.62
2024-04-18,Credit Card,REFUNDED,2,133189.00,133189.00,0.00
2024-04-18,Credit Card,SUCCESS,10,1887193.41,0.00,1887193.41
2024-04-18,Debit Card,FAILED,2,752363.54,0.00,752363.54
2024-04-18,Debit Card,REFUNDED,3,512320.06,512320.06,0.00
2024-04-18,Debit Card,SUCCESS,7,1461503.31,0.00,1461503.31
2024-04-18,Net Banking,REFUNDED,2,721603.01,721603.01,0.00
2024-04-18,Net Banking,SUCCESS,6,1340039.91,0.00,1340039.91
2024-04-18,Upi,FAILED,1,14117.01,0.00,14117.01
2024-04-18,Upi,PENDING,1,447868.81,0.00,447868.81
2024-04-18,Upi,SUCCESS,13,3447273.25,0.00,3447273.25
2024-04-18,Wallet,SUCCESS,1,329831.07,0.00,329831.07
2024-04-19,Credit Card,FAILED,6,1357190.00,0.00,1357190.00
2024-04-19,Credit Card,PENDING,1,215382.32,0.00,215382.32
2024-04-19,Credit Card,REFUNDED,2,316406.85,316406.85,0.00
2024-04-19,Credit Card,SUCCESS,5,1082786.32,0.00,1082786.32
2024-04-19,Debit Card,FAILED,2,682074.39,0.00,682074.39
2024-04-19,Debit Card,REFUNDED,1,471450.38,471450.38,0.00
2024-04-19,Debit Card,SUCCESS,9,1729981.30,0.00,1729981.30
2024-04-19,Net Banking,FAILED,3,887518.77,0.00,887518.77
2024-04-19,Net Banking,REFUNDED,1,184933.99,184933.99,0.00
2024-04-19,Net Banking,SUCCESS,10,3470824.19,0.00,3470824.19
2024-04-19,Upi,REFUNDED,1,115106.91,115106.91,0.00
2024-04-19,Upi,SUCCESS,8,1700269.28,0.00,1700269.28
2024-04-19,Wallet,FAILED,4,665403.41,0.00,665403.41
2024-04-19,Wallet,PENDING,2,221924.45,0.00,221924.45
2024-04-19,Wallet,REFUNDED,3,565517.71,565517.71,0.00
2024-04-19,Wallet,SUCCESS,7,2111299.99,0.00,2111299.99
2024-04-20,Credit Card,PENDING,1,462591.74,0.00,462591.74
2024-04-20,Credit Card,REFUNDED,1,290149.61,290149.61,0.00
2024-04-20,Credit Card,SUCCESS,8,1623015.36,0.00,1623015.36
2024-04-20,Debit Card,PENDING,1,443565.61,0.00,443565.61
2024-04-20,Debit Card,REFUNDED,2,725157.75,725157.75,0.00
2024-04-20,Debit Card,SUCCESS,8,1763703.15,0.00,1763703.15
2024-04-20,Net Banking,REFUNDED,1,435234.22,435234.22,0.00
2024-04-20,Net Banking,SUCCESS,9,1670496.91,0.00,1670496.91
2024-04-20,Upi,FAILED,1,186717.18,0.00,186717.18
2024-04-20,Upi,REFUNDED,1,253763.73,253763.73,0.00
2024-04-20,Upi,SUCCESS,7,2188800.49,0.00,2188800.49
2024-04-20,Wallet,REFUNDED,3,491098.51,491098.51,0.00
2024-04-20,Wallet,SUCCESS,13,3226694.75,0.00,3226694.75
2024-04-21,Credit Card,PENDING,1,208556.51,0.00,208556.51
2024-04-21,Credit Card,SUCCESS,8,1762484.74,0.00,1762484.74
2024-04-21,Debit Card,FAILED,2,837111.73,0.00,837111.73
2024-04-21,Debit Card,PENDING,1,159170.02,0.00,159170.02
2024-04-21,Debit Card,REFUNDED,6,2204737.62,2204737.62,0.00
2024-04-21,Debit Card,SUCCESS,15,3837458.96,0.00,3837458.96
2024-04-21,Net Banking,FAILED,2,257819.41,0.00,257819.41
2024-04-21,Net Banking,REFUNDED,1,230603.07,230603.07,0.00
2024-04-21,Net Banking,SUCCESS,5,866510.60,0.00,866510.60
2024-04-21,Upi,REFUNDED,4,847048.08,847048.08,0.00
2024-04-21,Upi,SUCCESS,4,2080023.12,0.00,2080023.12
2024-04-21,Wallet,FAILED,1,661647.38,0.00,661647.38
2024-04-21,Wallet,PENDING,1,205554.96,0.00,205554.96
2024-04-21,Wallet,REFUNDED,1,96314.67,96314.67,0.00
2024-04-21,Wallet,SUCCESS,14,4683340.47,0.00,4683340.47
2024-04-22,Credit Card,FAILED,2,722828.62,0.00,722828.62
2024-04-22,Credit Card,PENDING,1,265146.23,0.00,265146.23
2024-04-22,Credit Card,REFUNDED,2,401388.46,401388.46,0.00
2024-04-22,Credit Card,SUCCESS,6,1491168.57,0.00,1491168.57
2024-04-22,Debit Card,REFUNDED,2,446738.90,446738.90,0.00
2024-04-22,Debit Card,SUCCESS,5,1011224.20,0.00,1011224.20
2024-04-22,Net Banking,FAILED,1,1042.13,0.00,1042.13
2024-04-22,Net Banking,PENDING,4,604592.84,0.00,604592.84
2024-04-22,Net Banking,REFUNDED,1,693190.82,693190.82,0.00
2024-04-22,Net Banking,SUCCESS,5,1909058.81,0.00,1909058.81
2024-04-22,Upi,SUCCESS,7,2861271.89,0.00,2861271.89
2024-04-22,Wallet,FAILED,2,405003.65,0.00,405003.65
2024-04-22,Wallet,PENDING,2,539386.15,0.00,539386.15
2024-04-22,Wallet,REFUNDED,2,676942.29,676942.29,0.00
2024-04-22,Wallet,SUCCESS,1,376823.15,0.00,376823.15
2024-04-23,Credit Card,FAILED,1,467985.93,0.00,467985.93
2024-04-23,Credit Card,PENDING,2,450828.61,0.00,450828.61
2024-04-23,Credit Card,REFUNDED,1,77246.91,77246.91,0.00
2024-04-23,Credit Card,SUCCESS,4,875101.09,0.00,875101.09
2024-04-23,Debit Card,REFUNDED,4,1247263.61,1247263.61,0.00
2024-04-23,Debit Card,SUCCESS,7,2905212.97,0.00,2905212.97
2024-04-23,Net Banking,FAILED,2,511964.00,0.00,511964.00
2024-04-23,Net Banking,REFUNDED,4,662236.65,662236.65,0.00
2024-04-23,Net Banking,SUCCESS,6,2221654.27,0.00,2221654.27
2024-04-23,Upi,REFUNDED,2,919254.21,919254.21,0.00
2024-04-23,Upi,SUCCESS,7,1744743.32,0.00,1744743.32
2024-04-23,Wallet,FAILED,2,644652.98,0.00,644652.98
2024-04-23,Wallet,SUCCESS,4,1192692.53,0.00,1192692.53
2024-04-24,Credit Card,FAILED,2,741222.71,0.00,741222.71
2024-04-24,Credit Card,REFUNDED,1,535739.38,535739.38,0.00
2024-04-24,Credit Card,SUCCESS,10,2222025.62,0.00,2222025.62
2024-04-24,Debit Card,FAILED,2,399836.31,0.00,399836.31
2024-04-24,Debit Card,SUCCESS,8,1996103.09,0.00,1996103.09
2024-04-24,Net Banking,FAILED,2,269183.25,0.00,269183.25
2024-04-24,Net Banking,PENDING,1,770098.75,0.00,770098.75
2024-04-24,Net Banking,REFUNDED,1,362862.94,362862.94,0.00
2024-04-24,Net Banking,SUCCESS,6,1179671.28,0.00,1179671.28
2024-04-24,Upi,REFUNDED,4,643541.43,643541.43,0.00
2024-04-24,Upi,SUCCESS,7,1902263.76,0.00,1902263.76
2024-04-24,Wallet,SUCCESS,11,2419371.69,0.00,2419371.69
2024-04-25,Credit Card,FAILED,1,23060.45,0.00,23060.45
2024-04-25,Credit Card,SUCCESS,7,1337503.35,0.00,1337503.35
2024-04-25,Debit Card,FAILED,1,85531.05,0.00,85531.05
2024-04-25,Debit Card,PENDING,1,190391.38,0.00,190391.38
2024-04-25,Debit Card,REFUNDED,2,252299.73,252299.73,0.00
2024-04-25,Debit Card,SUCCESS,11,2795459.47,0.00,2795459.47
2024-04-25,Net Banking,PENDING,1,192087.95,0.00,192087.95
2024-04-25,Net Banking,SUCCESS,5,1290491.03,0.00,1290491.03
2024-04-25,Upi,FAILED,5,2044397.46,0.00,2044397.46
2024-04-25,Upi,REFUNDED,3,802083.35,802083.35,0.00
2024-04-25,Upi,SUCCESS,4,458575.74,0.00,458575.74
2024-04-25,Wallet,FAILED,2,667712.37,0.00,667712.37
2024-04-25,Wallet,PENDING,1,12760.48,0.00,12760.48
2024-04-25,Wallet,SUCCESS,8,1886786.77,0.00,1886786.77
2024-04-26,Credit Card,REFUNDED,2,1398418.41,1398418.41,0.00
2024-04-26,Credit Card,SUCCESS,7,2448799.27,0.00,2448799.27
2024-04-26,Debit Card,FAILED,1,203028.18,0.00,203028.18
2024-04-26,Debit Card,REFUNDED,2,446088.32,446088.32,0.00
2024-04-26,Debit Card,SUCCESS,10,1845647.96,0.00,1845647.96
2024-04-26,Net Banking,FAILED,1,581934.39,0.00,581934.39
2024-04-26,Net Banking,REFUNDED,3,848281.72,848281.72,0.00
2024-04-26,Net Banking,SUCCESS,7,1363925.22,0.00,1363925.22
2024-04-26,Upi,FAILED,1,33104.79,0.00,33104.79
2024-04-26,Upi,SUCCESS,4,933302.42,0.00,933302.42
2024-04-26,Wallet,REFUNDED,2,494021.93,494021.93,0.00
2024-04-26,Wallet,SUCCESS,6,2491667.38,0.00,2491667.38
2024-04-27,Credit Card,PENDING,1,304386.44,0.00,304386.44
2024-04-27,Credit Card,REFUNDED,2,876809.81,876809.81,0.00
2024-04-27,Credit Card,SUCCESS,8,1572792.53,0.00,1572792.53
2024-04-27,Debit Card,FAILED,5,1138427.57,0.00,1138427.57
2024-04-27,Debit Card,REFUNDED,1,80317.31,80317.31,0.00
2024-04-27,Debit Card,SUCCESS,2,884622.35,0.00,884622.35
2024-04-27,Net Banking,FAILED,1,266510.54,0.00,266510.54
2024-04-27,Net Banking,SUCCESS,4,1235346.15,0.00,1235346.15
2024-04-27,Upi,FAILED,1,386935.72,0.00,386935.72
2024-04-27,Upi,REFUNDED,2,688295.50,688295.50,0.00
2024-04-27,Upi,SUCCESS,5,1440297.30,0.00,1440297.30
2024-04-27,Wallet,FAILED,3,639884.93,0.00,639884.93
2024-04-27,Wallet,REFUNDED,1,429418.05,429418.05,0.00
2024-04-27,Wallet,SUCCESS,6,1846004.33,0.00,1846004.33
2024-04-28,Credit Card,FAILED,2,413960.82,0.00,413960.82
2024-04-28,Credit Card,SUCCESS,11,2482473.10,0.00,2482473.10
2024-04-28,Debit Card,FAILED,3,578831.51,0.00,578831.51
2024-04-28,Debit Card,PENDING,2,281441.43,0.00,281441.43
2024-04-28,Debit Card,SUCCESS,3,1277587.44,0.00,1277587.44
2024-04-28,Net Banking,FAILED,3,597514.18,0.00,597514.18
2024-04-28,Net Banking,REFUNDED,2,499980.50,499980.50,0.00
2024-04-28,Net Banking,SUCCESS,4,923307.99,0.00,923307.99
2024-04-28,Upi,FAILED,2,548696.22,0.00,548696.22
2024-04-28,Upi,PENDING,1,408940.20,0.00,408940.20
2024-04-28,Upi,REFUNDED,3,956728.96,956728.96,0.00
2024-04-28,Upi,SUCCESS,9,2441566.00,0.00,2441566.00
2024-04-28,Wallet,REFUNDED,1,445518.95,445518.95,0.00
2024-04-28,Wallet,SUCCESS,10,3220758.15,0.00,3220758.15
2024-04-29,Credit Card,FAILED,3,1288576.04,0.00,1288576.04
2024-04-29,Credit Card,REFUNDED,3,542611.01,542611.01,0.00
2024-04-29,Credit Card,SUCCESS,5,692086.39,0.00,692086.39
2024-04-29,Debit Card,REFUNDED,1,163782.15,163782.15,0.00
2024-04-29,Debit Card,SUCCESS,7,2255253.15,0.00,2255253.15
2024-04-29,Net Banking,REFUNDED,1,394277.20,394277.20,0.00
2024-04-29,Net Banking,SUCCESS,7,1760575.88,0.00,1760575.88
2024-04-29,Upi,FAILED,2,312270.27,0.00,312270.27
2024-04-29,Upi,PENDING,2,1076965.32,0.00,1076965.32
2024-04-29,Upi,REFUNDED,3,1124993.58,1124993.58,0.00
2024-04-29,Upi,SUCCESS,14,3557275.43,0.00,3557275.43
2024-04-29,Wallet,FAILED,3,1355009.45,0.00,1355009.45
2024-04-29,Wallet,PENDING,1,174015.41,0.00,174015.41
2024-04-29,Wallet,REFUNDED,3,768815.29,768815.29,0.00
2024-04-29,Wallet,SUCCESS,9,3057159.16,0.00,3057159.16
2024-04-30,Credit Card,PENDING,2,524225.68,0.00,524225.68
2024-04-30,Credit Card,REFUNDED,3,607791.13,607791.13,0.00
2024-04-30,Credit Card,SUCCESS,8,2193353.39,0.00,2193353.39
2024-04-30,Debit Card,REFUNDED,2,667065.35,667065.35,0.00
2024-04-30,Debit Card,SUCCESS,7,2538005.68,0.00,2538005.68
2024-04-30,Net Banking,PENDING,1,47908.54,0.00,47908.54
2024-04-30,Net Banking,SUCCESS,8,3211263.59,0.00,3211263.59
2024-04-30,Upi,FAILED,1,221776.22,0.00,221776.22
2024-04-30,Upi,PENDING,1,484025.70,0.00,484025.70
2024-04-30,Upi,REFUNDED,1,374752.43,374752.43,0.00
2024-04-30,Upi,SUCCESS,5,1894679.98,0.00,1894679.98
2024-04-30,Wallet,FAILED,1,197852.91,0.00,197852.91
2024-04-30,Wallet,REFUNDED,2,196404.13,196404.13,0.00
2024-04-30,Wallet,SUCCESS,7,2222820.09,0.00,2222820.09
2024-05-01,Credit Card,FAILED,2,499294.07,0.00,499294.07
2024-05-01,Credit Card,PENDING,1,299027.79,0.00,299027.79
2024-05-01,Credit Card,REFUNDED,2,243903.04,243903.04,0.00
2024-05-01,Credit Card,SUCCESS,6,1538993.89,0.00,1538993.89
2024-05-01,Debit Card,FAILED,1,113845.41,0.00,113845.41
2024-05-01,Debit Card,REFUNDED,1,249593.13,249593.13,0.00
2024-05-01,Debit Card,SUCCESS,3,876504.82,0.00,876504.82
2024-05-01,Net Banking,FAILED,1,625102.16,0.00,625102.16
2024-05-01,Net Banking,REFUNDED,2,888737.93,888737.93,0.00
2024-05-01,Net Banking,SUCCESS,9,2654810.61,0.00,2654810.61
2024-05-01,Upi,REFUNDED,2,499018.53,499018.53,0.00
2024-05-01,Upi,SUCCESS,4,742857.04,0.00,742857.04
2024-05-01,Wallet,FAILED,1,344379.26,0.00,344379.26
2024-05-01,Wallet,REFUNDED,2,730783.71,730783.71,0.00
2024-05-01,Wallet,SUCCESS,8,1423439.38,0.00,1423439.38
2024-05-02,Credit Card,FAILED,2,65452.62,0.00,65452.62
2024-05-02,Credit Card,PENDING,1,349484.69,0.00,349484.69
2024-05-02,Credit Card,SUCCESS,5,1221585.40,0.00,1221585.40
2024-05-02,Debit Card,FAILED,1,319731.65,0.00,319731.65
2024-05-02,Debit Card,REFUNDED,2,322048.55,322048.55,0.00
2024-05-02,Debit Card,SUCCESS,4,1194478.53,0.00,1194478.53
2024-05-02,Net Banking,FAILED,1,160513.36,0.00,160513.36
2024-05-02,Net Banking,REFUNDED,1,301900.18,301900.18,0.00
2024-05-02,Net Banking,SUCCESS,6,1562963.64,0.00,1562963.64
2024-05-02,Upi,REFUNDED,2,375768.01,375768.01,0.00
2024-05-02,Upi,SUCCESS,6,1126340.84,0.00,1126340.84
2024-05-02,Wallet,FAILED,3,1457202.21,0.00,1457202.21
2024-05-02,Wallet,REFUNDED,1,9839.00,9839.00,0.00
2024-05-02,Wallet,SUCCESS,11,3503048.35,0.00,3503048.35
2024-05-03,Credit Card,FAILED,4,1085718.94,0.00,1085718.94
2024-05-03,Credit Card,REFUNDED,2,751830.84,751830.84,0.00
2024-05-03,Credit Card,SUCCESS,7,3108458.84,0.00,3108458.84
2024-05-03,Debit Card,SUCCESS,15,3525308.93,0.00,3525308.93
2024-05-03,Net Banking,REFUNDED,6,1506692.25,1506692.25,0.00
2024-05-03,Net Banking,SUCCESS,14,3875613.63,0.00,3875613.63
2024-05-03,Upi,FAILED,1,80776.66,0.00,80776.66
2024-05-03,Upi,REFUNDED,1,224453.08,224453.08,0.00
2024-05-03,Upi,SUCCESS,5,1558776.37,0.00,1558776.37
2024-05-03,Wallet,REFUNDED,3,1029189.39,1029189.39,0.00
2024-05-03,Wallet,SUCCESS,8,2084026.19,0.00,2084026.19
2024-05-04,Credit Card,SUCCESS,6,2171549.89,0.00,2171549.89
2024-05-04,Debit Card,PENDING,1,467546.04,0.00,467546.04
2024-05-04,Debit Card,REFUNDED,1,371930.66,371930.66,0.00
2024-05-04,Debit Card,SUCCESS,11,3844258.28,0.00,3844258.28
2024-05-04,Net Banking,FAILED,4,1355086.93,0.00,1355086.93
2024-05-04,Net Banking,PENDING,2,516953.58,0.00,516953.58
2024-05-04,Net Banking,REFUNDED,1,88447.07,88447.07,0.00
2024-05-04,Net Banking,SUCCESS,6,1430700.87,0.00,1430700.87
2024-05-04,Upi,FAILED,2,481231.53,0.00,481231.53
2024-05-04,Upi,REFUNDED,1,112891.97,112891.97,0.00
2024-05-04,Upi,SUCCESS,12,4292259.16,0.00,4292259.16
2024-05-04,Wallet,FAILED,1,109780.74,0.00,109780.74
2024-05-04,Wallet,PENDING,1,427273.82,0.00,427273.82
2024-05-04,Wallet,REFUNDED,1,56279.52,56279.52,0.00
2024-05-04,Wallet,SUCCESS,10,3066114.75,0.00,3066114.75
2024-05-05,Credit Card,REFUNDED,3,878930.95,878930.95,0.00
2024-05-05,Credit Card,SUCCESS,9,1810392.06,0.00,1810392.06
2024-05-05,Debit Card,FAILED,3,1160572.22,0.00,1160572.22
2024-05-05,Debit Card,SUCCESS,1,511252.94,0.00,511252.94
2024-05-05,Net Banking,FAILED,4,954448.66,0.00,954448.66
2024-05-05,Net Banking,PENDING,1,552037.26,0.00,552037.26
2024-05-05,Net Banking,REFUNDED,1,125697.93,125697.93,0.00
2024-05-05,Net Banking,SUCCESS,9,2372661.91,0.00,2372661.91
2024-05-05,Upi,FAILED,1,112735.14,0.00,112735.14
2024-05-05,Upi,REFUNDED,1,509585.04,509585.04,0.00
2024-05-05,Upi,SUCCESS,5,394919.88,0.00,394919.88
2024-05-05,Wallet,FAILED,3,721182.22,0.00,721182.22
2024-05-05,Wallet,PENDING,1,702974.23,0.00,702974.23
2024-05-05,Wallet,REFUNDED,2,529793.04,529793.04,0.00
2024-05-05,Wallet,SUCCESS,5,1650761.24,0.00,1650761.24
2024-05-06,Credit Card,FAILED,1,468346.35,0.00,468346.35
2024-05-06,Credit Card,REFUNDED,3,465053.24,465053.24,0.00
2024-05-06,Credit Card,SUCCESS,6,2837225.71,0.00,2837225.71
2024-05-06,Debit Card,FAILED,1,340617.48,0.00,340617.48
2024-05-06,Debit Card,REFUNDED,2,1014064.11,1014064.11,0.00
2024-05-06,Debit Card,SUCCESS,4,1036376.98,0.00,1036376.98
2024-05-06,Net Banking,FAILED,3,515321.96,0.00,515321.96
2024-05-06,Net Banking,REFUNDED,1,286839.35,286839.35,0.00
2024-05-06,Net Banking,SUCCESS,7,1685938.47,0.00,1685938.47
2024-05-06,Upi,FAILED,1,570667.10,0.00,570667.10
2024-05-06,Upi,PENDING,1,480799.47,0.00,480799.47
2024-05-06,Upi,REFUNDED,2,165942.38,165942.38,0.00
2024-05-06,Upi,SUCCESS,6,1740784.17,0.00,1740784.17
2024-05-06,Wallet,REFUNDED,3,408877.05,408877.05,0.00
2024-05-06,Wallet,SUCCESS,12,2441291.59,0.00,2441291.59
2024-05-07,Credit Card,PENDING,1,16166.06,0.00,16166.06
2024-05-07,Credit Card,REFUNDED,1,871305.35,871305.35,0.00
2024-05-07,Credit Card,SUCCESS,5,946745.84,0.00,946745.84
2024-05-07,Debit Card,FAILED,1,387104.71,0.00,387104.71
2024-05-07,Debit Card,PENDING,1,621652.36,0.00,621652.36
2024-05-07,Debit Card,SUCCESS,8,1562622.84,0.00,1562622.84
2024-05-07,Net Banking,FAILED,1,173009.22,0.00,173009.22
2024-05-07,Net Banking,REFUNDED,4,877433.68,877433.68,0.00
2024-05-07,Net Banking,SUCCESS,6,1187427.02,0.00,1187427.02
2024-05-07,Upi,SUCCESS,5,1603283.57,0.00,1603283.57
2024-05-07,Wallet,REFUNDED,4,1529074.07,1529074.07,0.00
2024-05-07,Wallet,SUCCESS,11,2465341.73,0.00,2465341.73
2024-05-08,Credit Card,FAILED,2,471963.81,0.00,471963.81
2024-05-08,Credit Card,REFUNDED,1,13839.16,13839.16,0.00
2024-05-08,Credit Card,SUCCESS,7,1817522.89,0.00,1817522.89
2024-05-08,Debit Card,FAILED,2,704190.97,0.00,704190.97
2024-05-08,Debit Card,REFUNDED,2,672855.08,672855.08,0.00
2024-05-08,Debit Card,SUCCESS,10,3422308.36,0.00,3422308.36
2024-05-08,Net Banking,FAILED,2,955362.34,0.00,955362.34
2024-05-08,Net Banking,SUCCESS,7,1947614.33,0.00,1947614.33
2024-05-08,Upi,SUCCESS,8,1458886.23,0.00,1458886.23
2024-05-08,Wallet,FAILED,2,899984.68,0.00,899984.68
2024-05-08,Wallet,REFUNDED,1,73647.62,73647.62,0.00
2024-05-08,Wallet,SUCCESS,14,3240323.29,0.00,3240323.29
2024-05-09,Credit Card,SUCCESS,3,801124.70,0.00,801124.70
2024-05-09,Debit Card,FAILED,1,190594.91,0.00,190594.91
2024-05-09,Debit Card,REFUNDED,1,125831.65,125831.65,0.00
2024-05-09,Debit Card,SUCCESS,9,2704031.23,0.00,2704031.23
2024-05-09,Net Banking,FAILED,1,266124.56,0.00,266124.56
2024-05-09,Net Banking,REFUNDED,1,594072.20,594072.20,0.00
2024-05-09,Net Banking,SUCCESS,9,2172441.40,0.00,2172441.40
2024-05-09,Upi,FAILED,3,627657.26,0.00,627657.26
2024-05-09,Upi,REFUNDED,1,363980.47,363980.47,0.00
2024-05-09,Upi,SUCCESS,6,1630326.78,0.00,1630326.78
2024-05-09,Wallet,REFUNDED,1,490071.36,490071.36,0.00
2024-05-09,Wallet,SUCCESS,7,937132.63,0.00,937132.63
2024-05-10,Credit Card,SUCCESS,11,3133063.33,0.00,3133063.33
2024-05-10,Debit Card,FAILED,1,204819.13,0.00,204819.13
2024-05-10,Debit Card,SUCCESS,6,1604982.00,0.00,1604982.00
2024-05-10,Net Banking,SUCCESS,11,3288189.67,0.00,3288189.67
2024-05-10,Upi,REFUNDED,3,603055.56,603055.56,0.00
2024-05-10,Upi,SUCCESS,13,2959482.67,0.00,2959482.67
2024-05-10,Wallet,FAILED,2,548158.87,0.00,548158.87
2024-05-10,Wallet,REFUNDED,1,140255.70,140255.70,0.00
2024-05-10,Wallet,SUCCESS,7,1818688.21,0.00,1818688.21
2024-05-11,Credit Card,FAILED,1,439414.96,0.00,439414.96
2024-05-11,Credit Card,PENDING,1,246541.33,0.00,246541.33
2024-05-11,Credit Card,REFUNDED,5,1597150.15,1597150.15,0.00
2024-05-11,Credit Card,SUCCESS,7,1076571.15,0.00,1076571.15
2024-05-11,Debit Card,FAILED,1,128461.30,0.00,128461.30
2024-05-11,Debit Card,PENDING,1,25149.10,0.00,25149.10
2024-05-11,Debit Card,REFUNDED,2,170240.33,170240.33,0.00
2024-05-11,Debit Card,SUCCESS,10,3160112.62,0.00,3160112.62
2024-05-11,Net Banking,PENDING,1,447834.92,0.00,447834.92
2024-05-11,Net Banking,REFUNDED,4,995333.43,995333.43,0.00
2024-05-11,Net Banking,SUCCESS,13,4230003.86,0.00,4230003.86
2024-05-11,Upi,FAILED,1,100112.26,0.00,100112.26
2024-05-11,Upi,PENDING,1,139446.16,0.00,139446.16
2024-05-11,Upi,REFUNDED,1,300482.49,300482.49,0.00
2024-05-11,Upi,SUCCESS,9,2370699.52,0.00,2370699.52
2024-05-11,Wallet,FAILED,2,396061.15,0.00,396061.15
2024-05-11,Wallet,REFUNDED,4,1331204.26,1331204.26,0.00
2024-05-11,Wallet,SUCCESS,3,1170668.34,0.00,1170668.34
2024-05-12,Credit Card,PENDING,2,559392.29,0.00,559392.29
2024-05-12,Credit Card,REFUNDED,2,850976.48,850976.48,0.00
2024-05-12,Credit Card,SUCCESS,7,1546707.11,0.00,1546707.11
2024-05-12,Debit Card,FAILED,1,198457.74,0.00,198457.74
2024-05-12,Debit Card,SUCCESS,9,2625711.39,0.00,2625711.39
2024-05-12,Net Banking,PENDING,1,362713.05,0.00,362713.05
2024-05-12,Net Banking,REFUNDED,2,511863.94,511863.94,0.00
2024-05-12,Net Banking,SUCCESS,12,3019454.11,0.00,3019454.11
2024-05-12,Upi,FAILED,2,403476.66,0.00,403476.66
2024-05-12,Upi,REFUNDED,1,57743.59,57743.59,0.00
2024-05-12,Upi,SUCCESS,7,1395029.18,0.00,1395029.18
2024-05-12,Wallet,FAILED,2,812887.44,0.00,812887.44
2024-05-12,Wallet,PENDING,2,342005.24,0.00,342005.24
2024-05-12,Wallet,REFUNDED,2,643672.69,643672.69,0.00
2024-05-12,Wallet,SUCCESS,12,2234736.78,0.00,2234736.78
2024-05-13,Credit Card,FAILED,2,636986.64,0.00,636986.64
2024-05-13,Credit Card,REFUNDED,2,501075.89,501075.89,0.00
2024-05-13,Credit Card,SUCCESS,10,2336000.04,0.00,2336000.04
2024-05-13,Debit Card,REFUNDED,1,166775.00,166775.00,0.00
2024-05-13,Debit Card,SUCCESS,8,1527966.03,0.00,1527966.03
2024-05-13,Net Banking,FAILED,1,508215.83,0.00,508215.83
2024-05-13,Net Banking,SUCCESS,5,1608242.03,0.00,1608242.03
2024-05-13,Upi,SUCCESS,8,2519673.03,0.00,2519673.03
2024-05-13,Wallet,FAILED,3,632861.99,0.00,632861.99
2024-05-13,Wallet,PENDING,1,326093.66,0.00,326093.66
2024-05-13,Wallet,REFUNDED,4,1746738.42,1746738.42,0.00
2024-05-13,Wallet,SUCCESS,5,1568875.98,0.00,1568875.98
2024-05-14,Credit Card,FAILED,2,575360.29,0.00,575360.29
2024-05-14,Credit Card,REFUNDED,4,884189.25,884189.25,0.00
2024-05-14,Credit Card,SUCCESS,15,5337883.21,0.00,5337883.21
2024-05-14,Debit Card,SUCCESS,5,1484323.35,0.00,1484323.35
2024-05-14,Net Banking,PENDING,1,38758.27,0.00,38758.27
2024-05-14,Net Banking,REFUNDED,2,572051.81,572051.81,0.00
2024-05-14,Net Banking,SUCCESS,7,1883015.60,0.00,1883015.60
2024-05-14,Upi,FAILED,3,966631.49,0.00,966631.49
2024-05-14,Upi,REFUNDED,3,1204367.98,1204367.98,0.00
2024-05-14,Upi,SUCCESS,5,1242292.42,0.00,1242292.42
2024-05-14,Wallet,FAILED,1,141950.79,0.00,141950.79
2024-05-14,Wallet,PENDING,1,386715.17,0.00,386715.17
2024-05-14,Wallet,REFUNDED,3,671505.72,671505.72,0.00
2024-05-14,Wallet,SUCCESS,10,3217286.36,0.00,3217286.36
2024-05-15,Credit Card,FAILED,2,432295.68,0.00,432295.68
2024-05-15,Credit Card,PENDING,1,589727.08,0.00,589727.08
2024-05-15,Credit Card,SUCCESS,3,1136069.36,0.00,1136069.36
2024-05-15,Debit Card,FAILED,2,1166018.70,0.00,1166018.70
2024-05-15,Debit Card,PENDING,1,122039.91,0.00,122039.91
2024-05-15,Debit Card,REFUNDED,4,937076.99,937076.99,0.00
2024-05-15,Debit Card,SUCCESS,7,1892348.78,0.00,1892348.78
2024-05-15,Net Banking,FAILED,1,19335.62,0.00,19335.62
2024-05-15,Net Banking,PENDING,1,453025.52,0.00,453025.52
2024-05-15,Net Banking,REFUNDED,1,4524.43,4524.43,0.00
2024-05-15,Net Banking,SUCCESS,6,1663014.26,0.00,1663014.26
2024-05-15,Upi,FAILED,1,236782.39,0.00,236782.39
2024-05-15,Upi,PENDING,2,370512.51,0.00,370512.51
2024-05-15,Upi,REFUNDED,1,365232.12,365232.12,0.00
2024-05-15,Upi,SUCCESS,9,2590664.91,0.00,2590664.91
2024-05-15,Wallet,FAILED,2,602081.77,0.00,602081.77
2024-05-15,Wallet,REFUNDED,2,254989.39,254989.39,0.00
2024-05-15,Wallet,SUCCESS,4,637472.62,0.00,637472.62
2024-05-16,Credit Card,PENDING,1,119973.74,0.00,119973.74
2024-05-16,Credit Card,REFUNDED,2,508563.82,508563.82,0.00
2024-05-16,Credit Card,SUCCESS,11,2640968.16,0.00,2640968.16
2024-05-16,Debit Card,FAILED,1,768776.31,0.00,768776.31
2024-05-16,Debit Card,PENDING,1,265534.46,0.00,265534.46
2024-05-16,Debit Card,REFUNDED,1,264433.85,264433.85,0.00
2024-05-16,Debit Card,SUCCESS,6,1684187.89,0.00,1684187.89
2024-05-16,Net Banking,FAILED,1,220157.61,0.00,220157.61
2024-05-16,Net Banking,REFUNDED,3,770175.08,770175.08,0.00
2024-05-16,Net Banking,SUCCESS,7,1422568.50,0.00,1422568.50
2024-05-16,Upi,REFUNDED,3,931691.75,931691.75,0.00
2024-05-16,Upi,SUCCESS,11,3129009.69,0.00,3129009.69
2024-05-16,Wallet,FAILED,1,112326.52,0.00,112326.52
2024-05-16,Wallet,REFUNDED,3,753601.54,753601.54,0.00
2024-05-16,Wallet,SUCCESS,9,2658603.10,0.00,2658603.10
2024-05-17,Credit Card,PENDING,1,318853.99,0.00,318853.99
2024-05-17,Credit Card,REFUNDED,2,377887.05,377887.05,0.00
2024-05-17,Credit Card,SUCCESS,11,2182235.58,0.00,2182235.58
2024-05-17,Debit Card,FAILED,3,592420.90,0.00,592420.90
2024-05-17,Debit Card,PENDING,1,5987.07,0.00,5987.07
2024-05-17,Debit Card,REFUNDED,1,459162.17,459162.17,0.00
2024-05-17,Debit Card,SUCCESS,5,1062310.00,0.00,1062310.00
2024-05-17,Net Banking,FAILED,5,1083852.29,0.00,1083852.29
2024-05-17,Net Banking,SUCCESS,8,2194307.19,0.00,2194307.19
2024-05-17,Upi,PENDING,1,112521.24,0.00,112521.24
2024-05-17,Upi,REFUNDED,2,840995.67,840995.67,0.00
2024-05-17,Upi,SUCCESS,10,2974758.76,0.00,2974758.76
2024-05-17,Wallet,FAILED,1,133551.57,0.00,133551.57
2024-05-17,Wallet,REFUNDED,1,91074.76,91074.76,0.00
2024-05-17,Wallet,SUCCESS,7,2065182.40,0.00,2065182.40
2024-05-18,Credit Card,PENDING,1,232091.58,0.00,232091.58
2024-05-18,Credit Card,REFUNDED,3,848813.30,848813.30,0.00
2024-05-18,Credit Card,SUCCESS,12,3662481.17,0.00,3662481.17
2024-05-18,Debit Card,PENDING,1,338067.80,0.00,338067.80
2024-05-18,Debit Card,SUCCESS,5,1169182.68,0.00,1169182.68
2024-05-18,Net Banking,SUCCESS,8,2139331.81,0.00,2139331.81
2024-05-18,Upi,REFUNDED,1,245754.14,245754.14,0.00
2024-05-18,Upi,SUCCESS,8,2106089.37,0.00,2106089.37
2024-05-18,Wallet,FAILED,1,596976.16,0.00,596976.16
2024-05-18,Wallet,REFUNDED,1,393056.23,393056.23,0.00
2024-05-18,Wallet,SUCCESS,10,2379584.16,0.00,2379584.16
2024-05-19,Credit Card,FAILED,2,564722.99,0.00,564722.99
2024-05-19,Credit Card,PENDING,1,26924.27,0.00,26924.27
2024-05-19,Credit Card,REFUNDED,1,183026.88,183026.88,0.00
2024-05-19,Credit Card,SUCCESS,7,1707097.61,0.00,1707097.61
2024-05-19,Debit Card,FAILED,2,379099.66,0.00,379099.66
2024-05-19,Debit Card,REFUNDED,2,253992.23,253992.23,0.00
2024-05-19,Debit Card,SUCCESS,9,2408652.40,0.00,2408652.40
2024-05-19,Net Banking,FAILED,1,481791.40,0.00,481791.40
2024-05-19,Net Banking,REFUNDED,4,1406780.04,1406780.04,0.00
2024-05-19,Net Banking,SUCCESS,6,1723916.40,0.00,1723916.40
2024-05-19,Upi,FAILED,3,1250015.64,0.00,1250015.64
2024-05-19,Upi,PENDING,1,304246.40,0.00,304246.40
2024-05-19,Upi,REFUNDED,3,619091.13,619091.13,0.00
2024-05-19,Upi,SUCCESS,4,729179.45,0.00,729179.45
2024-05-19,Wallet,FAILED,1,273985.38,0.00,273985.38
2024-05-19,Wallet,REFUNDED,1,299891.81,299891.81,0.00
2024-05-19,Wallet,SUCCESS,11,2879242.57,0.00,2879242.57
2024-05-20,Credit Card,PENDING,1,592868.39,0.00,592868.39
2024-05-20,Credit Card,REFUNDED,2,406863.60,406863.60,0.00
2024-05-20,Credit Card,SUCCESS,11,3338257.46,0.00,3338257.46
2024-05-20,Debit Card,FAILED,3,649754.02,0.00,649754.02
2024-05-20,Debit Card,SUCCESS,13,3210964.67,0.00,3210964.67
2024-05-20,Net Banking,REFUNDED,2,709188.80,709188.80,0.00
2024-05-20,Net Banking,SUCCESS,9,2412435.95,0.00,2412435.95
2024-05-20,Upi,FAILED,3,636343.28,0.00,636343.28
2024-05-20,Upi,REFUNDED,1,420808.28,420808.28,0.00
2024-05-20,Upi,SUCCESS,3,953675.22,0.00,953675.22
2024-05-20,Wallet,FAILED,2,914803.53,0.00,914803.53
2024-05-20,Wallet,SUCCESS,6,1637073.56,0.00,1637073.56
2024-05-21,Credit Card,PENDING,1,197909.60,0.00,197909.60
2024-05-21,Credit Card,REFUNDED,2,104374.27,104374.27,0.00
2024-05-21,Credit Card,SUCCESS,7,1632439.73,0.00,1632439.73
2024-05-21,Debit Card,FAILED,1,387544.59,0.00,387544.59
2024-05-21,Debit Card,SUCCESS,8,2034897.94,0.00,2034897.94
2024-05-21,Net Banking,REFUNDED,5,1681783.55,1681783.55,0.00
2024-05-21,Net Banking,SUCCESS,8,1962096.40,0.00,1962096.40
2024-05-21,Upi,FAILED,2,405431.24,0.00,405431.24
2024-05-21,Upi,REFUNDED,3,979943.52,979943.52,0.00
2024-05-21,Upi,SUCCESS,4,1485614.43,0.00,1485614.43
2024-05-21,Wallet,PENDING,1,348831.56,0.00,348831.56
2024-05-21,Wallet,REFUNDED,2,704705.61,704705.61,0.00
2024-05-21,Wallet,SUCCESS,7,1885419.24,0.00,1885419.24
2024-05-22,Credit Card,PENDING,1,425845.74,0.00,425845.74
2024-05-22,Credit Card,REFUNDED,1,309187.85,309187.85,0.00
2024-05-22,Credit Card,SUCCESS,5,1916386.06,0.00,1916386.06
2024-05-22,Debit Card,FAILED,2,382840.84,0.00,382840.84
2024-05-22,Debit Card,REFUNDED,3,1095817.22,1095817.22,0.00
2024-05-22,Debit Card,SUCCESS,6,1727456.76,0.00,1727456.76
2024-05-22,Net Banking,FAILED,2,508802.28,0.00,508802.28
2024-05-22,Net Banking,PENDING,1,60486.55,0.00,60486.55
2024-05-22,Net Banking,SUCCESS,10,2050811.88,0.00,2050811.88
2024-05-22,Upi,REFUNDED,3,734953.71,734953.71,0.00
2024-05-22,Upi,SUCCESS,9,2012178.68,0.00,2012178.68
2024-05-22,Wallet,FAILED,1,230149.21,0.00,230149.21
2024-05-22,Wallet,PENDING,1,258269.48,0.00,258269.48
2024-05-22,Wallet,SUCCESS,10,2975997.19,0.00,2975997.19
2024-05-23,Credit Card,PENDING,1,291412.80,0.00,291412.80
2024-05-23,Credit Card,REFUNDED,1,86567.89,86567.89,0.00
2024-05-23,Credit Card,SUCCESS,7,1306147.15,0.00,1306147.15
2024-05-23,Debit Card,FAILED,2,783069.25,0.00,783069.25
2024-05-23,Debit Card,REFUNDED,1,431076.68,431076.68,0.00
2024-05-23,Debit Card,SUCCESS,10,2286708.58,0.00,2286708.58
2024-05-23,Net Banking,FAILED,1,252506.98,0.00,252506.98
2024-05-23,Net Banking,REFUNDED,2,440210.13,440210.13,0.00
2024-05-23,Net Banking,SUCCESS,8,2456881.29,0.00,2456881.29
2024-05-23,Upi,FAILED,2,198184.18,0.00,198184.18
2024-05-23,Upi,REFUNDED,2,813007.53,813007.53,0.00
2024-05-23,Upi,SUCCESS,3,389044.90,0.00,389044.90
2024-05-23,Wallet,FAILED,1,153387.34,0.00,153387.34
2024-05-23,Wallet,PENDING,1,174297.77,0.00,174297.77
2024-05-23,Wallet,REFUNDED,2,512499.82,512499.82,0.00
2024-05-23,Wallet,SUCCESS,8,2405365.69,0.00,2405365.69
2024-05-24,Credit Card,REFUNDED,3,328544.59,328544.59,0.00
2024-05-24,Credit Card,SUCCESS,5,1752816.63,0.00,1752816.63
2024-05-24,Debit Card,SUCCESS,10,1802303.16,0.00,1802303.16
2024-05-24,Net Banking,PENDING,1,160951.07,0.00,160951.07
2024-05-24,Net Banking,REFUNDED,3,943428.72,943428.72,0.00
2024-05-24,Net Banking,SUCCESS,12,3243959.98,0.00,3243959.98
2024-05-24,Upi,FAILED,2,473162.40,0.00,473162.40
2024-05-24,Upi,REFUNDED,4,962105.99,962105.99,0.00
2024-05-24,Upi,SUCCESS,12,3406878.48,0.00,3406878.48
2024-05-24,Wallet,FAILED,1,306662.19,0.00,306662.19
2024-05-24,Wallet,REFUNDED,3,794779.15,794779.15,0.00
2024-05-24,Wallet,SUCCESS,6,1534277.72,0.00,1534277.72
2024-05-25,Credit Card,PENDING,1,129285.89,0.00,129285.89
2024-05-25,Credit Card,REFUNDED,1,145404.25,145404.25,0.00
2024-05-25,Credit Card,SUCCESS,8,1620383.17,0.00,1620383.17
2024-05-25,Debit Card,FAILED,3,948574.20,0.00,948574.20
2024-05-25,Debit Card,PENDING,2,510987.55,0.00,510987.55
2024-05-25,Debit Card,REFUNDED,3,1113419.62,1113419.62,0.00
2024-05-25,Debit Card,SUCCESS,10,2828981.83,0.00,2828981.83
2024-05-25,Net Banking,FAILED,1,153785.71,0.00,153785.71
2024-05-25,Net Banking,REFUNDED,1,423220.72,423220.72,0.00
2024-05-25,Net Banking,SUCCESS,4,862057.78,0.00,862057.78
2024-05-25,Upi,FAILED,2,524918.51,0.00,524918.51
2024-05-25,Upi,REFUNDED,2,241041.81,241041.81,0.00
2024-05-25,Upi,SUCCESS,7,1777386.37,0.00,1777386.37
2024-05-25,Wallet,FAILED,4,593371.10,0.00,593371.10
2024-05-25,Wallet,PENDING,1,458529.80,0.00,458529.80
2024-05-25,Wallet,REFUNDED,1,19156.89,19156.89,0.00
2024-05-25,Wallet,SUCCESS,7,1651138.10,0.00,1651138.10
2024-05-26,Credit Card,REFUNDED,1,578237.23,578237.23,0.00
2024-05-26,Credit Card,SUCCESS,2,869630.76,0.00,869630.76
2024-05-26,Debit Card,REFUNDED,1,189075.15,189075.15,0.00
2024-05-26,Debit Card,SUCCESS,8,2577093.63,0.00,2577093.63
2024-05-26,Net Banking,FAILED,1,186937.36,0.00,186937.36
2024-05-26,Net Banking,REFUNDED,2,837580.56,837580.56,0.00
2024-05-26,Net Banking,SUCCESS,6,1734761.65,0.00,1734761.65
2024-05-26,Upi,PENDING,1,402308.82,0.00,402308.82
2024-05-26,Upi,REFUNDED,3,734084.54,734084.54,0.00
2024-05-26,Upi,SUCCESS,9,2680094.79,0.00,2680094.79
2024-05-26,Wallet,REFUNDED,2,634666.50,634666.50,0.00
2024-05-26,Wallet,SUCCESS,6,1751384.00,0.00,1751384.00
2024-05-27,Credit Card,FAILED,1,244343.95,0.00,244343.95
2024-05-27,Credit Card,REFUNDED,1,197514.09,197514.09,0.00
2024-05-27,Credit Card,SUCCESS,10,2520725.57,0.00,2520725.57
2024-05-27,Debit Card,FAILED,1,247752.47,0.00,247752.47
2024-05-27,Debit Card,PENDING,1,228494.24,0.00,228494.24
2024-05-27,Debit Card,SUCCESS,7,1159139.72,0.00,1159139.72
2024-05-27,Net Banking,REFUNDED,4,1030815.58,1030815.58,0.00
2024-05-27,Net Banking,SUCCESS,10,3818279.24,0.00,3818279.24
2024-05-27,Upi,REFUNDED,3,569541.70,569541.70,0.00
2024-05-27,Upi,SUCCESS,8,1858268.14,0.00,1858268.14
2024-05-27,Wallet,FAILED,1,150495.57,0.00,150495.57
2024-05-27,Wallet,REFUNDED,2,442879.32,442879.32,0.00
2024-05-27,Wallet,SUCCESS,9,3543225.54,0.00,3543225.54
2024-05-28,Credit Card,REFUNDED,2,644436.59,644436.59,0.00
2024-05-28,Credit Card,SUCCESS,9,1522115.98,0.00,1522115.98
2024-05-28,Debit Card,PENDING,2,204393.14,0.00,204393.14
2024-05-28,Debit Card,REFUNDED,2,543240.15,543240.15,0.00
2024-05-28,Debit Card,SUCCESS,5,1749868.47,0.00,1749868.47
2024-05-28,Net Banking,FAILED,1,666534.38,0.00,666534.38
2024-05-28,Net Banking,REFUNDED,1,208792.23,208792.23,0.00
2024-05-28,Net Banking,SUCCESS,2,646528.81,0.00,646528.81
2024-05-28,Upi,FAILED,2,793990.79,0.00,793990.79
2024-05-28,Upi,REFUNDED,1,5624.07,5624.07,0.00
2024-05-28,Upi,SUCCESS,5,1295877.58,0.00,1295877.58
2024-05-28,Wallet,SUCCESS,7,2251388.72,0.00,2251388.72
2024-05-29,Credit Card,FAILED,2,390146.72,0.00,390146.72
2024-05-29,Credit Card,PENDING,1,469260.19,0.00,469260.19
2024-05-29,Credit Card,REFUNDED,1,520764.13,520764.13,0.00
2024-05-29,Credit Card,SUCCESS,7,1314706.57,0.00,1314706.57
2024-05-29,Debit Card,FAILED,2,135967.75,0.00,135967.75
2024-05-29,Debit Card,REFUNDED,3,695854.32,695854.32,0.00
2024-05-29,Debit Card,SUCCESS,10,2717923.60,0.00,2717923.60
2024-05-29,Net Banking,REFUNDED,1,57167.48,57167.48,0.00
2024-05-29,Net Banking,SUCCESS,9,2786706.92,0.00,2786706.92
2024-05-29,Upi,FAILED,1,213188.05,0.00,213188.05
2024-05-29,Upi,REFUNDED,1,147344.51,147344.51,0.00
2024-05-29,Upi,SUCCESS,4,880677.99,0.00,880677.99
2024-05-29,Wallet,FAILED,1,10158.54,0.00,10158.54
2024-05-29,Wallet,SUCCESS,7,1736475.44,0.00,1736475.44
2024-05-30,Credit Card,FAILED,1,37537.44,0.00,37537.44
2024-05-30,Credit Card,REFUNDED,1,71537.16,71537.16,0.00
2024-05-30,Credit Card,SUCCESS,1,217643.76,0.00,217643.76
2024-05-30,Debit Card,FAILED,2,817675.07,0.00,817675.07
2024-05-30,Debit Card,REFUNDED,1,321512.38,321512.38,0.00
2024-05-30,Debit Card,SUCCESS,9,3382362.24,0.00,3382362.24
2024-05-30,Net Banking,FAILED,4,1745394.39,0.00,1745394.39
2024-05-30,Net Banking,REFUNDED,1,157078.89,157078.89,0.00
2024-05-30,Net Banking,SUCCESS,5,1340594.95,0.00,1340594.95
2024-05-30,Upi,FAILED,2,701018.51,0.00,701018.51
2024-05-30,Upi,REFUNDED,2,492877.61,492877.61,0.00
2024-05-30,Upi,SUCCESS,6,1922853.14,0.00,1922853.14
2024-05-30,Wallet,PENDING,1,577303.89,0.00,577303.89
2024-05-30,Wallet,REFUNDED,4,535037.59,535037.59,0.00
2024-05-30,Wallet,SUCCESS,3,408989.19,0.00,408989.19
2024-05-31,Credit Card,REFUNDED,2,657538.89,657538.89,0.00
2024-05-31,Credit Card,SUCCESS,5,1189692.98,0.00,1189692.98
2024-05-31,Debit Card,FAILED,2,888974.46,0.00,888974.46
2024-05-31,Debit Card,REFUNDED,5,1798199.59,1798199.59,0.00
2024-05-31,Debit Card,SUCCESS,5,1309762.63,0.00,1309762.63
2024-05-31,Net Banking,REFUNDED,2,98502.14,98502.14,0.00
2024-05-31,Net Banking,SUCCESS,2,627816.81,0.00,627816.81
2024-05-31,Upi,SUCCESS,13,2897745.72,0.00,2897745.72
2024-05-31,Wallet,FAILED,1,316723.48,0.00,316723.48
2024-05-31,Wallet,PENDING,3,1002365.28,0.00,1002365.28
2024-05-31,Wallet,REFUNDED,1,128746.10,128746.10,0.00
2024-05-31,Wallet,SUCCESS,10,3632387.82,0.00,3632387.82
2024-06-01,Credit Card,FAILED,3,598206.78,0.00,598206.78
2024-06-01,Credit Card,REFUNDED,1,178490.34,178490.34,0.00
2024-06-01,Credit Card,SUCCESS,7,3248300.57,0.00,3248300.57
2024-06-01,Debit Card,FAILED,2,725570.26,0.00,725570.26
2024-06-01,Debit Card,REFUNDED,2,721902.32,721902.32,0.00
2024-06-01,Debit Card,SUCCESS,6,2100281.40,0.00,2100281.40
2024-06-01,Net Banking,FAILED,1,539922.58,0.00,539922.58
2024-06-01,Net Banking,PENDING,1,542710.56,0.00,542710.56
2024-06-01,Net Banking,REFUNDED,2,450255.13,450255.13,0.00
2024-06-01,Net Banking,SUCCESS,3,513827.80,0.00,513827.80
2024-06-01,Upi,FAILED,2,266227.17,0.00,266227.17
2024-06-01,Upi,SUCCESS,9,1979303.23,0.00,1979303.23
2024-06-01,Wallet,SUCCESS,8,3153654.28,0.00,3153654.28
2024-06-02,Credit Card,FAILED,1,472139.45,0.00,472139.45
2024-06-02,Credit Card,SUCCESS,7,1871787.58,0.00,1871787.58
2024-06-02,Debit Card,FAILED,2,1117076.18,0.00,1117076.18
2024-06-02,Debit Card,REFUNDED,1,176989.19,176989.19,0.00
2024-06-02,Debit Card,SUCCESS,11,2408925.37,0.00,2408925.37
2024-06-02,Net Banking,FAILED,1,1045.28,0.00,1045.28
2024-06-02,Net Banking,REFUNDED,1,392653.76,392653.76,0.00
2024-06-02,Net Banking,SUCCESS,2,582719.78,0.00,582719.78
2024-06-02,Upi,FAILED,1,119932.37,0.00,119932.37
2024-06-02,Upi,SUCCESS,8,2573178.77,0.00,2573178.77
2024-06-02,Wallet,FAILED,1,447820.49,0.00,447820.49
2024-06-02,Wallet,REFUNDED,3,1132037.87,1132037.87,0.00
2024-06-02,Wallet,SUCCESS,5,1211047.80,0.00,1211047.80
2024-06-03,Credit Card,REFUNDED,3,909593.54,909593.54,0.00
2024-06-03,Credit Card,SUCCESS,13,3110631.74,0.00,3110631.74
2024-06-03,Debit Card,FAILED,1,177377.70,0.00,177377.70
2024-06-03,Debit Card,SUCCESS,7,1688622.20,0.00,1688622.20
2024-06-03,Net Banking,FAILED,3,759063.23,0.00,759063.23
2024-06-03,Net Banking,REFUNDED,1,38559.60,38559.60,0.00
2024-06-03,Net Banking,SUCCESS,6,1553823.20,0.00,1553823.20
2024-06-03,Upi,SUCCESS,1,93864.96,0.00,93864.96
2024-06-03,Wallet,PENDING,1,468581.12,0.00,468581.12
2024-06-03,Wallet,REFUNDED,3,967774.71,967774.71,0.00
2024-06-03,Wallet,SUCCESS,11,3268488.47,0.00,3268488.47
2024-06-04,Credit Card,FAILED,3,814426.53,0.00,814426.53
2024-06-04,Credit Card,PENDING,1,128994.23,0.00,128994.23
2024-06-04,Credit Card,REFUNDED,2,520743.52,520743.52,0.00
2024-06-04,Credit Card,SUCCESS,8,1555045.10,0.00,1555045.10
2024-06-04,Debit Card,FAILED,3,862104.15,0.00,862104.15
2024-06-04,Debit Card,PENDING,1,168598.83,0.00,168598.83
2024-06-04,Debit Card,REFUNDED,2,715436.00,715436.00,0.00
2024-06-04,Debit Card,SUCCESS,7,1646734.86,0.00,1646734.86
2024-06-04,Net Banking,FAILED,2,881084.38,0.00,881084.38
2024-06-04,Net Banking,PENDING,1,52435.32,0.00,52435.32
2024-06-04,Net Banking,REFUNDED,3,709599.43,709599.43,0.00
2024-06-04,Net Banking,SUCCESS,8,1993895.45,0.00,1993895.45
2024-06-04,Upi,FAILED,2,726844.75,0.00,726844.75
2024-06-04,Upi,REFUNDED,8,1774854.52,1774854.52,0.00
2024-06-04,Upi,SUCCESS,8,3113049.79,0.00,3113049.79
2024-06-04,Wallet,FAILED,3,1072328.57,0.00,1072328.57
2024-06-04,Wallet,PENDING,1,511360.58,0.00,511360.58
2024-06-04,Wallet,REFUNDED,1,166636.29,166636.29,0.00
2024-06-04,Wallet,SUCCESS,3,897567.80,0.00,897567.80
2024-06-05,Credit Card,PENDING,1,171271.88,0.00,171271.88
2024-06-05,Credit Card,REFUNDED,1,449354.50,449354.50,0.00
2024-06-05,Credit Card,SUCCESS,11,3367087.44,0.00,3367087.44
2024-06-05,Debit Card,PENDING,1,25462.70,0.00,25462.70
2024-06-05,Debit Card,REFUNDED,2,734058.74,734058.74,0.00
2024-06-05,Debit Card,SUCCESS,9,2967450.83,0.00,2967450.83
2024-06-05,Net Banking,FAILED,3,928139.48,0.00,928139.48
2024-06-05,Net Banking,REFUNDED,1,358354.28,358354.28,0.00
2024-06-05,Net Banking,SUCCESS,9,3585943.97,0.00,3585943.97
2024-06-05,Upi,REFUNDED,3,917578.86,917578.86,0.00
2024-06-05,Upi,SUCCESS,8,1851252.61,0.00,1851252.61
2024-06-05,Wallet,FAILED,3,1399024.05,0.00,1399024.05
2024-06-05,Wallet,REFUNDED,1,218349.42,218349.42,0.00
2024-06-05,Wallet,SUCCESS,7,1920959.30,0.00,1920959.30
2024-06-06,Credit Card,REFUNDED,2,372046.55,372046.55,0.00
2024-06-06,Credit Card,SUCCESS,12,2373892.91,0.00,2373892.91
2024-06-06,Debit Card,FAILED,1,29765.66,0.00,29765.66
2024-06-06,Debit Card,REFUNDED,2,371578.25,371578.25,0.00
2024-06-06,Debit Card,SUCCESS,8,1838484.12,0.00,1838484.12
2024-06-06,Net Banking,FAILED,1,169538.00,0.00,169538.00
2024-06-06,Net Banking,REFUNDED,4,1031032.81,1031032.81,0.00
2024-06-06,Net Banking,SUCCESS,6,1234526.44,0.00,1234526.44
2024-06-06,Upi,FAILED,2,638883.86,0.00,638883.86
2024-06-06,Upi,REFUNDED,1,171576.28,171576.28,0.00
2024-06-06,Upi,SUCCESS,4,1328876.54,0.00,1328876.54
2024-06-06,Wallet,FAILED,2,818959.20,0.00,818959.20
2024-06-06,Wallet,PENDING,2,780395.65,0.00,780395.65
2024-06-06,Wallet,REFUNDED,1,321125.38,321125.38,0.00
2024-06-06,Wallet,SUCCESS,5,956575.65,0.00,956575.65
2024-06-07,Credit Card,REFUNDED,2,424470.91,424470.91,0.00
2024-06-07,Credit Card,SUCCESS,13,2677367.46,0.00,2677367.46
2024-06-07,Debit Card,FAILED,3,742253.35,0.00,742253.35
2024-06-07,Debit Card,SUCCESS,5,1918909.91,0.00,1918909.91
2024-06-07,Net Banking,PENDING,1,227915.59,0.00,227915.59
2024-06-07,Net Banking,REFUNDED,3,469887.66,469887.66,0.00
2024-06-07,Net Banking,SUCCESS,8,2787715.73,0.00,2787715.73
2024-06-07,Upi,REFUNDED,1,113724.64,113724.64,0.00
2024-06-07,Upi,SUCCESS,6,2091102.53,0.00,2091102.53
2024-06-07,Wallet,FAILED,2,285078.15,0.00,285078.15
2024-06-07,Wallet,PENDING,1,49326.02,0.00,49326.02
2024-06-07,Wallet,REFUNDED,2,453126.25,453126.25,0.00
2024-06-07,Wallet,SUCCESS,8,3243546.35,0.00,3243546.35
2024-06-08,Credit Card,FAILED,1,67802.43,0.00,67802.43
2024-06-08,Credit Card,REFUNDED,1,56826.72,56826.72,0.00
2024-06-08,Credit Card,SUCCESS,10,3478703.34,0.00,3478703.34
2024-06-08,Debit Card,FAILED,1,56097.42,0.00,56097.42
2024-06-08,Debit Card,REFUNDED,1,282972.30,282972.30,0.00
2024-06-08,Debit Card,SUCCESS,8,2301274.55,0.00,2301274.55
2024-06-08,Net Banking,FAILED,1,213441.30,0.00,213441.30
2024-06-08,Net Banking,REFUNDED,1,22381.32,22381.32,0.00
2024-06-08,Net Banking,SUCCESS,8,1380910.07,0.00,1380910.07
2024-06-08,Upi,FAILED,1,78348.57,0.00,78348.57
2024-06-08,Upi,PENDING,2,187965.05,0.00,187965.05
2024-06-08,Upi,REFUNDED,2,184521.12,184521.12,0.00
2024-06-08,Upi,SUCCESS,10,2629654.29,0.00,2629654.29
2024-06-08,Wallet,FAILED,2,90507.12,0.00,90507.12
2024-06-08,Wallet,SUCCESS,9,2752947.34,0.00,2752947.34
2024-06-09,Credit Card,FAILED,2,491207.70,0.00,491207.70
2024-06-09,Credit Card,PENDING,1,536127.31,0.00,536127.31
2024-06-09,Credit Card,REFUNDED,2,516292.60,516292.60,0.00
2024-06-09,Credit Card,SUCCESS,10,1750421.68,0.00,1750421.68
2024-06-09,Debit Card,FAILED,2,289752.29,0.00,289752.29
2024-06-09,Debit Card,REFUNDED,2,804743.39,804743.39,0.00
2024-06-09,Debit Card,SUCCESS,6,1038036.76,0.00,1038036.76
2024-06-09,Net Banking,FAILED,3,592283.39,0.00,592283.39
2024-06-09,Net Banking,REFUNDED,4,865379.66,865379.66,0.00
2024-06-09,Net Banking,SUCCESS,11,2770388.12,0.00,2770388.12
2024-06-09,Upi,FAILED,1,586629.86,0.00,586629.86
2024-06-09,Upi,PENDING,2,342672.17,0.00,342672.17
2024-06-09,Upi,REFUNDED,3,420973.95,420973.95,0.00
2024-06-09,Upi,SUCCESS,4,628958.76,0.00,628958.76
2024-06-09,Wallet,FAILED,1,607830.04,0.00,607830.04
2024-06-09,Wallet,PENDING,1,469192.17,0.00,469192.17
2024-06-09,Wallet,REFUNDED,3,798071.59,798071.59,0.00
2024-06-09,Wallet,SUCCESS,13,2891559.29,0.00,2891559.29
2024-06-10,Credit Card,FAILED,2,829757.35,0.00,829757.35
2024-06-10,Credit Card,REFUNDED,2,540183.44,540183.44,0.00
2024-06-10,Credit Card,SUCCESS,9,2744644.83,0.00,2744644.83
2024-06-10,Debit Card,FAILED,1,488568.06,0.00,488568.06
2024-06-10,Debit Card,PENDING,1,230049.15,0.00,230049.15
2024-06-10,Debit Card,REFUNDED,1,3178.48,3178.48,0.00
2024-06-10,Debit Card,SUCCESS,6,1655577.69,0.00,1655577.69
2024-06-10,Net Banking,PENDING,1,68231.23,0.00,68231.23
2024-06-10,Net Banking,REFUNDED,4,442049.90,442049.90,0.00
2024-06-10,Net Banking,SUCCESS,6,3284965.62,0.00,3284965.62
2024-06-10,Upi,FAILED,1,359283.34,0.00,359283.34
2024-06-10,Upi,REFUNDED,3,559787.14,559787.14,0.00
2024-06-10,Upi,SUCCESS,13,3289820.62,0.00,3289820.62
2024-06-10,Wallet,PENDING,1,131927.00,0.00,131927.00
2024-06-10,Wallet,REFUNDED,2,659748.17,659748.17,0.00
2024-06-10,Wallet,SUCCESS,2,493463.57,0.00,493463.57
2024-06-11,Credit Card,FAILED,1,461474.38,0.00,461474.38
2024-06-11,Credit Card,PENDING,1,3698.98,0.00,3698.98
2024-06-11,Credit Card,REFUNDED,2,607222.99,607222.99,0.00
2024-06-11,Credit Card,SUCCESS,12,2714756.53,0.00,2714756.53
2024-06-11,Debit Card,FAILED,1,119861.18,0.00,119861.18
2024-06-11,Debit Card,PENDING,2,406799.17,0.00,406799.17
2024-06-11,Debit Card,SUCCESS,8,1423077.15,0.00,1423077.15
2024-06-11,Net Banking,FAILED,2,466191.21,0.00,466191.21
2024-06-11,Net Banking,REFUNDED,1,149361.86,149361.86,0.00
2024-06-11,Net Banking,SUCCESS,12,3686215.78,0.00,3686215.78
2024-06-11,Upi,PENDING,1,158157.78,0.00,158157.78
2024-06-11,Upi,SUCCESS,9,3601529.60,0.00,3601529.60
2024-06-11,Wallet,FAILED,1,317959.11,0.00,317959.11
2024-06-11,Wallet,REFUNDED,1,394637.67,394637.67,0.00
2024-06-11,Wallet,SUCCESS,10,1848157.86,0.00,1848157.86
2024-06-12,Credit Card,FAILED,3,1158802.02,0.00,1158802.02
2024-06-12,Credit Card,SUCCESS,11,2967955.18,0.00,2967955.18
2024-06-12,Debit Card,FAILED,1,299979.93,0.00,299979.93
2024-06-12,Debit Card,PENDING,1,146285.41,0.00,146285.41
2024-06-12,Debit Card,REFUNDED,3,1178975.57,1178975.57,0.00
2024-06-12,Debit Card,SUCCESS,9,2095266.13,0.00,2095266.13
2024-06-12,Net Banking,FAILED,2,757888.25,0.00,757888.25
2024-06-12,Net Banking,PENDING,1,129461.04,0.00,129461.04
2024-06-12,Net Banking,SUCCESS,8,1467223.16,0.00,1467223.16
2024-06-12,Upi,FAILED,2,529377.92,0.00,529377.92
2024-06-12,Upi,REFUNDED,3,393305.19,393305.19,0.00
2024-06-12,Upi,SUCCESS,3,158961.58,0.00,158961.58
2024-06-12,Wallet,FAILED,1,156104.52,0.00,156104.52
2024-06-12,Wallet,SUCCESS,7,2157950.56,0.00,2157950.56
2024-06-13,Credit Card,PENDING,1,56625.72,0.00,56625.72
2024-06-13,Credit Card,SUCCESS,7,2511814.91,0.00,2511814.91
2024-06-13,Debit Card,FAILED,2,1068194.80,0.00,1068194.80
2024-06-13,Debit Card,PENDING,1,52088.01,0.00,52088.01
2024-06-13,Debit Card,REFUNDED,1,128810.90,128810.90,0.00
2024-06-13,Debit Card,SUCCESS,7,2596765.74,0.00,2596765.74
2024-06-13,Net Banking,FAILED,1,333953.42,0.00,333953.42
2024-06-13,Net Banking,PENDING,1,673666.70,0.00,673666.70
2024-06-13,Net Banking,REFUNDED,2,1191006.89,1191006.89,0.00
2024-06-13,Net Banking,SUCCESS,7,1790740.18,0.00,1790740.18
2024-06-13,Upi,FAILED,1,39318.94,0.00,39318.94
2024-06-13,Upi,PENDING,2,108848.74,0.00,108848.74
2024-06-13,Upi,SUCCESS,3,611225.97,0.00,611225.97
2024-06-13,Wallet,FAILED,2,600943.91,0.00,600943.91
2024-06-13,Wallet,REFUNDED,4,1183518.81,1183518.81,0.00
2024-06-13,Wallet,SUCCESS,7,1835439.30,0.00,1835439.30
2024-06-14,Credit Card,FAILED,2,300859.70,0.00,300859.70
2024-06-14,Credit Card,PENDING,1,181246.32,0.00,181246.32
2024-06-14,Credit Card,REFUNDED,1,59541.84,59541.84,0.00
2024-06-14,Credit Card,SUCCESS,6,2445925.41,0.00,2445925.41
2024-06-14,Debit Card,PENDING,2,318943.32,0.00,318943.32
2024-06-14,Debit Card,REFUNDED,3,694654.12,694654.12,0.00
2024-06-14,Debit Card,SUCCESS,7,2067893.11,0.00,2067893.11
2024-06-14,Net Banking,PENDING,1,34172.53,0.00,34172.53
2024-06-14,Net Banking,REFUNDED,3,888008.94,888008.94,0.00
2024-06-14,Net Banking,SUCCESS,12,3532512.26,0.00,3532512.26
2024-06-14,Upi,FAILED,3,932973.40,0.00,932973.40
2024-06-14,Upi,PENDING,1,65423.43,0.00,65423.43
2024-06-14,Upi,REFUNDED,2,548286.56,548286.56,0.00
2024-06-14,Upi,SUCCESS,11,2848632.77,0.00,2848632.77
2024-06-14,Wallet,FAILED,2,352479.05,0.00,352479.05
2024-06-14,Wallet,REFUNDED,1,269056.13,269056.13,0.00
2024-06-14,Wallet,SUCCESS,2,355732.26,0.00,355732.26
2024-06-15,Credit Card,REFUNDED,3,706113.91,706113.91,0.00
2024-06-15,Credit Card,SUCCESS,7,1934114.41,0.00,1934114.41
2024-06-15,Debit Card,FAILED,2,629719.75,0.00,629719.75
2024-06-15,Debit Card,REFUNDED,2,608268.71,608268.71,0.00
2024-06-15,Debit Card,SUCCESS,8,2633029.28,0.00,2633029.28
2024-06-15,Net Banking,FAILED,2,134803.89,0.00,134803.89
2024-06-15,Net Banking,PENDING,1,199359.42,0.00,199359.42
2024-06-15,Net Banking,REFUNDED,1,79579.11,79579.11,0.00
2024-06-15,Net Banking,SUCCESS,7,1378665.15,0.00,1378665.15
2024-06-15,Upi,FAILED,2,975729.66,0.00,975729.66
2024-06-15,Upi,PENDING,1,228689.88,0.00,228689.88
2024-06-15,Upi,REFUNDED,2,616196.74,616196.74,0.00
2024-06-15,Upi,SUCCESS,11,2958945.90,0.00,2958945.90
2024-06-15,Wallet,FAILED,3,786540.19,0.00,786540.19
2024-06-15,Wallet,REFUNDED,1,438065.13,438065.13,0.00
2024-06-15,Wallet,SUCCESS,8,1633447.90,0.00,1633447.90
2024-06-16,Credit Card,PENDING,1,519110.09,0.00,519110.09
2024-06-16,Credit Card,REFUNDED,3,584266.55,584266.55,0.00
2024-06-16,Credit Card,SUCCESS,8,2598958.67,0.00,2598958.67
2024-06-16,Debit Card,FAILED,3,1263686.96,0.00,1263686.96
2024-06-16,Debit Card,SUCCESS,12,2283769.54,0.00,2283769.54
2024-06-16,Net Banking,FAILED,2,461573.85,0.00,461573.85
2024-06-16,Net Banking,SUCCESS,12,2812471.74,0.00,2812471.74
2024-06-16,Upi,PENDING,1,447893.32,0.00,447893.32
2024-06-16,Upi,REFUNDED,2,441286.42,441286.42,0.00
2024-06-16,Upi,SUCCESS,12,2409900.08,0.00,2409900.08
2024-06-16,Wallet,REFUNDED,1,49822.91,49822.91,0.00
2024-06-16,Wallet,SUCCESS,3,521756.38,0.00,521756.38
2024-06-17,Credit Card,FAILED,2,753923.41,0.00,753923.41
2024-06-17,Credit Card,PENDING,1,48125.68,0.00,48125.68
2024-06-17,Credit Card,REFUNDED,1,269715.82,269715.82,0.00
2024-06-17,Credit Card,SUCCESS,5,2075054.81,0.00,2075054.81
2024-06-17,Debit Card,PENDING,1,349980.54,0.00,349980.54
2024-06-17,Debit Card,REFUNDED,2,303198.78,303198.78,0.00
2024-06-17,Debit Card,SUCCESS,8,1767404.65,0.00,1767404.65
2024-06-17,Net Banking,FAILED,2,432647.81,0.00,432647.81
2024-06-17,Net Banking,SUCCESS,8,1395712.41,0.00,1395712.41
2024-06-17,Upi,FAILED,1,610786.39,0.00,610786.39
2024-06-17,Upi,PENDING,1,155127.83,0.00,155127.83
2024-06-17,Upi,REFUNDED,3,1254963.49,1254963.49,0.00
2024-06-17,Upi,SUCCESS,8,2683423.41,0.00,2683423.41
2024-06-17,Wallet,FAILED,1,217944.88,0.00,217944.88
2024-06-17,Wallet,REFUNDED,3,693464.15,693464.15,0.00
2024-06-17,Wallet,SUCCESS,7,2899357.03,0.00,2899357.03
2024-06-18,Credit Card,FAILED,2,155528.21,0.00,155528.21
2024-06-18,Credit Card,PENDING,1,249461.18,0.00,249461.18
2024-06-18,Credit Card,REFUNDED,2,621423.58,621423.58,0.00
2024-06-18,Credit Card,SUCCESS,9,2890010.35,0.00,2890010.35
2024-06-18,Debit Card,FAILED,3,1046799.03,0.00,1046799.03
2024-06-18,Debit Card,REFUNDED,3,863160.72,863160.72,0.00
2024-06-18,Debit Card,SUCCESS,8,1705929.65,0.00,1705929.65
2024-06-18,Net Banking,FAILED,3,1052698.35,0.00,1052698.35
2024-06-18,Net Banking,PENDING,3,671984.95,0.00,671984.95
2024-06-18,Net Banking,SUCCESS,5,1123386.13,0.00,1123386.13
2024-06-18,Upi,FAILED,4,1356979.21,0.00,1356979.21
2024-06-18,Upi,REFUNDED,3,467608.77,467608.77,0.00
2024-06-18,Upi,SUCCESS,5,1045143.66,0.00,1045143.66
2024-06-18,Wallet,REFUNDED,2,971881.43,971881.43,0.00
2024-06-18,Wallet,SUCCESS,9,2842679.98,0.00,2842679.98
2024-06-19,Credit Card,FAILED,1,304365.21,0.00,304365.21
2024-06-19,Credit Card,SUCCESS,7,1798532.36,0.00,1798532.36
2024-06-19,Debit Card,FAILED,1,567822.90,0.00,567822.90
2024-06-19,Debit Card,PENDING,1,2997.70,0.00,2997.70
2024-06-19,Debit Card,REFUNDED,1,6559.33,6559.33,0.00
2024-06-19,Debit Card,SUCCESS,6,1158666.16,0.00,1158666.16
2024-06-19,Net Banking,FAILED,2,1084553.51,0.00,1084553.51
2024-06-19,Net Banking,PENDING,1,78154.85,0.00,78154.85
2024-06-19,Net Banking,REFUNDED,2,414885.90,414885.90,0.00
2024-06-19,Net Banking,SUCCESS,8,2067737.94,0.00,2067737.94
2024-06-19,Upi,FAILED,2,187420.33,0.00,187420.33
2024-06-19,Upi,PENDING,1,359293.13,0.00,359293.13
2024-06-19,Upi,REFUNDED,3,761961.26,761961.26,0.00
2024-06-19,Upi,SUCCESS,6,1740691.66,0.00,1740691.66
2024-06-19,Wallet,FAILED,1,185074.43,0.00,185074.43
2024-06-19,Wallet,PENDING,1,270560.14,0.00,270560.14
2024-06-19,Wallet,SUCCESS,10,3373859.88,0.00,3373859.88
2024-06-20,Credit Card,FAILED,2,836311.47,0.00,836311.47
2024-06-20,Credit Card,SUCCESS,2,360324.89,0.00,360324.89
2024-06-20,Debit Card,FAILED,2,458137.62,0.00,458137.62
2024-06-20,Debit Card,REFUNDED,2,743603.53,743603.53,0.00
2024-06-20,Debit Card,SUCCESS,11,2513602.14,0.00,2513602.14
2024-06-20,Net Banking,FAILED,1,534073.64,0.00,534073.64
2024-06-20,Net Banking,REFUNDED,3,1093344.03,1093344.03,0.00
2024-06-20,Net Banking,SUCCESS,7,2066427.74,0.00,2066427.74
2024-06-20,Upi,FAILED,1,158376.25,0.00,158376.25
2024-06-20,Upi,REFUNDED,2,646973.27,646973.27,0.00
2024-06-20,Upi,SUCCESS,10,3562259.23,0.00,3562259.23
2024-06-20,Wallet,FAILED,2,472206.64,0.00,472206.64
2024-06-20,Wallet,REFUNDED,1,317442.48,317442.48,0.00
2024-06-20,Wallet,SUCCESS,5,633945.78,0.00,633945.78
2024-06-21,Credit Card,FAILED,1,266027.03,0.00,266027.03
2024-06-21,Credit Card,SUCCESS,7,1456698.25,0.00,1456698.25
2024-06-21,Debit Card,FAILED,4,1267954.58,0.00,1267954.58
2024-06-21,Debit Card,REFUNDED,1,332179.21,332179.21,0.00
2024-06-21,Debit Card,SUCCESS,9,2296196.92,0.00,2296196.92
2024-06-21,Net Banking,PENDING,1,275813.96,0.00,275813.96
2024-06-21,Net Banking,REFUNDED,2,711918.88,711918.88,0.00
2024-06-21,Net Banking,SUCCESS,10,3388641.89,0.00,3388641.89
2024-06-21,Upi,SUCCESS,6,892937.25,0.00,892937.25
2024-06-21,Wallet,FAILED,2,463684.75,0.00,463684.75
2024-06-21,Wallet,REFUNDED,1,596030.21,596030.21,0.00
2024-06-21,Wallet,SUCCESS,11,3265386.23,0.00,3265386.23
2024-06-22,Credit Card,FAILED,1,232155.59,0.00,232155.59
2024-06-22,Credit Card,SUCCESS,5,829427.73,0.00,829427.73
2024-06-22,Debit Card,REFUNDED,2,474362.57,474362.57,0.00
2024-06-22,Debit Card,SUCCESS,7,1590497.56,0.00,1590497.56
2024-06-22,Net Banking,PENDING,1,85128.75,0.00,85128.75
2024-06-22,Net Banking,REFUNDED,3,1303333.89,1303333.89,0.00
2024-06-22,Net Banking,SUCCESS,11,2955880.46,0.00,2955880.46
2024-06-22,Upi,REFUNDED,4,1290633.88,1290633.88,0.00
2024-06-22,Upi,SUCCESS,11,3291653.89,0.00,3291653.89
2024-06-22,Wallet,PENDING,1,311038.42,0.00,311038.42
2024-06-22,Wallet,REFUNDED,1,36680.63,36680.63,0.00
2024-06-22,Wallet,SUCCESS,9,2879695.71,0.00,2879695.71
2024-06-23,Credit Card,PENDING,1,302454.20,0.00,302454.20
2024-06-23,Credit Card,REFUNDED,1,331533.49,331533.49,0.00
2024-06-23,Credit Card,SUCCESS,6,1785611.63,0.00,1785611.63
2024-06-23,Debit Card,PENDING,1,585136.20,0.00,585136.20
2024-06-23,Debit Card,REFUNDED,2,415171.73,415171.73,0.00
2024-06-23,Debit Card,SUCCESS,4,1334243.36,0.00,1334243.36
2024-06-23,Net Banking,FAILED,1,134282.26,0.00,134282.26
2024-06-23,Net Banking,REFUNDED,2,233854.93,233854.93,0.00
2024-06-23,Net Banking,SUCCESS,10,2624624.46,0.00,2624624.46
2024-06-23,Upi,REFUNDED,1,319477.70,319477.70,0.00
2024-06-23,Upi,SUCCESS,5,2344446.08,0.00,2344446.08
2024-06-23,Wallet,FAILED,2,795198.73,0.00,795198.73
2024-06-23,Wallet,REFUNDED,1,46801.60,46801.60,0.00
2024-06-23,Wallet,SUCCESS,8,2095266.09,0.00,2095266.09
2024-06-24,Credit Card,FAILED,2,301831.44,0.00,301831.44
2024-06-24,Credit Card,REFUNDED,2,792674.08,792674.08,0.00
2024-06-24,Credit Card,SUCCESS,5,1418649.60,0.00,1418649.60
2024-06-24,Debit Card,FAILED,1,431912.24,0.00,431912.24
2024-06-24,Debit Card,PENDING,1,192223.84,0.00,192223.84
2024-06-24,Debit Card,REFUNDED,3,682678.72,682678.72,0.00
2024-06-24,Debit Card,SUCCESS,6,1830015.41,0.00,1830015.41
2024-06-24,Net Banking,REFUNDED,2,879781.39,879781.39,0.00
2024-06-24,Net Banking,SUCCESS,6,1213688.31,0.00,1213688.31
2024-06-24,Upi,PENDING,2,498113.52,0.00,498113.52
2024-06-24,Upi,REFUNDED,1,279976.23,279976.23,0.00
2024-06-24,Upi,SUCCESS,4,1271937.63,0.00,1271937.63
2024-06-24,Wallet,PENDING,1,157655.38,0.00,157655.38
2024-06-24,Wallet,REFUNDED,2,294057.13,294057.13,0.00
2024-06-24,Wallet,SUCCESS,7,1285709.41,0.00,1285709.41
2024-06-25,Credit Card,FAILED,3,645238.66,0.00,645238.66
2024-06-25,Credit Card,PENDING,1,560028.87,0.00,560028.87
2024-06-25,Credit Card,REFUNDED,4,1743390.43,1743390.43,0.00
2024-06-25,Credit Card,SUCCESS,10,4052967.58,0.00,4052967.58
2024-06-25,Debit Card,FAILED,2,410327.40,0.00,410327.40
2024-06-25,Debit Card,PENDING,1,68330.37,0.00,68330.37
2024-06-25,Debit Card,REFUNDED,2,710631.28,710631.28,0.00
2024-06-25,Debit Card,SUCCESS,11,3777075.17,0.00,3777075.17
2024-06-25,Net Banking,FAILED,1,358316.93,0.00,358316.93
2024-06-25,Net Banking,PENDING,1,114692.50,0.00,114692.50
2024-06-25,Net Banking,SUCCESS,9,1697426.75,0.00,1697426.75
2024-06-25,Upi,FAILED,1,503196.16,0.00,503196.16
2024-06-25,Upi,PENDING,2,681027.36,0.00,681027.36
2024-06-25,Upi,SUCCESS,11,3443924.36,0.00,3443924.36
2024-06-25,Wallet,FAILED,1,353089.56,0.00,353089.56
2024-06-25,Wallet,REFUNDED,2,607650.53,607650.53,0.00
2024-06-25,Wallet,SUCCESS,7,2111006.33,0.00,2111006.33
2024-06-26,Credit Card,REFUNDED,5,956241.06,956241.06,0.00
2024-06-26,Credit Card,SUCCESS,13,4035196.11,0.00,4035196.11
2024-06-26,Debit Card,FAILED,2,612306.62,0.00,612306.62
2024-06-26,Debit Card,REFUNDED,2,202721.69,202721.69,0.00
2024-06-26,Debit Card,SUCCESS,10,3324092.33,0.00,3324092.33
2024-06-26,Net Banking,FAILED,2,266636.77,0.00,266636.77
2024-06-26,Net Banking,REFUNDED,1,81092.45,81092.45,0.00
2024-06-26,Net Banking,SUCCESS,4,1507244.39,0.00,1507244.39
2024-06-26,Upi,FAILED,2,792612.36,0.00,792612.36
2024-06-26,Upi,PENDING,1,260093.09,0.00,260093.09
2024-06-26,Upi,REFUNDED,2,228819.84,228819.84,0.00
2024-06-26,Upi,SUCCESS,8,2671916.07,0.00,2671916.07
2024-06-26,Wallet,FAILED,1,353418.63,0.00,353418.63
2024-06-26,Wallet,PENDING,1,90841.20,0.00,90841.20
2024-06-26,Wallet,SUCCESS,6,1558365.11,0.00,1558365.11
2024-06-27,Credit Card,FAILED,6,1373389.89,0.00,1373389.89
2024-06-27,Credit Card,REFUNDED,2,790689.48,790689.48,0.00
2024-06-27,Credit Card,SUCCESS,6,1427971.59,0.00,1427971.59
2024-06-27,Debit Card,REFUNDED,2,531476.48,531476.48,0.00
2024-06-27,Debit Card,SUCCESS,8,2705247.06,0.00,2705247.06
2024-06-27,Net Banking,FAILED,1,120625.92,0.00,120625.92
2024-06-27,Net Banking,PENDING,1,494412.61,0.00,494412.61
2024-06-27,Net Banking,REFUNDED,2,342052.40,342052.40,0.00
2024-06-27,Net Banking,SUCCESS,6,2056026.82,0.00,2056026.82
2024-06-27,Upi,REFUNDED,1,224352.69,224352.69,0.00
2024-06-27,Upi,SUCCESS,6,1743787.22,0.00,1743787.22
2024-06-27,Wallet,FAILED,1,397080.25,0.00,397080.25
2024-06-27,Wallet,PENDING,3,306386.87,0.00,306386.87
2024-06-27,Wallet,REFUNDED,2,422294.61,422294.61,0.00
2024-06-27,Wallet,SUCCESS,6,822934.55,0.00,822934.55
2024-06-28,Credit Card,FAILED,1,233942.28,0.00,233942.28
2024-06-28,Credit Card,PENDING,1,4801.16,0.00,4801.16
2024-06-28,Credit Card,SUCCESS,12,3130810.58,0.00,3130810.58
2024-06-28,Debit Card,FAILED,1,210919.13,0.00,210919.13
2024-06-28,Debit Card,PENDING,1,82526.87,0.00,82526.87
2024-06-28,Debit Card,REFUNDED,1,474792.89,474792.89,0.00
2024-06-28,Debit Card,SUCCESS,2,354012.76,0.00,354012.76
2024-06-28,Net Banking,FAILED,4,1076648.03,0.00,1076648.03
2024-06-28,Net Banking,REFUNDED,3,1124096.72,1124096.72,0.00
2024-06-28,Net Banking,SUCCESS,7,2016114.61,0.00,2016114.61
2024-06-28,Upi,FAILED,1,175391.25,0.00,175391.25
2024-06-28,Upi,REFUNDED,1,257423.38,257423.38,0.00
2024-06-28,Upi,SUCCESS,13,2508202.60,0.00,2508202.60
2024-06-28,Wallet,FAILED,2,478096.65,0.00,478096.65
2024-06-28,Wallet,REFUNDED,2,554337.01,554337.01,0.00
2024-06-28,Wallet,SUCCESS,4,1501242.48,0.00,1501242.48
2024-06-29,Credit Card,PENDING,1,360295.81,0.00,360295.81
2024-06-29,Credit Card,REFUNDED,1,98524.86,98524.86,0.00
2024-06-29,Credit Card,SUCCESS,8,2497432.60,0.00,2497432.60
2024-06-29,Debit Card,FAILED,1,411149.83,0.00,411149.83
2024-06-29,Debit Card,REFUNDED,5,1623762.09,1623762.09,0.00
2024-06-29,Debit Card,SUCCESS,7,2056341.57,0.00,2056341.57
2024-06-29,Net Banking,PENDING,1,432763.03,0.00,432763.03
2024-06-29,Net Banking,REFUNDED,1,49492.46,49492.46,0.00
2024-06-29,Net Banking,SUCCESS,10,3078341.43,0.00,3078341.43
2024-06-29,Upi,FAILED,1,310457.89,0.00,310457.89
2024-06-29,Upi,REFUNDED,3,585125.85,585125.85,0.00
2024-06-29,Upi,SUCCESS,6,1786308.77,0.00,1786308.77
2024-06-29,Wallet,FAILED,2,544470.19,0.00,544470.19
2024-06-29,Wallet,PENDING,1,60265.12,0.00,60265.12
2024-06-29,Wallet,SUCCESS,7,2525779.76,0.00,2525779.76
2024-06-30,Credit Card,PENDING,2,731146.16,0.00,731146.16
2024-06-30,Credit Card,REFUNDED,2,506812.09,506812.09,0.00
2024-06-30,Credit Card,SUCCESS,9,2375470.54,0.00,2375470.54
2024-06-30,Debit Card,FAILED,1,212965.53,0.00,212965.53
2024-06-30,Debit Card,REFUNDED,4,1319792.26,1319792.26,0.00
2024-06-30,Debit Card,SUCCESS,7,2283085.47,0.00,2283085.47
2024-06-30,Net Banking,FAILED,1,478379.69,0.00,478379.69
2024-06-30,Net Banking,REFUNDED,2,699942.94,699942.94,0.00
2024-06-30,Net Banking,SUCCESS,5,954740.93,0.00,954740.93
2024-06-30,Upi,FAILED,3,1225233.68,0.00,1225233.68
2024-06-30,Upi,SUCCESS,3,656985.77,0.00,656985.77
2024-06-30,Wallet,FAILED,1,350230.61,0.00,350230.61
2024-06-30,Wallet,REFUNDED,1,264453.12,264453.12,0.00
2024-06-30,Wallet,SUCCESS,7,767115.78,0.00,767115.78
2024-07-01,Credit Card,FAILED,2,813848.23,0.00,813848.23
2024-07-01,Credit Card,REFUNDED,2,523862.20,523862.20,0.00
2024-07-01,Credit Card,SUCCESS,6,903327.58,0.00,903327.58
2024-07-01,Debit Card,FAILED,3,1318844.21,0.00,1318844.21
2024-07-01,Debit Card,PENDING,1,253069.44,0.00,253069.44
2024-07-01,Debit Card,REFUNDED,1,224716.75,224716.75,0.00
2024-07-01,Debit Card,SUCCESS,9,2187349.26,0.00,2187349.26
2024-07-01,Net Banking,REFUNDED,2,468326.83,468326.83,0.00
2024-07-01,Net Banking,SUCCESS,7,1343637.57,0.00,1343637.57
2024-07-01,Upi,FAILED,1,50266.89,0.00,50266.89
2024-07-01,Upi,REFUNDED,1,396343.98,396343.98,0.00
2024-07-01,Upi,SUCCESS,8,2548259.25,0.00,2548259.25
2024-07-01,Wallet,FAILED,2,301918.51,0.00,301918.51
2024-07-01,Wallet,REFUNDED,5,1634300.36,1634300.36,0.00
2024-07-01,Wallet,SUCCESS,12,3675961.39,0.00,3675961.39
2024-07-02,Credit Card,FAILED,1,291565.47,0.00,291565.47
2024-07-02,Credit Card,REFUNDED,4,1371432.96,1371432.96,0.00
2024-07-02,Credit Card,SUCCESS,8,1733708.68,0.00,1733708.68
2024-07-02,Debit Card,FAILED,1,97495.34,0.00,97495.34
2024-07-02,Debit Card,PENDING,1,424778.62,0.00,424778.62
2024-07-02,Debit Card,REFUNDED,1,274258.17,274258.17,0.00
2024-07-02,Debit Card,SUCCESS,6,1555389.03,0.00,1555389.03
2024-07-02,Net Banking,FAILED,2,343739.88,0.00,343739.88
2024-07-02,Net Banking,REFUNDED,1,216376.44,216376.44,0.00
2024-07-02,Net Banking,SUCCESS,3,1043597.72,0.00,1043597.72
2024-07-02,Upi,FAILED,1,147580.84,0.00,147580.84
2024-07-02,Upi,PENDING,1,330014.09,0.00,330014.09
2024-07-02,Upi,REFUNDED,2,534788.43,534788.43,0.00
2024-07-02,Upi,SUCCESS,10,2181595.61,0.00,2181595.61
2024-07-02,Wallet,FAILED,1,203983.92,0.00,203983.92
2024-07-02,Wallet,PENDING,1,268849.75,0.00,268849.75
2024-07-02,Wallet,REFUNDED,3,768776.32,768776.32,0.00
2024-07-02,Wallet,SUCCESS,8,1952882.81,0.00,1952882.81
2024-07-03,Credit Card,FAILED,1,285617.80,0.00,285617.80
2024-07-03,Credit Card,PENDING,1,339477.29,0.00,339477.29
2024-07-03,Credit Card,SUCCESS,10,3140152.05,0.00,3140152.05
2024-07-03,Debit Card,PENDING,1,193981.11,0.00,193981.11
2024-07-03,Debit Card,REFUNDED,1,125661.27,125661.27,0.00
2024-07-03,Debit Card,SUCCESS,9,1413863.61,0.00,1413863.61
2024-07-03,Net Banking,FAILED,2,461231.45,0.00,461231.45
2024-07-03,Net Banking,REFUNDED,2,355752.75,355752.75,0.00
2024-07-03,Net Banking,SUCCESS,8,1929619.07,0.00,1929619.07
2024-07-03,Upi,FAILED,1,418420.02,0.00,418420.02
2024-07-03,Upi,PENDING,1,375762.48,0.00,375762.48
2024-07-03,Upi,REFUNDED,3,721030.91,721030.91,0.00
2024-07-03,Upi,SUCCESS,7,1203147.68,0.00,1203147.68
2024-07-03,Wallet,REFUNDED,2,501794.75,501794.75,0.00
2024-07-03,Wallet,SUCCESS,6,1768849.88,0.00,1768849.88
2024-07-04,Credit Card,PENDING,1,235213.60,0.00,235213.60
2024-07-04,Credit Card,REFUNDED,3,273829.86,273829.86,0.00
2024-07-04,Credit Card,SUCCESS,6,1296899.26,0.00,1296899.26
2024-07-04,Debit Card,FAILED,1,197575.91,0.00,197575.91
2024-07-04,Debit Card,REFUNDED,6,1798117.03,1798117.03,0.00
2024-07-04,Debit Card,SUCCESS,3,359639.46,0.00,359639.46
2024-07-04,Net Banking,REFUNDED,5,1746973.14,1746973.14,0.00
2024-07-04,Net Banking,SUCCESS,8,2497511.12,0.00,2497511.12
2024-07-04,Upi,FAILED,1,24074.32,0.00,24074.32
2024-07-04,Upi,REFUNDED,1,203996.86,203996.86,0.00
2024-07-04,Upi,SUCCESS,7,1344588.25,0.00,1344588.25
2024-07-04,Wallet,PENDING,1,48221.29,0.00,48221.29
2024-07-04,Wallet,REFUNDED,2,560308.86,560308.86,0.00
2024-07-04,Wallet,SUCCESS,9,1896236.01,0.00,1896236.01
2024-07-05,Credit Card,FAILED,2,385542.21,0.00,385542.21
2024-07-05,Credit Card,REFUNDED,1,303354.50,303354.50,0.00
2024-07-05,Credit Card,SUCCESS,8,1730668.52,0.00,1730668.52
2024-07-05,Debit Card,FAILED,1,168831.38,0.00,168831.38
2024-07-05,Debit Card,REFUNDED,2,367338.30,367338.30,0.00
2024-07-05,Debit Card,SUCCESS,5,1644525.92,0.00,1644525.92
2024-07-05,Net Banking,FAILED,2,431437.28,0.00,431437.28
2024-07-05,Net Banking,REFUNDED,3,613168.72,613168.72,0.00
2024-07-05,Net Banking,SUCCESS,13,4291391.42,0.00,4291391.42
2024-07-05,Upi,REFUNDED,1,2795.14,2795.14,0.00
2024-07-05,Upi,SUCCESS,2,545891.04,0.00,545891.04
2024-07-05,Wallet,REFUNDED,2,777518.92,777518.92,0.00
2024-07-05,Wallet,SUCCESS,5,1680521.27,0.00,1680521.27
2024-07-06,Credit Card,SUCCESS,13,4135839.80,0.00,4135839.80
2024-07-06,Debit Card,PENDING,1,176871.33,0.00,176871.33
2024-07-06,Debit Card,REFUNDED,4,1409471.54,1409471.54,0.00
2024-07-06,Debit Card,SUCCESS,8,1831835.75,0.00,1831835.75
2024-07-06,Net Banking,REFUNDED,3,268189.54,268189.54,0.00
2024-07-06,Net Banking,SUCCESS,7,1716942.88,0.00,1716942.88
2024-07-06,Upi,FAILED,2,463078.45,0.00,463078.45
2024-07-06,Upi,REFUNDED,1,181984.62,181984.62,0.00
2024-07-06,Upi,SUCCESS,2,587164.80,0.00,587164.80
2024-07-06,Wallet,FAILED,1,272655.23,0.00,272655.23
2024-07-06,Wallet,REFUNDED,3,657234.69,657234.69,0.00
2024-07-06,Wallet,SUCCESS,9,2444070.51,0.00,2444070.51
2024-07-07,Credit Card,FAILED,1,313137.16,0.00,313137.16
2024-07-07,Credit Card,PENDING,1,154979.33,0.00,154979.33
2024-07-07,Credit Card,REFUNDED,3,608772.78,608772.78,0.00
2024-07-07,Credit Card,SUCCESS,6,1370184.86,0.00,1370184.86
2024-07-07,Debit Card,FAILED,3,477938.15,0.00,477938.15
2024-07-07,Debit Card,REFUNDED,3,758006.73,758006.73,0.00
2024-07-07,Debit Card,SUCCESS,7,1726661.30,0.00,1726661.30
2024-07-07,Net Banking,FAILED,3,1016805.55,0.00,1016805.55
2024-07-07,Net Banking,PENDING,1,329572.20,0.00,329572.20
2024-07-07,Net Banking,SUCCESS,11,1674443.77,0.00,1674443.77
2024-07-07,Upi,PENDING,1,318777.76,0.00,318777.76
2024-07-07,Upi,REFUNDED,2,686747.72,686747.72,0.00
2024-07-07,Upi,SUCCESS,12,3151854.13,0.00,3151854.13
2024-07-07,Wallet,FAILED,1,406229.66,0.00,406229.66
2024-07-07,Wallet,REFUNDED,1,322752.84,322752.84,0.00
2024-07-07,Wallet,SUCCESS,8,1523182.87,0.00,1523182.87
2024-07-08,Credit Card,SUCCESS,12,3887932.76,0.00,3887932.76
2024-07-08,Debit Card,FAILED,1,40268.54,0.00,40268.54
2024-07-08,Debit Card,PENDING,1,259220.41,0.00,259220.41
2024-07-08,Debit Card,SUCCESS,12,3647744.78,0.00,3647744.78
2024-07-08,Net Banking,FAILED,2,800509.59,0.00,800509.59
2024-07-08,Net Banking,REFUNDED,1,70672.34,70672.34,0.00
2024-07-08,Net Banking,SUCCESS,7,1833020.40,0.00,1833020.40
2024-07-08,Upi,PENDING,1,188185.98,0.00,188185.98
2024-07-08,Upi,REFUNDED,3,951567.02,951567.02,0.00
2024-07-08,Upi,SUCCESS,5,931034.10,0.00,931034.10
2024-07-08,Wallet,REFUNDED,4,722795.58,722795.58,0.00
2024-07-08,Wallet,SUCCESS,5,1136479.73,0.00,1136479.73
2024-07-09,Credit Card,FAILED,1,278180.92,0.00,278180.92
2024-07-09,Credit Card,REFUNDED,3,612064.70,612064.70,0.00
2024-07-09,Credit Card,SUCCESS,8,1803934.51,0.00,1803934.51
2024-07-09,Debit Card,FAILED,2,750468.39,0.00,750468.39
2024-07-09,Debit Card,SUCCESS,8,1837791.93,0.00,1837791.93
2024-07-09,Net Banking,FAILED,2,440267.83,0.00,440267.83
2024-07-09,Net Banking,REFUNDED,1,577601.76,577601.76,0.00
2024-07-09,Net Banking,SUCCESS,11,2704025.71,0.00,2704025.71
2024-07-09,Upi,SUCCESS,2,699153.67,0.00,699153.67
2024-07-09,Wallet,FAILED,1,375093.41,0.00,375093.41
2024-07-09,Wallet,REFUNDED,4,526358.49,526358.49,0.00
2024-07-09,Wallet,SUCCESS,7,1837088.94,0.00,1837088.94
2024-07-10,Credit Card,REFUNDED,4,1261988.27,1261988.27,0.00
2024-07-10,Credit Card,SUCCESS,5,1065600.96,0.00,1065600.96
2024-07-10,Debit Card,FAILED,5,1032158.64,0.00,1032158.64
2024-07-10,Debit Card,REFUNDED,1,308032.35,308032.35,0.00
2024-07-10,Debit Card,SUCCESS,6,897541.10,0.00,897541.10
2024-07-10,Net Banking,FAILED,1,148356.76,0.00,148356.76
2024-07-10,Net Banking,REFUNDED,1,317346.42,317346.42,0.00
2024-07-10,Net Banking,SUCCESS,7,2718434.78,0.00,2718434.78
2024-07-10,Upi,FAILED,2,493144.71,0.00,493144.71
2024-07-10,Upi,REFUNDED,2,209364.59,209364.59,0.00
2024-07-10,Upi,SUCCESS,11,2879204.85,0.00,2879204.85
2024-07-10,Wallet,FAILED,2,627858.33,0.00,627858.33
2024-07-10,Wallet,REFUNDED,3,696258.38,696258.38,0.00
2024-07-10,Wallet,SUCCESS,6,1560783.94,0.00,1560783.94
2024-07-11,Credit Card,REFUNDED,2,511857.24,511857.24,0.00
2024-07-11,Credit Card,SUCCESS,9,2577365.71,0.00,2577365.71
2024-07-11,Debit Card,FAILED,3,1195758.27,0.00,1195758.27
2024-07-11,Debit Card,PENDING,2,430153.43,0.00,430153.43
2024-07-11,Debit Card,SUCCESS,7,1945646.70,0.00,1945646.70
2024-07-11,Net Banking,FAILED,1,523279.09,0.00,523279.09
2024-07-11,Net Banking,PENDING,1,143384.99,0.00,143384.99
2024-07-11,Net Banking,REFUNDED,3,1183650.09,1183650.09,0.00
2024-07-11,Net Banking,SUCCESS,7,2071882.31,0.00,2071882.31
2024-07-11,Upi,REFUNDED,2,453172.16,453172.16,0.00
2024-07-11,Upi,SUCCESS,8,2086293.94,0.00,2086293.94
2024-07-11,Wallet,FAILED,1,303231.04,0.00,303231.04
2024-07-11,Wallet,SUCCESS,6,1593615.66,0.00,1593615.66
2024-07-12,Credit Card,FAILED,3,813906.59,0.00,813906.59
2024-07-12,Credit Card,PENDING,2,712297.21,0.00,712297.21
2024-07-12,Credit Card,SUCCESS,2,599194.61,0.00,599194.61
2024-07-12,Debit Card,FAILED,1,574513.82,0.00,574513.82
2024-07-12,Debit Card,PENDING,1,125827.38,0.00,125827.38
2024-07-12,Debit Card,REFUNDED,1,64548.39,64548.39,0.00
2024-07-12,Debit Card,SUCCESS,10,2506395.29,0.00,2506395.29
2024-07-12,Net Banking,PENDING,2,550548.42,0.00,550548.42
2024-07-12,Net Banking,REFUNDED,1,385105.52,385105.52,0.00
2024-07-12,Net Banking,SUCCESS,9,2485583.22,0.00,2485583.22
2024-07-12,Upi,PENDING,2,303413.60,0.00,303413.60
2024-07-12,Upi,SUCCESS,11,1947263.49,0.00,1947263.49
2024-07-12,Wallet,REFUNDED,1,381700.90,381700.90,0.00
2024-07-12,Wallet,SUCCESS,4,1139456.73,0.00,1139456.73
2024-07-13,Credit Card,FAILED,2,756820.06,0.00,756820.06
2024-07-13,Credit Card,SUCCESS,10,2343779.10,0.00,2343779.10
2024-07-13,Debit Card,FAILED,4,1005699.53,0.00,1005699.53
2024-07-13,Debit Card,PENDING,2,920689.08,0.00,920689.08
2024-07-13,Debit Card,REFUNDED,2,569452.44,569452.44,0.00
2024-07-13,Debit Card,SUCCESS,6,2149429.01,0.00,2149429.01
2024-07-13,Net Banking,FAILED,4,548301.69,0.00,548301.69
2024-07-13,Net Banking,REFUNDED,2,715389.15,715389.15,0.00
2024-07-13,Net Banking,SUCCESS,4,1716778.89,0.00,1716778.89
2024-07-13,Upi,FAILED,3,1007567.34,0.00,1007567.34
2024-07-13,Upi,REFUNDED,1,321253.02,321253.02,0.00
2024-07-13,Upi,SUCCESS,8,2026792.49,0.00,2026792.49
2024-07-13,Wallet,FAILED,1,199779.01,0.00,199779.01
2024-07-13,Wallet,REFUNDED,4,960437.43,960437.43,0.00
2024-07-13,Wallet,SUCCESS,5,1997438.17,0.00,1997438.17
2024-07-14,Credit Card,REFUNDED,2,227689.43,227689.43,0.00
2024-07-14,Credit Card,SUCCESS,8,2030497.48,0.00,2030497.48
2024-07-14,Debit Card,REFUNDED,1,58266.55,58266.55,0.00
2024-07-14,Debit Card,SUCCESS,7,2082077.68,0.00,2082077.68
2024-07-14,Net Banking,FAILED,1,508300.75,0.00,508300.75
2024-07-14,Net Banking,REFUNDED,2,275339.50,275339.50,0.00
2024-07-14,Net Banking,SUCCESS,10,3159122.89,0.00,3159122.89
2024-07-14,Upi,REFUNDED,3,322871.91,322871.91,0.00
2024-07-14,Upi,SUCCESS,5,689516.02,0.00,689516.02
2024-07-14,Wallet,FAILED,3,944198.03,0.00,944198.03
2024-07-14,Wallet,PENDING,1,527070.15,0.00,527070.15
2024-07-14,Wallet,SUCCESS,6,1571417.80,0.00,1571417.80
2024-07-15,Credit Card,FAILED,3,1058651.66,0.00,1058651.66
2024-07-15,Credit Card,SUCCESS,8,2195704.04,0.00,2195704.04
2024-07-15,Debit Card,PENDING,1,187037.57,0.00,187037.57
2024-07-15,Debit Card,REFUNDED,4,1184035.41,1184035.41,0.00
2024-07-15,Debit Card,SUCCESS,10,3182285.32,0.00,3182285.32
2024-07-15,Net Banking,FAILED,1,105789.43,0.00,105789.43
2024-07-15,Net Banking,PENDING,1,270758.41,0.00,270758.41
2024-07-15,Net Banking,REFUNDED,2,89891.52,89891.52,0.00
2024-07-15,Net Banking,SUCCESS,4,1131898.81,0.00,1131898.81
2024-07-15,Upi,FAILED,1,272506.72,0.00,272506.72
2024-07-15,Upi,REFUNDED,3,542716.39,542716.39,0.00
2024-07-15,Upi,SUCCESS,7,1230793.04,0.00,1230793.04
2024-07-15,Wallet,FAILED,1,280355.46,0.00,280355.46
2024-07-15,Wallet,PENDING,2,753031.48,0.00,753031.48
2024-07-15,Wallet,REFUNDED,2,377172.79,377172.79,0.00
2024-07-15,Wallet,SUCCESS,3,435587.83,0.00,435587.83
2024-07-16,Credit Card,FAILED,1,298627.74,0.00,298627.74
2024-07-16,Credit Card,PENDING,1,200060.69,0.00,200060.69
2024-07-16,Credit Card,REFUNDED,3,538374.17,538374.17,0.00
2024-07-16,Credit Card,SUCCESS,5,829168.36,0.00,829168.36
2024-07-16,Debit Card,REFUNDED,1,302417.43,302417.43,0.00
2024-07-16,Debit Card,SUCCESS,8,2183562.57,0.00,2183562.57
2024-07-16,Net Banking,SUCCESS,9,2844435.60,0.00,2844435.60
2024-07-16,Upi,FAILED,2,185052.73,0.00,185052.73
2024-07-16,Upi,REFUNDED,5,1196030.88,1196030.88,0.00
2024-07-16,Upi,SUCCESS,12,2842913.71,0.00,2842913.71
2024-07-16,Wallet,FAILED,1,262232.09,0.00,262232.09
2024-07-16,Wallet,REFUNDED,2,569805.49,569805.49,0.00
2024-07-16,Wallet,SUCCESS,6,1410110.29,0.00,1410110.29
2024-07-17,Credit Card,FAILED,1,335832.71,0.00,335832.71
2024-07-17,Credit Card,SUCCESS,8,1604441.65,0.00,1604441.65
2024-07-17,Debit Card,FAILED,3,647515.78,0.00,647515.78
2024-07-17,Debit Card,REFUNDED,2,510881.36,510881.36,0.00
2024-07-17,Debit Card,SUCCESS,8,2732922.60,0.00,2732922.60
2024-07-17,Net Banking,FAILED,3,959867.76,0.00,959867.76
2024-07-17,Net Banking,REFUNDED,3,771167.73,771167.73,0.00
2024-07-17,Net Banking,SUCCESS,7,1476088.21,0.00,1476088.21
2024-07-17,Upi,FAILED,1,216082.78,0.00,216082.78
2024-07-17,Upi,PENDING,1,355896.40,0.00,355896.40
2024-07-17,Upi,REFUNDED,4,1210902.69,1210902.69,0.00
2024-07-17,Upi,SUCCESS,5,651279.20,0.00,651279.20
2024-07-17,Wallet,FAILED,1,134367.14,0.00,134367.14
2024-07-17,Wallet,REFUNDED,1,399682.96,399682.96,0.00
2024-07-17,Wallet,SUCCESS,10,2550843.15,0.00,2550843.15
2024-07-18,Credit Card,PENDING,2,419956.21,0.00,419956.21
2024-07-18,Credit Card,SUCCESS,5,1097988.20,0.00,1097988.20
2024-07-18,Debit Card,FAILED,1,65805.00,0.00,65805.00
2024-07-18,Debit Card,PENDING,1,389898.93,0.00,389898.93
2024-07-18,Debit Card,REFUNDED,4,627921.10,627921.10,0.00
2024-07-18,Debit Card,SUCCESS,9,1815320.78,0.00,1815320.78
2024-07-18,Net Banking,FAILED,3,1405922.74,0.00,1405922.74
2024-07-18,Net Banking,PENDING,1,260943.33,0.00,260943.33
2024-07-18,Net Banking,REFUNDED,1,173814.20,173814.20,0.00
2024-07-18,Net Banking,SUCCESS,2,285999.21,0.00,285999.21
2024-07-18,Upi,FAILED,2,540314.83,0.00,540314.83
2024-07-18,Upi,PENDING,1,186894.30,0.00,186894.30
2024-07-18,Upi,SUCCESS,6,957770.61,0.00,957770.61
2024-07-18,Wallet,REFUNDED,4,1365789.49,1365789.49,0.00
2024-07-18,Wallet,SUCCESS,5,466870.36,0.00,466870.36
2024-07-19,Credit Card,FAILED,1,322612.82,0.00,322612.82
2024-07-19,Credit Card,REFUNDED,3,997094.88,997094.88,0.00
2024-07-19,Credit Card,SUCCESS,11,3148294.11,0.00,3148294.11
2024-07-19,Debit Card,FAILED,2,1199582.63,0.00,1199582.63
2024-07-19,Debit Card,REFUNDED,1,88087.96,88087.96,0.00
2024-07-19,Debit Card,SUCCESS,9,1200867.84,0.00,1200867.84
2024-07-19,Net Banking,REFUNDED,1,251396.43,251396.43,0.00
2024-07-19,Net Banking,SUCCESS,9,2969363.94,0.00,2969363.94
2024-07-19,Upi,PENDING,1,16043.95,0.00,16043.95
2024-07-19,Upi,REFUNDED,2,604478.57,604478.57,0.00
2024-07-19,Upi,SUCCESS,6,1451783.28,0.00,1451783.28
2024-07-19,Wallet,FAILED,3,497738.57,0.00,497738.57
2024-07-19,Wallet,SUCCESS,6,1337855.17,0.00,1337855.17
2024-07-20,Credit Card,FAILED,2,151237.29,0.00,151237.29
2024-07-20,Credit Card,PENDING,1,304076.01,0.00,304076.01
2024-07-20,Credit Card,REFUNDED,4,984025.87,984025.87,0.00
2024-07-20,Credit Card,SUCCESS,12,2234720.26,0.00,2234720.26
2024-07-20,Debit Card,FAILED,2,749980.28,0.00,749980.28
2024-07-20,Debit Card,PENDING,1,224586.03,0.00,224586.03
2024-07-20,Debit Card,REFUNDED,2,456962.96,456962.96,0.00
2024-07-20,Debit Card,SUCCESS,10,3312789.90,0.00,3312789.90
2024-07-20,Net Banking,PENDING,1,296864.75,0.00,296864.75
2024-07-20,Net Banking,SUCCESS,12,3844636.00,0.00,3844636.00
2024-07-20,Upi,FAILED,3,651877.93,0.00,651877.93
2024-07-20,Upi,REFUNDED,3,1026819.29,1026819.29,0.00
2024-07-20,Upi,SUCCESS,6,797673.16,0.00,797673.16
2024-07-20,Wallet,FAILED,3,999716.25,0.00,999716.25
2024-07-20,Wallet,REFUNDED,2,1090167.03,1090167.03,0.00
2024-07-20,Wallet,SUCCESS,5,1723465.00,0.00,1723465.00
2024-07-21,Credit Card,PENDING,1,47657.62,0.00,47657.62
2024-07-21,Credit Card,REFUNDED,1,308395.99,308395.99,0.00
2024-07-21,Credit Card,SUCCESS,5,875138.68,0.00,875138.68
2024-07-21,Debit Card,PENDING,1,319840.42,0.00,319840.42
2024-07-21,Debit Card,REFUNDED,1,146158.97,146158.97,0.00
2024-07-21,Debit Card,SUCCESS,9,1983388.31,0.00,1983388.31
2024-07-21,Net Banking,FAILED,3,1117553.27,0.00,1117553.27
2024-07-21,Net Banking,PENDING,1,211689.84,0.00,211689.84
2024-07-21,Net Banking,REFUNDED,2,952563.89,952563.89,0.00
2024-07-21,Net Banking,SUCCESS,12,3591630.29,0.00,3591630.29
2024-07-21,Upi,PENDING,1,385016.09,0.00,385016.09
2024-07-21,Upi,REFUNDED,1,518139.74,518139.74,0.00
2024-07-21,Upi,SUCCESS,6,2012169.06,0.00,2012169.06
2024-07-21,Wallet,FAILED,1,62242.91,0.00,62242.91
2024-07-21,Wallet,PENDING,1,114791.81,0.00,114791.81
2024-07-21,Wallet,REFUNDED,1,254777.33,254777.33,0.00
2024-07-21,Wallet,SUCCESS,6,1808241.97,0.00,1808241.97
2024-07-22,Credit Card,FAILED,2,464588.73,0.00,464588.73
2024-07-22,Credit Card,REFUNDED,3,234662.35,234662.35,0.00
2024-07-22,Credit Card,SUCCESS,6,990752.74,0.00,990752.74
2024-07-22,Debit Card,FAILED,2,359647.02,0.00,359647.02
2024-07-22,Debit Card,REFUNDED,1,178556.74,178556.74,0.00
2024-07-22,Debit Card,SUCCESS,7,2589445.01,0.00,2589445.01
2024-07-22,Net Banking,FAILED,2,166689.69,0.00,166689.69
2024-07-22,Net Banking,REFUNDED,1,433213.10,433213.10,0.00
2024-07-22,Net Banking,SUCCESS,9,2313395.16,0.00,2313395.16
2024-07-22,Upi,REFUNDED,1,299254.22,299254.22,0.00
2024-07-22,Upi,SUCCESS,8,1918750.04,0.00,1918750.04
2024-07-22,Wallet,FAILED,1,264717.70,0.00,264717.70
2024-07-22,Wallet,REFUNDED,3,654587.11,654587.11,0.00
2024-07-22,Wallet,SUCCESS,8,2799530.74,0.00,2799530.74
2024-07-23,Credit Card,FAILED,2,682095.93,0.00,682095.93
2024-07-23,Credit Card,PENDING,1,311894.24,0.00,311894.24
2024-07-23,Credit Card,REFUNDED,1,694518.99,694518.99,0.00
2024-07-23,Credit Card,SUCCESS,5,1064050.01,0.00,1064050.01
2024-07-23,Debit Card,FAILED,2,952326.79,0.00,952326.79
2024-07-23,Debit Card,REFUNDED,3,439618.15,439618.15,0.00
2024-07-23,Debit Card,SUCCESS,8,1762733.89,0.00,1762733.89
2024-07-23,Net Banking,FAILED,1,319720.80,0.00,319720.80
2024-07-23,Net Banking,REFUNDED,2,273741.00,273741.00,0.00
2024-07-23,Net Banking,SUCCESS,8,1803099.09,0.00,1803099.09
2024-07-23,Upi,FAILED,2,621971.03,0.00,621971.03
2024-07-23,Upi,REFUNDED,4,953187.33,953187.33,0.00
2024-07-23,Upi,SUCCESS,10,2605193.96,0.00,2605193.96
2024-07-23,Wallet,PENDING,1,83616.78,0.00,83616.78
2024-07-23,Wallet,REFUNDED,2,757295.52,757295.52,0.00
2024-07-23,Wallet,SUCCESS,5,706359.70,0.00,706359.70
2024-07-24,Credit Card,FAILED,3,586778.51,0.00,586778.51
2024-07-24,Credit Card,PENDING,1,358035.32,0.00,358035.32
2024-07-24,Credit Card,REFUNDED,1,227853.17,227853.17,0.00
2024-07-24,Credit Card,SUCCESS,8,2402592.55,0.00,2402592.55
2024-07-24,Debit Card,PENDING,1,64910.37,0.00,64910.37
2024-07-24,Debit Card,REFUNDED,3,658658.20,658658.20,0.00
2024-07-24,Debit Card,SUCCESS,10,1971746.03,0.00,1971746.03
2024-07-24,Net Banking,FAILED,2,460676.44,0.00,460676.44
2024-07-24,Net Banking,PENDING,1,99879.56,0.00,99879.56
2024-07-24,Net Banking,REFUNDED,3,718533.22,718533.22,0.00
2024-07-24,Net Banking,SUCCESS,5,1361951.80,0.00,1361951.80
2024-07-24,Upi,PENDING,2,498946.84,0.00,498946.84
2024-07-24,Upi,SUCCESS,10,3388008.99,0.00,3388008.99
2024-07-24,Wallet,FAILED,1,200895.88,0.00,200895.88
2024-07-24,Wallet,REFUNDED,1,63573.63,63573.63,0.00
2024-07-24,Wallet,SUCCESS,5,1144837.19,0.00,1144837.19
2024-07-25,Credit Card,FAILED,1,140998.76,0.00,140998.76
2024-07-25,Credit Card,REFUNDED,1,57035.61,57035.61,0.00
2024-07-25,Credit Card,SUCCESS,11,3338302.91,0.00,3338302.91
2024-07-25,Debit Card,FAILED,1,386231.46,0.00,386231.46
2024-07-25,Debit Card,REFUNDED,1,296553.20,296553.20,0.00
2024-07-25,Debit Card,SUCCESS,3,689590.49,0.00,689590.49
2024-07-25,Net Banking,REFUNDED,2,800861.11,800861.11,0.00
2024-07-25,Net Banking,SUCCESS,9,2676064.54,0.00,2676064.54
2024-07-25,Upi,FAILED,2,338059.84,0.00,338059.84
2024-07-25,Upi,REFUNDED,1,147741.02,147741.02,0.00
2024-07-25,Upi,SUCCESS,5,1358540.86,0.00,1358540.86
2024-07-25,Wallet,FAILED,3,761368.55,0.00,761368.55
2024-07-25,Wallet,PENDING,1,148607.61,0.00,148607.61
2024-07-25,Wallet,REFUNDED,1,533886.29,533886.29,0.00
2024-07-25,Wallet,SUCCESS,5,1217558.18,0.00,1217558.18
2024-07-26,Credit Card,SUCCESS,12,3088311.56,0.00,3088311.56
2024-07-26,Debit Card,FAILED,1,247602.49,0.00,247602.49
2024-07-26,Debit Card,PENDING,1,74760.46,0.00,74760.46
2024-07-26,Debit Card,REFUNDED,3,320824.63,320824.63,0.00
2024-07-26,Debit Card,SUCCESS,9,2449060.21,0.00,2449060.21
2024-07-26,Net Banking,FAILED,3,705352.90,0.00,705352.90
2024-07-26,Net Banking,PENDING,1,252991.85,0.00,252991.85
2024-07-26,Net Banking,REFUNDED,1,367753.65,367753.65,0.00
2024-07-26,Net Banking,SUCCESS,6,1548937.11,0.00,1548937.11
2024-07-26,Upi,FAILED,4,1205845.12,0.00,1205845.12
2024-07-26,Upi,PENDING,3,827149.24,0.00,827149.24
2024-07-26,Upi,REFUNDED,3,752209.46,752209.46,0.00
2024-07-26,Upi,SUCCESS,7,1441627.19,0.00,1441627.19
2024-07-26,Wallet,FAILED,1,468921.56,0.00,468921.56
2024-07-26,Wallet,PENDING,1,277084.66,0.00,277084.66
2024-07-26,Wallet,SUCCESS,7,1292708.08,0.00,1292708.08
2024-07-27,Credit Card,REFUNDED,5,696142.45,696142.45,0.00
2024-07-27,Credit Card,SUCCESS,5,1678601.90,0.00,1678601.90
2024-07-27,Debit Card,FAILED,3,388470.85,0.00,388470.85
2024-07-27,Debit Card,REFUNDED,3,1585237.57,1585237.57,0.00
2024-07-27,Debit Card,SUCCESS,7,1864964.30,0.00,1864964.30
2024-07-27,Net Banking,FAILED,1,233566.68,0.00,233566.68
2024-07-27,Net Banking,REFUNDED,3,1135717.63,1135717.63,0.00
2024-07-27,Net Banking,SUCCESS,5,1437781.49,0.00,1437781.49
2024-07-27,Upi,FAILED,2,535527.10,0.00,535527.10
2024-07-27,Upi,REFUNDED,2,476839.19,476839.19,0.00
2024-07-27,Upi,SUCCESS,11,3104777.70,0.00,3104777.70
2024-07-27,Wallet,REFUNDED,5,1640091.07,1640091.07,0.00
2024-07-27,Wallet,SUCCESS,9,2782791.78,0.00,2782791.78
2024-07-28,Credit Card,FAILED,1,374899.44,0.00,374899.44
2024-07-28,Credit Card,PENDING,1,471467.80,0.00,471467.80
2024-07-28,Credit Card,REFUNDED,4,1260917.68,1260917.68,0.00
2024-07-28,Credit Card,SUCCESS,9,2016546.55,0.00,2016546.55
2024-07-28,Debit Card,PENDING,2,538329.63,0.00,538329.63
2024-07-28,Debit Card,REFUNDED,1,72775.22,72775.22,0.00
2024-07-28,Debit Card,SUCCESS,6,986340.03,0.00,986340.03
2024-07-28,Net Banking,FAILED,3,894961.42,0.00,894961.42
2024-07-28,Net Banking,PENDING,1,250057.00,0.00,250057.00
2024-07-28,Net Banking,REFUNDED,1,216955.69,216955.69,0.00
2024-07-28,Net Banking,SUCCESS,10,3104288.88,0.00,3104288.88
2024-07-28,Upi,FAILED,2,313627.75,0.00,313627.75
2024-07-28,Upi,REFUNDED,1,165098.27,165098.27,0.00
2024-07-28,Upi,SUCCESS,7,1612425.07,0.00,1612425.07
2024-07-28,Wallet,PENDING,1,435066.15,0.00,435066.15
2024-07-28,Wallet,REFUNDED,1,354425.26,354425.26,0.00
2024-07-28,Wallet,SUCCESS,2,600196.25,0.00,600196.25
2024-07-29,Credit Card,FAILED,1,120725.41,0.00,120725.41
2024-07-29,Credit Card,REFUNDED,3,444456.65,444456.65,0.00
2024-07-29,Credit Card,SUCCESS,5,740219.00,0.00,740219.00
2024-07-29,Debit Card,SUCCESS,13,2781851.58,0.00,2781851.58
2024-07-29,Net Banking,FAILED,1,59108.52,0.00,59108.52
2024-07-29,Net Banking,REFUNDED,4,1105269.34,1105269.34,0.00
2024-07-29,Net Banking,SUCCESS,8,1470398.79,0.00,1470398.79
2024-07-29,Upi,FAILED,1,393122.30,0.00,393122.30
2024-07-29,Upi,PENDING,1,113414.89,0.00,113414.89
2024-07-29,Upi,SUCCESS,9,2320091.20,0.00,2320091.20
2024-07-29,Wallet,REFUNDED,1,119493.75,119493.75,0.00
2024-07-29,Wallet,SUCCESS,4,1326820.42,0.00,1326820.42
2024-07-30,Credit Card,REFUNDED,1,371064.02,371064.02,0.00
2024-07-30,Credit Card,SUCCESS,6,1527993.72,0.00,1527993.72
2024-07-30,Debit Card,FAILED,3,792446.74,0.00,792446.74
2024-07-30,Debit Card,PENDING,1,456956.70,0.00,456956.70
2024-07-30,Debit Card,SUCCESS,3,1290125.47,0.00,1290125.47
2024-07-30,Net Banking,FAILED,3,734074.43,0.00,734074.43
2024-07-30,Net Banking,REFUNDED,2,452332.55,452332.55,0.00
2024-07-30,Net Banking,SUCCESS,5,957240.45,0.00,957240.45
2024-07-30,Upi,FAILED,2,186910.15,0.00,186910.15
2024-07-30,Upi,REFUNDED,2,305790.30,305790.30,0.00
2024-07-30,Upi,SUCCESS,11,3746263.93,0.00,3746263.93
2024-07-30,Wallet,SUCCESS,8,1050176.05,0.00,1050176.05
2024-07-31,Credit Card,FAILED,1,307853.17,0.00,307853.17
2024-07-31,Credit Card,REFUNDED,2,269279.75,269279.75,0.00
2024-07-31,Credit Card,SUCCESS,8,2270985.28,0.00,2270985.28
2024-07-31,Debit Card,PENDING,1,56304.27,0.00,56304.27
2024-07-31,Debit Card,REFUNDED,2,381478.92,381478.92,0.00
2024-07-31,Debit Card,SUCCESS,2,349089.77,0.00,349089.77
2024-07-31,Net Banking,FAILED,2,127508.02,0.00,127508.02
2024-07-31,Net Banking,REFUNDED,3,379182.90,379182.90,0.00
2024-07-31,Net Banking,SUCCESS,8,2368207.25,0.00,2368207.25
2024-07-31,Upi,FAILED,1,154817.89,0.00,154817.89
2024-07-31,Upi,PENDING,2,375627.01,0.00,375627.01
2024-07-31,Upi,REFUNDED,1,525482.86,525482.86,0.00
2024-07-31,Upi,SUCCESS,8,2124783.83,0.00,2124783.83
2024-07-31,Wallet,PENDING,1,748328.90,0.00,748328.90
2024-07-31,Wallet,REFUNDED,1,805165.16,805165.16,0.00
2024-07-31,Wallet,SUCCESS,4,1123335.81,0.00,1123335.81
2024-08-01,Credit Card,REFUNDED,1,156107.92,156107.92,0.00
2024-08-01,Credit Card,SUCCESS,8,1385364.46,0.00,1385364.46
2024-08-01,Debit Card,PENDING,1,356755.69,0.00,356755.69
2024-08-01,Debit Card,REFUNDED,3,859129.01,859129.01,0.00
2024-08-01,Debit Card,SUCCESS,15,3064478.34,0.00,3064478.34
2024-08-01,Net Banking,FAILED,1,159639.64,0.00,159639.64
2024-08-01,Net Banking,PENDING,2,402846.04,0.00,402846.04
2024-08-01,Net Banking,REFUNDED,1,70447.64,70447.64,0.00
2024-08-01,Net Banking,SUCCESS,5,1041749.93,0.00,1041749.93
2024-08-01,Upi,FAILED,2,86452.52,0.00,86452.52
2024-08-01,Upi,REFUNDED,1,38963.19,38963.19,0.00
2024-08-01,Upi,SUCCESS,5,1896254.91,0.00,1896254.91
2024-08-01,Wallet,FAILED,1,430613.28,0.00,430613.28
2024-08-01,Wallet,SUCCESS,13,3259187.31,0.00,3259187.31
2024-08-02,Credit Card,PENDING,1,349582.86,0.00,349582.86
2024-08-02,Credit Card,REFUNDED,4,925618.55,925618.55,0.00
2024-08-02,Credit Card,SUCCESS,9,1993316.45,0.00,1993316.45
2024-08-02,Debit Card,FAILED,1,193632.60,0.00,193632.60
2024-08-02,Debit Card,PENDING,1,230420.96,0.00,230420.96
2024-08-02,Debit Card,REFUNDED,2,733138.14,733138.14,0.00
2024-08-02,Debit Card,SUCCESS,2,460414.99,0.00,460414.99
2024-08-02,Net Banking,FAILED,1,37419.96,0.00,37419.96
2024-08-02,Net Banking,PENDING,1,550012.81,0.00,550012.81
2024-08-02,Net Banking,SUCCESS,6,558056.48,0.00,558056.48
2024-08-02,Upi,FAILED,1,166772.98,0.00,166772.98
2024-08-02,Upi,REFUNDED,2,158957.00,158957.00,0.00
2024-08-02,Upi,SUCCESS,10,2174297.19,0.00,2174297.19
2024-08-02,Wallet,FAILED,2,673379.31,0.00,673379.31
2024-08-02,Wallet,SUCCESS,6,1692319.83,0.00,1692319.83
2024-08-03,Credit Card,REFUNDED,1,232062.48,232062.48,0.00
2024-08-03,Credit Card,SUCCESS,10,2518797.02,0.00,2518797.02
2024-08-03,Debit Card,PENDING,2,277632.49,0.00,277632.49
2024-08-03,Debit Card,REFUNDED,1,12329.94,12329.94,0.00
2024-08-03,Debit Card,SUCCESS,7,2057656.56,0.00,2057656.56
2024-08-03,Net Banking,SUCCESS,8,2646293.72,0.00,2646293.72
2024-08-03,Upi,FAILED,2,177785.42,0.00,177785.42
2024-08-03,Upi,PENDING,1,295936.52,0.00,295936.52
2024-08-03,Upi,REFUNDED,2,499122.24,499122.24,0.00
2024-08-03,Upi,SUCCESS,6,1398384.31,0.00,1398384.31
2024-08-03,Wallet,FAILED,1,775167.64,0.00,775167.64
2024-08-03,Wallet,REFUNDED,4,1639374.07,1639374.07,0.00
2024-08-03,Wallet,SUCCESS,8,2447838.18,0.00,2447838.18
2024-08-04,Credit Card,FAILED,4,1741138.91,0.00,1741138.91
2024-08-04,Credit Card,REFUNDED,2,890948.93,890948.93,0.00
2024-08-04,Credit Card,SUCCESS,6,2027973.51,0.00,2027973.51
2024-08-04,Debit Card,FAILED,4,2033498.14,0.00,2033498.14
2024-08-04,Debit Card,PENDING,1,38665.73,0.00,38665.73
2024-08-04,Debit Card,REFUNDED,3,911519.15,911519.15,0.00
2024-08-04,Debit Card,SUCCESS,7,1382733.89,0.00,1382733.89
2024-08-04,Net Banking,PENDING,1,277906.10,0.00,277906.10
2024-08-04,Net Banking,REFUNDED,1,104891.44,104891.44,0.00
2024-08-04,Net Banking,SUCCESS,6,1157264.97,0.00,1157264.97
2024-08-04,Upi,FAILED,2,504151.90,0.00,504151.90
2024-08-04,Upi,REFUNDED,2,307400.58,307400.58,0.00
2024-08-04,Upi,SUCCESS,6,1706997.60,0.00,1706997.60
2024-08-04,Wallet,FAILED,1,109450.87,0.00,109450.87
2024-08-04,Wallet,REFUNDED,2,578392.30,578392.30,0.00
2024-08-04,Wallet,SUCCESS,12,3662860.25,0.00,3662860.25
2024-08-05,Credit Card,FAILED,1,12851.55,0.00,12851.55
2024-08-05,Credit Card,REFUNDED,1,140383.36,140383.36,0.00
2024-08-05,Credit Card,SUCCESS,5,1709293.14,0.00,1709293.14
2024-08-05,Debit Card,FAILED,1,303454.87,0.00,303454.87
2024-08-05,Debit Card,PENDING,2,244422.20,0.00,244422.20
2024-08-05,Debit Card,REFUNDED,3,908288.08,908288.08,0.00
2024-08-05,Debit Card,SUCCESS,4,1644289.13,0.00,1644289.13
2024-08-05,Net Banking,REFUNDED,2,101637.33,101637.33,0.00
2024-08-05,Net Banking,SUCCESS,12,2857493.02,0.00,2857493.02
2024-08-05,Upi,FAILED,1,157731.67,0.00,157731.67
2024-08-05,Upi,PENDING,1,483576.80,0.00,483576.80
2024-08-05,Upi,REFUNDED,4,1903917.41,1903917.41,0.00
2024-08-05,Upi,SUCCESS,9,2145653.55,0.00,2145653.55
2024-08-05,Wallet,FAILED,4,930012.18,0.00,930012.18
2024-08-05,Wallet,REFUNDED,2,435029.85,435029.85,0.00
2024-08-05,Wallet,SUCCESS,2,433074.92,0.00,433074.92
2024-08-06,Credit Card,FAILED,1,268577.19,0.00,268577.19
2024-08-06,Credit Card,REFUNDED,1,310423.89,310423.89,0.00
2024-08-06,Credit Card,SUCCESS,8,1922183.12,0.00,1922183.12
2024-08-06,Debit Card,REFUNDED,2,678920.64,678920.64,0.00
2024-08-06,Debit Card,SUCCESS,12,3155197.78,0.00,3155197.78
2024-08-06,Net Banking,PENDING,1,660847.20,0.00,660847.20
2024-08-06,Net Banking,REFUNDED,2,534740.67,534740.67,0.00
2024-08-06,Net Banking,SUCCESS,8,1718893.20,0.00,1718893.20
2024-08-06,Upi,FAILED,4,922775.37,0.00,922775.37
2024-08-06,Upi,PENDING,1,288773.26,0.00,288773.26
2024-08-06,Upi,REFUNDED,1,166963.88,166963.88,0.00
2024-08-06,Upi,SUCCESS,4,1666955.47,0.00,1666955.47
2024-08-06,Wallet,REFUNDED,1,414676.63,414676.63,0.00
2024-08-06,Wallet,SUCCESS,7,1884854.78,0.00,1884854.78
2024-08-07,Credit Card,FAILED,1,267880.01,0.00,267880.01
2024-08-07,Credit Card,REFUNDED,1,96407.58,96407.58,0.00
2024-08-07,Credit Card,SUCCESS,7,1975296.10,0.00,1975296.10
2024-08-07,Debit Card,FAILED,2,757873.99,0.00,757873.99
2024-08-07,Debit Card,PENDING,2,191616.72,0.00,191616.72
2024-08-07,Debit Card,REFUNDED,2,1259826.83,1259826.83,0.00
2024-08-07,Debit Card,SUCCESS,6,1642799.55,0.00,1642799.55
2024-08-07,Net Banking,FAILED,2,111941.46,0.00,111941.46
2024-08-07,Net Banking,REFUNDED,1,306741.68,306741.68,0.00
2024-08-07,Net Banking,SUCCESS,6,1288828.04,0.00,1288828.04
2024-08-07,Upi,PENDING,1,123400.99,0.00,123400.99
2024-08-07,Upi,REFUNDED,2,637102.80,637102.80,0.00
2024-08-07,Upi,SUCCESS,5,2386702.83,0.00,2386702.83
2024-08-07,Wallet,REFUNDED,5,1323800.57,1323800.57,0.00
2024-08-07,Wallet,SUCCESS,4,1927909.92,0.00,1927909.92
2024-08-08,Credit Card,FAILED,2,363927.34,0.00,363927.34
2024-08-08,Credit Card,REFUNDED,3,1043842.34,1043842.34,0.00
2024-08-08,Credit Card,SUCCESS,4,1415252.14,0.00,1415252.14
2024-08-08,Debit Card,FAILED,2,119889.34,0.00,119889.34
2024-08-08,Debit Card,PENDING,1,55280.77,0.00,55280.77
2024-08-08,Debit Card,REFUNDED,2,198321.77,198321.77,0.00
2024-08-08,Debit Card,SUCCESS,8,2294631.25,0.00,2294631.25
2024-08-08,Net Banking,FAILED,1,221291.89,0.00,221291.89
2024-08-08,Net Banking,REFUNDED,1,529965.46,529965.46,0.00
2024-08-08,Net Banking,SUCCESS,8,2029424.78,0.00,2029424.78
2024-08-08,Upi,REFUNDED,2,344370.84,344370.84,0.00
2024-08-08,Upi,SUCCESS,8,1936458.58,0.00,1936458.58
2024-08-08,Wallet,REFUNDED,4,1389164.45,1389164.45,0.00
2024-08-08,Wallet,SUCCESS,14,3191143.69,0.00,3191143.69
2024-08-09,Credit Card,REFUNDED,1,222513.86,222513.86,0.00
2024-08-09,Credit Card,SUCCESS,10,2535909.24,0.00,2535909.24
2024-08-09,Debit Card,FAILED,2,601771.65,0.00,601771.65
2024-08-09,Debit Card,PENDING,1,51255.24,0.00,51255.24
2024-08-09,Debit Card,REFUNDED,3,480310.42,480310.42,0.00
2024-08-09,Debit Card,SUCCESS,9,2267327.33,0.00,2267327.33
2024-08-09,Net Banking,SUCCESS,7,1665270.12,0.00,1665270.12
2024-08-09,Upi,FAILED,1,271435.18,0.00,271435.18
2024-08-09,Upi,REFUNDED,3,1254633.50,1254633.50,0.00
2024-08-09,Upi,SUCCESS,13,4824075.45,0.00,4824075.45
2024-08-09,Wallet,REFUNDED,4,944907.11,944907.11,0.00
2024-08-09,Wallet,SUCCESS,7,2530426.30,0.00,2530426.30
2024-08-10,Credit Card,REFUNDED,1,163152.89,163152.89,0.00
2024-08-10,Credit Card,SUCCESS,3,1110605.74,0.00,1110605.74
2024-08-10,Debit Card,FAILED,1,643957.59,0.00,643957.59
2024-08-10,Debit Card,REFUNDED,1,99893.55,99893.55,0.00
2024-08-10,Debit Card,SUCCESS,5,1879640.01,0.00,1879640.01
2024-08-10,Net Banking,FAILED,3,540606.41,0.00,540606.41
2024-08-10,Net Banking,SUCCESS,5,1249744.38,0.00,1249744.38
2024-08-10,Upi,FAILED,1,440207.79,0.00,440207.79
2024-08-10,Upi,REFUNDED,1,133601.79,133601.79,0.00
2024-08-10,Upi,SUCCESS,6,1654487.00,0.00,1654487.00
2024-08-10,Wallet,FAILED,5,1644539.75,0.00,1644539.75
2024-08-10,Wallet,REFUNDED,2,518365.22,518365.22,0.00
2024-08-10,Wallet,SUCCESS,13,3326864.57,0.00,3326864.57
2024-08-11,Credit Card,REFUNDED,1,93930.78,93930.78,0.00
2024-08-11,Credit Card,SUCCESS,6,1159282.57,0.00,1159282.57
2024-08-11,Debit Card,FAILED,3,578089.99,0.00,578089.99
2024-08-11,Debit Card,REFUNDED,1,451282.04,451282.04,0.00
2024-08-11,Debit Card,SUCCESS,10,2676201.36,0.00,2676201.36
2024-08-11,Net Banking,SUCCESS,11,2996404.90,0.00,2996404.90
2024-08-11,Upi,FAILED,1,87468.72,0.00,87468.72
2024-08-11,Upi,REFUNDED,1,645820.52,645820.52,0.00
2024-08-11,Upi,SUCCESS,15,3407631.33,0.00,3407631.33
2024-08-11,Wallet,FAILED,1,7991.20,0.00,7991.20
2024-08-11,Wallet,REFUNDED,3,862963.75,862963.75,0.00
2024-08-11,Wallet,SUCCESS,3,253264.64,0.00,253264.64
2024-08-12,Credit Card,REFUNDED,1,146863.81,146863.81,0.00
2024-08-12,Credit Card,SUCCESS,6,1667420.94,0.00,1667420.94
2024-08-12,Debit Card,FAILED,1,460008.39,0.00,460008.39
2024-08-12,Debit Card,REFUNDED,2,423579.34,423579.34,0.00
2024-08-12,Debit Card,SUCCESS,5,725948.44,0.00,725948.44
2024-08-12,Net Banking,FAILED,1,37229.58,0.00,37229.58
2024-08-12,Net Banking,REFUNDED,3,903875.78,903875.78,0.00
2024-08-12,Net Banking,SUCCESS,9,2475877.21,0.00,2475877.21
2024-08-12,Upi,FAILED,1,265672.41,0.00,265672.41
2024-08-12,Upi,PENDING,1,70595.40,0.00,70595.40
2024-08-12,Upi,REFUNDED,3,937328.25,937328.25,0.00
2024-08-12,Upi,SUCCESS,5,1208716.27,0.00,1208716.27
2024-08-12,Wallet,FAILED,1,265514.28,0.00,265514.28
2024-08-12,Wallet,REFUNDED,3,1296131.69,1296131.69,0.00
2024-08-12,Wallet,SUCCESS,14,4237121.05,0.00,4237121.05
2024-08-13,Credit Card,FAILED,1,650069.82,0.00,650069.82
2024-08-13,Credit Card,PENDING,1,371310.42,0.00,371310.42
2024-08-13,Credit Card,SUCCESS,7,1991044.42,0.00,1991044.42
2024-08-13,Debit Card,FAILED,2,381983.15,0.00,381983.15
2024-08-13,Debit Card,REFUNDED,2,618636.71,618636.71,0.00
2024-08-13,Debit Card,SUCCESS,6,1884831.42,0.00,1884831.42
2024-08-13,Net Banking,FAILED,2,244439.51,0.00,244439.51
2024-08-13,Net Banking,PENDING,1,337021.97,0.00,337021.97
2024-08-13,Net Banking,REFUNDED,2,343986.30,343986.30,0.00
2024-08-13,Net Banking,SUCCESS,11,2742615.53,0.00,2742615.53
2024-08-13,Upi,FAILED,1,456169.70,0.00,456169.70
2024-08-13,Upi,REFUNDED,3,677405.48,677405.48,0.00
2024-08-13,Upi,SUCCESS,12,3114435.59,0.00,3114435.59
2024-08-13,Wallet,PENDING,1,496707.76,0.00,496707.76
2024-08-13,Wallet,REFUNDED,1,352266.68,352266.68,0.00
2024-08-13,Wallet,SUCCESS,6,1335485.83,0.00,1335485.83
2024-08-14,Credit Card,FAILED,1,531790.85,0.00,531790.85
2024-08-14,Credit Card,PENDING,2,328117.85,0.00,328117.85
2024-08-14,Credit Card,SUCCESS,8,2245649.72,0.00,2245649.72
2024-08-14,Debit Card,FAILED,1,537117.93,0.00,537117.93
2024-08-14,Debit Card,REFUNDED,2,265215.84,265215.84,0.00
2024-08-14,Debit Card,SUCCESS,14,4268099.36,0.00,4268099.36
2024-08-14,Net Banking,FAILED,2,389886.94,0.00,389886.94
2024-08-14,Net Banking,PENDING,1,384888.20,0.00,384888.20
2024-08-14,Net Banking,REFUNDED,1,506679.72,506679.72,0.00
2024-08-14,Net Banking,SUCCESS,5,1259691.87,0.00,1259691.87
2024-08-14,Upi,REFUNDED,1,44670.30,44670.30,0.00
2024-08-14,Upi,SUCCESS,10,2844393.58,0.00,2844393.58
2024-08-14,Wallet,FAILED,4,1018909.30,0.00,1018909.30
2024-08-14,Wallet,PENDING,1,244726.70,0.00,244726.70
2024-08-14,Wallet,REFUNDED,1,220278.54,220278.54,0.00
2024-08-14,Wallet,SUCCESS,10,2616630.04,0.00,2616630.04
2024-08-15,Credit Card,PENDING,1,601745.47,0.00,601745.47
2024-08-15,Credit Card,REFUNDED,2,65593.48,65593.48,0.00
2024-08-15,Credit Card,SUCCESS,4,1109967.28,0.00,1109967.28
2024-08-15,Debit Card,FAILED,1,109842.68,0.00,109842.68
2024-08-15,Debit Card,REFUNDED,3,1047275.82,1047275.82,0.00
2024-08-15,Debit Card,SUCCESS,4,913177.15,0.00,913177.15
2024-08-15,Net Banking,FAILED,1,639656.19,0.00,639656.19
2024-08-15,Net Banking,SUCCESS,6,1874829.32,0.00,1874829.32
2024-08-15,Upi,FAILED,6,2038285.99,0.00,2038285.99
2024-08-15,Upi,PENDING,1,18028.19,0.00,18028.19
2024-08-15,Upi,SUCCESS,4,2212974.51,0.00,2212974.51
2024-08-15,Wallet,FAILED,2,744396.91,0.00,744396.91
2024-08-15,Wallet,REFUNDED,3,212080.27,212080.27,0.00
2024-08-15,Wallet,SUCCESS,8,2899972.75,0.00,2899972.75
2024-08-16,Credit Card,FAILED,2,287133.08,0.00,287133.08
2024-08-16,Credit Card,PENDING,1,138915.54,0.00,138915.54
2024-08-16,Credit Card,REFUNDED,2,340508.16,340508.16,0.00
2024-08-16,Credit Card,SUCCESS,10,1513546.61,0.00,1513546.61
2024-08-16,Debit Card,FAILED,1,266356.02,0.00,266356.02
2024-08-16,Debit Card,REFUNDED,1,175270.16,175270.16,0.00
2024-08-16,Debit Card,SUCCESS,11,3207466.92,0.00,3207466.92
2024-08-16,Net Banking,PENDING,1,135510.27,0.00,135510.27
2024-08-16,Net Banking,REFUNDED,1,259411.71,259411.71,0.00
2024-08-16,Net Banking,SUCCESS,9,2133624.00,0.00,2133624.00
2024-08-16,Upi,REFUNDED,2,466690.64,466690.64,0.00
2024-08-16,Upi,SUCCESS,14,2796844.22,0.00,2796844.22
2024-08-16,Wallet,FAILED,1,443816.95,0.00,443816.95
2024-08-16,Wallet,REFUNDED,3,375869.98,375869.98,0.00
2024-08-16,Wallet,SUCCESS,9,2678871.82,0.00,2678871.82
2024-08-17,Credit Card,REFUNDED,3,986666.23,986666.23,0.00
2024-08-17,Credit Card,SUCCESS,8,1611404.25,0.00,1611404.25
2024-08-17,Debit Card,FAILED,1,782396.49,0.00,782396.49
2024-08-17,Debit Card,REFUNDED,1,11429.66,11429.66,0.00
2024-08-17,Debit Card,SUCCESS,5,1899386.94,0.00,1899386.94
2024-08-17,Net Banking,FAILED,1,265082.97,0.00,265082.97
2024-08-17,Net Banking,REFUNDED,1,225970.24,225970.24,0.00
2024-08-17,Net Banking,SUCCESS,7,1834811.00,0.00,1834811.00
2024-08-17,Upi,PENDING,1,229304.93,0.00,229304.93
2024-08-17,Upi,REFUNDED,2,258000.34,258000.34,0.00
2024-08-17,Upi,SUCCESS,9,2377889.37,0.00,2377889.37
2024-08-17,Wallet,FAILED,1,299383.79,0.00,299383.79
2024-08-17,Wallet,PENDING,2,757280.51,0.00,757280.51
2024-08-17,Wallet,SUCCESS,9,1741172.21,0.00,1741172.21
2024-08-18,Credit Card,REFUNDED,2,136881.26,136881.26,0.00
2024-08-18,Credit Card,SUCCESS,7,911742.93,0.00,911742.93
2024-08-18,Debit Card,REFUNDED,3,670242.89,670242.89,0.00
2024-08-18,Debit Card,SUCCESS,9,2857126.59,0.00,2857126.59
2024-08-18,Net Banking,FAILED,2,867838.73,0.00,867838.73
2024-08-18,Net Banking,REFUNDED,2,292447.75,292447.75,0.00
2024-08-18,Net Banking,SUCCESS,11,3108954.02,0.00,3108954.02
2024-08-18,Upi,FAILED,1,56810.86,0.00,56810.86
2024-08-18,Upi,REFUNDED,2,166280.90,166280.90,0.00
2024-08-18,Upi,SUCCESS,6,1099110.54,0.00,1099110.54
2024-08-18,Wallet,FAILED,1,133681.46,0.00,133681.46
2024-08-18,Wallet,REFUNDED,2,226097.82,226097.82,0.00
2024-08-18,Wallet,SUCCESS,9,2597729.98,0.00,2597729.98
2024-08-19,Credit Card,FAILED,1,260038.66,0.00,260038.66
2024-08-19,Credit Card,REFUNDED,2,765308.45,765308.45,0.00
2024-08-19,Credit Card,SUCCESS,8,2310221.90,0.00,2310221.90
2024-08-19,Debit Card,REFUNDED,2,505766.02,505766.02,0.00
2024-08-19,Debit Card,SUCCESS,4,1587389.11,0.00,1587389.11
2024-08-19,Net Banking,FAILED,2,131190.31,0.00,131190.31
2024-08-19,Net Banking,SUCCESS,6,2300776.56,0.00,2300776.56
2024-08-19,Upi,REFUNDED,2,471541.00,471541.00,0.00
2024-08-19,Upi,SUCCESS,9,1876113.34,0.00,1876113.34
2024-08-19,Wallet,FAILED,1,64214.53,0.00,64214.53
2024-08-19,Wallet,REFUNDED,2,576877.68,576877.68,0.00
2024-08-19,Wallet,SUCCESS,5,1602541.88,0.00,1602541.88
2024-08-20,Credit Card,FAILED,1,156951.43,0.00,156951.43
2024-08-20,Credit Card,REFUNDED,3,1256397.34,1256397.34,0.00
2024-08-20,Credit Card,SUCCESS,10,2705118.39,0.00,2705118.39
2024-08-20,Debit Card,FAILED,3,748018.14,0.00,748018.14
2024-08-20,Debit Card,SUCCESS,11,3436215.71,0.00,3436215.71
2024-08-20,Net Banking,FAILED,3,1301607.02,0.00,1301607.02
2024-08-20,Net Banking,REFUNDED,2,901962.69,901962.69,0.00
2024-08-20,Net Banking,SUCCESS,5,1485298.34,0.00,1485298.34
2024-08-20,Upi,FAILED,2,470747.58,0.00,470747.58
2024-08-20,Upi,REFUNDED,1,329669.62,329669.62,0.00
2024-08-20,Upi,SUCCESS,8,2027700.24,0.00,2027700.24
2024-08-20,Wallet,FAILED,2,735657.46,0.00,735657.46
2024-08-20,Wallet,REFUNDED,2,672060.18,672060.18,0.00
2024-08-20,Wallet,SUCCESS,7,1890055.80,0.00,1890055.80
2024-08-21,Credit Card,REFUNDED,2,696210.48,696210.48,0.00
2024-08-21,Credit Card,SUCCESS,14,3855586.78,0.00,3855586.78
2024-08-21,Debit Card,REFUNDED,4,1084466.60,1084466.60,0.00
2024-08-21,Debit Card,SUCCESS,11,3886815.09,0.00,3886815.09
2024-08-21,Net Banking,PENDING,1,586470.93,0.00,586470.93
2024-08-21,Net Banking,REFUNDED,1,335964.69,335964.69,0.00
2024-08-21,Net Banking,SUCCESS,7,1965158.23,0.00,1965158.23
2024-08-21,Upi,REFUNDED,1,399560.88,399560.88,0.00
2024-08-21,Upi,SUCCESS,7,1592657.57,0.00,1592657.57
2024-08-21,Wallet,FAILED,4,1411127.48,0.00,1411127.48
2024-08-21,Wallet,SUCCESS,9,2373055.12,0.00,2373055.12
2024-08-22,Credit Card,PENDING,1,329321.40,0.00,329321.40
2024-08-22,Credit Card,REFUNDED,2,555099.06,555099.06,0.00
2024-08-22,Credit Card,SUCCESS,4,1439783.49,0.00,1439783.49
2024-08-22,Debit Card,REFUNDED,3,1111042.14,1111042.14,0.00
2024-08-22,Debit Card,SUCCESS,8,1652043.58,0.00,1652043.58
2024-08-22,Net Banking,FAILED,1,294666.30,0.00,294666.30
2024-08-22,Net Banking,SUCCESS,9,1671183.34,0.00,1671183.34
2024-08-22,Upi,PENDING,1,169756.87,0.00,169756.87
2024-08-22,Upi,REFUNDED,2,736927.28,736927.28,0.00
2024-08-22,Upi,SUCCESS,7,1804598.68,0.00,1804598.68
2024-08-22,Wallet,FAILED,2,924758.40,0.00,924758.40
2024-08-22,Wallet,REFUNDED,2,437718.21,437718.21,0.00
2024-08-22,Wallet,SUCCESS,10,2976738.03,0.00,2976738.03
2024-08-23,Credit Card,FAILED,1,294044.82,0.00,294044.82
2024-08-23,Credit Card,REFUNDED,2,418433.68,418433.68,0.00
2024-08-23,Credit Card,SUCCESS,8,1754071.38,0.00,1754071.38
2024-08-23,Debit Card,REFUNDED,1,45164.51,45164.51,0.00
2024-08-23,Debit Card,SUCCESS,5,1114682.59,0.00,1114682.59
2024-08-23,Net Banking,FAILED,3,1115598.21,0.00,1115598.21
2024-08-23,Net Banking,PENDING,1,106836.47,0.00,106836.47
2024-08-23,Net Banking,REFUNDED,3,306924.63,306924.63,0.00
2024-08-23,Net Banking,SUCCESS,4,1662887.01,0.00,1662887.01
2024-08-23,Upi,PENDING,1,237268.06,0.00,237268.06
2024-08-23,Upi,SUCCESS,4,1467180.38,0.00,1467180.38
2024-08-23,Wallet,FAILED,1,410871.41,0.00,410871.41
2024-08-23,Wallet,REFUNDED,1,54175.71,54175.71,0.00
2024-08-23,Wallet,SUCCESS,7,1439841.67,0.00,1439841.67
2024-08-24,Credit Card,FAILED,1,92384.40,0.00,92384.40
2024-08-24,Credit Card,SUCCESS,12,2764181.11,0.00,2764181.11
2024-08-24,Debit Card,PENDING,1,76056.95,0.00,76056.95
2024-08-24,Debit Card,REFUNDED,1,346491.88,346491.88,0.00
2024-08-24,Debit Card,SUCCESS,5,788184.44,0.00,788184.44
2024-08-24,Net Banking,FAILED,1,19839.91,0.00,19839.91
2024-08-24,Net Banking,REFUNDED,2,608354.78,608354.78,0.00
2024-08-24,Net Banking,SUCCESS,6,1509703.66,0.00,1509703.66
2024-08-24,Upi,FAILED,3,972762.69,0.00,972762.69
2024-08-24,Upi,REFUNDED,3,954082.87,954082.87,0.00
2024-08-24,Upi,SUCCESS,6,829818.01,0.00,829818.01
2024-08-24,Wallet,FAILED,2,122168.84,0.00,122168.84
2024-08-24,Wallet,SUCCESS,5,1243483.25,0.00,1243483.25
2024-08-25,Credit Card,FAILED,1,94787.92,0.00,94787.92
2024-08-25,Credit Card,REFUNDED,1,58861.85,58861.85,0.00
2024-08-25,Credit Card,SUCCESS,7,1741052.86,0.00,1741052.86
2024-08-25,Debit Card,FAILED,1,497361.97,0.00,497361.97
2024-08-25,Debit Card,PENDING,2,408175.75,0.00,408175.75
2024-08-25,Debit Card,REFUNDED,3,548404.05,548404.05,0.00
2024-08-25,Debit Card,SUCCESS,10,1845027.01,0.00,1845027.01
2024-08-25,Net Banking,FAILED,2,588398.38,0.00,588398.38
2024-08-25,Net Banking,SUCCESS,10,2737823.42,0.00,2737823.42
2024-08-25,Upi,FAILED,1,96407.58,0.00,96407.58
2024-08-25,Upi,REFUNDED,3,1372809.97,1372809.97,0.00
2024-08-25,Upi,SUCCESS,8,1637479.56,0.00,1637479.56
2024-08-25,Wallet,PENDING,1,112690.82,0.00,112690.82
2024-08-25,Wallet,REFUNDED,2,546193.32,546193.32,0.00
2024-08-25,Wallet,SUCCESS,3,776183.31,0.00,776183.31
2024-08-26,Credit Card,FAILED,2,141227.99,0.00,141227.99
2024-08-26,Credit Card,REFUNDED,1,84777.17,84777.17,0.00
2024-08-26,Credit Card,SUCCESS,6,2021836.45,0.00,2021836.45
2024-08-26,Debit Card,FAILED,2,979557.13,0.00,979557.13
2024-08-26,Debit Card,PENDING,1,105115.49,0.00,105115.49
2024-08-26,Debit Card,REFUNDED,3,936587.94,936587.94,0.00
2024-08-26,Debit Card,SUCCESS,7,2535693.32,0.00,2535693.32
2024-08-26,Net Banking,REFUNDED,3,999667.68,999667.68,0.00
2024-08-26,Net Banking,SUCCESS,10,2425756.08,0.00,2425756.08
2024-08-26,Upi,FAILED,2,1300651.80,0.00,1300651.80
2024-08-26,Upi,PENDING,1,23330.24,0.00,23330.24
2024-08-26,Upi,REFUNDED,4,958443.09,958443.09,0.00
2024-08-26,Upi,SUCCESS,4,871609.16,0.00,871609.16
2024-08-26,Wallet,FAILED,2,253104.48,0.00,253104.48
2024-08-26,Wallet,PENDING,1,67803.04,0.00,67803.04
2024-08-26,Wallet,REFUNDED,1,459726.56,459726.56,0.00
2024-08-26,Wallet,SUCCESS,11,2735466.58,0.00,2735466.58
2024-08-27,Credit Card,FAILED,1,197541.09,0.00,197541.09
2024-08-27,Credit Card,REFUNDED,3,1010723.54,1010723.54,0.00
2024-08-27,Credit Card,SUCCESS,8,2218785.28,0.00,2218785.28
2024-08-27,Debit Card,FAILED,1,313079.06,0.00,313079.06
2024-08-27,Debit Card,PENDING,1,636099.39,0.00,636099.39
2024-08-27,Debit Card,REFUNDED,2,250336.61,250336.61,0.00
2024-08-27,Debit Card,SUCCESS,6,1824272.97,0.00,1824272.97
2024-08-27,Net Banking,FAILED,2,151205.80,0.00,151205.80
2024-08-27,Net Banking,PENDING,1,241500.04,0.00,241500.04
2024-08-27,Net Banking,REFUNDED,2,367589.75,367589.75,0.00
2024-08-27,Net Banking,SUCCESS,5,1705433.32,0.00,1705433.32
2024-08-27,Upi,FAILED,3,657048.03,0.00,657048.03
2024-08-27,Upi,REFUNDED,3,949314.21,949314.21,0.00
2024-08-27,Upi,SUCCESS,7,2001502.76,0.00,2001502.76
2024-08-27,Wallet,FAILED,3,464254.72,0.00,464254.72
2024-08-27,Wallet,REFUNDED,1,225212.09,225212.09,0.00
2024-08-27,Wallet,SUCCESS,9,2505996.12,0.00,2505996.12
2024-08-28,Credit Card,FAILED,1,199041.22,0.00,199041.22
2024-08-28,Credit Card,PENDING,1,166200.96,0.00,166200.96
2024-08-28,Credit Card,REFUNDED,1,453137.02,453137.02,0.00
2024-08-28,Credit Card,SUCCESS,9,2428668.04,0.00,2428668.04
2024-08-28,Debit Card,PENDING,2,354681.50,0.00,354681.50
2024-08-28,Debit Card,REFUNDED,1,262768.83,262768.83,0.00
2024-08-28,Debit Card,SUCCESS,7,2036012.70,0.00,2036012.70
2024-08-28,Net Banking,REFUNDED,3,661830.44,661830.44,0.00
2024-08-28,Net Banking,SUCCESS,11,2996504.93,0.00,2996504.93
2024-08-28,Upi,FAILED,1,391146.35,0.00,391146.35
2024-08-28,Upi,REFUNDED,1,59442.86,59442.86,0.00
2024-08-28,Upi,SUCCESS,11,2839915.45,0.00,2839915.45
2024-08-28,Wallet,FAILED,1,336041.48,0.00,336041.48
2024-08-28,Wallet,REFUNDED,1,378664.09,378664.09,0.00
2024-08-28,Wallet,SUCCESS,6,1321308.52,0.00,1321308.52
2024-08-29,Credit Card,REFUNDED,1,152715.42,152715.42,0.00
2024-08-29,Credit Card,SUCCESS,4,756628.17,0.00,756628.17
2024-08-29,Debit Card,FAILED,2,722806.17,0.00,722806.17
2024-08-29,Debit Card,SUCCESS,9,2957391.45,0.00,2957391.45
2024-08-29,Net Banking,FAILED,1,344944.59,0.00,344944.59
2024-08-29,Net Banking,SUCCESS,8,1679134.67,0.00,1679134.67
2024-08-29,Upi,FAILED,3,952352.22,0.00,952352.22
2024-08-29,Upi,REFUNDED,2,260437.67,260437.67,0.00
2024-08-29,Upi,SUCCESS,11,2284397.01,0.00,2284397.01
2024-08-29,Wallet,REFUNDED,2,257026.72,257026.72,0.00
2024-08-29,Wallet,SUCCESS,8,2212389.65,0.00,2212389.65
2024-08-30,Credit Card,FAILED,3,731942.28,0.00,731942.28
2024-08-30,Credit Card,REFUNDED,1,156372.52,156372.52,0.00
2024-08-30,Credit Card,SUCCESS,6,1401621.17,0.00,1401621.17
2024-08-30,Debit Card,FAILED,3,585864.98,0.00,585864.98
2024-08-30,Debit Card,REFUNDED,1,616100.01,616100.01,0.00
2024-08-30,Debit Card,SUCCESS,9,2792992.57,0.00,2792992.57
2024-08-30,Net Banking,FAILED,1,323185.28,0.00,323185.28
2024-08-30,Net Banking,REFUNDED,1,100242.41,100242.41,0.00
2024-08-30,Net Banking,SUCCESS,10,2731700.83,0.00,2731700.83
2024-08-30,Upi,FAILED,3,637756.58,0.00,637756.58
2024-08-30,Upi,REFUNDED,2,347724.09,347724.09,0.00
2024-08-30,Upi,SUCCESS,5,1099791.73,0.00,1099791.73
2024-08-30,Wallet,FAILED,1,309111.51,0.00,309111.51
2024-08-30,Wallet,REFUNDED,1,358975.69,358975.69,0.00
2024-08-30,Wallet,SUCCESS,14,3362525.70,0.00,3362525.70
2024-08-31,Credit Card,FAILED,3,1094583.63,0.00,1094583.63
2024-08-31,Credit Card,REFUNDED,1,238984.87,238984.87,0.00
2024-08-31,Credit Card,SUCCESS,11,2643306.92,0.00,2643306.92
2024-08-31,Debit Card,FAILED,2,298998.35,0.00,298998.35
2024-08-31,Debit Card,PENDING,1,425036.72,0.00,425036.72
2024-08-31,Debit Card,REFUNDED,1,435145.63,435145.63,0.00
2024-08-31,Debit Card,SUCCESS,9,1916059.01,0.00,1916059.01
2024-08-31,Net Banking,REFUNDED,2,523120.20,523120.20,0.00
2024-08-31,Net Banking,SUCCESS,12,2983855.28,0.00,2983855.28
2024-08-31,Upi,FAILED,1,362752.89,0.00,362752.89
2024-08-31,Upi,REFUNDED,2,994445.51,994445.51,0.00
2024-08-31,Upi,SUCCESS,6,1345427.97,0.00,1345427.97
2024-08-31,Wallet,FAILED,3,644127.12,0.00,644127.12
2024-08-31,Wallet,REFUNDED,3,554144.52,554144.52,0.00
2024-08-31,Wallet,SUCCESS,11,2818636.69,0.00,2818636.69
2024-09-01,Credit Card,FAILED,2,565022.94,0.00,565022.94
2024-09-01,Credit Card,PENDING,1,280307.42,0.00,280307.42
2024-09-01,Credit Card,SUCCESS,6,1903005.85,0.00,1903005.85
2024-09-01,Debit Card,PENDING,2,373821.45,0.00,373821.45
2024-09-01,Debit Card,REFUNDED,2,570843.36,570843.36,0.00
2024-09-01,Debit Card,SUCCESS,8,1753737.71,0.00,1753737.71
2024-09-01,Net Banking,FAILED,2,524870.96,0.00,524870.96
2024-09-01,Net Banking,REFUNDED,1,516441.98,516441.98,0.00
2024-09-01,Net Banking,SUCCESS,10,2208828.91,0.00,2208828.91
2024-09-01,Upi,FAILED,2,1243992.48,0.00,1243992.48
2024-09-01,Upi,PENDING,1,383074.61,0.00,383074.61
2024-09-01,Upi,SUCCESS,7,2655599.96,0.00,2655599.96
2024-09-01,Wallet,FAILED,1,152562.71,0.00,152562.71
2024-09-01,Wallet,REFUNDED,1,651568.05,651568.05,0.00
2024-09-01,Wallet,SUCCESS,9,2348282.34,0.00,2348282.34
2024-09-02,Credit Card,PENDING,1,519974.79,0.00,519974.79
2024-09-02,Credit Card,REFUNDED,1,168440.75,168440.75,0.00
2024-09-02,Credit Card,SUCCESS,10,2369378.54,0.00,2369378.54
2024-09-02,Debit Card,FAILED,1,336027.63,0.00,336027.63
2024-09-02,Debit Card,PENDING,1,431523.91,0.00,431523.91
2024-09-02,Debit Card,REFUNDED,1,324982.70,324982.70,0.00
2024-09-02,Debit Card,SUCCESS,10,3558830.90,0.00,3558830.90
2024-09-02,Net Banking,FAILED,1,352131.75,0.00,352131.75
2024-09-02,Net Banking,REFUNDED,2,303257.35,303257.35,0.00
2024-09-02,Net Banking,SUCCESS,6,859115.63,0.00,859115.63
2024-09-02,Upi,FAILED,1,269367.10,0.00,269367.10
2024-09-02,Upi,REFUNDED,1,142058.77,142058.77,0.00
2024-09-02,Upi,SUCCESS,11,3068985.94,0.00,3068985.94
2024-09-02,Wallet,FAILED,3,326455.25,0.00,326455.25
2024-09-02,Wallet,PENDING,1,528862.68,0.00,528862.68
2024-09-02,Wallet,REFUNDED,2,273654.55,273654.55,0.00
2024-09-02,Wallet,SUCCESS,3,1106115.84,0.00,1106115.84
2024-09-03,Credit Card,FAILED,1,96815.31,0.00,96815.31
2024-09-03,Credit Card,SUCCESS,2,441711.58,0.00,441711.58
2024-09-03,Debit Card,FAILED,1,455786.98,0.00,455786.98
2024-09-03,Debit Card,PENDING,2,948265.33,0.00,948265.33
2024-09-03,Debit Card,REFUNDED,1,310065.58,310065.58,0.00
2024-09-03,Debit Card,SUCCESS,7,1646771.18,0.00,1646771.18
2024-09-03,Net Banking,REFUNDED,1,563981.47,563981.47,0.00
2024-09-03,Net Banking,SUCCESS,13,3931821.42,0.00,3931821.42
2024-09-03,Upi,PENDING,1,88669.65,0.00,88669.65
2024-09-03,Upi,SUCCESS,4,1116252.13,0.00,1116252.13
2024-09-03,Wallet,REFUNDED,1,447416.35,447416.35,0.00
2024-09-03,Wallet,SUCCESS,8,2465479.06,0.00,2465479.06
2024-09-04,Credit Card,FAILED,1,352329.01,0.00,352329.01
2024-09-04,Credit Card,SUCCESS,8,2024613.58,0.00,2024613.58
2024-09-04,Debit Card,FAILED,1,107071.34,0.00,107071.34
2024-09-04,Debit Card,REFUNDED,1,472608.53,472608.53,0.00
2024-09-04,Debit Card,SUCCESS,7,2069417.71,0.00,2069417.71
2024-09-04,Net Banking,FAILED,2,644572.83,0.00,644572.83
2024-09-04,Net Banking,SUCCESS,8,1582156.04,0.00,1582156.04
2024-09-04,Upi,FAILED,2,968397.63,0.00,968397.63
2024-09-04,Upi,PENDING,2,890500.62,0.00,890500.62
2024-09-04,Upi,REFUNDED,2,908823.42,908823.42,0.00
2024-09-04,Upi,SUCCESS,6,1875675.26,0.00,1875675.26
2024-09-04,Wallet,PENDING,2,894588.11,0.00,894588.11
2024-09-04,Wallet,REFUNDED,2,393939.37,393939.37,0.00
2024-09-04,Wallet,SUCCESS,6,1092523.95,0.00,1092523.95
2024-09-05,Credit Card,FAILED,1,32546.89,0.00,32546.89
2024-09-05,Credit Card,PENDING,1,204619.03,0.00,204619.03
2024-09-05,Credit Card,REFUNDED,1,234583.04,234583.04,0.00
2024-09-05,Credit Card,SUCCESS,5,1116683.67,0.00,1116683.67
2024-09-05,Debit Card,FAILED,1,329827.13,0.00,329827.13
2024-09-05,Debit Card,REFUNDED,1,1724.22,1724.22,0.00
2024-09-05,Debit Card,SUCCESS,6,1807930.90,0.00,1807930.90
2024-09-05,Net Banking,FAILED,1,221774.14,0.00,221774.14
2024-09-05,Net Banking,REFUNDED,2,531719.11,531719.11,0.00
2024-09-05,Net Banking,SUCCESS,6,1602298.71,0.00,1602298.71
2024-09-05,Upi,FAILED,1,367917.63,0.00,367917.63
2024-09-05,Upi,PENDING,1,442114.04,0.00,442114.04
2024-09-05,Upi,REFUNDED,4,796945.69,796945.69,0.00
2024-09-05,Upi,SUCCESS,4,1008186.73,0.00,1008186.73
2024-09-05,Wallet,FAILED,1,215103.40,0.00,215103.40
2024-09-05,Wallet,PENDING,1,121809.57,0.00,121809.57
2024-09-05,Wallet,REFUNDED,4,1183922.80,1183922.80,0.00
2024-09-05,Wallet,SUCCESS,11,3114381.91,0.00,3114381.91
2024-09-06,Credit Card,FAILED,1,583547.64,0.00,583547.64
2024-09-06,Credit Card,REFUNDED,3,491938.52,491938.52,0.00
2024-09-06,Credit Card,SUCCESS,11,3832126.00,0.00,3832126.00
2024-09-06,Debit Card,REFUNDED,1,54496.86,54496.86,0.00
2024-09-06,Debit Card,SUCCESS,11,2810526.19,0.00,2810526.19
2024-09-06,Net Banking,PENDING,1,495406.57,0.00,495406.57
2024-09-06,Net Banking,REFUNDED,2,294293.05,294293.05,0.00
2024-09-06,Net Banking,SUCCESS,5,1185170.56,0.00,1185170.56
2024-09-06,Upi,PENDING,1,31281.09,0.00,31281.09
2024-09-06,Upi,SUCCESS,6,1982457.64,0.00,1982457.64
2024-09-06,Wallet,FAILED,3,896052.67,0.00,896052.67
2024-09-06,Wallet,PENDING,1,284120.39,0.00,284120.39
2024-09-06,Wallet,REFUNDED,2,254510.96,254510.96,0.00
2024-09-06,Wallet,SUCCESS,4,1008329.48,0.00,1008329.48
2024-09-07,Credit Card,SUCCESS,11,2134962.51,0.00,2134962.51
2024-09-07,Debit Card,FAILED,2,329289.78,0.00,329289.78
2024-09-07,Debit Card,REFUNDED,1,346301.76,346301.76,0.00
2024-09-07,Debit Card,SUCCESS,3,837347.29,0.00,837347.29
2024-09-07,Net Banking,PENDING,1,307711.36,0.00,307711.36
2024-09-07,Net Banking,REFUNDED,2,527681.03,527681.03,0.00
2024-09-07,Net Banking,SUCCESS,6,1814365.48,0.00,1814365.48
2024-09-07,Upi,FAILED,2,469348.80,0.00,469348.80
2024-09-07,Upi,REFUNDED,1,34238.37,34238.37,0.00
2024-09-07,Upi,SUCCESS,12,4209171.75,0.00,4209171.75
2024-09-07,Wallet,FAILED,1,232415.19,0.00,232415.19
2024-09-07,Wallet,PENDING,1,317663.98,0.00,317663.98
2024-09-07,Wallet,REFUNDED,1,307335.47,307335.47,0.00
2024-09-07,Wallet,SUCCESS,9,1727584.84,0.00,1727584.84
2024-09-08,Credit Card,FAILED,1,613765.17,0.00,613765.17
2024-09-08,Credit Card,REFUNDED,2,328860.46,328860.46,0.00
2024-09-08,Credit Card,SUCCESS,4,990646.46,0.00,990646.46
2024-09-08,Debit Card,FAILED,2,344695.71,0.00,344695.71
2024-09-08,Debit Card,PENDING,1,73021.11,0.00,73021.11
2024-09-08,Debit Card,REFUNDED,1,652557.45,652557.45,0.00
2024-09-08,Debit Card,SUCCESS,13,3757235.92,0.00,3757235.92
2024-09-08,Net Banking,FAILED,1,203448.46,0.00,203448.46
2024-09-08,Net Banking,PENDING,1,84692.08,0.00,84692.08
2024-09-08,Net Banking,REFUNDED,1,3484.26,3484.26,0.00
2024-09-08,Net Banking,SUCCESS,7,1922362.02,0.00,1922362.02
2024-09-08,Upi,REFUNDED,2,747739.67,747739.67,0.00
2024-09-08,Upi,SUCCESS,11,2514636.93,0.00,2514636.93
2024-09-08,Wallet,FAILED,2,224648.45,0.00,224648.45
2024-09-08,Wallet,REFUNDED,3,390665.57,390665.57,0.00
2024-09-08,Wallet,SUCCESS,4,1742634.48,0.00,1742634.48
2024-09-09,Credit Card,FAILED,2,529684.88,0.00,529684.88
2024-09-09,Credit Card,REFUNDED,2,564855.55,564855.55,0.00
2024-09-09,Credit Card,SUCCESS,5,1731100.09,0.00,1731100.09
2024-09-09,Debit Card,FAILED,1,426588.67,0.00,426588.67
2024-09-09,Debit Card,REFUNDED,1,335514.40,335514.40,0.00
2024-09-09,Debit Card,SUCCESS,6,1973911.54,0.00,1973911.54
2024-09-09,Net Banking,FAILED,3,647515.88,0.00,647515.88
2024-09-09,Net Banking,PENDING,1,215703.09,0.00,215703.09
2024-09-09,Net Banking,REFUNDED,1,106592.96,106592.96,0.00
2024-09-09,Net Banking,SUCCESS,6,1854690.69,0.00,1854690.69
2024-09-09,Upi,FAILED,1,348123.55,0.00,348123.55
2024-09-09,Upi,SUCCESS,8,1874254.50,0.00,1874254.50
2024-09-09,Wallet,FAILED,2,253499.01,0.00,253499.01
2024-09-09,Wallet,REFUNDED,2,631965.83,631965.83,0.00
2024-09-09,Wallet,SUCCESS,8,2320253.32,0.00,2320253.32
2024-09-10,Credit Card,FAILED,1,306297.81,0.00,306297.81
2024-09-10,Credit Card,PENDING,1,218372.49,0.00,218372.49
2024-09-10,Credit Card,REFUNDED,1,559405.11,559405.11,0.00
2024-09-10,Credit Card,SUCCESS,3,318330.97,0.00,318330.97
2024-09-10,Debit Card,REFUNDED,2,352294.32,352294.32,0.00
2024-09-10,Debit Card,SUCCESS,11,3280352.92,0.00,3280352.92
2024-09-10,Net Banking,FAILED,4,1412449.84,0.00,1412449.84
2024-09-10,Net Banking,PENDING,1,152267.45,0.00,152267.45
2024-09-10,Net Banking,REFUNDED,2,238269.75,238269.75,0.00
2024-09-10,Net Banking,SUCCESS,9,2082773.72,0.00,2082773.72
2024-09-10,Upi,FAILED,1,255151.74,0.00,255151.74
2024-09-10,Upi,PENDING,1,47682.81,0.00,47682.81
2024-09-10,Upi,SUCCESS,6,2156273.45,0.00,2156273.45
2024-09-10,Wallet,FAILED,2,306855.06,0.00,306855.06
2024-09-10,Wallet,PENDING,1,288857.46,0.00,288857.46
2024-09-10,Wallet,SUCCESS,8,1754848.79,0.00,1754848.79
2024-09-11,Credit Card,REFUNDED,1,630201.93,630201.93,0.00
2024-09-11,Credit Card,SUCCESS,3,737636.76,0.00,737636.76
2024-09-11,Debit Card,FAILED,2,338367.12,0.00,338367.12
2024-09-11,Debit Card,REFUNDED,1,129815.17,129815.17,0.00
2024-09-11,Debit Card,SUCCESS,7,1442699.92,0.00,1442699.92
2024-09-11,Net Banking,REFUNDED,2,457374.54,457374.54,0.00
2024-09-11,Net Banking,SUCCESS,2,405183.17,0.00,405183.17
2024-09-11,Upi,FAILED,2,512152.05,0.00,512152.05
2024-09-11,Upi,PENDING,1,478268.39,0.00,478268.39
2024-09-11,Upi,REFUNDED,1,520156.48,520156.48,0.00
2024-09-11,Upi,SUCCESS,9,2063672.71,0.00,2063672.71
2024-09-11,Wallet,FAILED,2,808945.69,0.00,808945.69
2024-09-11,Wallet,PENDING,1,361318.32,0.00,361318.32
2024-09-11,Wallet,SUCCESS,7,1344057.11,0.00,1344057.11
2024-09-12,Credit Card,FAILED,1,212734.19,0.00,212734.19
2024-09-12,Credit Card,PENDING,1,57190.48,0.00,57190.48
2024-09-12,Credit Card,REFUNDED,1,39683.46,39683.46,0.00
2024-09-12,Credit Card,SUCCESS,10,2903095.83,0.00,2903095.83
2024-09-12,Debit Card,FAILED,1,333440.87,0.00,333440.87
2024-09-12,Debit Card,PENDING,2,801363.19,0.00,801363.19
2024-09-12,Debit Card,REFUNDED,2,1215909.78,1215909.78,0.00
2024-09-12,Debit Card,SUCCESS,4,861492.44,0.00,861492.44
2024-09-12,Net Banking,FAILED,1,184991.04,0.00,184991.04
2024-09-12,Net Banking,REFUNDED,2,358650.47,358650.47,0.00
2024-09-12,Net Banking,SUCCESS,8,2523309.36,0.00,2523309.36
2024-09-12,Upi,PENDING,3,673727.59,0.00,673727.59
2024-09-12,Upi,REFUNDED,2,757157.58,757157.58,0.00
2024-09-12,Upi,SUCCESS,4,801508.30,0.00,801508.30
2024-09-12,Wallet,FAILED,3,1052783.56,0.00,1052783.56
2024-09-12,Wallet,SUCCESS,8,2407449.72,0.00,2407449.72
2024-09-13,Credit Card,FAILED,1,598554.65,0.00,598554.65
2024-09-13,Credit Card,REFUNDED,2,378396.80,378396.80,0.00
2024-09-13,Credit Card,SUCCESS,5,1593673.14,0.00,1593673.14
2024-09-13,Debit Card,FAILED,2,490873.46,0.00,490873.46
2024-09-13,Debit Card,REFUNDED,3,803531.75,803531.75,0.00
2024-09-13,Debit Card,SUCCESS,12,3462412.35,0.00,3462412.35
2024-09-13,Net Banking,FAILED,1,255006.34,0.00,255006.34
2024-09-13,Net Banking,PENDING,1,257154.31,0.00,257154.31
2024-09-13,Net Banking,REFUNDED,3,329303.71,329303.71,0.00
2024-09-13,Net Banking,SUCCESS,4,450559.33,0.00,450559.33
2024-09-13,Upi,FAILED,1,76524.43,0.00,76524.43
2024-09-13,Upi,REFUNDED,2,396744.25,396744.25,0.00
2024-09-13,Upi,SUCCESS,10,2631155.97,0.00,2631155.97
2024-09-13,Wallet,REFUNDED,2,617000.14,617000.14,0.00
2024-09-13,Wallet,SUCCESS,5,1629812.94,0.00,1629812.94
2024-09-14,Credit Card,REFUNDED,1,133862.42,133862.42,0.00
2024-09-14,Credit Card,SUCCESS,9,3037399.54,0.00,3037399.54
2024-09-14,Debit Card,PENDING,1,743570.37,0.00,743570.37
2024-09-14,Debit Card,REFUNDED,1,295351.18,295351.18,0.00
2024-09-14,Debit Card,SUCCESS,8,2281655.86,0.00,2281655.86
2024-09-14,Net Banking,FAILED,3,557804.33,0.00,557804.33
2024-09-14,Net Banking,REFUNDED,1,83947.38,83947.38,0.00
2024-09-14,Net Banking,SUCCESS,3,866401.45,0.00,866401.45
2024-09-14,Upi,FAILED,3,762754.96,0.00,762754.96
2024-09-14,Upi,REFUNDED,1,419806.14,419806.14,0.00
2024-09-14,Upi,SUCCESS,8,2459305.43,0.00,2459305.43
2024-09-14,Wallet,PENDING,1,665223.98,0.00,665223.98
2024-09-14,Wallet,REFUNDED,3,626588.89,626588.89,0.00
2024-09-14,Wallet,SUCCESS,9,1899710.62,0.00,1899710.62
2024-09-15,Credit Card,FAILED,4,1196709.18,0.00,1196709.18
2024-09-15,Credit Card,REFUNDED,1,136368.53,136368.53,0.00
2024-09-15,Credit Card,SUCCESS,5,1246913.19,0.00,1246913.19
2024-09-15,Debit Card,FAILED,2,384680.24,0.00,384680.24
2024-09-15,Debit Card,REFUNDED,3,629772.87,629772.87,0.00
2024-09-15,Debit Card,SUCCESS,3,619542.33,0.00,619542.33
2024-09-15,Net Banking,FAILED,2,310637.91,0.00,310637.91
2024-09-15,Net Banking,REFUNDED,3,759313.72,759313.72,0.00
2024-09-15,Net Banking,SUCCESS,5,1192548.32,0.00,1192548.32
2024-09-15,Upi,FAILED,1,202909.15,0.00,202909.15
2024-09-15,Upi,SUCCESS,8,1662979.69,0.00,1662979.69
2024-09-15,Wallet,FAILED,1,630821.11,0.00,630821.11
2024-09-15,Wallet,PENDING,1,388718.46,0.00,388718.46
2024-09-15,Wallet,REFUNDED,2,722336.26,722336.26,0.00
2024-09-15,Wallet,SUCCESS,3,552417.21,0.00,552417.21
2024-09-16,Credit Card,FAILED,1,558456.91,0.00,558456.91
2024-09-16,Credit Card,SUCCESS,10,3502163.50,0.00,3502163.50
2024-09-16,Debit Card,FAILED,1,204279.23,0.00,204279.23
2024-09-16,Debit Card,PENDING,1,271119.01,0.00,271119.01
2024-09-16,Debit Card,REFUNDED,1,21549.42,21549.42,0.00
2024-09-16,Debit Card,SUCCESS,8,1631268.15,0.00,1631268.15
2024-09-16,Net Banking,FAILED,1,623094.33,0.00,623094.33
2024-09-16,Net Banking,SUCCESS,7,1806730.92,0.00,1806730.92
2024-09-16,Upi,FAILED,4,827330.69,0.00,827330.69
2024-09-16,Upi,SUCCESS,8,2133687.42,0.00,2133687.42
2024-09-16,Wallet,FAILED,1,466812.57,0.00,466812.57
2024-09-16,Wallet,PENDING,1,600486.52,0.00,600486.52
2024-09-16,Wallet,REFUNDED,1,75114.83,75114.83,0.00
2024-09-16,Wallet,SUCCESS,3,468533.34,0.00,468533.34
2024-09-17,Credit Card,FAILED,2,388949.14,0.00,388949.14
2024-09-17,Credit Card,REFUNDED,2,629529.57,629529.57,0.00
2024-09-17,Credit Card,SUCCESS,10,2991013.00,0.00,2991013.00
2024-09-17,Debit Card,FAILED,2,747162.94,0.00,747162.94
2024-09-17,Debit Card,PENDING,1,334148.65,0.00,334148.65
2024-09-17,Debit Card,SUCCESS,7,1482392.65,0.00,1482392.65
2024-09-17,Net Banking,FAILED,1,263639.54,0.00,263639.54
2024-09-17,Net Banking,REFUNDED,1,412727.94,412727.94,0.00
2024-09-17,Net Banking,SUCCESS,10,2676797.11,0.00,2676797.11
2024-09-17,Upi,FAILED,2,427338.57,0.00,427338.57
2024-09-17,Upi,PENDING,2,384964.00,0.00,384964.00
2024-09-17,Upi,REFUNDED,1,822345.53,822345.53,0.00
2024-09-17,Upi,SUCCESS,6,1457222.81,0.00,1457222.81
2024-09-17,Wallet,PENDING,2,148148.02,0.00,148148.02
2024-09-17,Wallet,REFUNDED,2,364392.20,364392.20,0.00
2024-09-17,Wallet,SUCCESS,1,314254.09,0.00,314254.09
2024-09-18,Credit Card,REFUNDED,1,34825.43,34825.43,0.00
2024-09-18,Credit Card,SUCCESS,5,1185778.31,0.00,1185778.31
2024-09-18,Debit Card,PENDING,3,1242300.69,0.00,1242300.69
2024-09-18,Debit Card,SUCCESS,5,775009.80,0.00,775009.80
2024-09-18,Net Banking,FAILED,2,746727.82,0.00,746727.82
2024-09-18,Net Banking,SUCCESS,9,2768199.04,0.00,2768199.04
2024-09-18,Upi,FAILED,1,197798.87,0.00,197798.87
2024-09-18,Upi,PENDING,2,406871.09,0.00,406871.09
2024-09-18,Upi,REFUNDED,3,661649.48,661649.48,0.00
2024-09-18,Upi,SUCCESS,10,2875046.74,0.00,2875046.74
2024-09-18,Wallet,FAILED,2,644280.43,0.00,644280.43
2024-09-18,Wallet,REFUNDED,2,883336.79,883336.79,0.00
2024-09-18,Wallet,SUCCESS,7,2487513.59,0.00,2487513.59
2024-09-19,Credit Card,FAILED,1,187778.74,0.00,187778.74
2024-09-19,Credit Card,PENDING,2,444488.40,0.00,444488.40
2024-09-19,Credit Card,REFUNDED,2,451829.06,451829.06,0.00
2024-09-19,Credit Card,SUCCESS,11,2420302.23,0.00,2420302.23
2024-09-19,Debit Card,PENDING,2,500297.15,0.00,500297.15
2024-09-19,Debit Card,REFUNDED,2,1135718.45,1135718.45,0.00
2024-09-19,Debit Card,SUCCESS,5,1182755.48,0.00,1182755.48
2024-09-19,Net Banking,FAILED,3,564204.30,0.00,564204.30
2024-09-19,Net Banking,REFUNDED,1,168123.26,168123.26,0.00
2024-09-19,Net Banking,SUCCESS,3,685196.53,0.00,685196.53
2024-09-19,Upi,FAILED,3,516266.29,0.00,516266.29
2024-09-19,Upi,REFUNDED,1,85673.58,85673.58,0.00
2024-09-19,Upi,SUCCESS,5,1503047.01,0.00,1503047.01
2024-09-19,Wallet,FAILED,1,27753.14,0.00,27753.14
2024-09-19,Wallet,REFUNDED,2,268166.69,268166.69,0.00
2024-09-19,Wallet,SUCCESS,4,1069944.47,0.00,1069944.47
2024-09-20,Credit Card,FAILED,3,1028338.94,0.00,1028338.94
2024-09-20,Credit Card,PENDING,1,259965.99,0.00,259965.99
2024-09-20,Credit Card,REFUNDED,1,100107.28,100107.28,0.00
2024-09-20,Credit Card,SUCCESS,9,1842185.00,0.00,1842185.00
2024-09-20,Debit Card,FAILED,3,984596.59,0.00,984596.59
2024-09-20,Debit Card,REFUNDED,6,1393960.73,1393960.73,0.00
2024-09-20,Debit Card,SUCCESS,7,2460321.60,0.00,2460321.60
2024-09-20,Net Banking,FAILED,2,392106.94,0.00,392106.94
2024-09-20,Net Banking,REFUNDED,4,1473938.17,1473938.17,0.00
2024-09-20,Net Banking,SUCCESS,7,2518455.14,0.00,2518455.14
2024-09-20,Upi,FAILED,3,971898.83,0.00,971898.83
2024-09-20,Upi,REFUNDED,1,60711.64,60711.64,0.00
2024-09-20,Upi,SUCCESS,3,699312.43,0.00,699312.43
2024-09-20,Wallet,REFUNDED,3,1056520.91,1056520.91,0.00
2024-09-20,Wallet,SUCCESS,6,1427735.96,0.00,1427735.96
2024-09-21,Credit Card,REFUNDED,1,88203.04,88203.04,0.00
2024-09-21,Credit Card,SUCCESS,5,1489113.12,0.00,1489113.12
2024-09-21,Debit Card,PENDING,1,259710.00,0.00,259710.00
2024-09-21,Debit Card,SUCCESS,5,1053927.38,0.00,1053927.38
2024-09-21,Net Banking,FAILED,2,731873.93,0.00,731873.93
2024-09-21,Net Banking,REFUNDED,1,239713.36,239713.36,0.00
2024-09-21,Net Banking,SUCCESS,11,2650845.05,0.00,2650845.05
2024-09-21,Upi,FAILED,1,199291.65,0.00,199291.65
2024-09-21,Upi,REFUNDED,2,637785.66,637785.66,0.00
2024-09-21,Upi,SUCCESS,11,3444362.39,0.00,3444362.39
2024-09-21,Wallet,FAILED,1,192628.70,0.00,192628.70
2024-09-21,Wallet,REFUNDED,2,467200.41,467200.41,0.00
2024-09-21,Wallet,SUCCESS,6,1988025.31,0.00,1988025.31
2024-09-22,Credit Card,FAILED,1,427143.14,0.00,427143.14
2024-09-22,Credit Card,REFUNDED,1,168124.17,168124.17,0.00
2024-09-22,Credit Card,SUCCESS,10,2859395.53,0.00,2859395.53
2024-09-22,Debit Card,SUCCESS,7,1665162.10,0.00,1665162.10
2024-09-22,Net Banking,FAILED,1,163026.29,0.00,163026.29
2024-09-22,Net Banking,PENDING,1,171324.33,0.00,171324.33
2024-09-22,Net Banking,REFUNDED,3,725271.17,725271.17,0.00
2024-09-22,Net Banking,SUCCESS,8,1653664.41,0.00,1653664.41
2024-09-22,Upi,FAILED,3,329221.95,0.00,329221.95
2024-09-22,Upi,REFUNDED,2,1130111.37,1130111.37,0.00
2024-09-22,Upi,SUCCESS,7,1593870.74,0.00,1593870.74
2024-09-22,Wallet,FAILED,1,411414.27,0.00,411414.27
2024-09-22,Wallet,PENDING,1,162332.62,0.00,162332.62
2024-09-22,Wallet,REFUNDED,3,1026070.19,1026070.19,0.00
2024-09-22,Wallet,SUCCESS,14,4279230.22,0.00,4279230.22
2024-09-23,Credit Card,REFUNDED,1,225139.82,225139.82,0.00
2024-09-23,Credit Card,SUCCESS,6,2090003.59,0.00,2090003.59
2024-09-23,Debit Card,FAILED,2,234085.18,0.00,234085.18
2024-09-23,Debit Card,SUCCESS,4,1020361.51,0.00,1020361.51
2024-09-23,Net Banking,PENDING,1,295595.23,0.00,295595.23
2024-09-23,Net Banking,REFUNDED,1,573728.24,573728.24,0.00
2024-09-23,Net Banking,SUCCESS,7,1251757.06,0.00,1251757.06
2024-09-23,Upi,FAILED,2,415561.96,0.00,415561.96
2024-09-23,Upi,REFUNDED,3,634690.37,634690.37,0.00
2024-09-23,Upi,SUCCESS,12,2620134.41,0.00,2620134.41
2024-09-23,Wallet,FAILED,1,772998.85,0.00,772998.85
2024-09-23,Wallet,SUCCESS,5,1827800.69,0.00,1827800.69
2024-09-24,Credit Card,FAILED,3,1242967.86,0.00,1242967.86
2024-09-24,Credit Card,REFUNDED,2,465245.85,465245.85,0.00
2024-09-24,Credit Card,SUCCESS,9,2266045.59,0.00,2266045.59
2024-09-24,Debit Card,FAILED,1,179192.92,0.00,179192.92
2024-09-24,Debit Card,SUCCESS,7,2328667.85,0.00,2328667.85
2024-09-24,Net Banking,FAILED,2,148924.76,0.00,148924.76
2024-09-24,Net Banking,PENDING,1,343693.17,0.00,343693.17
2024-09-24,Net Banking,REFUNDED,2,572254.43,572254.43,0.00
2024-09-24,Net Banking,SUCCESS,4,921024.55,0.00,921024.55
2024-09-24,Upi,FAILED,2,96213.35,0.00,96213.35
2024-09-24,Upi,SUCCESS,9,2767190.83,0.00,2767190.83
2024-09-24,Wallet,FAILED,3,1056127.80,0.00,1056127.80
2024-09-24,Wallet,REFUNDED,3,747855.24,747855.24,0.00
2024-09-24,Wallet,SUCCESS,9,2909061.59,0.00,2909061.59
2024-09-25,Credit Card,FAILED,1,271800.55,0.00,271800.55
2024-09-25,Credit Card,PENDING,3,886644.39,0.00,886644.39
2024-09-25,Credit Card,SUCCESS,8,2332267.34,0.00,2332267.34
2024-09-25,Debit Card,FAILED,1,326001.21,0.00,326001.21
2024-09-25,Debit Card,PENDING,1,99809.84,0.00,99809.84
2024-09-25,Debit Card,SUCCESS,12,2424643.55,0.00,2424643.55
2024-09-25,Net Banking,FAILED,1,290492.77,0.00,290492.77
2024-09-25,Net Banking,REFUNDED,1,15986.29,15986.29,0.00
2024-09-25,Net Banking,SUCCESS,8,2289220.09,0.00,2289220.09
2024-09-25,Upi,FAILED,2,548061.07,0.00,548061.07
2024-09-25,Upi,PENDING,1,567907.38,0.00,567907.38
2024-09-25,Upi,REFUNDED,1,365462.30,365462.30,0.00
2024-09-25,Upi,SUCCESS,19,3980811.12,0.00,3980811.12
2024-09-25,Wallet,SUCCESS,6,1796831.44,0.00,1796831.44
2024-09-26,Credit Card,REFUNDED,2,863970.05,863970.05,0.00
2024-09-26,Credit Card,SUCCESS,7,1520410.57,0.00,1520410.57
2024-09-26,Debit Card,FAILED,3,381967.52,0.00,381967.52
2024-09-26,Debit Card,REFUNDED,2,372088.78,372088.78,0.00
2024-09-26,Debit Card,SUCCESS,11,2252974.51,0.00,2252974.51
2024-09-26,Net Banking,FAILED,1,482864.93,0.00,482864.93
2024-09-26,Net Banking,REFUNDED,3,378521.53,378521.53,0.00
2024-09-26,Net Banking,SUCCESS,8,2737314.40,0.00,2737314.40
2024-09-26,Upi,FAILED,2,844534.50,0.00,844534.50
2024-09-26,Upi,REFUNDED,3,1085820.70,1085820.70,0.00
2024-09-26,Upi,SUCCESS,11,2740824.77,0.00,2740824.77
2024-09-26,Wallet,FAILED,2,337243.26,0.00,337243.26
2024-09-26,Wallet,PENDING,1,179529.94,0.00,179529.94
2024-09-26,Wallet,REFUNDED,5,835891.21,835891.21,0.00
2024-09-26,Wallet,SUCCESS,7,2045226.96,0.00,2045226.96
2024-09-27,Credit Card,FAILED,1,203846.40,0.00,203846.40
2024-09-27,Credit Card,REFUNDED,3,318856.07,318856.07,0.00
2024-09-27,Credit Card,SUCCESS,5,1166443.93,0.00,1166443.93
2024-09-27,Debit Card,FAILED,2,212594.30,0.00,212594.30
2024-09-27,Debit Card,REFUNDED,3,685999.19,685999.19,0.00
2024-09-27,Debit Card,SUCCESS,4,713852.17,0.00,713852.17
2024-09-27,Net Banking,FAILED,2,359773.80,0.00,359773.80
2024-09-27,Net Banking,REFUNDED,1,39675.88,39675.88,0.00
2024-09-27,Net Banking,SUCCESS,12,2851734.50,0.00,2851734.50
2024-09-27,Upi,FAILED,1,499673.33,0.00,499673.33
2024-09-27,Upi,REFUNDED,2,483482.80,483482.80,0.00
2024-09-27,Upi,SUCCESS,5,1531196.31,0.00,1531196.31
2024-09-27,Wallet,FAILED,1,640016.92,0.00,640016.92
2024-09-27,Wallet,PENDING,1,625121.58,0.00,625121.58
2024-09-27,Wallet,REFUNDED,3,722771.79,722771.79,0.00
2024-09-27,Wallet,SUCCESS,11,2709344.17,0.00,2709344.17
2024-09-28,Credit Card,SUCCESS,10,1828164.30,0.00,1828164.30
2024-09-28,Debit Card,REFUNDED,2,497322.23,497322.23,0.00
2024-09-28,Debit Card,SUCCESS,14,3933412.32,0.00,3933412.32
2024-09-28,Net Banking,FAILED,1,166166.92,0.00,166166.92
2024-09-28,Net Banking,REFUNDED,2,774668.99,774668.99,0.00
2024-09-28,Net Banking,SUCCESS,7,1980218.83,0.00,1980218.83
2024-09-28,Upi,FAILED,3,893969.80,0.00,893969.80
2024-09-28,Upi,PENDING,2,640785.86,0.00,640785.86
2024-09-28,Upi,SUCCESS,7,2657398.98,0.00,2657398.98
2024-09-28,Wallet,FAILED,3,1258033.33,0.00,1258033.33
2024-09-28,Wallet,REFUNDED,3,913346.09,913346.09,0.00
2024-09-28,Wallet,SUCCESS,6,1276067.41,0.00,1276067.41
2024-09-29,Credit Card,REFUNDED,1,42204.21,42204.21,0.00
2024-09-29,Credit Card,SUCCESS,8,2256192.08,0.00,2256192.08
2024-09-29,Debit Card,FAILED,2,156831.37,0.00,156831.37
2024-09-29,Debit Card,REFUNDED,1,275243.21,275243.21,0.00
2024-09-29,Debit Card,SUCCESS,4,1172882.04,0.00,1172882.04
2024-09-29,Net Banking,FAILED,2,797244.43,0.00,797244.43
2024-09-29,Net Banking,PENDING,1,373063.09,0.00,373063.09
2024-09-29,Net Banking,REFUNDED,3,1103628.02,1103628.02,0.00
2024-09-29,Net Banking,SUCCESS,3,237162.07,0.00,237162.07
2024-09-29,Upi,REFUNDED,2,502211.44,502211.44,0.00
2024-09-29,Upi,SUCCESS,6,1760135.82,0.00,1760135.82
2024-09-29,Wallet,FAILED,1,356582.52,0.00,356582.52
2024-09-29,Wallet,REFUNDED,1,187904.96,187904.96,0.00
2024-09-29,Wallet,SUCCESS,9,1932734.28,0.00,1932734.28
2024-09-30,Credit Card,REFUNDED,2,484259.45,484259.45,0.00
2024-09-30,Credit Card,SUCCESS,6,1872329.48,0.00,1872329.48
2024-09-30,Debit Card,FAILED,3,864005.42,0.00,864005.42
2024-09-30,Debit Card,REFUNDED,4,696533.85,696533.85,0.00
2024-09-30,Debit Card,SUCCESS,6,1261132.60,0.00,1261132.60
2024-09-30,Net Banking,PENDING,1,79827.69,0.00,79827.69
2024-09-30,Net Banking,REFUNDED,3,811471.23,811471.23,0.00
2024-09-30,Net Banking,SUCCESS,8,2551193.95,0.00,2551193.95
2024-09-30,Upi,FAILED,1,69942.86,0.00,69942.86
2024-09-30,Upi,PENDING,1,468452.46,0.00,468452.46
2024-09-30,Upi,REFUNDED,4,1360133.06,1360133.06,0.00
2024-09-30,Upi,SUCCESS,8,2370942.27,0.00,2370942.27
2024-09-30,Wallet,REFUNDED,2,949292.43,949292.43,0.00
2024-09-30,Wallet,SUCCESS,2,152294.42,0.00,152294.42
2024-10-01,Credit Card,FAILED,1,445974.78,0.00,445974.78
2024-10-01,Credit Card,PENDING,1,247902.89,0.00,247902.89
2024-10-01,Credit Card,REFUNDED,2,437089.30,437089.30,0.00
2024-10-01,Credit Card,SUCCESS,9,2353232.79,0.00,2353232.79
2024-10-01,Debit Card,FAILED,3,606711.78,0.00,606711.78
2024-10-01,Debit Card,REFUNDED,2,925854.75,925854.75,0.00
2024-10-01,Debit Card,SUCCESS,7,2513760.94,0.00,2513760.94
2024-10-01,Net Banking,FAILED,1,59482.33,0.00,59482.33
2024-10-01,Net Banking,SUCCESS,8,1900787.46,0.00,1900787.46
2024-10-01,Upi,PENDING,1,22044.35,0.00,22044.35
2024-10-01,Upi,REFUNDED,2,840597.01,840597.01,0.00
2024-10-01,Upi,SUCCESS,8,2273661.51,0.00,2273661.51
2024-10-01,Wallet,FAILED,3,777826.74,0.00,777826.74
2024-10-01,Wallet,REFUNDED,2,176805.88,176805.88,0.00
2024-10-01,Wallet,SUCCESS,7,1881863.03,0.00,1881863.03
2024-10-02,Credit Card,FAILED,2,1080218.37,0.00,1080218.37
2024-10-02,Credit Card,REFUNDED,2,833943.84,833943.84,0.00
2024-10-02,Credit Card,SUCCESS,11,3737679.59,0.00,3737679.59
2024-10-02,Debit Card,FAILED,3,815276.04,0.00,815276.04
2024-10-02,Debit Card,REFUNDED,2,1070538.84,1070538.84,0.00
2024-10-02,Debit Card,SUCCESS,8,2273941.43,0.00,2273941.43
2024-10-02,Net Banking,FAILED,2,168541.25,0.00,168541.25
2024-10-02,Net Banking,PENDING,1,252130.08,0.00,252130.08
2024-10-02,Net Banking,REFUNDED,1,225867.06,225867.06,0.00
2024-10-02,Net Banking,SUCCESS,2,408327.62,0.00,408327.62
2024-10-02,Upi,FAILED,1,240308.89,0.00,240308.89
2024-10-02,Upi,PENDING,1,439410.46,0.00,439410.46
2024-10-02,Upi,REFUNDED,1,387259.45,387259.45,0.00
2024-10-02,Upi,SUCCESS,7,1571689.17,0.00,1571689.17
2024-10-02,Wallet,REFUNDED,3,1130166.64,1130166.64,0.00
2024-10-02,Wallet,SUCCESS,5,1469125.73,0.00,1469125.73
2024-10-03,Credit Card,FAILED,1,452398.36,0.00,452398.36
2024-10-03,Credit Card,REFUNDED,2,519046.56,519046.56,0.00
2024-10-03,Credit Card,SUCCESS,11,3319453.23,0.00,3319453.23
2024-10-03,Debit Card,FAILED,1,334770.06,0.00,334770.06
2024-10-03,Debit Card,REFUNDED,4,1430579.82,1430579.82,0.00
2024-10-03,Debit Card,SUCCESS,8,1609884.41,0.00,1609884.41
2024-10-03,Net Banking,FAILED,1,819228.70,0.00,819228.70
2024-10-03,Net Banking,REFUNDED,1,21010.70,21010.70,0.00
2024-10-03,Net Banking,SUCCESS,10,2431128.38,0.00,2431128.38
2024-10-03,Upi,FAILED,1,203723.29,0.00,203723.29
2024-10-03,Upi,PENDING,1,333570.39,0.00,333570.39
2024-10-03,Upi,SUCCESS,5,1341798.71,0.00,1341798.71
2024-10-03,Wallet,REFUNDED,3,239523.57,239523.57,0.00
2024-10-03,Wallet,SUCCESS,11,2794635.66,0.00,2794635.66
2024-10-04,Credit Card,FAILED,1,310187.22,0.00,310187.22
2024-10-04,Credit Card,REFUNDED,2,277133.46,277133.46,0.00
2024-10-04,Credit Card,SUCCESS,5,2089146.11,0.00,2089146.11
2024-10-04,Debit Card,REFUNDED,3,280852.36,280852.36,0.00
2024-10-04,Debit Card,SUCCESS,8,1199102.69,0.00,1199102.69
2024-10-04,Net Banking,FAILED,1,67871.56,0.00,67871.56
2024-10-04,Net Banking,REFUNDED,3,469323.04,469323.04,0.00
2024-10-04,Net Banking,SUCCESS,10,3103947.52,0.00,3103947.52
2024-10-04,Upi,FAILED,2,414042.99,0.00,414042.99
2024-10-04,Upi,PENDING,1,498212.37,0.00,498212.37
2024-10-04,Upi,REFUNDED,2,339191.84,339191.84,0.00
2024-10-04,Upi,SUCCESS,5,828753.99,0.00,828753.99
2024-10-04,Wallet,FAILED,2,265028.81,0.00,265028.81
2024-10-04,Wallet,PENDING,1,628953.82,0.00,628953.82
2024-10-04,Wallet,SUCCESS,4,645236.53,0.00,645236.53
2024-10-05,Credit Card,FAILED,2,579351.50,0.00,579351.50
2024-10-05,Credit Card,REFUNDED,2,538043.32,538043.32,0.00
2024-10-05,Credit Card,SUCCESS,10,1821478.86,0.00,1821478.86
2024-10-05,Debit Card,FAILED,2,517659.39,0.00,517659.39
2024-10-05,Debit Card,REFUNDED,1,85976.01,85976.01,0.00
2024-10-05,Debit Card,SUCCESS,7,1786340.43,0.00,1786340.43
2024-10-05,Net Banking,FAILED,1,12075.68,0.00,12075.68
2024-10-05,Net Banking,REFUNDED,1,173243.15,173243.15,0.00
2024-10-05,Net Banking,SUCCESS,6,1812683.36,0.00,1812683.36
2024-10-05,Upi,REFUNDED,3,683320.99,683320.99,0.00
2024-10-05,Upi,SUCCESS,6,1429203.13,0.00,1429203.13
2024-10-05,Wallet,REFUNDED,2,683126.29,683126.29,0.00
2024-10-05,Wallet,SUCCESS,14,3509164.83,0.00,3509164.83
2024-10-06,Credit Card,FAILED,1,230700.21,0.00,230700.21
2024-10-06,Credit Card,REFUNDED,1,411406.82,411406.82,0.00
2024-10-06,Credit Card,SUCCESS,6,1463705.38,0.00,1463705.38
2024-10-06,Debit Card,REFUNDED,1,134760.60,134760.60,0.00
2024-10-06,Debit Card,SUCCESS,9,1764695.41,0.00,1764695.41
2024-10-06,Net Banking,SUCCESS,9,1806224.88,0.00,1806224.88
2024-10-06,Upi,FAILED,1,160743.57,0.00,160743.57
2024-10-06,Upi,PENDING,1,317360.83,0.00,317360.83
2024-10-06,Upi,REFUNDED,1,575759.28,575759.28,0.00
2024-10-06,Upi,SUCCESS,10,2366041.74,0.00,2366041.74
2024-10-06,Wallet,FAILED,1,284122.59,0.00,284122.59
2024-10-06,Wallet,REFUNDED,3,528148.01,528148.01,0.00
2024-10-06,Wallet,SUCCESS,5,1337526.09,0.00,1337526.09
2024-10-07,Credit Card,PENDING,2,383785.27,0.00,383785.27
2024-10-07,Credit Card,REFUNDED,1,1946.76,1946.76,0.00
2024-10-07,Credit Card,SUCCESS,12,3199695.62,0.00,3199695.62
2024-10-07,Debit Card,FAILED,1,15518.99,0.00,15518.99
2024-10-07,Debit Card,REFUNDED,4,1041279.73,1041279.73,0.00
2024-10-07,Debit Card,SUCCESS,6,1840699.49,0.00,1840699.49
2024-10-07,Net Banking,PENDING,1,122987.99,0.00,122987.99
2024-10-07,Net Banking,SUCCESS,6,1141299.99,0.00,1141299.99
2024-10-07,Upi,SUCCESS,5,1209068.89,0.00,1209068.89
2024-10-07,Wallet,FAILED,1,216698.26,0.00,216698.26
2024-10-07,Wallet,REFUNDED,3,839537.53,839537.53,0.00
2024-10-07,Wallet,SUCCESS,5,1732275.31,0.00,1732275.31
2024-10-08,Credit Card,PENDING,1,315167.14,0.00,315167.14
2024-10-08,Credit Card,REFUNDED,1,450220.30,450220.30,0.00
2024-10-08,Credit Card,SUCCESS,10,2393762.39,0.00,2393762.39
2024-10-08,Debit Card,FAILED,1,396479.66,0.00,396479.66
2024-10-08,Debit Card,REFUNDED,3,440978.34,440978.34,0.00
2024-10-08,Debit Card,SUCCESS,9,2674192.68,0.00,2674192.68
2024-10-08,Net Banking,FAILED,1,528734.23,0.00,528734.23
2024-10-08,Net Banking,REFUNDED,3,1124480.25,1124480.25,0.00
2024-10-08,Net Banking,SUCCESS,10,1859467.69,0.00,1859467.69
2024-10-08,Upi,PENDING,2,806700.25,0.00,806700.25
2024-10-08,Upi,SUCCESS,7,1945191.17,0.00,1945191.17
2024-10-08,Wallet,FAILED,3,675415.00,0.00,675415.00
2024-10-08,Wallet,REFUNDED,1,465276.20,465276.20,0.00
2024-10-08,Wallet,SUCCESS,6,1544382.61,0.00,1544382.61
2024-10-09,Credit Card,FAILED,1,271322.24,0.00,271322.24
2024-10-09,Credit Card,REFUNDED,1,735866.26,735866.26,0.00
2024-10-09,Credit Card,SUCCESS,8,2929184.93,0.00,2929184.93
2024-10-09,Debit Card,SUCCESS,8,2357243.38,0.00,2357243.38
2024-10-09,Net Banking,FAILED,2,791795.73,0.00,791795.73
2024-10-09,Net Banking,PENDING,2,167704.39,0.00,167704.39
2024-10-09,Net Banking,REFUNDED,3,1530845.35,1530845.35,0.00
2024-10-09,Net Banking,SUCCESS,3,1040339.76,0.00,1040339.76
2024-10-09,Upi,FAILED,3,1313268.24,0.00,1313268.24
2024-10-09,Upi,REFUNDED,2,97260.02,97260.02,0.00
2024-10-09,Upi,SUCCESS,6,1850368.82,0.00,1850368.82
2024-10-09,Wallet,PENDING,2,892166.51,0.00,892166.51
2024-10-09,Wallet,REFUNDED,2,494302.80,494302.80,0.00
2024-10-09,Wallet,SUCCESS,3,795608.82,0.00,795608.82
2024-10-10,Credit Card,FAILED,4,1162253.28,0.00,1162253.28
2024-10-10,Credit Card,REFUNDED,4,987550.79,987550.79,0.00
2024-10-10,Credit Card,SUCCESS,11,3061247.35,0.00,3061247.35
2024-10-10,Debit Card,REFUNDED,1,211924.84,211924.84,0.00
2024-10-10,Debit Card,SUCCESS,7,2054474.81,0.00,2054474.81
2024-10-10,Net Banking,FAILED,1,195584.71,0.00,195584.71
2024-10-10,Net Banking,PENDING,1,226523.63,0.00,226523.63
2024-10-10,Net Banking,REFUNDED,4,903291.58,903291.58,0.00
2024-10-10,Net Banking,SUCCESS,13,4459157.30,0.00,4459157.30
2024-10-10,Upi,FAILED,1,332866.80,0.00,332866.80
2024-10-10,Upi,PENDING,2,543364.38,0.00,543364.38
2024-10-10,Upi,REFUNDED,1,129366.57,129366.57,0.00
2024-10-10,Upi,SUCCESS,6,1400493.15,0.00,1400493.15
2024-10-10,Wallet,FAILED,2,400793.61,0.00,400793.61
2024-10-10,Wallet,PENDING,2,737610.98,0.00,737610.98
2024-10-10,Wallet,REFUNDED,1,224797.20,224797.20,0.00
2024-10-10,Wallet,SUCCESS,5,799937.88,0.00,799937.88
2024-10-11,Credit Card,REFUNDED,1,205998.08,205998.08,0.00
2024-10-11,Credit Card,SUCCESS,8,1989813.31,0.00,1989813.31
2024-10-11,Debit Card,REFUNDED,2,484358.27,484358.27,0.00
2024-10-11,Debit Card,SUCCESS,11,4228383.74,0.00,4228383.74
2024-10-11,Net Banking,FAILED,2,499551.64,0.00,499551.64
2024-10-11,Net Banking,PENDING,1,116734.65,0.00,116734.65
2024-10-11,Net Banking,REFUNDED,1,317391.69,317391.69,0.00
2024-10-11,Net Banking,SUCCESS,8,2310380.00,0.00,2310380.00
2024-10-11,Upi,FAILED,1,700558.89,0.00,700558.89
2024-10-11,Upi,PENDING,1,8593.61,0.00,8593.61
2024-10-11,Upi,REFUNDED,3,324972.95,324972.95,0.00
2024-10-11,Upi,SUCCESS,8,3295727.51,0.00,3295727.51
2024-10-11,Wallet,FAILED,2,776540.27,0.00,776540.27
2024-10-11,Wallet,SUCCESS,7,1729090.73,0.00,1729090.73
2024-10-12,Credit Card,FAILED,1,8532.75,0.00,8532.75
2024-10-12,Credit Card,PENDING,1,228212.43,0.00,228212.43
2024-10-12,Credit Card,REFUNDED,1,107078.50,107078.50,0.00
2024-10-12,Credit Card,SUCCESS,9,2236175.21,0.00,2236175.21
2024-10-12,Debit Card,FAILED,3,993434.49,0.00,993434.49
2024-10-12,Debit Card,PENDING,1,23291.82,0.00,23291.82
2024-10-12,Debit Card,SUCCESS,5,2084458.15,0.00,2084458.15
2024-10-12,Net Banking,PENDING,1,404008.88,0.00,404008.88
2024-10-12,Net Banking,REFUNDED,3,427275.87,427275.87,0.00
2024-10-12,Net Banking,SUCCESS,7,1218338.02,0.00,1218338.02
2024-10-12,Upi,FAILED,2,951561.24,0.00,951561.24
2024-10-12,Upi,PENDING,1,210939.57,0.00,210939.57
2024-10-12,Upi,REFUNDED,2,561605.53,561605.53,0.00
2024-10-12,Upi,SUCCESS,9,2023606.89,0.00,2023606.89
2024-10-12,Wallet,FAILED,2,359094.38,0.00,359094.38
2024-10-12,Wallet,REFUNDED,2,121526.49,121526.49,0.00
2024-10-12,Wallet,SUCCESS,6,1733106.51,0.00,1733106.51
2024-10-13,Credit Card,FAILED,1,78693.50,0.00,78693.50
2024-10-13,Credit Card,REFUNDED,2,706485.98,706485.98,0.00
2024-10-13,Credit Card,SUCCESS,9,3047381.94,0.00,3047381.94
2024-10-13,Debit Card,FAILED,1,354147.07,0.00,354147.07
2024-10-13,Debit Card,REFUNDED,2,348106.00,348106.00,0.00
2024-10-13,Debit Card,SUCCESS,8,2364490.58,0.00,2364490.58
2024-10-13,Net Banking,FAILED,2,802141.48,0.00,802141.48
2024-10-13,Net Banking,REFUNDED,4,1153456.50,1153456.50,0.00
2024-10-13,Net Banking,SUCCESS,4,1057923.94,0.00,1057923.94
2024-10-13,Upi,REFUNDED,1,284993.72,284993.72,0.00
2024-10-13,Upi,SUCCESS,9,2032489.10,0.00,2032489.10
2024-10-13,Wallet,FAILED,1,155358.51,0.00,155358.51
2024-10-13,Wallet,SUCCESS,6,1851588.48,0.00,1851588.48
2024-10-14,Credit Card,FAILED,2,602790.11,0.00,602790.11
2024-10-14,Credit Card,REFUNDED,2,659961.65,659961.65,0.00
2024-10-14,Credit Card,SUCCESS,8,1861674.76,0.00,1861674.76
2024-10-14,Debit Card,FAILED,3,885002.03,0.00,885002.03
2024-10-14,Debit Card,REFUNDED,3,746178.12,746178.12,0.00
2024-10-14,Debit Card,SUCCESS,8,2633076.12,0.00,2633076.12
2024-10-14,Net Banking,FAILED,1,443211.35,0.00,443211.35
2024-10-14,Net Banking,PENDING,1,415838.04,0.00,415838.04
2024-10-14,Net Banking,SUCCESS,6,1697935.03,0.00,1697935.03
2024-10-14,Upi,REFUNDED,6,1305321.12,1305321.12,0.00
2024-10-14,Upi,SUCCESS,8,1370192.59,0.00,1370192.59
2024-10-14,Wallet,FAILED,3,837607.43,0.00,837607.43
2024-10-14,Wallet,REFUNDED,1,113819.51,113819.51,0.00
2024-10-14,Wallet,SUCCESS,6,1676805.73,0.00,1676805.73
2024-10-15,Credit Card,PENDING,1,204500.03,0.00,204500.03
2024-10-15,Credit Card,SUCCESS,9,2225189.53,0.00,2225189.53
2024-10-15,Debit Card,FAILED,2,132072.89,0.00,132072.89
2024-10-15,Debit Card,PENDING,2,562984.55,0.00,562984.55
2024-10-15,Debit Card,REFUNDED,1,182680.53,182680.53,0.00
2024-10-15,Debit Card,SUCCESS,6,2436674.33,0.00,2436674.33
2024-10-15,Net Banking,REFUNDED,1,665842.51,665842.51,0.00
2024-10-15,Net Banking,SUCCESS,9,2391425.55,0.00,2391425.55
2024-10-15,Upi,FAILED,1,177972.39,0.00,177972.39
2024-10-15,Upi,REFUNDED,3,888443.44,888443.44,0.00
2024-10-15,Upi,SUCCESS,7,1525716.46,0.00,1525716.46
2024-10-15,Wallet,PENDING,2,663952.51,0.00,663952.51
2024-10-15,Wallet,REFUNDED,2,42080.18,42080.18,0.00
2024-10-15,Wallet,SUCCESS,7,1591555.12,0.00,1591555.12
2024-10-16,Credit Card,FAILED,1,305900.56,0.00,305900.56
2024-10-16,Credit Card,PENDING,1,340747.83,0.00,340747.83
2024-10-16,Credit Card,REFUNDED,2,782063.01,782063.01,0.00
2024-10-16,Credit Card,SUCCESS,4,1098660.77,0.00,1098660.77
2024-10-16,Debit Card,FAILED,3,402531.20,0.00,402531.20
2024-10-16,Debit Card,REFUNDED,3,1095794.67,1095794.67,0.00
2024-10-16,Debit Card,SUCCESS,14,4345498.65,0.00,4345498.65
2024-10-16,Net Banking,FAILED,1,273800.59,0.00,273800.59
2024-10-16,Net Banking,REFUNDED,4,729300.24,729300.24,0.00
2024-10-16,Net Banking,SUCCESS,7,2006647.74,0.00,2006647.74
2024-10-16,Upi,REFUNDED,1,330750.17,330750.17,0.00
2024-10-16,Upi,SUCCESS,16,4178243.55,0.00,4178243.55
2024-10-16,Wallet,FAILED,1,549034.13,0.00,549034.13
2024-10-16,Wallet,PENDING,1,63787.97,0.00,63787.97
2024-10-16,Wallet,REFUNDED,4,920979.12,920979.12,0.00
2024-10-16,Wallet,SUCCESS,12,2961755.10,0.00,2961755.10
2024-10-17,Credit Card,FAILED,1,308387.26,0.00,308387.26
2024-10-17,Credit Card,SUCCESS,9,1686981.87,0.00,1686981.87
2024-10-17,Debit Card,FAILED,2,1095616.01,0.00,1095616.01
2024-10-17,Debit Card,REFUNDED,3,1134280.63,1134280.63,0.00
2024-10-17,Debit Card,SUCCESS,7,1506924.95,0.00,1506924.95
2024-10-17,Net Banking,FAILED,1,336102.24,0.00,336102.24
2024-10-17,Net Banking,REFUNDED,4,1098234.63,1098234.63,0.00
2024-10-17,Net Banking,SUCCESS,7,1586137.93,0.00,1586137.93
2024-10-17,Upi,FAILED,1,216088.12,0.00,216088.12
2024-10-17,Upi,REFUNDED,1,176061.34,176061.34,0.00
2024-10-17,Upi,SUCCESS,4,1224160.13,0.00,1224160.13
2024-10-17,Wallet,FAILED,2,265215.65,0.00,265215.65
2024-10-17,Wallet,SUCCESS,10,2736271.34,0.00,2736271.34
2024-10-18,Credit Card,FAILED,2,569304.74,0.00,569304.74
2024-10-18,Credit Card,REFUNDED,1,155738.42,155738.42,0.00
2024-10-18,Credit Card,SUCCESS,5,1043347.15,0.00,1043347.15
2024-10-18,Debit Card,FAILED,1,230175.76,0.00,230175.76
2024-10-18,Debit Card,REFUNDED,1,670018.24,670018.24,0.00
2024-10-18,Debit Card,SUCCESS,8,2581885.93,0.00,2581885.93
2024-10-18,Net Banking,FAILED,1,51204.86,0.00,51204.86
2024-10-18,Net Banking,SUCCESS,7,1601399.46,0.00,1601399.46
2024-10-18,Upi,FAILED,3,249304.40,0.00,249304.40
2024-10-18,Upi,PENDING,1,183669.43,0.00,183669.43
2024-10-18,Upi,SUCCESS,7,1574103.17,0.00,1574103.17
2024-10-18,Wallet,FAILED,3,1151322.43,0.00,1151322.43
2024-10-18,Wallet,REFUNDED,1,85244.94,85244.94,0.00
2024-10-18,Wallet,SUCCESS,8,2428272.13,0.00,2428272.13
2024-10-19,Credit Card,FAILED,2,369227.79,0.00,369227.79
2024-10-19,Credit Card,SUCCESS,8,2422481.00,0.00,2422481.00
2024-10-19,Debit Card,FAILED,1,188718.10,0.00,188718.10
2024-10-19,Debit Card,PENDING,1,149334.94,0.00,149334.94
2024-10-19,Debit Card,REFUNDED,1,279462.38,279462.38,0.00
2024-10-19,Debit Card,SUCCESS,9,3050247.69,0.00,3050247.69
2024-10-19,Net Banking,FAILED,1,226578.16,0.00,226578.16
2024-10-19,Net Banking,REFUNDED,5,1095799.58,1095799.58,0.00
2024-10-19,Net Banking,SUCCESS,5,1209627.19,0.00,1209627.19
2024-10-19,Upi,REFUNDED,1,273319.07,273319.07,0.00
2024-10-19,Upi,SUCCESS,5,1523557.58,0.00,1523557.58
2024-10-19,Wallet,FAILED,2,509763.76,0.00,509763.76
2024-10-19,Wallet,REFUNDED,2,328172.56,328172.56,0.00
2024-10-19,Wallet,SUCCESS,4,1675383.50,0.00,1675383.50
2024-10-20,Credit Card,FAILED,2,491102.95,0.00,491102.95
2024-10-20,Credit Card,PENDING,1,123489.92,0.00,123489.92
2024-10-20,Credit Card,REFUNDED,5,1219105.48,1219105.48,0.00
2024-10-20,Credit Card,SUCCESS,7,1557246.15,0.00,1557246.15
2024-10-20,Debit Card,FAILED,2,556746.43,0.00,556746.43
2024-10-20,Debit Card,REFUNDED,3,795705.56,795705.56,0.00
2024-10-20,Debit Card,SUCCESS,6,1967681.98,0.00,1967681.98
2024-10-20,Net Banking,FAILED,1,100956.20,0.00,100956.20
2024-10-20,Net Banking,PENDING,1,160276.44,0.00,160276.44
2024-10-20,Net Banking,REFUNDED,1,537275.96,537275.96,0.00
2024-10-20,Net Banking,SUCCESS,8,2143382.15,0.00,2143382.15
2024-10-20,Upi,FAILED,1,407035.07,0.00,407035.07
2024-10-20,Upi,REFUNDED,1,439243.98,439243.98,0.00
2024-10-20,Upi,SUCCESS,5,486867.49,0.00,486867.49
2024-10-20,Wallet,REFUNDED,1,277838.14,277838.14,0.00
2024-10-20,Wallet,SUCCESS,3,773103.64,0.00,773103.64
2024-10-21,Credit Card,REFUNDED,2,496731.68,496731.68,0.00
2024-10-21,Credit Card,SUCCESS,12,2806234.30,0.00,2806234.30
2024-10-21,Debit Card,FAILED,2,240675.16,0.00,240675.16
2024-10-21,Debit Card,SUCCESS,7,1312007.21,0.00,1312007.21
2024-10-21,Net Banking,REFUNDED,2,805471.58,805471.58,0.00
2024-10-21,Net Banking,SUCCESS,6,1202368.14,0.00,1202368.14
2024-10-21,Upi,FAILED,3,535185.35,0.00,535185.35
2024-10-21,Upi,SUCCESS,6,1342806.42,0.00,1342806.42
2024-10-21,Wallet,PENDING,1,160819.03,0.00,160819.03
2024-10-21,Wallet,REFUNDED,2,582550.59,582550.59,0.00
2024-10-21,Wallet,SUCCESS,13,4063565.48,0.00,4063565.48
2024-10-22,Credit Card,FAILED,1,97274.96,0.00,97274.96
2024-10-22,Credit Card,PENDING,1,247628.45,0.00,247628.45
2024-10-22,Credit Card,REFUNDED,3,942233.89,942233.89,0.00
2024-10-22,Credit Card,SUCCESS,5,1098826.98,0.00,1098826.98
2024-10-22,Debit Card,FAILED,2,742448.45,0.00,742448.45
2024-10-22,Debit Card,REFUNDED,2,404422.59,404422.59,0.00
2024-10-22,Debit Card,SUCCESS,7,1963857.63,0.00,1963857.63
2024-10-22,Net Banking,FAILED,1,419543.06,0.00,419543.06
2024-10-22,Net Banking,REFUNDED,1,165655.17,165655.17,0.00
2024-10-22,Net Banking,SUCCESS,4,1269923.15,0.00,1269923.15
2024-10-22,Upi,REFUNDED,2,663995.77,663995.77,0.00
2024-10-22,Upi,SUCCESS,5,1481578.02,0.00,1481578.02
2024-10-22,Wallet,FAILED,2,869112.81,0.00,869112.81
2024-10-22,Wallet,REFUNDED,2,764910.47,764910.47,0.00
2024-10-22,Wallet,SUCCESS,3,761551.73,0.00,761551.73
2024-10-23,Credit Card,PENDING,2,548059.81,0.00,548059.81
2024-10-23,Credit Card,REFUNDED,4,983597.88,983597.88,0.00
2024-10-23,Credit Card,SUCCESS,7,2026219.32,0.00,2026219.32
2024-10-23,Debit Card,FAILED,1,342490.13,0.00,342490.13
2024-10-23,Debit Card,REFUNDED,4,1616458.64,1616458.64,0.00
2024-10-23,Debit Card,SUCCESS,8,2189121.11,0.00,2189121.11
2024-10-23,Net Banking,FAILED,2,543775.95,0.00,543775.95
2024-10-23,Net Banking,PENDING,1,441687.97,0.00,441687.97
2024-10-23,Net Banking,REFUNDED,3,907842.87,907842.87,0.00
2024-10-23,Net Banking,SUCCESS,6,1497417.23,0.00,1497417.23
2024-10-23,Upi,FAILED,1,422610.88,0.00,422610.88
2024-10-23,Upi,PENDING,1,141968.13,0.00,141968.13
2024-10-23,Upi,REFUNDED,1,72224.98,72224.98,0.00
2024-10-23,Upi,SUCCESS,10,3094577.33,0.00,3094577.33
2024-10-23,Wallet,REFUNDED,2,544728.90,544728.90,0.00
2024-10-23,Wallet,SUCCESS,3,779780.93,0.00,779780.93
2024-10-24,Credit Card,FAILED,3,973700.07,0.00,973700.07
2024-10-24,Credit Card,PENDING,1,60222.63,0.00,60222.63
2024-10-24,Credit Card,SUCCESS,6,1528168.79,0.00,1528168.79
2024-10-24,Debit Card,PENDING,1,97638.92,0.00,97638.92
2024-10-24,Debit Card,REFUNDED,4,1235521.50,1235521.50,0.00
2024-10-24,Debit Card,SUCCESS,7,2068142.18,0.00,2068142.18
2024-10-24,Net Banking,REFUNDED,2,693916.41,693916.41,0.00
2024-10-24,Net Banking,SUCCESS,5,775597.65,0.00,775597.65
2024-10-24,Upi,REFUNDED,1,10045.58,10045.58,0.00
2024-10-24,Upi,SUCCESS,4,1083445.18,0.00,1083445.18
2024-10-24,Wallet,FAILED,1,259868.85,0.00,259868.85
2024-10-24,Wallet,PENDING,2,445386.40,0.00,445386.40
2024-10-24,Wallet,REFUNDED,2,544110.39,544110.39,0.00
2024-10-24,Wallet,SUCCESS,6,1651127.82,0.00,1651127.82
2024-10-25,Credit Card,FAILED,3,1025977.78,0.00,1025977.78
2024-10-25,Credit Card,REFUNDED,3,1359055.78,1359055.78,0.00
2024-10-25,Credit Card,SUCCESS,6,1837000.31,0.00,1837000.31
2024-10-25,Debit Card,FAILED,2,773137.80,0.00,773137.80
2024-10-25,Debit Card,REFUNDED,1,61456.37,61456.37,0.00
2024-10-25,Debit Card,SUCCESS,7,1679405.69,0.00,1679405.69
2024-10-25,Net Banking,FAILED,1,143155.05,0.00,143155.05
2024-10-25,Net Banking,REFUNDED,1,7912.07,7912.07,0.00
2024-10-25,Net Banking,SUCCESS,11,3095827.48,0.00,3095827.48
2024-10-25,Upi,FAILED,2,189121.16,0.00,189121.16
2024-10-25,Upi,REFUNDED,2,889934.46,889934.46,0.00
2024-10-25,Upi,SUCCESS,6,2058305.60,0.00,2058305.60
2024-10-25,Wallet,FAILED,1,54408.47,0.00,54408.47
2024-10-25,Wallet,REFUNDED,3,591029.46,591029.46,0.00
2024-10-25,Wallet,SUCCESS,15,4502681.53,0.00,4502681.53
2024-10-26,Credit Card,FAILED,3,850976.41,0.00,850976.41
2024-10-26,Credit Card,REFUNDED,4,1484358.34,1484358.34,0.00
2024-10-26,Credit Card,SUCCESS,2,685274.66,0.00,685274.66
2024-10-26,Debit Card,FAILED,1,455115.37,0.00,455115.37
2024-10-26,Debit Card,REFUNDED,1,69451.58,69451.58,0.00
2024-10-26,Debit Card,SUCCESS,9,2861474.14,0.00,2861474.14
2024-10-26,Net Banking,FAILED,1,365912.38,0.00,365912.38
2024-10-26,Net Banking,REFUNDED,2,342515.92,342515.92,0.00
2024-10-26,Net Banking,SUCCESS,7,2507552.74,0.00,2507552.74
2024-10-26,Upi,REFUNDED,2,318556.51,318556.51,0.00
2024-10-26,Upi,SUCCESS,10,2016500.92,0.00,2016500.92
2024-10-26,Wallet,FAILED,2,295056.58,0.00,295056.58
2024-10-26,Wallet,PENDING,1,368934.93,0.00,368934.93
2024-10-26,Wallet,REFUNDED,4,349654.96,349654.96,0.00
2024-10-26,Wallet,SUCCESS,11,3303815.29,0.00,3303815.29
2024-10-27,Credit Card,REFUNDED,1,273325.63,273325.63,0.00
2024-10-27,Credit Card,SUCCESS,11,2308635.82,0.00,2308635.82
2024-10-27,Debit Card,FAILED,2,760526.87,0.00,760526.87
2024-10-27,Debit Card,PENDING,2,272859.56,0.00,272859.56
2024-10-27,Debit Card,REFUNDED,2,944962.00,944962.00,0.00
2024-10-27,Debit Card,SUCCESS,9,2218682.80,0.00,2218682.80
2024-10-27,Net Banking,REFUNDED,2,397015.48,397015.48,0.00
2024-10-27,Net Banking,SUCCESS,10,2686208.69,0.00,2686208.69
2024-10-27,Upi,REFUNDED,3,1397424.55,1397424.55,0.00
2024-10-27,Upi,SUCCESS,9,2695336.92,0.00,2695336.92
2024-10-27,Wallet,FAILED,2,194136.61,0.00,194136.61
2024-10-27,Wallet,PENDING,3,765985.97,0.00,765985.97
2024-10-27,Wallet,REFUNDED,2,96791.42,96791.42,0.00
2024-10-27,Wallet,SUCCESS,4,1170728.80,0.00,1170728.80
2024-10-28,Credit Card,SUCCESS,13,2836353.26,0.00,2836353.26
2024-10-28,Debit Card,FAILED,1,282804.40,0.00,282804.40
2024-10-28,Debit Card,PENDING,1,192623.60,0.00,192623.60
2024-10-28,Debit Card,SUCCESS,7,1629522.75,0.00,1629522.75
2024-10-28,Net Banking,FAILED,1,448337.77,0.00,448337.77
2024-10-28,Net Banking,PENDING,1,408959.92,0.00,408959.92
2024-10-28,Net Banking,REFUNDED,1,115856.88,115856.88,0.00
2024-10-28,Net Banking,SUCCESS,14,3444629.16,0.00,3444629.16
2024-10-28,Upi,FAILED,1,646655.07,0.00,646655.07
2024-10-28,Upi,PENDING,2,546055.59,0.00,546055.59
2024-10-28,Upi,REFUNDED,1,244354.28,244354.28,0.00
2024-10-28,Upi,SUCCESS,7,1591309.07,0.00,1591309.07
2024-10-28,Wallet,FAILED,1,293142.05,0.00,293142.05
2024-10-28,Wallet,PENDING,1,30881.00,0.00,30881.00
2024-10-28,Wallet,REFUNDED,1,309927.28,309927.28,0.00
2024-10-28,Wallet,SUCCESS,6,1111437.96,0.00,1111437.96
2024-10-29,Credit Card,SUCCESS,4,875874.85,0.00,875874.85
2024-10-29,Debit Card,FAILED,1,452256.81,0.00,452256.81
2024-10-29,Debit Card,REFUNDED,2,466623.81,466623.81,0.00
2024-10-29,Debit Card,SUCCESS,16,3441639.47,0.00,3441639.47
2024-10-29,Net Banking,FAILED,1,395047.38,0.00,395047.38
2024-10-29,Net Banking,PENDING,2,225606.16,0.00,225606.16
2024-10-29,Net Banking,REFUNDED,3,966001.90,966001.90,0.00
2024-10-29,Net Banking,SUCCESS,7,2079137.83,0.00,2079137.83
2024-10-29,Upi,FAILED,2,491076.23,0.00,491076.23
2024-10-29,Upi,REFUNDED,4,1163366.08,1163366.08,0.00
2024-10-29,Upi,SUCCESS,9,3298423.25,0.00,3298423.25
2024-10-29,Wallet,FAILED,1,202935.38,0.00,202935.38
2024-10-29,Wallet,REFUNDED,1,294975.68,294975.68,0.00
2024-10-29,Wallet,SUCCESS,7,1645621.55,0.00,1645621.55
2024-10-30,Credit Card,FAILED,1,93260.16,0.00,93260.16
2024-10-30,Credit Card,PENDING,1,351160.71,0.00,351160.71
2024-10-30,Credit Card,REFUNDED,4,202324.67,202324.67,0.00
2024-10-30,Credit Card,SUCCESS,8,2603961.62,0.00,2603961.62
2024-10-30,Debit Card,FAILED,1,403939.14,0.00,403939.14
2024-10-30,Debit Card,PENDING,1,241970.75,0.00,241970.75
2024-10-30,Debit Card,SUCCESS,8,2151400.66,0.00,2151400.66
2024-10-30,Net Banking,REFUNDED,4,1255562.66,1255562.66,0.00
2024-10-30,Net Banking,SUCCESS,2,566173.80,0.00,566173.80
2024-10-30,Upi,PENDING,1,145479.46,0.00,145479.46
2024-10-30,Upi,SUCCESS,7,2362714.08,0.00,2362714.08
2024-10-30,Wallet,FAILED,3,775307.59,0.00,775307.59
2024-10-30,Wallet,REFUNDED,1,223879.90,223879.90,0.00
2024-10-30,Wallet,SUCCESS,5,1440400.86,0.00,1440400.86
2024-10-31,Credit Card,FAILED,1,392471.40,0.00,392471.40
2024-10-31,Credit Card,PENDING,1,62173.98,0.00,62173.98
2024-10-31,Credit Card,REFUNDED,1,779499.83,779499.83,0.00
2024-10-31,Credit Card,SUCCESS,3,801429.01,0.00,801429.01
2024-10-31,Debit Card,FAILED,3,701362.07,0.00,701362.07
2024-10-31,Debit Card,PENDING,1,70077.95,0.00,70077.95
2024-10-31,Debit Card,REFUNDED,2,287691.20,287691.20,0.00
2024-10-31,Debit Card,SUCCESS,5,1894799.58,0.00,1894799.58
2024-10-31,Net Banking,PENDING,1,119205.16,0.00,119205.16
2024-10-31,Net Banking,REFUNDED,4,898527.60,898527.60,0.00
2024-10-31,Net Banking,SUCCESS,4,823893.77,0.00,823893.77
2024-10-31,Upi,FAILED,1,122576.83,0.00,122576.83
2024-10-31,Upi,REFUNDED,1,448169.77,448169.77,0.00
2024-10-31,Upi,SUCCESS,9,1987795.34,0.00,1987795.34
2024-10-31,Wallet,FAILED,1,280795.40,0.00,280795.40
2024-10-31,Wallet,REFUNDED,3,580917.79,580917.79,0.00
2024-10-31,Wallet,SUCCESS,5,1722475.88,0.00,1722475.88
2024-11-01,Credit Card,FAILED,1,124478.12,0.00,124478.12
2024-11-01,Credit Card,SUCCESS,5,1222773.00,0.00,1222773.00
2024-11-01,Debit Card,FAILED,1,250171.30,0.00,250171.30
2024-11-01,Debit Card,REFUNDED,3,1100657.04,1100657.04,0.00
2024-11-01,Debit Card,SUCCESS,1,201036.72,0.00,201036.72
2024-11-01,Net Banking,FAILED,1,120170.80,0.00,120170.80
2024-11-01,Net Banking,REFUNDED,2,775722.15,775722.15,0.00
2024-11-01,Net Banking,SUCCESS,10,2168626.73,0.00,2168626.73
2024-11-01,Upi,FAILED,4,618022.59,0.00,618022.59
2024-11-01,Upi,PENDING,1,272049.32,0.00,272049.32
2024-11-01,Upi,REFUNDED,1,278610.48,278610.48,0.00
2024-11-01,Upi,SUCCESS,7,1688391.27,0.00,1688391.27
2024-11-01,Wallet,FAILED,1,198086.97,0.00,198086.97
2024-11-01,Wallet,REFUNDED,4,738708.25,738708.25,0.00
2024-11-01,Wallet,SUCCESS,6,1498504.61,0.00,1498504.61
2024-11-02,Credit Card,FAILED,1,447618.72,0.00,447618.72
2024-11-02,Credit Card,REFUNDED,2,566151.98,566151.98,0.00
2024-11-02,Credit Card,SUCCESS,8,1896073.61,0.00,1896073.61
2024-11-02,Debit Card,SUCCESS,8,2841197.55,0.00,2841197.55
2024-11-02,Net Banking,FAILED,3,495950.00,0.00,495950.00
2024-11-02,Net Banking,PENDING,1,659865.52,0.00,659865.52
2024-11-02,Net Banking,REFUNDED,1,305290.84,305290.84,0.00
2024-11-02,Net Banking,SUCCESS,3,737807.87,0.00,737807.87
2024-11-02,Upi,FAILED,2,127383.20,0.00,127383.20
2024-11-02,Upi,REFUNDED,3,1390918.67,1390918.67,0.00
2024-11-02,Upi,SUCCESS,14,2756682.34,0.00,2756682.34
2024-11-02,Wallet,FAILED,2,1102905.75,0.00,1102905.75
2024-11-02,Wallet,REFUNDED,2,412039.26,412039.26,0.00
2024-11-02,Wallet,SUCCESS,11,2508417.68,0.00,2508417.68
2024-11-03,Credit Card,FAILED,1,292311.92,0.00,292311.92
2024-11-03,Credit Card,REFUNDED,3,556593.27,556593.27,0.00
2024-11-03,Credit Card,SUCCESS,6,1523744.91,0.00,1523744.91
2024-11-03,Debit Card,FAILED,3,854868.62,0.00,854868.62
2024-11-03,Debit Card,REFUNDED,1,250187.59,250187.59,0.00
2024-11-03,Debit Card,SUCCESS,6,1469272.66,0.00,1469272.66
2024-11-03,Net Banking,FAILED,1,371538.99,0.00,371538.99
2024-11-03,Net Banking,SUCCESS,8,1870587.99,0.00,1870587.99
2024-11-03,Upi,FAILED,3,846496.49,0.00,846496.49
2024-11-03,Upi,SUCCESS,7,1655371.80,0.00,1655371.80
2024-11-03,Wallet,FAILED,1,96834.66,0.00,96834.66
2024-11-03,Wallet,PENDING,1,199073.55,0.00,199073.55
2024-11-03,Wallet,REFUNDED,2,441393.13,441393.13,0.00
2024-11-03,Wallet,SUCCESS,8,2493829.94,0.00,2493829.94
2024-11-04,Credit Card,FAILED,1,334146.98,0.00,334146.98
2024-11-04,Credit Card,REFUNDED,2,706505.58,706505.58,0.00
2024-11-04,Credit Card,SUCCESS,7,1504627.73,0.00,1504627.73
2024-11-04,Debit Card,FAILED,2,647534.49,0.00,647534.49
2024-11-04,Debit Card,REFUNDED,2,428986.50,428986.50,0.00
2024-11-04,Debit Card,SUCCESS,6,1241540.90,0.00,1241540.90
2024-11-04,Net Banking,FAILED,2,672336.49,0.00,672336.49
2024-11-04,Net Banking,SUCCESS,8,1575497.97,0.00,1575497.97
2024-11-04,Upi,FAILED,1,383701.47,0.00,383701.47
2024-11-04,Upi,SUCCESS,11,1694420.56,0.00,1694420.56
2024-11-04,Wallet,FAILED,1,282347.89,0.00,282347.89
2024-11-04,Wallet,PENDING,1,8134.58,0.00,8134.58
2024-11-04,Wallet,SUCCESS,6,1498626.51,0.00,1498626.51
2024-11-05,Credit Card,REFUNDED,3,400562.65,400562.65,0.00
2024-11-05,Credit Card,SUCCESS,10,3589573.70,0.00,3589573.70
2024-11-05,Debit Card,FAILED,2,407953.35,0.00,407953.35
2024-11-05,Debit Card,SUCCESS,6,1415924.53,0.00,1415924.53
2024-11-05,Net Banking,PENDING,1,356396.10,0.00,356396.10
2024-11-05,Net Banking,REFUNDED,2,740035.00,740035.00,0.00
2024-11-05,Net Banking,SUCCESS,7,2638165.53,0.00,2638165.53
2024-11-05,Upi,FAILED,1,310377.57,0.00,310377.57
2024-11-05,Upi,REFUNDED,2,297505.97,297505.97,0.00
2024-11-05,Upi,SUCCESS,2,465638.52,0.00,465638.52
2024-11-05,Wallet,REFUNDED,2,377983.00,377983.00,0.00
2024-11-05,Wallet,SUCCESS,5,1537482.57,0.00,1537482.57
2024-11-06,Credit Card,REFUNDED,4,1891713.44,1891713.44,0.00
2024-11-06,Credit Card,SUCCESS,5,1526291.78,0.00,1526291.78
2024-11-06,Debit Card,SUCCESS,8,1624064.80,0.00,1624064.80
2024-11-06,Net Banking,FAILED,1,104988.55,0.00,104988.55
2024-11-06,Net Banking,PENDING,1,312147.96,0.00,312147.96
2024-11-06,Net Banking,SUCCESS,4,940021.32,0.00,940021.32
2024-11-06,Upi,FAILED,2,361803.73,0.00,361803.73
2024-11-06,Upi,REFUNDED,3,709502.64,709502.64,0.00
2024-11-06,Upi,SUCCESS,7,1973175.34,0.00,1973175.34
2024-11-06,Wallet,REFUNDED,1,261246.14,261246.14,0.00
2024-11-06,Wallet,SUCCESS,4,1107044.14,0.00,1107044.14
2024-11-07,Credit Card,FAILED,1,192025.73,0.00,192025.73
2024-11-07,Credit Card,PENDING,1,290043.76,0.00,290043.76
2024-11-07,Credit Card,SUCCESS,5,1239410.27,0.00,1239410.27
2024-11-07,Debit Card,FAILED,1,22588.98,0.00,22588.98
2024-11-07,Debit Card,REFUNDED,1,149754.17,149754.17,0.00
2024-11-07,Debit Card,SUCCESS,10,2334691.24,0.00,2334691.24
2024-11-07,Net Banking,SUCCESS,10,2269562.20,0.00,2269562.20
2024-11-07,Upi,REFUNDED,1,325648.39,325648.39,0.00
2024-11-07,Upi,SUCCESS,6,1465748.62,0.00,1465748.62
2024-11-07,Wallet,REFUNDED,1,320842.64,320842.64,0.00
2024-11-07,Wallet,SUCCESS,11,3502546.92,0.00,3502546.92
2024-11-08,Credit Card,REFUNDED,4,1433449.47,1433449.47,0.00
2024-11-08,Credit Card,SUCCESS,5,1554346.98,0.00,1554346.98
2024-11-08,Debit Card,FAILED,1,138959.08,0.00,138959.08
2024-11-08,Debit Card,PENDING,1,228540.52,0.00,228540.52
2024-11-08,Debit Card,SUCCESS,8,2179716.30,0.00,2179716.30
2024-11-08,Net Banking,REFUNDED,1,336357.44,336357.44,0.00
2024-11-08,Net Banking,SUCCESS,10,3171251.29,0.00,3171251.29
2024-11-08,Upi,FAILED,2,504471.66,0.00,504471.66
2024-11-08,Upi,PENDING,1,227284.48,0.00,227284.48
2024-11-08,Upi,SUCCESS,7,1828105.64,0.00,1828105.64
2024-11-08,Wallet,REFUNDED,2,396009.87,396009.87,0.00
2024-11-08,Wallet,SUCCESS,9,1897197.84,0.00,1897197.84
2024-11-09,Credit Card,FAILED,1,318455.16,0.00,318455.16
2024-11-09,Credit Card,REFUNDED,2,635304.00,635304.00,0.00
2024-11-09,Credit Card,SUCCESS,9,2132746.31,0.00,2132746.31
2024-11-09,Debit Card,FAILED,2,965954.40,0.00,965954.40
2024-11-09,Debit Card,PENDING,1,100840.08,0.00,100840.08
2024-11-09,Debit Card,SUCCESS,6,1862025.54,0.00,1862025.54
2024-11-09,Net Banking,FAILED,1,398917.70,0.00,398917.70
2024-11-09,Net Banking,PENDING,1,535785.76,0.00,535785.76
2024-11-09,Net Banking,REFUNDED,2,372857.85,372857.85,0.00
2024-11-09,Net Banking,SUCCESS,7,1971407.07,0.00,1971407.07
2024-11-09,Upi,REFUNDED,2,262586.06,262586.06,0.00
2024-11-09,Upi,SUCCESS,11,2808408.99,0.00,2808408.99
2024-11-09,Wallet,REFUNDED,1,271733.14,271733.14,0.00
2024-11-09,Wallet,SUCCESS,6,1401798.79,0.00,1401798.79
2024-11-10,Credit Card,REFUNDED,3,753942.73,753942.73,0.00
2024-11-10,Credit Card,SUCCESS,6,1515531.76,0.00,1515531.76
2024-11-10,Debit Card,REFUNDED,2,388428.76,388428.76,0.00
2024-11-10,Debit Card,SUCCESS,10,1997312.11,0.00,1997312.11
2024-11-10,Net Banking,FAILED,3,824929.77,0.00,824929.77
2024-11-10,Net Banking,SUCCESS,10,1734068.45,0.00,1734068.45
2024-11-10,Upi,REFUNDED,2,1475660.01,1475660.01,0.00
2024-11-10,Upi,SUCCESS,13,3692065.76,0.00,3692065.76
2024-11-10,Wallet,SUCCESS,9,2069084.74,0.00,2069084.74
2024-11-11,Credit Card,FAILED,3,654243.48,0.00,654243.48
2024-11-11,Credit Card,PENDING,1,565357.40,0.00,565357.40
2024-11-11,Credit Card,REFUNDED,1,68108.20,68108.20,0.00
2024-11-11,Credit Card,SUCCESS,5,1153784.77,0.00,1153784.77
2024-11-11,Debit Card,PENDING,1,192249.17,0.00,192249.17
2024-11-11,Debit Card,REFUNDED,3,733565.53,733565.53,0.00
2024-11-11,Debit Card,SUCCESS,15,4400368.48,0.00,4400368.48
2024-11-11,Net Banking,FAILED,3,898358.71,0.00,898358.71
2024-11-11,Net Banking,REFUNDED,3,367493.06,367493.06,0.00
2024-11-11,Net Banking,SUCCESS,10,3190038.40,0.00,3190038.40
2024-11-11,Upi,PENDING,1,220452.42,0.00,220452.42
2024-11-11,Upi,SUCCESS,9,3604642.07,0.00,3604642.07
2024-11-11,Wallet,FAILED,2,742796.01,0.00,742796.01
2024-11-11,Wallet,REFUNDED,2,328149.19,328149.19,0.00
2024-11-11,Wallet,SUCCESS,10,2192339.44,0.00,2192339.44
2024-11-12,Credit Card,PENDING,1,71742.52,0.00,71742.52
2024-11-12,Credit Card,REFUNDED,1,514416.09,514416.09,0.00
2024-11-12,Credit Card,SUCCESS,5,840351.41,0.00,840351.41
2024-11-12,Debit Card,SUCCESS,9,2540826.92,0.00,2540826.92
2024-11-12,Net Banking,FAILED,1,269798.03,0.00,269798.03
2024-11-12,Net Banking,PENDING,1,384677.79,0.00,384677.79
2024-11-12,Net Banking,REFUNDED,2,1019615.35,1019615.35,0.00
2024-11-12,Net Banking,SUCCESS,6,699661.90,0.00,699661.90
2024-11-12,Upi,FAILED,3,594012.82,0.00,594012.82
2024-11-12,Upi,REFUNDED,1,40320.89,40320.89,0.00
2024-11-12,Upi,SUCCESS,3,968298.71,0.00,968298.71
2024-11-12,Wallet,FAILED,4,839011.29,0.00,839011.29
2024-11-12,Wallet,REFUNDED,2,1151149.80,1151149.80,0.00
2024-11-12,Wallet,SUCCESS,5,1824533.16,0.00,1824533.16
2024-11-13,Credit Card,REFUNDED,3,366002.70,366002.70,0.00
2024-11-13,Credit Card,SUCCESS,10,2065434.86,0.00,2065434.86
2024-11-13,Debit Card,FAILED,2,190698.78,0.00,190698.78
2024-11-13,Debit Card,REFUNDED,3,708916.99,708916.99,0.00
2024-11-13,Debit Card,SUCCESS,6,1316250.48,0.00,1316250.48
2024-11-13,Net Banking,FAILED,1,238106.09,0.00,238106.09
2024-11-13,Net Banking,PENDING,1,87215.88,0.00,87215.88
2024-11-13,Net Banking,REFUNDED,1,52835.72,52835.72,0.00
2024-11-13,Net Banking,SUCCESS,5,832915.81,0.00,832915.81
2024-11-13,Upi,PENDING,1,276817.66,0.00,276817.66
2024-11-13,Upi,REFUNDED,4,771834.54,771834.54,0.00
2024-11-13,Upi,SUCCESS,6,2025107.67,0.00,2025107.67
2024-11-13,Wallet,FAILED,1,292005.53,0.00,292005.53
2024-11-13,Wallet,REFUNDED,1,474914.76,474914.76,0.00
2024-11-13,Wallet,SUCCESS,10,3538270.36,0.00,3538270.36
2024-11-14,Credit Card,REFUNDED,4,1110611.69,1110611.69,0.00
2024-11-14,Credit Card,SUCCESS,10,3059281.03,0.00,3059281.03
2024-11-14,Debit Card,FAILED,1,289963.43,0.00,289963.43
2024-11-14,Debit Card,PENDING,1,526294.02,0.00,526294.02
2024-11-14,Debit Card,REFUNDED,3,443956.82,443956.82,0.00
2024-11-14,Debit Card,SUCCESS,5,1356638.60,0.00,1356638.60
2024-11-14,Net Banking,FAILED,1,1158.19,0.00,1158.19
2024-11-14,Net Banking,REFUNDED,1,152299.11,152299.11,0.00
2024-11-14,Net Banking,SUCCESS,6,1501553.85,0.00,1501553.85
2024-11-14,Upi,FAILED,1,145729.92,0.00,145729.92
2024-11-14,Upi,REFUNDED,2,390402.54,390402.54,0.00
2024-11-14,Upi,SUCCESS,4,1115452.98,0.00,1115452.98
2024-11-14,Wallet,FAILED,1,146289.43,0.00,146289.43
2024-11-14,Wallet,REFUNDED,1,157492.46,157492.46,0.00
2024-11-14,Wallet,SUCCESS,11,2397129.31,0.00,2397129.31
2024-11-15,Credit Card,FAILED,1,129884.25,0.00,129884.25
2024-11-15,Credit Card,REFUNDED,3,590620.45,590620.45,0.00
2024-11-15,Credit Card,SUCCESS,10,2044692.27,0.00,2044692.27
2024-11-15,Debit Card,REFUNDED,3,910316.27,910316.27,0.00
2024-11-15,Debit Card,SUCCESS,5,907260.45,0.00,907260.45
2024-11-15,Net Banking,REFUNDED,2,799412.86,799412.86,0.00
2024-11-15,Net Banking,SUCCESS,4,448391.29,0.00,448391.29
2024-11-15,Upi,FAILED,1,201471.40,0.00,201471.40
2024-11-15,Upi,PENDING,1,54769.70,0.00,54769.70
2024-11-15,Upi,REFUNDED,2,746866.05,746866.05,0.00
2024-11-15,Upi,SUCCESS,5,1259025.28,0.00,1259025.28
2024-11-15,Wallet,REFUNDED,2,789876.85,789876.85,0.00
2024-11-15,Wallet,SUCCESS,8,1859271.93,0.00,1859271.93
2024-11-16,Credit Card,FAILED,1,289795.97,0.00,289795.97
2024-11-16,Credit Card,PENDING,1,232743.00,0.00,232743.00
2024-11-16,Credit Card,REFUNDED,3,1415817.33,1415817.33,0.00
2024-11-16,Credit Card,SUCCESS,7,1514179.81,0.00,1514179.81
2024-11-16,Debit Card,FAILED,3,203705.08,0.00,203705.08
2024-11-16,Debit Card,REFUNDED,2,434654.26,434654.26,0.00
2024-11-16,Debit Card,SUCCESS,7,2753846.33,0.00,2753846.33
2024-11-16,Net Banking,REFUNDED,2,891492.60,891492.60,0.00
2024-11-16,Net Banking,SUCCESS,7,1441107.84,0.00,1441107.84
2024-11-16,Upi,FAILED,2,637954.64,0.00,637954.64
2024-11-16,Upi,PENDING,1,175251.95,0.00,175251.95
2024-11-16,Upi,REFUNDED,2,162024.91,162024.91,0.00
2024-11-16,Upi,SUCCESS,5,1349872.71,0.00,1349872.71
2024-11-16,Wallet,FAILED,1,300365.79,0.00,300365.79
2024-11-16,Wallet,REFUNDED,1,44609.01,44609.01,0.00
2024-11-16,Wallet,SUCCESS,9,2314906.46,0.00,2314906.46
2024-11-17,Credit Card,REFUNDED,2,619412.85,619412.85,0.00
2024-11-17,Credit Card,SUCCESS,6,1083907.16,0.00,1083907.16
2024-11-17,Debit Card,FAILED,2,332619.29,0.00,332619.29
2024-11-17,Debit Card,REFUNDED,1,174212.06,174212.06,0.00
2024-11-17,Debit Card,SUCCESS,11,2936451.70,0.00,2936451.70
2024-11-17,Net Banking,FAILED,3,624383.89,0.00,624383.89
2024-11-17,Net Banking,SUCCESS,5,1355337.90,0.00,1355337.90
2024-11-17,Upi,FAILED,1,125797.01,0.00,125797.01
2024-11-17,Upi,REFUNDED,2,361226.96,361226.96,0.00
2024-11-17,Upi,SUCCESS,6,1013921.34,0.00,1013921.34
2024-11-17,Wallet,FAILED,3,476354.05,0.00,476354.05
2024-11-17,Wallet,REFUNDED,2,740487.56,740487.56,0.00
2024-11-17,Wallet,SUCCESS,5,966323.83,0.00,966323.83
2024-11-18,Credit Card,REFUNDED,2,433363.16,433363.16,0.00
2024-11-18,Credit Card,SUCCESS,4,1276399.00,0.00,1276399.00
2024-11-18,Debit Card,FAILED,2,826065.99,0.00,826065.99
2024-11-18,Debit Card,REFUNDED,1,483097.01,483097.01,0.00
2024-11-18,Debit Card,SUCCESS,7,1398859.06,0.00,1398859.06
2024-11-18,Net Banking,REFUNDED,3,510336.16,510336.16,0.00
2024-11-18,Net Banking,SUCCESS,8,1740169.98,0.00,1740169.98
2024-11-18,Upi,FAILED,2,547845.39,0.00,547845.39
2024-11-18,Upi,REFUNDED,1,202639.46,202639.46,0.00
2024-11-18,Upi,SUCCESS,5,1563527.01,0.00,1563527.01
2024-11-18,Wallet,REFUNDED,2,265421.63,265421.63,0.00
2024-11-18,Wallet,SUCCESS,5,981192.51,0.00,981192.51
2024-11-19,Credit Card,FAILED,2,254633.77,0.00,254633.77
2024-11-19,Credit Card,SUCCESS,7,1104877.14,0.00,1104877.14
2024-11-19,Debit Card,REFUNDED,2,266150.37,266150.37,0.00
2024-11-19,Debit Card,SUCCESS,9,2588444.05,0.00,2588444.05
2024-11-19,Net Banking,FAILED,1,177242.11,0.00,177242.11
2024-11-19,Net Banking,REFUNDED,2,477184.77,477184.77,0.00
2024-11-19,Net Banking,SUCCESS,12,2177531.20,0.00,2177531.20
2024-11-19,Upi,FAILED,2,362170.32,0.00,362170.32
2024-11-19,Upi,PENDING,1,67766.95,0.00,67766.95
2024-11-19,Upi,REFUNDED,1,417785.69,417785.69,0.00
2024-11-19,Upi,SUCCESS,6,1168127.32,0.00,1168127.32
2024-11-19,Wallet,FAILED,2,313866.55,0.00,313866.55
2024-11-19,Wallet,REFUNDED,5,987495.74,987495.74,0.00
2024-11-19,Wallet,SUCCESS,5,943309.85,0.00,943309.85
2024-11-20,Credit Card,FAILED,3,313317.13,0.00,313317.13
2024-11-20,Credit Card,PENDING,1,175647.98,0.00,175647.98
2024-11-20,Credit Card,REFUNDED,2,460964.20,460964.20,0.00
2024-11-20,Credit Card,SUCCESS,12,2275123.68,0.00,2275123.68
2024-11-20,Debit Card,FAILED,2,903752.48,0.00,903752.48
2024-11-20,Debit Card,PENDING,2,376633.02,0.00,376633.02
2024-11-20,Debit Card,REFUNDED,1,376338.10,376338.10,0.00
2024-11-20,Debit Card,SUCCESS,9,2200850.88,0.00,2200850.88
2024-11-20,Net Banking,FAILED,3,551266.84,0.00,551266.84
2024-11-20,Net Banking,PENDING,1,535243.80,0.00,535243.80
2024-11-20,Net Banking,REFUNDED,1,100136.85,100136.85,0.00
2024-11-20,Net Banking,SUCCESS,7,2030178.91,0.00,2030178.91
2024-11-20,Upi,FAILED,2,773929.24,0.00,773929.24
2024-11-20,Upi,SUCCESS,10,1991604.71,0.00,1991604.71
2024-11-20,Wallet,FAILED,3,931761.06,0.00,931761.06
2024-11-20,Wallet,REFUNDED,1,99193.26,99193.26,0.00
2024-11-20,Wallet,SUCCESS,10,2930667.28,0.00,2930667.28
2024-11-21,Credit Card,FAILED,2,704048.37,0.00,704048.37
2024-11-21,Credit Card,PENDING,1,66430.55,0.00,66430.55
2024-11-21,Credit Card,REFUNDED,2,534399.32,534399.32,0.00
2024-11-21,Credit Card,SUCCESS,4,1413518.41,0.00,1413518.41
2024-11-21,Debit Card,FAILED,2,785412.24,0.00,785412.24
2024-11-21,Debit Card,SUCCESS,8,1457075.41,0.00,1457075.41
2024-11-21,Net Banking,REFUNDED,1,112521.08,112521.08,0.00
2024-11-21,Net Banking,SUCCESS,4,1509706.25,0.00,1509706.25
2024-11-21,Upi,FAILED,2,701471.75,0.00,701471.75
2024-11-21,Upi,PENDING,2,457197.07,0.00,457197.07
2024-11-21,Upi,REFUNDED,1,443664.95,443664.95,0.00
2024-11-21,Upi,SUCCESS,9,2570058.85,0.00,2570058.85
2024-11-21,Wallet,FAILED,1,295618.57,0.00,295618.57
2024-11-21,Wallet,REFUNDED,1,99462.83,99462.83,0.00
2024-11-21,Wallet,SUCCESS,1,192600.50,0.00,192600.50
2024-11-22,Credit Card,FAILED,1,80801.25,0.00,80801.25
2024-11-22,Credit Card,REFUNDED,2,853673.53,853673.53,0.00
2024-11-22,Credit Card,SUCCESS,5,1060352.44,0.00,1060352.44
2024-11-22,Debit Card,FAILED,2,205262.11,0.00,205262.11
2024-11-22,Debit Card,REFUNDED,1,231659.80,231659.80,0.00
2024-11-22,Debit Card,SUCCESS,10,2409104.77,0.00,2409104.77
2024-11-22,Net Banking,FAILED,1,164715.47,0.00,164715.47
2024-11-22,Net Banking,PENDING,1,607927.06,0.00,607927.06
2024-11-22,Net Banking,SUCCESS,7,1409255.30,0.00,1409255.30
2024-11-22,Upi,FAILED,3,928511.52,0.00,928511.52
2024-11-22,Upi,SUCCESS,3,350892.57,0.00,350892.57
2024-11-22,Wallet,REFUNDED,3,1101393.51,1101393.51,0.00
2024-11-22,Wallet,SUCCESS,7,2367173.54,0.00,2367173.54
2024-11-23,Credit Card,PENDING,1,246874.26,0.00,246874.26
2024-11-23,Credit Card,SUCCESS,13,3795412.07,0.00,3795412.07
2024-11-23,Debit Card,FAILED,1,276111.10,0.00,276111.10
2024-11-23,Debit Card,REFUNDED,1,197126.39,197126.39,0.00
2024-11-23,Debit Card,SUCCESS,15,3586064.96,0.00,3586064.96
2024-11-23,Net Banking,FAILED,2,477677.25,0.00,477677.25
2024-11-23,Net Banking,REFUNDED,2,376972.50,376972.50,0.00
2024-11-23,Net Banking,SUCCESS,11,3157295.25,0.00,3157295.25
2024-11-23,Upi,SUCCESS,6,2131737.60,0.00,2131737.60
2024-11-23,Wallet,PENDING,1,48045.06,0.00,48045.06
2024-11-23,Wallet,REFUNDED,2,607399.91,607399.91,0.00
2024-11-23,Wallet,SUCCESS,8,1391956.16,0.00,1391956.16
2024-11-24,Credit Card,FAILED,3,839172.80,0.00,839172.80
2024-11-24,Credit Card,REFUNDED,4,1105146.08,1105146.08,0.00
2024-11-24,Credit Card,SUCCESS,8,2943532.17,0.00,2943532.17
2024-11-24,Debit Card,FAILED,5,1164815.64,0.00,1164815.64
2024-11-24,Debit Card,SUCCESS,4,1168090.96,0.00,1168090.96
2024-11-24,Net Banking,FAILED,3,515881.75,0.00,515881.75
2024-11-24,Net Banking,REFUNDED,3,301961.64,301961.64,0.00
2024-11-24,Net Banking,SUCCESS,7,1910124.81,0.00,1910124.81
2024-11-24,Upi,FAILED,2,911036.33,0.00,911036.33
2024-11-24,Upi,PENDING,2,280223.10,0.00,280223.10
2024-11-24,Upi,REFUNDED,2,399329.68,399329.68,0.00
2024-11-24,Upi,SUCCESS,8,2515044.34,0.00,2515044.34
2024-11-24,Wallet,FAILED,2,738999.22,0.00,738999.22
2024-11-24,Wallet,REFUNDED,3,417289.27,417289.27,0.00
2024-11-24,Wallet,SUCCESS,5,1535886.59,0.00,1535886.59
2024-11-25,Credit Card,FAILED,4,1019775.76,0.00,1019775.76
2024-11-25,Credit Card,REFUNDED,2,832374.78,832374.78,0.00
2024-11-25,Credit Card,SUCCESS,7,1978321.63,0.00,1978321.63
2024-11-25,Debit Card,FAILED,1,167530.33,0.00,167530.33
2024-11-25,Debit Card,PENDING,2,931395.05,0.00,931395.05
2024-11-25,Debit Card,REFUNDED,2,290007.33,290007.33,0.00
2024-11-25,Debit Card,SUCCESS,6,1700323.36,0.00,1700323.36
2024-11-25,Net Banking,FAILED,1,3090.39,0.00,3090.39
2024-11-25,Net Banking,REFUNDED,2,339316.36,339316.36,0.00
2024-11-25,Net Banking,SUCCESS,9,3447142.07,0.00,3447142.07
2024-11-25,Upi,FAILED,1,230729.59,0.00,230729.59
2024-11-25,Upi,REFUNDED,1,136149.44,136149.44,0.00
2024-11-25,Upi,SUCCESS,12,3640382.47,0.00,3640382.47
2024-11-25,Wallet,REFUNDED,1,184180.64,184180.64,0.00
2024-11-25,Wallet,SUCCESS,11,3590414.43,0.00,3590414.43
2024-11-26,Credit Card,PENDING,1,288988.29,0.00,288988.29
2024-11-26,Credit Card,REFUNDED,1,532908.17,532908.17,0.00
2024-11-26,Credit Card,SUCCESS,7,2605710.59,0.00,2605710.59
2024-11-26,Debit Card,PENDING,1,290050.34,0.00,290050.34
2024-11-26,Debit Card,REFUNDED,2,930181.75,930181.75,0.00
2024-11-26,Debit Card,SUCCESS,9,1431576.34,0.00,1431576.34
2024-11-26,Net Banking,PENDING,1,53035.54,0.00,53035.54
2024-11-26,Net Banking,REFUNDED,1,313721.83,313721.83,0.00
2024-11-26,Net Banking,SUCCESS,8,2570659.52,0.00,2570659.52
2024-11-26,Upi,FAILED,1,373120.00,0.00,373120.00
2024-11-26,Upi,PENDING,1,52362.88,0.00,52362.88
2024-11-26,Upi,REFUNDED,1,205866.00,205866.00,0.00
2024-11-26,Upi,SUCCESS,5,2156351.72,0.00,2156351.72
2024-11-26,Wallet,REFUNDED,2,434885.01,434885.01,0.00
2024-11-26,Wallet,SUCCESS,4,590520.49,0.00,590520.49
2024-11-27,Credit Card,FAILED,2,652174.56,0.00,652174.56
2024-11-27,Credit Card,REFUNDED,1,381396.22,381396.22,0.00
2024-11-27,Credit Card,SUCCESS,4,644376.84,0.00,644376.84
2024-11-27,Debit Card,FAILED,2,426927.79,0.00,426927.79
2024-11-27,Debit Card,REFUNDED,3,506709.97,506709.97,0.00
2024-11-27,Debit Card,SUCCESS,12,3558777.13,0.00,3558777.13
2024-11-27,Net Banking,FAILED,2,726720.28,0.00,726720.28
2024-11-27,Net Banking,REFUNDED,2,498701.41,498701.41,0.00
2024-11-27,Net Banking,SUCCESS,6,1894038.97,0.00,1894038.97
2024-11-27,Upi,FAILED,1,500049.46,0.00,500049.46
2024-11-27,Upi,REFUNDED,5,2065106.72,2065106.72,0.00
2024-11-27,Upi,SUCCESS,9,2104333.47,0.00,2104333.47
2024-11-27,Wallet,FAILED,1,618476.13,0.00,618476.13
2024-11-27,Wallet,REFUNDED,1,407204.71,407204.71,0.00
2024-11-27,Wallet,SUCCESS,7,1917546.11,0.00,1917546.11
2024-11-28,Credit Card,FAILED,1,491670.68,0.00,491670.68
2024-11-28,Credit Card,REFUNDED,1,143873.06,143873.06,0.00
2024-11-28,Credit Card,SUCCESS,6,1527160.96,0.00,1527160.96
2024-11-28,Debit Card,FAILED,2,552687.31,0.00,552687.31
2024-11-28,Debit Card,PENDING,3,972404.29,0.00,972404.29
2024-11-28,Debit Card,REFUNDED,1,164972.38,164972.38,0.00
2024-11-28,Debit Card,SUCCESS,7,790277.53,0.00,790277.53
2024-11-28,Net Banking,FAILED,3,647646.87,0.00,647646.87
2024-11-28,Net Banking,REFUNDED,2,479428.32,479428.32,0.00
2024-11-28,Net Banking,SUCCESS,9,1928347.77,0.00,1928347.77
2024-11-28,Upi,FAILED,2,225480.29,0.00,225480.29
2024-11-28,Upi,REFUNDED,1,518199.85,518199.85,0.00
2024-11-28,Upi,SUCCESS,4,1215455.90,0.00,1215455.90
2024-11-28,Wallet,REFUNDED,3,938197.83,938197.83,0.00
2024-11-29,Credit Card,FAILED,1,452824.05,0.00,452824.05
2024-11-29,Credit Card,PENDING,1,179142.08,0.00,179142.08
2024-11-29,Credit Card,REFUNDED,5,959163.65,959163.65,0.00
2024-11-29,Credit Card,SUCCESS,9,2164290.00,0.00,2164290.00
2024-11-29,Debit Card,PENDING,1,173823.78,0.00,173823.78
2024-11-29,Debit Card,REFUNDED,2,464282.01,464282.01,0.00
2024-11-29,Debit Card,SUCCESS,5,1483722.93,0.00,1483722.93
2024-11-29,Net Banking,FAILED,1,84382.59,0.00,84382.59
2024-11-29,Net Banking,REFUNDED,3,684702.90,684702.90,0.00
2024-11-29,Net Banking,SUCCESS,9,2088499.70,0.00,2088499.70
2024-11-29,Upi,FAILED,4,529475.55,0.00,529475.55
2024-11-29,Upi,PENDING,1,10578.16,0.00,10578.16
2024-11-29,Upi,SUCCESS,6,1292064.53,0.00,1292064.53
2024-11-29,Wallet,FAILED,1,425571.25,0.00,425571.25
2024-11-29,Wallet,REFUNDED,2,1014547.96,1014547.96,0.00
2024-11-29,Wallet,SUCCESS,12,3727841.93,0.00,3727841.93
2024-11-30,Credit Card,FAILED,2,490222.50,0.00,490222.50
2024-11-30,Credit Card,REFUNDED,3,745252.72,745252.72,0.00
2024-11-30,Credit Card,SUCCESS,8,1690658.46,0.00,1690658.46
2024-11-30,Debit Card,REFUNDED,1,115174.58,115174.58,0.00
2024-11-30,Debit Card,SUCCESS,4,767260.31,0.00,767260.31
2024-11-30,Net Banking,FAILED,1,317723.39,0.00,317723.39
2024-11-30,Net Banking,SUCCESS,6,1209355.68,0.00,1209355.68
2024-11-30,Upi,FAILED,1,124608.59,0.00,124608.59
2024-11-30,Upi,REFUNDED,3,812422.76,812422.76,0.00
2024-11-30,Upi,SUCCESS,8,2465315.76,0.00,2465315.76
2024-11-30,Wallet,SUCCESS,10,2420465.39,0.00,2420465.39
2024-12-01,Credit Card,REFUNDED,4,601839.35,601839.35,0.00
2024-12-01,Credit Card,SUCCESS,9,2681322.48,0.00,2681322.48
2024-12-01,Debit Card,FAILED,1,464446.23,0.00,464446.23
2024-12-01,Debit Card,REFUNDED,1,708893.36,708893.36,0.00
2024-12-01,Debit Card,SUCCESS,4,1546119.45,0.00,1546119.45
2024-12-01,Net Banking,REFUNDED,1,292100.92,292100.92,0.00
2024-12-01,Net Banking,SUCCESS,4,1102309.99,0.00,1102309.99
2024-12-01,Upi,REFUNDED,3,507358.59,507358.59,0.00
2024-12-01,Upi,SUCCESS,9,1992380.74,0.00,1992380.74
2024-12-01,Wallet,SUCCESS,7,1848989.73,0.00,1848989.73
2024-12-02,Credit Card,FAILED,1,86993.94,0.00,86993.94
2024-12-02,Credit Card,REFUNDED,1,567027.47,567027.47,0.00
2024-12-02,Credit Card,SUCCESS,9,2310072.79,0.00,2310072.79
2024-12-02,Debit Card,FAILED,1,164047.63,0.00,164047.63
2024-12-02,Debit Card,PENDING,1,232675.42,0.00,232675.42
2024-12-02,Debit Card,REFUNDED,2,621007.37,621007.37,0.00
2024-12-02,Debit Card,SUCCESS,7,2524197.96,0.00,2524197.96
2024-12-02,Net Banking,FAILED,1,425511.68,0.00,425511.68
2024-12-02,Net Banking,REFUNDED,1,356686.53,356686.53,0.00
2024-12-02,Net Banking,SUCCESS,7,1941498.63,0.00,1941498.63
2024-12-02,Upi,FAILED,2,586018.01,0.00,586018.01
2024-12-02,Upi,REFUNDED,3,799930.10,799930.10,0.00
2024-12-02,Upi,SUCCESS,10,2659949.42,0.00,2659949.42
2024-12-02,Wallet,FAILED,1,249061.88,0.00,249061.88
2024-12-02,Wallet,REFUNDED,2,397277.67,397277.67,0.00
2024-12-02,Wallet,SUCCESS,9,2664622.66,0.00,2664622.66
2024-12-03,Credit Card,FAILED,1,457160.61,0.00,457160.61
2024-12-03,Credit Card,REFUNDED,2,689736.22,689736.22,0.00
2024-12-03,Credit Card,SUCCESS,8,1913469.72,0.00,1913469.72
2024-12-03,Debit Card,FAILED,1,55321.39,0.00,55321.39
2024-12-03,Debit Card,REFUNDED,3,1027794.15,1027794.15,0.00
2024-12-03,Debit Card,SUCCESS,10,2493714.61,0.00,2493714.61
2024-12-03,Net Banking,FAILED,1,127818.36,0.00,127818.36
2024-12-03,Net Banking,REFUNDED,2,74428.85,74428.85,0.00
2024-12-03,Net Banking,SUCCESS,5,1180277.10,0.00,1180277.10
2024-12-03,Upi,REFUNDED,3,734125.00,734125.00,0.00
2024-12-03,Upi,SUCCESS,8,1747942.50,0.00,1747942.50
2024-12-03,Wallet,FAILED,2,502378.55,0.00,502378.55
2024-12-03,Wallet,PENDING,1,160076.43,0.00,160076.43
2024-12-03,Wallet,REFUNDED,3,909764.29,909764.29,0.00
2024-12-03,Wallet,SUCCESS,10,3346266.58,0.00,3346266.58
2024-12-04,Credit Card,FAILED,1,276142.29,0.00,276142.29
2024-12-04,Credit Card,REFUNDED,2,978518.73,978518.73,0.00
2024-12-04,Credit Card,SUCCESS,10,2500682.38,0.00,2500682.38
2024-12-04,Debit Card,PENDING,2,162003.90,0.00,162003.90
2024-12-04,Debit Card,REFUNDED,1,166543.83,166543.83,0.00
2024-12-04,Debit Card,SUCCESS,8,1193527.91,0.00,1193527.91
2024-12-04,Net Banking,FAILED,1,300239.46,0.00,300239.46
2024-12-04,Net Banking,REFUNDED,2,601102.33,601102.33,0.00
2024-12-04,Net Banking,SUCCESS,7,2446407.81,0.00,2446407.81
2024-12-04,Upi,REFUNDED,5,1182970.03,1182970.03,0.00
2024-12-04,Upi,SUCCESS,8,1828654.64,0.00,1828654.64
2024-12-04,Wallet,FAILED,1,56103.21,0.00,56103.21
2024-12-04,Wallet,REFUNDED,3,702003.93,702003.93,0.00
2024-12-04,Wallet,SUCCESS,15,3269721.94,0.00,3269721.94
2024-12-05,Credit Card,FAILED,1,178587.38,0.00,178587.38
2024-12-05,Credit Card,REFUNDED,1,26069.18,26069.18,0.00
2024-12-05,Credit Card,SUCCESS,2,863721.56,0.00,863721.56
2024-12-05,Debit Card,FAILED,1,116189.64,0.00,116189.64
2024-12-05,Debit Card,REFUNDED,3,1282705.74,1282705.74,0.00
2024-12-05,Debit Card,SUCCESS,8,3101012.68,0.00,3101012.68
2024-12-05,Net Banking,FAILED,2,252988.27,0.00,252988.27
2024-12-05,Net Banking,REFUNDED,3,600964.76,600964.76,0.00
2024-12-05,Net Banking,SUCCESS,9,1847354.07,0.00,1847354.07
2024-12-05,Upi,FAILED,2,757773.01,0.00,757773.01
2024-12-05,Upi,REFUNDED,3,749093.89,749093.89,0.00
2024-12-05,Upi,SUCCESS,10,2547521.35,0.00,2547521.35
2024-12-05,Wallet,REFUNDED,2,131448.57,131448.57,0.00
2024-12-05,Wallet,SUCCESS,6,1895582.51,0.00,1895582.51
2024-12-06,Credit Card,FAILED,2,515654.79,0.00,515654.79
2024-12-06,Credit Card,PENDING,1,668823.91,0.00,668823.91
2024-12-06,Credit Card,REFUNDED,2,299413.87,299413.87,0.00
2024-12-06,Credit Card,SUCCESS,6,856510.61,0.00,856510.61
2024-12-06,Debit Card,FAILED,1,12392.39,0.00,12392.39
2024-12-06,Debit Card,REFUNDED,2,670197.35,670197.35,0.00
2024-12-06,Debit Card,SUCCESS,13,3607739.55,0.00,3607739.55
2024-12-06,Net Banking,FAILED,2,339014.02,0.00,339014.02
2024-12-06,Net Banking,PENDING,2,622841.21,0.00,622841.21
2024-12-06,Net Banking,REFUNDED,1,131786.77,131786.77,0.00
2024-12-06,Net Banking,SUCCESS,7,1248760.23,0.00,1248760.23
2024-12-06,Upi,FAILED,1,145986.16,0.00,145986.16
2024-12-06,Upi,PENDING,2,768495.70,0.00,768495.70
2024-12-06,Upi,REFUNDED,2,729265.61,729265.61,0.00
2024-12-06,Upi,SUCCESS,9,2404841.47,0.00,2404841.47
2024-12-06,Wallet,FAILED,1,256040.59,0.00,256040.59
2024-12-06,Wallet,REFUNDED,2,390210.38,390210.38,0.00
2024-12-06,Wallet,SUCCESS,8,1891115.58,0.00,1891115.58
2024-12-07,Credit Card,FAILED,1,319634.00,0.00,319634.00
2024-12-07,Credit Card,PENDING,1,73817.35,0.00,73817.35
2024-12-07,Credit Card,REFUNDED,1,94295.80,94295.80,0.00
2024-12-07,Credit Card,SUCCESS,7,1715491.55,0.00,1715491.55
2024-12-07,Debit Card,FAILED,1,7397.69,0.00,7397.69
2024-12-07,Debit Card,REFUNDED,1,235314.65,235314.65,0.00
2024-12-07,Debit Card,SUCCESS,7,2278423.28,0.00,2278423.28
2024-12-07,Net Banking,FAILED,1,253469.44,0.00,253469.44
2024-12-07,Net Banking,PENDING,1,229141.41,0.00,229141.41
2024-12-07,Net Banking,SUCCESS,8,3839761.43,0.00,3839761.43
2024-12-07,Upi,PENDING,1,676425.77,0.00,676425.77
2024-12-07,Upi,REFUNDED,2,423536.79,423536.79,0.00
2024-12-07,Upi,SUCCESS,6,1091436.39,0.00,1091436.39
2024-12-07,Wallet,FAILED,1,525332.21,0.00,525332.21
2024-12-07,Wallet,SUCCESS,8,1592673.78,0.00,1592673.78
2024-12-08,Credit Card,FAILED,1,218885.17,0.00,218885.17
2024-12-08,Credit Card,REFUNDED,1,228355.47,228355.47,0.00
2024-12-08,Credit Card,SUCCESS,8,1403175.88,0.00,1403175.88
2024-12-08,Debit Card,FAILED,2,236814.42,0.00,236814.42
2024-12-08,Debit Card,REFUNDED,1,365547.19,365547.19,0.00
2024-12-08,Debit Card,SUCCESS,9,2741920.50,0.00,2741920.50
2024-12-08,Net Banking,FAILED,1,346184.22,0.00,346184.22
2024-12-08,Net Banking,REFUNDED,2,572270.58,572270.58,0.00
2024-12-08,Net Banking,SUCCESS,4,1077377.00,0.00,1077377.00
2024-12-08,Upi,FAILED,3,784260.73,0.00,784260.73
2024-12-08,Upi,REFUNDED,1,85073.73,85073.73,0.00
2024-12-08,Upi,SUCCESS,5,1294800.27,0.00,1294800.27
2024-12-08,Wallet,FAILED,1,789307.35,0.00,789307.35
2024-12-08,Wallet,PENDING,1,471724.93,0.00,471724.93
2024-12-08,Wallet,SUCCESS,9,2956558.37,0.00,2956558.37
2024-12-09,Credit Card,FAILED,2,419939.85,0.00,419939.85
2024-12-09,Credit Card,SUCCESS,9,2475031.32,0.00,2475031.32
2024-12-09,Debit Card,REFUNDED,1,419388.66,419388.66,0.00
2024-12-09,Debit Card,SUCCESS,7,2032709.76,0.00,2032709.76
2024-12-09,Net Banking,FAILED,1,437415.29,0.00,437415.29
2024-12-09,Net Banking,PENDING,1,239320.65,0.00,239320.65
2024-12-09,Net Banking,REFUNDED,2,300834.29,300834.29,0.00
2024-12-09,Net Banking,SUCCESS,5,1659211.81,0.00,1659211.81
2024-12-09,Upi,FAILED,2,320927.37,0.00,320927.37
2024-12-09,Upi,REFUNDED,1,294514.95,294514.95,0.00
2024-12-09,Upi,SUCCESS,6,1229371.26,0.00,1229371.26
2024-12-09,Wallet,REFUNDED,4,1611763.03,1611763.03,0.00
2024-12-09,Wallet,SUCCESS,9,2223772.05,0.00,2223772.05
2024-12-10,Credit Card,FAILED,1,173771.02,0.00,173771.02
2024-12-10,Credit Card,REFUNDED,1,73316.50,73316.50,0.00
2024-12-10,Credit Card,SUCCESS,9,2585154.03,0.00,2585154.03
2024-12-10,Debit Card,FAILED,3,1415317.65,0.00,1415317.65
2024-12-10,Debit Card,REFUNDED,1,334631.90,334631.90,0.00
2024-12-10,Debit Card,SUCCESS,8,1203504.35,0.00,1203504.35
2024-12-10,Net Banking,PENDING,1,349720.12,0.00,349720.12
2024-12-10,Net Banking,REFUNDED,1,82726.12,82726.12,0.00
2024-12-10,Net Banking,SUCCESS,5,1398533.50,0.00,1398533.50
2024-12-10,Upi,FAILED,1,557180.76,0.00,557180.76
2024-12-10,Upi,REFUNDED,2,262465.44,262465.44,0.00
2024-12-10,Upi,SUCCESS,4,792040.04,0.00,792040.04
2024-12-10,Wallet,REFUNDED,2,627974.06,627974.06,0.00
2024-12-10,Wallet,SUCCESS,6,1819940.95,0.00,1819940.95
2024-12-11,Credit Card,PENDING,2,517999.44,0.00,517999.44
2024-12-11,Credit Card,REFUNDED,1,67187.80,67187.80,0.00
2024-12-11,Credit Card,SUCCESS,7,1330741.77,0.00,1330741.77
2024-12-11,Debit Card,REFUNDED,2,418011.25,418011.25,0.00
2024-12-11,Debit Card,SUCCESS,9,2717951.15,0.00,2717951.15
2024-12-11,Net Banking,FAILED,1,74591.60,0.00,74591.60
2024-12-11,Net Banking,PENDING,1,4677.06,0.00,4677.06
2024-12-11,Net Banking,SUCCESS,5,1416919.65,0.00,1416919.65
2024-12-11,Upi,FAILED,3,839011.12,0.00,839011.12
2024-12-11,Upi,SUCCESS,11,3241785.45,0.00,3241785.45
2024-12-11,Wallet,FAILED,2,245267.05,0.00,245267.05
2024-12-11,Wallet,REFUNDED,2,590213.18,590213.18,0.00
2024-12-11,Wallet,SUCCESS,11,3630562.00,0.00,3630562.00
2024-12-12,Credit Card,FAILED,2,244087.88,0.00,244087.88
2024-12-12,Credit Card,PENDING,1,257138.29,0.00,257138.29
2024-12-12,Credit Card,REFUNDED,2,849019.37,849019.37,0.00
2024-12-12,Credit Card,SUCCESS,9,2538324.49,0.00,2538324.49
2024-12-12,Debit Card,FAILED,1,201414.17,0.00,201414.17
2024-12-12,Debit Card,PENDING,1,181838.55,0.00,181838.55
2024-12-12,Debit Card,REFUNDED,1,325870.78,325870.78,0.00
2024-12-12,Debit Card,SUCCESS,7,2580168.76,0.00,2580168.76
2024-12-12,Net Banking,FAILED,2,529806.30,0.00,529806.30
2024-12-12,Net Banking,REFUNDED,3,593608.97,593608.97,0.00
2024-12-12,Net Banking,SUCCESS,10,1932614.22,0.00,1932614.22
2024-12-12,Upi,FAILED,1,760316.54,0.00,760316.54
2024-12-12,Upi,PENDING,1,533935.13,0.00,533935.13
2024-12-12,Upi,REFUNDED,2,178312.42,178312.42,0.00
2024-12-12,Upi,SUCCESS,12,2587386.44,0.00,2587386.44
2024-12-12,Wallet,FAILED,1,481927.69,0.00,481927.69
2024-12-12,Wallet,PENDING,1,102893.22,0.00,102893.22
2024-12-12,Wallet,REFUNDED,3,1038129.11,1038129.11,0.00
2024-12-12,Wallet,SUCCESS,6,2133848.77,0.00,2133848.77
2024-12-13,Credit Card,FAILED,3,466243.59,0.00,466243.59
2024-12-13,Credit Card,SUCCESS,8,1554261.40,0.00,1554261.40
2024-12-13,Debit Card,FAILED,1,317779.08,0.00,317779.08
2024-12-13,Debit Card,REFUNDED,1,111012.55,111012.55,0.00
2024-12-13,Debit Card,SUCCESS,7,1359340.46,0.00,1359340.46
2024-12-13,Net Banking,PENDING,2,458152.46,0.00,458152.46
2024-12-13,Net Banking,REFUNDED,1,598364.92,598364.92,0.00
2024-12-13,Net Banking,SUCCESS,6,1621841.63,0.00,1621841.63
2024-12-13,Upi,FAILED,1,1770.02,0.00,1770.02
2024-12-13,Upi,PENDING,1,244891.57,0.00,244891.57
2024-12-13,Upi,REFUNDED,2,653566.47,653566.47,0.00
2024-12-13,Upi,SUCCESS,5,1603049.75,0.00,1603049.75
2024-12-13,Wallet,REFUNDED,2,428905.29,428905.29,0.00
2024-12-13,Wallet,SUCCESS,16,5256756.89,0.00,5256756.89
2024-12-14,Credit Card,PENDING,1,495685.15,0.00,495685.15
2024-12-14,Credit Card,REFUNDED,2,206913.58,206913.58,0.00
2024-12-14,Credit Card,SUCCESS,7,2147942.24,0.00,2147942.24
2024-12-14,Debit Card,FAILED,1,392168.66,0.00,392168.66
2024-12-14,Debit Card,PENDING,1,443667.43,0.00,443667.43
2024-12-14,Debit Card,SUCCESS,8,1958878.06,0.00,1958878.06
2024-12-14,Net Banking,FAILED,1,236765.22,0.00,236765.22
2024-12-14,Net Banking,REFUNDED,1,217198.26,217198.26,0.00
2024-12-14,Net Banking,SUCCESS,5,1494418.91,0.00,1494418.91
2024-12-14,Upi,FAILED,1,291893.49,0.00,291893.49
2024-12-14,Upi,REFUNDED,1,369641.55,369641.55,0.00
2024-12-14,Upi,SUCCESS,6,2271975.43,0.00,2271975.43
2024-12-14,Wallet,FAILED,2,349930.79,0.00,349930.79
2024-12-14,Wallet,REFUNDED,1,141753.42,141753.42,0.00
2024-12-14,Wallet,SUCCESS,7,2419754.47,0.00,2419754.47
2024-12-15,Credit Card,FAILED,1,303353.13,0.00,303353.13
2024-12-15,Credit Card,PENDING,1,302208.07,0.00,302208.07
2024-12-15,Credit Card,REFUNDED,3,763302.61,763302.61,0.00
2024-12-15,Credit Card,SUCCESS,6,1954423.20,0.00,1954423.20
2024-12-15,Debit Card,FAILED,1,43954.12,0.00,43954.12
2024-12-15,Debit Card,PENDING,2,536625.07,0.00,536625.07
2024-12-15,Debit Card,REFUNDED,2,388813.28,388813.28,0.00
2024-12-15,Debit Card,SUCCESS,7,1170507.40,0.00,1170507.40
2024-12-15,Net Banking,REFUNDED,2,569877.10,569877.10,0.00
2024-12-15,Net Banking,SUCCESS,6,1359399.01,0.00,1359399.01
2024-12-15,Upi,PENDING,1,137992.70,0.00,137992.70
2024-12-15,Upi,REFUNDED,1,258408.69,258408.69,0.00
2024-12-15,Upi,SUCCESS,5,1041847.04,0.00,1041847.04
2024-12-15,Wallet,FAILED,2,591029.94,0.00,591029.94
2024-12-15,Wallet,PENDING,1,319136.35,0.00,319136.35
2024-12-15,Wallet,SUCCESS,9,1860179.19,0.00,1860179.19
2024-12-16,Credit Card,FAILED,1,187014.32,0.00,187014.32
2024-12-16,Credit Card,PENDING,1,425448.83,0.00,425448.83
2024-12-16,Credit Card,REFUNDED,3,1365314.64,1365314.64,0.00
2024-12-16,Credit Card,SUCCESS,7,1499694.98,0.00,1499694.98
2024-12-16,Debit Card,FAILED,1,454465.41,0.00,454465.41
2024-12-16,Debit Card,REFUNDED,1,304070.33,304070.33,0.00
2024-12-16,Debit Card,SUCCESS,3,761479.97,0.00,761479.97
2024-12-16,Net Banking,REFUNDED,2,824502.00,824502.00,0.00
2024-12-16,Net Banking,SUCCESS,8,2473032.33,0.00,2473032.33
2024-12-16,Upi,FAILED,1,298197.46,0.00,298197.46
2024-12-16,Upi,PENDING,2,452469.28,0.00,452469.28
2024-12-16,Upi,REFUNDED,1,107267.38,107267.38,0.00
2024-12-16,Upi,SUCCESS,6,1639354.37,0.00,1639354.37
2024-12-16,Wallet,FAILED,1,149875.82,0.00,149875.82
2024-12-16,Wallet,PENDING,1,255833.52,0.00,255833.52
2024-12-16,Wallet,SUCCESS,9,2980550.94,0.00,2980550.94
2024-12-17,Credit Card,FAILED,1,356548.39,0.00,356548.39
2024-12-17,Credit Card,REFUNDED,3,441144.61,441144.61,0.00
2024-12-17,Credit Card,SUCCESS,7,1504270.38,0.00,1504270.38
2024-12-17,Debit Card,PENDING,1,216919.94,0.00,216919.94
2024-12-17,Debit Card,REFUNDED,1,336354.94,336354.94,0.00
2024-12-17,Debit Card,SUCCESS,8,1866532.05,0.00,1866532.05
2024-12-17,Net Banking,FAILED,3,473489.64,0.00,473489.64
2024-12-17,Net Banking,REFUNDED,1,329638.19,329638.19,0.00
2024-12-17,Net Banking,SUCCESS,11,2012756.60,0.00,2012756.60
2024-12-17,Upi,FAILED,2,309243.78,0.00,309243.78
2024-12-17,Upi,SUCCESS,7,2239545.62,0.00,2239545.62
2024-12-17,Wallet,REFUNDED,2,724998.22,724998.22,0.00
2024-12-17,Wallet,SUCCESS,7,1625597.77,0.00,1625597.77
2024-12-18,Credit Card,FAILED,1,2978.41,0.00,2978.41
2024-12-18,Credit Card,SUCCESS,11,2466729.48,0.00,2466729.48
2024-12-18,Debit Card,REFUNDED,5,1126957.03,1126957.03,0.00
2024-12-18,Debit Card,SUCCESS,7,2089535.87,0.00,2089535.87
2024-12-18,Net Banking,FAILED,3,374444.57,0.00,374444.57
2024-12-18,Net Banking,PENDING,1,67287.40,0.00,67287.40
2024-12-18,Net Banking,REFUNDED,1,212997.98,212997.98,0.00
2024-12-18,Net Banking,SUCCESS,9,2456216.97,0.00,2456216.97
2024-12-18,Upi,FAILED,1,379453.29,0.00,379453.29
2024-12-18,Upi,PENDING,1,223647.27,0.00,223647.27
2024-12-18,Upi,REFUNDED,4,1211474.48,1211474.48,0.00
2024-12-18,Upi,SUCCESS,9,2376907.81,0.00,2376907.81
2024-12-18,Wallet,PENDING,1,257216.73,0.00,257216.73
2024-12-18,Wallet,SUCCESS,10,2863263.10,0.00,2863263.10
2024-12-19,Credit Card,FAILED,1,147070.23,0.00,147070.23
2024-12-19,Credit Card,SUCCESS,12,2460193.43,0.00,2460193.43
2024-12-19,Debit Card,FAILED,3,561286.70,0.00,561286.70
2024-12-19,Debit Card,REFUNDED,1,403954.90,403954.90,0.00
2024-12-19,Debit Card,SUCCESS,6,2192385.76,0.00,2192385.76
2024-12-19,Net Banking,FAILED,2,856305.15,0.00,856305.15
2024-12-19,Net Banking,PENDING,1,129058.90,0.00,129058.90
2024-12-19,Net Banking,REFUNDED,1,199327.84,199327.84,0.00
2024-12-19,Net Banking,SUCCESS,9,1665477.76,0.00,1665477.76
2024-12-19,Upi,REFUNDED,2,397201.30,397201.30,0.00
2024-12-19,Upi,SUCCESS,7,1461219.77,0.00,1461219.77
2024-12-19,Wallet,FAILED,1,354660.12,0.00,354660.12
2024-12-19,Wallet,REFUNDED,2,770207.68,770207.68,0.00
2024-12-19,Wallet,SUCCESS,3,1033374.88,0.00,1033374.88
2024-12-20,Credit Card,FAILED,1,333181.18,0.00,333181.18
2024-12-20,Credit Card,REFUNDED,1,114485.67,114485.67,0.00
2024-12-20,Credit Card,SUCCESS,9,3482168.89,0.00,3482168.89
2024-12-20,Debit Card,FAILED,1,181334.40,0.00,181334.40
2024-12-20,Debit Card,REFUNDED,1,236328.87,236328.87,0.00
2024-12-20,Debit Card,SUCCESS,7,2357558.67,0.00,2357558.67
2024-12-20,Net Banking,FAILED,3,1370491.91,0.00,1370491.91
2024-12-20,Net Banking,REFUNDED,2,787076.39,787076.39,0.00
2024-12-20,Net Banking,SUCCESS,8,1233764.54,0.00,1233764.54
2024-12-20,Upi,FAILED,2,497766.11,0.00,497766.11
2024-12-20,Upi,REFUNDED,1,51554.67,51554.67,0.00
2024-12-20,Upi,SUCCESS,5,1318975.47,0.00,1318975.47
2024-12-20,Wallet,FAILED,2,212422.85,0.00,212422.85
2024-12-20,Wallet,REFUNDED,2,494841.76,494841.76,0.00
2024-12-20,Wallet,SUCCESS,7,1968277.50,0.00,1968277.50
2024-12-21,Credit Card,FAILED,2,342690.25,0.00,342690.25
2024-12-21,Credit Card,PENDING,1,67198.99,0.00,67198.99
2024-12-21,Credit Card,REFUNDED,1,167056.32,167056.32,0.00
2024-12-21,Credit Card,SUCCESS,5,1116865.60,0.00,1116865.60
2024-12-21,Debit Card,SUCCESS,5,1491396.00,0.00,1491396.00
2024-12-21,Net Banking,FAILED,1,96544.38,0.00,96544.38
2024-12-21,Net Banking,REFUNDED,2,463399.51,463399.51,0.00
2024-12-21,Net Banking,SUCCESS,8,2375447.46,0.00,2375447.46
2024-12-21,Upi,FAILED,2,437585.89,0.00,437585.89
2024-12-21,Upi,REFUNDED,1,39389.46,39389.46,0.00
2024-12-21,Upi,SUCCESS,8,1935680.87,0.00,1935680.87
2024-12-21,Wallet,SUCCESS,10,2796815.42,0.00,2796815.42
2024-12-22,Credit Card,FAILED,1,135673.15,0.00,135673.15
2024-12-22,Credit Card,REFUNDED,2,380494.50,380494.50,0.00
2024-12-22,Credit Card,SUCCESS,8,1652749.75,0.00,1652749.75
2024-12-22,Debit Card,FAILED,1,65627.55,0.00,65627.55
2024-12-22,Debit Card,SUCCESS,7,1547356.95,0.00,1547356.95
2024-12-22,Net Banking,FAILED,3,860417.39,0.00,860417.39
2024-12-22,Net Banking,REFUNDED,3,543364.93,543364.93,0.00
2024-12-22,Net Banking,SUCCESS,4,1227400.87,0.00,1227400.87
2024-12-22,Upi,FAILED,2,404739.90,0.00,404739.90
2024-12-22,Upi,PENDING,2,455540.90,0.00,455540.90
2024-12-22,Upi,REFUNDED,2,23520.89,23520.89,0.00
2024-12-22,Upi,SUCCESS,7,2405504.96,0.00,2405504.96
2024-12-22,Wallet,FAILED,1,230227.72,0.00,230227.72
2024-12-22,Wallet,REFUNDED,1,5447.35,5447.35,0.00
2024-12-22,Wallet,SUCCESS,7,1571630.66,0.00,1571630.66
2024-12-23,Credit Card,FAILED,3,1062716.23,0.00,1062716.23
2024-12-23,Credit Card,REFUNDED,1,419677.33,419677.33,0.00
2024-12-23,Credit Card,SUCCESS,4,948392.85,0.00,948392.85
2024-12-23,Debit Card,FAILED,1,63970.24,0.00,63970.24
2024-12-23,Debit Card,REFUNDED,2,601942.81,601942.81,0.00
2024-12-23,Debit Card,SUCCESS,8,2363463.21,0.00,2363463.21
2024-12-23,Net Banking,FAILED,2,312387.10,0.00,312387.10
2024-12-23,Net Banking,PENDING,1,259472.51,0.00,259472.51
2024-12-23,Net Banking,REFUNDED,1,515369.87,515369.87,0.00
2024-12-23,Net Banking,SUCCESS,10,2471324.05,0.00,2471324.05
2024-12-23,Upi,SUCCESS,6,2406979.44,0.00,2406979.44
2024-12-23,Wallet,REFUNDED,1,70659.71,70659.71,0.00
2024-12-23,Wallet,SUCCESS,6,1131632.67,0.00,1131632.67
2024-12-24,Credit Card,FAILED,2,452681.96,0.00,452681.96
2024-12-24,Credit Card,PENDING,1,224640.21,0.00,224640.21
2024-12-24,Credit Card,REFUNDED,1,95166.41,95166.41,0.00
2024-12-24,Credit Card,SUCCESS,10,2653141.92,0.00,2653141.92
2024-12-24,Debit Card,FAILED,1,117497.65,0.00,117497.65
2024-12-24,Debit Card,REFUNDED,1,230456.67,230456.67,0.00
2024-12-24,Debit Card,SUCCESS,4,938974.52,0.00,938974.52
2024-12-24,Net Banking,FAILED,3,539179.63,0.00,539179.63
2024-12-24,Net Banking,REFUNDED,2,700473.43,700473.43,0.00
2024-12-24,Net Banking,SUCCESS,10,3466730.29,0.00,3466730.29
2024-12-24,Upi,REFUNDED,1,98915.91,98915.91,0.00
2024-12-24,Upi,SUCCESS,13,2597277.23,0.00,2597277.23
2024-12-24,Wallet,FAILED,2,555632.05,0.00,555632.05
2024-12-24,Wallet,PENDING,1,515963.30,0.00,515963.30
2024-12-24,Wallet,SUCCESS,7,1870062.16,0.00,1870062.16
2024-12-25,Credit Card,REFUNDED,3,300305.26,300305.26,0.00
2024-12-25,Credit Card,SUCCESS,5,895099.50,0.00,895099.50
2024-12-25,Debit Card,REFUNDED,5,1432686.52,1432686.52,0.00
2024-12-25,Debit Card,SUCCESS,6,1238946.05,0.00,1238946.05
2024-12-25,Net Banking,FAILED,1,489095.77,0.00,489095.77
2024-12-25,Net Banking,REFUNDED,1,334981.59,334981.59,0.00
2024-12-25,Net Banking,SUCCESS,8,1934391.77,0.00,1934391.77
2024-12-25,Upi,REFUNDED,2,1243353.45,1243353.45,0.00
2024-12-25,Upi,SUCCESS,8,2391875.50,0.00,2391875.50
2024-12-25,Wallet,FAILED,1,164223.12,0.00,164223.12
2024-12-25,Wallet,PENDING,1,91110.33,0.00,91110.33
2024-12-25,Wallet,REFUNDED,1,250635.06,250635.06,0.00
2024-12-25,Wallet,SUCCESS,6,2046653.29,0.00,2046653.29
2024-12-26,Credit Card,PENDING,3,486449.13,0.00,486449.13
2024-12-26,Credit Card,REFUNDED,2,178491.94,178491.94,0.00
2024-12-26,Credit Card,SUCCESS,9,2026631.57,0.00,2026631.57
2024-12-26,Debit Card,FAILED,1,181169.00,0.00,181169.00
2024-12-26,Debit Card,REFUNDED,1,193801.55,193801.55,0.00
2024-12-26,Debit Card,SUCCESS,10,2518711.46,0.00,2518711.46
2024-12-26,Net Banking,FAILED,1,362426.30,0.00,362426.30
2024-12-26,Net Banking,REFUNDED,1,336675.93,336675.93,0.00
2024-12-26,Net Banking,SUCCESS,9,2043053.48,0.00,2043053.48
2024-12-26,Upi,FAILED,1,141697.60,0.00,141697.60
2024-12-26,Upi,REFUNDED,3,912007.13,912007.13,0.00
2024-12-26,Upi,SUCCESS,10,2883371.57,0.00,2883371.57
2024-12-26,Wallet,SUCCESS,7,1856160.94,0.00,1856160.94
2024-12-27,Credit Card,FAILED,1,117914.48,0.00,117914.48
2024-12-27,Credit Card,REFUNDED,1,70546.28,70546.28,0.00
2024-12-27,Credit Card,SUCCESS,13,3257019.36,0.00,3257019.36
2024-12-27,Debit Card,PENDING,1,309855.28,0.00,309855.28
2024-12-27,Debit Card,REFUNDED,1,24200.50,24200.50,0.00
2024-12-27,Debit Card,SUCCESS,7,2168223.20,0.00,2168223.20
2024-12-27,Net Banking,FAILED,2,395504.39,0.00,395504.39
2024-12-27,Net Banking,REFUNDED,3,981115.45,981115.45,0.00
2024-12-27,Net Banking,SUCCESS,6,710938.46,0.00,710938.46
2024-12-27,Upi,FAILED,3,1278569.30,0.00,1278569.30
2024-12-27,Upi,REFUNDED,1,116521.59,116521.59,0.00
2024-12-27,Upi,SUCCESS,7,1536586.39,0.00,1536586.39
2024-12-27,Wallet,SUCCESS,13,4634157.56,0.00,4634157.56
2024-12-28,Credit Card,FAILED,1,414799.49,0.00,414799.49
2024-12-28,Credit Card,REFUNDED,2,311449.07,311449.07,0.00
2024-12-28,Credit Card,SUCCESS,3,1021490.95,0.00,1021490.95
2024-12-28,Debit Card,FAILED,1,51547.68,0.00,51547.68
2024-12-28,Debit Card,SUCCESS,9,3141608.75,0.00,3141608.75
2024-12-28,Net Banking,FAILED,2,607367.44,0.00,607367.44
2024-12-28,Net Banking,REFUNDED,1,199202.87,199202.87,0.00
2024-12-28,Net Banking,SUCCESS,7,1204120.39,0.00,1204120.39
2024-12-28,Upi,FAILED,1,511443.99,0.00,511443.99
2024-12-28,Upi,REFUNDED,1,277043.31,277043.31,0.00
2024-12-28,Upi,SUCCESS,9,2950032.84,0.00,2950032.84
2024-12-28,Wallet,FAILED,1,467076.96,0.00,467076.96
2024-12-28,Wallet,REFUNDED,2,467867.22,467867.22,0.00
2024-12-28,Wallet,SUCCESS,5,1127236.79,0.00,1127236.79
2024-12-29,Credit Card,FAILED,3,822471.17,0.00,822471.17
2024-12-29,Credit Card,PENDING,1,260897.76,0.00,260897.76
2024-12-29,Credit Card,REFUNDED,1,469961.47,469961.47,0.00
2024-12-29,Credit Card,SUCCESS,6,1044347.17,0.00,1044347.17
2024-12-29,Debit Card,PENDING,1,18816.83,0.00,18816.83
2024-12-29,Debit Card,REFUNDED,1,49579.20,49579.20,0.00
2024-12-29,Debit Card,SUCCESS,8,2145809.43,0.00,2145809.43
2024-12-29,Net Banking,FAILED,1,171690.68,0.00,171690.68
2024-12-29,Net Banking,PENDING,1,131204.64,0.00,131204.64
2024-12-29,Net Banking,REFUNDED,1,153284.85,153284.85,0.00
2024-12-29,Net Banking,SUCCESS,8,2102960.98,0.00,2102960.98
2024-12-29,Upi,FAILED,2,258354.34,0.00,258354.34
2024-12-29,Upi,PENDING,2,374897.87,0.00,374897.87
2024-12-29,Upi,SUCCESS,4,875216.03,0.00,875216.03
2024-12-29,Wallet,PENDING,1,205821.02,0.00,205821.02
2024-12-29,Wallet,REFUNDED,1,55460.30,55460.30,0.00
2024-12-29,Wallet,SUCCESS,9,1763930.43,0.00,1763930.43
2024-12-30,Credit Card,FAILED,1,37524.92,0.00,37524.92
2024-12-30,Credit Card,SUCCESS,9,2417654.60,0.00,2417654.60
2024-12-30,Debit Card,FAILED,1,183192.92,0.00,183192.92
2024-12-30,Debit Card,REFUNDED,3,926103.48,926103.48,0.00
2024-12-30,Debit Card,SUCCESS,3,1054025.78,0.00,1054025.78
2024-12-30,Net Banking,PENDING,2,340492.82,0.00,340492.82
2024-12-30,Net Banking,REFUNDED,3,340177.58,340177.58,0.00
2024-12-30,Net Banking,SUCCESS,5,1804096.34,0.00,1804096.34
2024-12-30,Upi,FAILED,2,721711.51,0.00,721711.51
2024-12-30,Upi,PENDING,1,219755.37,0.00,219755.37
2024-12-30,Upi,REFUNDED,4,1014365.93,1014365.93,0.00
2024-12-30,Upi,SUCCESS,12,2684329.24,0.00,2684329.24
2024-12-30,Wallet,FAILED,1,107260.49,0.00,107260.49
2024-12-30,Wallet,PENDING,2,124348.25,0.00,124348.25
2024-12-30,Wallet,REFUNDED,5,1493164.21,1493164.21,0.00
2024-12-30,Wallet,SUCCESS,8,2463655.45,0.00,2463655.45
2024-12-31,Credit Card,PENDING,1,379069.70,0.00,379069.70
2024-12-31,Credit Card,REFUNDED,2,588993.58,588993.58,0.00
2024-12-31,Credit Card,SUCCESS,5,1292503.49,0.00,1292503.49
2024-12-31,Debit Card,FAILED,1,149338.94,0.00,149338.94
2024-12-31,Debit Card,PENDING,4,739771.29,0.00,739771.29
2024-12-31,Debit Card,REFUNDED,1,359467.43,359467.43,0.00
2024-12-31,Debit Card,SUCCESS,11,2095755.97,0.00,2095755.97
2024-12-31,Net Banking,FAILED,2,438486.59,0.00,438486.59
2024-12-31,Net Banking,PENDING,1,164443.97,0.00,164443.97
2024-12-31,Net Banking,SUCCESS,9,2213300.02,0.00,2213300.02
2024-12-31,Upi,FAILED,1,322303.09,0.00,322303.09
2024-12-31,Upi,SUCCESS,10,1265641.20,0.00,1265641.20
2024-12-31,Wallet,FAILED,1,681478.72,0.00,681478.72
2024-12-31,Wallet,PENDING,3,453924.43,0.00,453924.43
2024-12-31,Wallet,REFUNDED,2,750836.98,750836.98,0.00
2024-12-31,Wallet,SUCCESS,7,1936046.34,0.00,1936046.34
2025-01-01,Credit Card,FAILED,1,123898.28,0.00,123898.28
2025-01-01,Credit Card,PENDING,1,352648.10,0.00,352648.10
2025-01-01,Credit Card,REFUNDED,1,46958.29,46958.29,0.00
2025-01-01,Credit Card,SUCCESS,9,1929763.56,0.00,1929763.56
2025-01-01,Debit Card,SUCCESS,4,1683865.67,0.00,1683865.67
2025-01-01,Net Banking,PENDING,2,490135.43,0.00,490135.43
2025-01-01,Net Banking,SUCCESS,4,597070.64,0.00,597070.64
2025-01-01,Upi,FAILED,1,113425.68,0.00,113425.68
2025-01-01,Upi,REFUNDED,1,541477.27,541477.27,0.00
2025-01-01,Upi,SUCCESS,10,2575533.05,0.00,2575533.05
2025-01-01,Wallet,FAILED,3,1219600.29,0.00,1219600.29
2025-01-01,Wallet,REFUNDED,1,470826.70,470826.70,0.00
2025-01-01,Wallet,SUCCESS,5,1285170.51,0.00,1285170.51
2025-01-02,Credit Card,FAILED,2,628345.75,0.00,628345.75
2025-01-02,Credit Card,REFUNDED,1,7117.77,7117.77,0.00
2025-01-02,Credit Card,SUCCESS,7,1281483.71,0.00,1281483.71
2025-01-02,Debit Card,FAILED,1,514265.65,0.00,514265.65
2025-01-02,Debit Card,REFUNDED,2,625527.12,625527.12,0.00
2025-01-02,Debit Card,SUCCESS,8,2094183.80,0.00,2094183.80
2025-01-02,Net Banking,REFUNDED,2,483635.97,483635.97,0.00
2025-01-02,Net Banking,SUCCESS,4,895781.36,0.00,895781.36
2025-01-02,Upi,REFUNDED,2,221030.06,221030.06,0.00
2025-01-02,Upi,SUCCESS,5,1104102.26,0.00,1104102.26
2025-01-02,Wallet,FAILED,2,419255.41,0.00,419255.41
2025-01-02,Wallet,SUCCESS,8,3193884.85,0.00,3193884.85
2025-01-03,Credit Card,FAILED,2,439436.58,0.00,439436.58
2025-01-03,Credit Card,REFUNDED,2,891505.00,891505.00,0.00
2025-01-03,Credit Card,SUCCESS,6,820282.84,0.00,820282.84
2025-01-03,Debit Card,FAILED,2,768607.37,0.00,768607.37
2025-01-03,Debit Card,PENDING,1,19608.22,0.00,19608.22
2025-01-03,Debit Card,REFUNDED,1,2997.12,2997.12,0.00
2025-01-03,Debit Card,SUCCESS,5,866440.33,0.00,866440.33
2025-01-03,Net Banking,SUCCESS,7,1674530.35,0.00,1674530.35
2025-01-03,Upi,FAILED,1,227009.52,0.00,227009.52
2025-01-03,Upi,REFUNDED,1,694646.36,694646.36,0.00
2025-01-03,Upi,SUCCESS,7,1557399.92,0.00,1557399.92
2025-01-03,Wallet,SUCCESS,4,1738408.38,0.00,1738408.38
2025-01-04,Credit Card,FAILED,2,297933.86,0.00,297933.86
2025-01-04,Credit Card,PENDING,1,384221.56,0.00,384221.56
2025-01-04,Credit Card,REFUNDED,5,1401002.76,1401002.76,0.00
2025-01-04,Credit Card,SUCCESS,4,1161544.13,0.00,1161544.13
2025-01-04,Debit Card,FAILED,1,271525.26,0.00,271525.26
2025-01-04,Debit Card,SUCCESS,5,1073159.16,0.00,1073159.16
2025-01-04,Net Banking,REFUNDED,2,767532.43,767532.43,0.00
2025-01-04,Net Banking,SUCCESS,8,2265535.23,0.00,2265535.23
2025-01-04,Upi,FAILED,2,728842.50,0.00,728842.50
2025-01-04,Upi,REFUNDED,3,659500.89,659500.89,0.00
2025-01-04,Upi,SUCCESS,9,1681185.38,0.00,1681185.38
2025-01-04,Wallet,FAILED,1,234113.74,0.00,234113.74
2025-01-04,Wallet,PENDING,1,339626.51,0.00,339626.51
2025-01-04,Wallet,SUCCESS,6,2202505.84,0.00,2202505.84
2025-01-05,Credit Card,FAILED,1,318199.10,0.00,318199.10
2025-01-05,Credit Card,PENDING,1,32226.03,0.00,32226.03
2025-01-05,Credit Card,REFUNDED,2,554905.64,554905.64,0.00
2025-01-05,Credit Card,SUCCESS,4,912545.93,0.00,912545.93
2025-01-05,Debit Card,FAILED,2,211892.07,0.00,211892.07
2025-01-05,Debit Card,SUCCESS,10,2620644.71,0.00,2620644.71
2025-01-05,Net Banking,FAILED,2,635454.54,0.00,635454.54
2025-01-05,Net Banking,PENDING,1,372766.17,0.00,372766.17
2025-01-05,Net Banking,REFUNDED,2,328360.00,328360.00,0.00
2025-01-05,Net Banking,SUCCESS,8,1880703.25,0.00,1880703.25
2025-01-05,Upi,FAILED,2,212084.05,0.00,212084.05
2025-01-05,Upi,REFUNDED,2,403980.02,403980.02,0.00
2025-01-05,Upi,SUCCESS,6,1218677.32,0.00,1218677.32
2025-01-05,Wallet,FAILED,2,1063182.98,0.00,1063182.98
2025-01-05,Wallet,REFUNDED,1,321451.55,321451.55,0.00
2025-01-05,Wallet,SUCCESS,5,1197578.83,0.00,1197578.83
2025-01-06,Credit Card,FAILED,2,243212.16,0.00,243212.16
2025-01-06,Credit Card,REFUNDED,1,93852.36,93852.36,0.00
2025-01-06,Credit Card,SUCCESS,13,2468966.49,0.00,2468966.49
2025-01-06,Debit Card,FAILED,1,100268.30,0.00,100268.30
2025-01-06,Debit Card,PENDING,1,318017.48,0.00,318017.48
2025-01-06,Debit Card,REFUNDED,1,352184.46,352184.46,0.00
2025-01-06,Debit Card,SUCCESS,10,3552258.78,0.00,3552258.78
2025-01-06,Net Banking,FAILED,5,564540.07,0.00,564540.07
2025-01-06,Net Banking,REFUNDED,2,276103.90,276103.90,0.00
2025-01-06,Net Banking,SUCCESS,7,2197172.37,0.00,2197172.37
2025-01-06,Upi,FAILED,1,749392.36,0.00,749392.36
2025-01-06,Upi,SUCCESS,10,2324031.96,0.00,2324031.96
2025-01-06,Wallet,FAILED,1,405755.40,0.00,405755.40
2025-01-06,Wallet,PENDING,2,898055.48,0.00,898055.48
2025-01-06,Wallet,REFUNDED,2,486817.72,486817.72,0.00
2025-01-06,Wallet,SUCCESS,9,2428071.53,0.00,2428071.53
2025-01-07,Credit Card,FAILED,3,659360.33,0.00,659360.33
2025-01-07,Credit Card,REFUNDED,3,846634.33,846634.33,0.00
2025-01-07,Credit Card,SUCCESS,11,2762913.32,0.00,2762913.32
2025-01-07,Debit Card,PENDING,1,175390.14,0.00,175390.14
2025-01-07,Debit Card,SUCCESS,7,1819110.70,0.00,1819110.70
2025-01-07,Net Banking,FAILED,1,212046.82,0.00,212046.82
2025-01-07,Net Banking,PENDING,1,333526.15,0.00,333526.15
2025-01-07,Net Banking,REFUNDED,1,899.77,899.77,0.00
2025-01-07,Net Banking,SUCCESS,9,2289558.57,0.00,2289558.57
2025-01-07,Upi,REFUNDED,2,522116.42,522116.42,0.00
2025-01-07,Upi,SUCCESS,11,2839130.17,0.00,2839130.17
2025-01-07,Wallet,FAILED,1,86905.25,0.00,86905.25
2025-01-07,Wallet,REFUNDED,2,757527.45,757527.45,0.00
2025-01-07,Wallet,SUCCESS,8,1927721.62,0.00,1927721.62
2025-01-08,Credit Card,FAILED,1,29268.78,0.00,29268.78
2025-01-08,Credit Card,REFUNDED,3,1002519.72,1002519.72,0.00
2025-01-08,Credit Card,SUCCESS,4,499476.01,0.00,499476.01
2025-01-08,Debit Card,FAILED,1,80784.72,0.00,80784.72
2025-01-08,Debit Card,SUCCESS,5,1226451.89,0.00,1226451.89
2025-01-08,Net Banking,FAILED,1,274280.06,0.00,274280.06
2025-01-08,Net Banking,SUCCESS,7,2512517.19,0.00,2512517.19
2025-01-08,Upi,FAILED,1,371469.18,0.00,371469.18
2025-01-08,Upi,PENDING,1,162657.86,0.00,162657.86
2025-01-08,Upi,REFUNDED,1,38615.76,38615.76,0.00
2025-01-08,Upi,SUCCESS,8,1663536.90,0.00,1663536.90
2025-01-08,Wallet,FAILED,2,723692.91,0.00,723692.91
2025-01-08,Wallet,REFUNDED,2,691479.24,691479.24,0.00
2025-01-08,Wallet,SUCCESS,6,1436472.64,0.00,1436472.64
2025-01-09,Credit Card,FAILED,3,562435.61,0.00,562435.61
2025-01-09,Credit Card,REFUNDED,3,845427.87,845427.87,0.00
2025-01-09,Credit Card,SUCCESS,10,2445423.62,0.00,2445423.62
2025-01-09,Debit Card,FAILED,2,232256.30,0.00,232256.30
2025-01-09,Debit Card,REFUNDED,2,405438.27,405438.27,0.00
2025-01-09,Debit Card,SUCCESS,5,1793024.00,0.00,1793024.00
2025-01-09,Net Banking,FAILED,3,732358.79,0.00,732358.79
2025-01-09,Net Banking,REFUNDED,2,412388.91,412388.91,0.00
2025-01-09,Net Banking,SUCCESS,3,717270.17,0.00,717270.17
2025-01-09,Upi,FAILED,1,363344.05,0.00,363344.05
2025-01-09,Upi,REFUNDED,1,273312.27,273312.27,0.00
2025-01-09,Upi,SUCCESS,7,1794898.63,0.00,1794898.63
2025-01-09,Wallet,SUCCESS,7,1630064.11,0.00,1630064.11
2025-01-10,Credit Card,FAILED,2,159681.05,0.00,159681.05
2025-01-10,Credit Card,PENDING,1,43172.68,0.00,43172.68
2025-01-10,Credit Card,REFUNDED,3,679946.34,679946.34,0.00
2025-01-10,Credit Card,SUCCESS,7,2079832.76,0.00,2079832.76
2025-01-10,Debit Card,FAILED,1,246044.91,0.00,246044.91
2025-01-10,Debit Card,PENDING,1,325261.12,0.00,325261.12
2025-01-10,Debit Card,SUCCESS,7,1939869.53,0.00,1939869.53
2025-01-10,Net Banking,FAILED,1,500014.55,0.00,500014.55
2025-01-10,Net Banking,SUCCESS,5,1585954.10,0.00,1585954.10
2025-01-10,Upi,FAILED,1,21888.04,0.00,21888.04
2025-01-10,Upi,REFUNDED,2,429908.32,429908.32,0.00
2025-01-10,Upi,SUCCESS,11,2841388.97,0.00,2841388.97
2025-01-10,Wallet,FAILED,2,321246.20,0.00,321246.20
2025-01-10,Wallet,REFUNDED,2,533681.07,533681.07,0.00
2025-01-10,Wallet,SUCCESS,11,4399098.36,0.00,4399098.36
2025-01-11,Credit Card,FAILED,2,571892.84,0.00,571892.84
2025-01-11,Credit Card,REFUNDED,1,55817.70,55817.70,0.00
2025-01-11,Credit Card,SUCCESS,8,1466113.26,0.00,1466113.26
2025-01-11,Debit Card,FAILED,1,189829.28,0.00,189829.28
2025-01-11,Debit Card,PENDING,1,375349.47,0.00,375349.47
2025-01-11,Debit Card,REFUNDED,6,2431336.41,2431336.41,0.00
2025-01-11,Debit Card,SUCCESS,5,947821.55,0.00,947821.55
2025-01-11,Net Banking,FAILED,1,113770.90,0.00,113770.90
2025-01-11,Net Banking,PENDING,2,563824.97,0.00,563824.97
2025-01-11,Net Banking,REFUNDED,4,1544240.74,1544240.74,0.00
2025-01-11,Net Banking,SUCCESS,9,2418167.07,0.00,2418167.07
2025-01-11,Upi,FAILED,1,618069.55,0.00,618069.55
2025-01-11,Upi,PENDING,1,262083.55,0.00,262083.55
2025-01-11,Upi,REFUNDED,2,1453898.47,1453898.47,0.00
2025-01-11,Upi,SUCCESS,9,1859976.75,0.00,1859976.75
2025-01-11,Wallet,FAILED,1,297281.15,0.00,297281.15
2025-01-11,Wallet,SUCCESS,4,972762.26,0.00,972762.26
2025-01-12,Credit Card,SUCCESS,8,2800497.68,0.00,2800497.68
2025-01-12,Debit Card,FAILED,1,223222.44,0.00,223222.44
2025-01-12,Debit Card,REFUNDED,2,629159.94,629159.94,0.00
2025-01-12,Debit Card,SUCCESS,4,1937309.46,0.00,1937309.46
2025-01-12,Net Banking,FAILED,1,72920.75,0.00,72920.75
2025-01-12,Net Banking,REFUNDED,4,1264063.17,1264063.17,0.00
2025-01-12,Net Banking,SUCCESS,3,875359.57,0.00,875359.57
2025-01-12,Upi,FAILED,1,409264.52,0.00,409264.52
2025-01-12,Upi,REFUNDED,2,234541.82,234541.82,0.00
2025-01-12,Upi,SUCCESS,4,942557.45,0.00,942557.45
2025-01-12,Wallet,FAILED,1,1873.56,0.00,1873.56
2025-01-12,Wallet,REFUNDED,3,676506.87,676506.87,0.00
2025-01-12,Wallet,SUCCESS,13,3329745.45,0.00,3329745.45
2025-01-13,Credit Card,REFUNDED,2,629527.42,629527.42,0.00
2025-01-13,Credit Card,SUCCESS,10,2441368.57,0.00,2441368.57
2025-01-13,Debit Card,FAILED,4,646963.18,0.00,646963.18
2025-01-13,Debit Card,PENDING,1,443527.41,0.00,443527.41
2025-01-13,Debit Card,REFUNDED,3,641985.83,641985.83,0.00
2025-01-13,Debit Card,SUCCESS,7,1632286.64,0.00,1632286.64
2025-01-13,Net Banking,FAILED,1,5684.72,0.00,5684.72
2025-01-13,Net Banking,SUCCESS,9,2656210.66,0.00,2656210.66
2025-01-13,Upi,SUCCESS,10,1703237.06,0.00,1703237.06
2025-01-13,Wallet,PENDING,1,255476.11,0.00,255476.11
2025-01-13,Wallet,SUCCESS,10,2252270.18,0.00,2252270.18
2025-01-14,Credit Card,FAILED,3,896710.31,0.00,896710.31
2025-01-14,Credit Card,REFUNDED,2,651775.99,651775.99,0.00
2025-01-14,Credit Card,SUCCESS,6,1136801.09,0.00,1136801.09
2025-01-14,Debit Card,FAILED,1,86529.68,0.00,86529.68
2025-01-14,Debit Card,SUCCESS,2,697818.09,0.00,697818.09
2025-01-14,Net Banking,FAILED,2,558291.59,0.00,558291.59
2025-01-14,Net Banking,REFUNDED,2,810398.13,810398.13,0.00
2025-01-14,Net Banking,SUCCESS,5,1115026.90,0.00,1115026.90
2025-01-14,Upi,REFUNDED,4,1396230.74,1396230.74,0.00
2025-01-14,Upi,SUCCESS,9,2581640.50,0.00,2581640.50
2025-01-14,Wallet,FAILED,1,105880.17,0.00,105880.17
2025-01-14,Wallet,REFUNDED,2,844021.62,844021.62,0.00
2025-01-14,Wallet,SUCCESS,12,3087358.78,0.00,3087358.78
2025-01-15,Credit Card,FAILED,1,411802.40,0.00,411802.40
2025-01-15,Credit Card,REFUNDED,1,216256.56,216256.56,0.00
2025-01-15,Credit Card,SUCCESS,5,927292.50,0.00,927292.50
2025-01-15,Debit Card,PENDING,2,260972.82,0.00,260972.82
2025-01-15,Debit Card,REFUNDED,2,193179.54,193179.54,0.00
2025-01-15,Debit Card,SUCCESS,11,3279761.37,0.00,3279761.37
2025-01-15,Net Banking,FAILED,2,1258511.80,0.00,1258511.80
2025-01-15,Net Banking,REFUNDED,1,504010.05,504010.05,0.00
2025-01-15,Net Banking,SUCCESS,7,1532389.98,0.00,1532389.98
2025-01-15,Upi,REFUNDED,3,588416.83,588416.83,0.00
2025-01-15,Upi,SUCCESS,6,995459.11,0.00,995459.11
2025-01-15,Wallet,PENDING,2,462033.56,0.00,462033.56
2025-01-15,Wallet,REFUNDED,3,656592.46,656592.46,0.00
2025-01-15,Wallet,SUCCESS,5,1095278.60,0.00,1095278.60
2025-01-16,Credit Card,FAILED,1,579482.77,0.00,579482.77
2025-01-16,Credit Card,PENDING,2,170060.50,0.00,170060.50
2025-01-16,Credit Card,REFUNDED,4,1306225.02,1306225.02,0.00
2025-01-16,Credit Card,SUCCESS,14,3812370.31,0.00,3812370.31
2025-01-16,Debit Card,REFUNDED,3,731308.89,731308.89,0.00
2025-01-16,Debit Card,SUCCESS,10,2381021.16,0.00,2381021.16
2025-01-16,Net Banking,FAILED,2,395311.58,0.00,395311.58
2025-01-16,Net Banking,REFUNDED,3,679050.43,679050.43,0.00
2025-01-16,Net Banking,SUCCESS,7,1731488.11,0.00,1731488.11
2025-01-16,Upi,PENDING,1,374883.59,0.00,374883.59
2025-01-16,Upi,REFUNDED,1,529112.85,529112.85,0.00
2025-01-16,Upi,SUCCESS,5,1060832.96,0.00,1060832.96
2025-01-16,Wallet,FAILED,2,898789.87,0.00,898789.87
2025-01-16,Wallet,PENDING,1,113214.41,0.00,113214.41
2025-01-16,Wallet,SUCCESS,7,2155629.48,0.00,2155629.48
2025-01-17,Credit Card,FAILED,1,416280.41,0.00,416280.41
2025-01-17,Credit Card,SUCCESS,7,2152905.02,0.00,2152905.02
2025-01-17,Debit Card,FAILED,1,178591.48,0.00,178591.48
2025-01-17,Debit Card,PENDING,1,500003.65,0.00,500003.65
2025-01-17,Debit Card,SUCCESS,7,1687876.51,0.00,1687876.51
2025-01-17,Net Banking,PENDING,1,196752.11,0.00,196752.11
2025-01-17,Net Banking,REFUNDED,1,55574.52,55574.52,0.00
2025-01-17,Net Banking,SUCCESS,7,2593660.99,0.00,2593660.99
2025-01-17,Upi,FAILED,1,487551.02,0.00,487551.02
2025-01-17,Upi,PENDING,1,520812.92,0.00,520812.92
2025-01-17,Upi,SUCCESS,7,2226861.02,0.00,2226861.02
2025-01-17,Wallet,FAILED,1,33691.09,0.00,33691.09
2025-01-17,Wallet,REFUNDED,1,157793.63,157793.63,0.00
2025-01-17,Wallet,SUCCESS,8,2316845.35,0.00,2316845.35
2025-01-18,Credit Card,SUCCESS,2,510546.65,0.00,510546.65
2025-01-18,Debit Card,FAILED,2,404886.52,0.00,404886.52
2025-01-18,Debit Card,PENDING,2,374826.37,0.00,374826.37
2025-01-18,Debit Card,REFUNDED,4,1037535.64,1037535.64,0.00
2025-01-18,Debit Card,SUCCESS,8,2503902.42,0.00,2503902.42
2025-01-18,Net Banking,PENDING,2,510624.06,0.00,510624.06
2025-01-18,Net Banking,REFUNDED,2,493852.08,493852.08,0.00
2025-01-18,Net Banking,SUCCESS,7,2711922.86,0.00,2711922.86
2025-01-18,Upi,FAILED,1,140948.74,0.00,140948.74
2025-01-18,Upi,REFUNDED,3,675406.44,675406.44,0.00
2025-01-18,Upi,SUCCESS,8,1726311.06,0.00,1726311.06
2025-01-18,Wallet,FAILED,1,407006.78,0.00,407006.78
2025-01-18,Wallet,REFUNDED,2,426798.14,426798.14,0.00
2025-01-18,Wallet,SUCCESS,10,3453581.09,0.00,3453581.09
2025-01-19,Credit Card,FAILED,1,38564.28,0.00,38564.28
2025-01-19,Credit Card,REFUNDED,2,231677.25,231677.25,0.00
2025-01-19,Credit Card,SUCCESS,6,1023325.04,0.00,1023325.04
2025-01-19,Debit Card,SUCCESS,9,2634105.30,0.00,2634105.30
2025-01-19,Net Banking,FAILED,1,267857.92,0.00,267857.92
2025-01-19,Net Banking,PENDING,1,49047.17,0.00,49047.17
2025-01-19,Net Banking,REFUNDED,1,498930.05,498930.05,0.00
2025-01-19,Net Banking,SUCCESS,7,1625770.60,0.00,1625770.60
2025-01-19,Upi,FAILED,4,597789.74,0.00,597789.74
2025-01-19,Upi,PENDING,1,216911.99,0.00,216911.99
2025-01-19,Upi,REFUNDED,3,1100724.12,1100724.12,0.00
2025-01-19,Upi,SUCCESS,10,2433119.98,0.00,2433119.98
2025-01-19,Wallet,FAILED,2,601045.27,0.00,601045.27
2025-01-19,Wallet,SUCCESS,7,1556301.48,0.00,1556301.48
2025-01-20,Credit Card,PENDING,1,224625.97,0.00,224625.97
2025-01-20,Credit Card,REFUNDED,3,490070.40,490070.40,0.00
2025-01-20,Credit Card,SUCCESS,12,3118164.41,0.00,3118164.41
2025-01-20,Debit Card,REFUNDED,1,240049.51,240049.51,0.00
2025-01-20,Debit Card,SUCCESS,7,1865867.49,0.00,1865867.49
2025-01-20,Net Banking,SUCCESS,6,1375043.67,0.00,1375043.67
2025-01-20,Upi,FAILED,2,210851.37,0.00,210851.37
2025-01-20,Upi,SUCCESS,8,1888233.39,0.00,1888233.39
2025-01-20,Wallet,FAILED,2,413153.02,0.00,413153.02
2025-01-20,Wallet,PENDING,1,79815.31,0.00,79815.31
2025-01-20,Wallet,SUCCESS,10,1573222.36,0.00,1573222.36
2025-01-21,Credit Card,REFUNDED,1,142096.62,142096.62,0.00
2025-01-21,Credit Card,SUCCESS,6,1386501.33,0.00,1386501.33
2025-01-21,Debit Card,FAILED,1,98497.36,0.00,98497.36
2025-01-21,Debit Card,REFUNDED,3,805964.49,805964.49,0.00
2025-01-21,Debit Card,SUCCESS,8,1647648.86,0.00,1647648.86
2025-01-21,Net Banking,FAILED,1,47961.63,0.00,47961.63
2025-01-21,Net Banking,SUCCESS,4,724655.06,0.00,724655.06
2025-01-21,Upi,FAILED,1,354493.87,0.00,354493.87
2025-01-21,Upi,PENDING,1,421172.26,0.00,421172.26
2025-01-21,Upi,SUCCESS,3,1191041.99,0.00,1191041.99
2025-01-21,Wallet,FAILED,1,121816.91,0.00,121816.91
2025-01-21,Wallet,REFUNDED,4,1045079.01,1045079.01,0.00
2025-01-21,Wallet,SUCCESS,9,2682007.87,0.00,2682007.87
2025-01-22,Credit Card,PENDING,1,98652.04,0.00,98652.04
2025-01-22,Credit Card,REFUNDED,5,1736235.90,1736235.90,0.00
2025-01-22,Credit Card,SUCCESS,8,1512403.37,0.00,1512403.37
2025-01-22,Debit Card,SUCCESS,10,3320358.32,0.00,3320358.32
2025-01-22,Net Banking,FAILED,3,1150890.60,0.00,1150890.60
2025-01-22,Net Banking,REFUNDED,2,613369.49,613369.49,0.00
2025-01-22,Net Banking,SUCCESS,5,826645.03,0.00,826645.03
2025-01-22,Upi,FAILED,2,731970.47,0.00,731970.47
2025-01-22,Upi,REFUNDED,3,1503134.44,1503134.44,0.00
2025-01-22,Upi,SUCCESS,7,2185009.48,0.00,2185009.48
2025-01-22,Wallet,PENDING,1,383416.45,0.00,383416.45
2025-01-22,Wallet,SUCCESS,6,1703460.46,0.00,1703460.46
2025-01-23,Credit Card,FAILED,1,255066.91,0.00,255066.91
2025-01-23,Credit Card,PENDING,2,760696.63,0.00,760696.63
2025-01-23,Credit Card,REFUNDED,1,99797.16,99797.16,0.00
2025-01-23,Credit Card,SUCCESS,9,2181901.72,0.00,2181901.72
2025-01-23,Debit Card,PENDING,1,416860.36,0.00,416860.36
2025-01-23,Debit Card,SUCCESS,11,3209997.48,0.00,3209997.48
2025-01-23,Net Banking,REFUNDED,2,756156.22,756156.22,0.00
2025-01-23,Net Banking,SUCCESS,9,3059840.32,0.00,3059840.32
2025-01-23,Upi,FAILED,2,879687.99,0.00,879687.99
2025-01-23,Upi,PENDING,1,376076.07,0.00,376076.07
2025-01-23,Upi,REFUNDED,2,119742.68,119742.68,0.00
2025-01-23,Upi,SUCCESS,10,2090451.99,0.00,2090451.99
2025-01-23,Wallet,REFUNDED,4,840170.25,840170.25,0.00
2025-01-23,Wallet,SUCCESS,9,2612965.61,0.00,2612965.61
2025-01-24,Credit Card,FAILED,2,411482.34,0.00,411482.34
2025-01-24,Credit Card,REFUNDED,1,268000.43,268000.43,0.00
2025-01-24,Credit Card,SUCCESS,4,1093306.68,0.00,1093306.68
2025-01-24,Debit Card,FAILED,2,938347.14,0.00,938347.14
2025-01-24,Debit Card,REFUNDED,3,474155.19,474155.19,0.00
2025-01-24,Debit Card,SUCCESS,8,2503404.86,0.00,2503404.86
2025-01-24,Net Banking,FAILED,1,241205.01,0.00,241205.01
2025-01-24,Net Banking,SUCCESS,5,1285924.61,0.00,1285924.61
2025-01-24,Upi,FAILED,3,1204645.07,0.00,1204645.07
2025-01-24,Upi,PENDING,1,138268.90,0.00,138268.90
2025-01-24,Upi,REFUNDED,2,1006210.51,1006210.51,0.00
2025-01-24,Upi,SUCCESS,3,834950.85,0.00,834950.85
2025-01-24,Wallet,FAILED,2,422974.74,0.00,422974.74
2025-01-24,Wallet,PENDING,1,42634.35,0.00,42634.35
2025-01-24,Wallet,REFUNDED,2,79435.18,79435.18,0.00
2025-01-24,Wallet,SUCCESS,7,1473105.85,0.00,1473105.85
2025-01-25,Credit Card,FAILED,3,887235.08,0.00,887235.08
2025-01-25,Credit Card,REFUNDED,2,491787.45,491787.45,0.00
2025-01-25,Credit Card,SUCCESS,11,2388216.05,0.00,2388216.05
2025-01-25,Debit Card,FAILED,2,779175.16,0.00,779175.16
2025-01-25,Debit Card,PENDING,1,22199.54,0.00,22199.54
2025-01-25,Debit Card,REFUNDED,1,146389.11,146389.11,0.00
2025-01-25,Debit Card,SUCCESS,10,2671128.95,0.00,2671128.95
2025-01-25,Net Banking,FAILED,2,446064.02,0.00,446064.02
2025-01-25,Net Banking,REFUNDED,2,548203.24,548203.24,0.00
2025-01-25,Net Banking,SUCCESS,9,3050953.12,0.00,3050953.12
2025-01-25,Upi,FAILED,3,643084.12,0.00,643084.12
2025-01-25,Upi,REFUNDED,2,394984.68,394984.68,0.00
2025-01-25,Upi,SUCCESS,4,1992421.97,0.00,1992421.97
2025-01-25,Wallet,FAILED,3,834676.72,0.00,834676.72
2025-01-25,Wallet,PENDING,2,195235.86,0.00,195235.86
2025-01-25,Wallet,REFUNDED,1,35852.91,35852.91,0.00
2025-01-25,Wallet,SUCCESS,10,3232775.53,0.00,3232775.53
2025-01-26,Credit Card,FAILED,1,351623.76,0.00,351623.76
2025-01-26,Credit Card,REFUNDED,1,48656.37,48656.37,0.00
2025-01-26,Credit Card,SUCCESS,6,1712860.22,0.00,1712860.22
2025-01-26,Debit Card,PENDING,1,278806.43,0.00,278806.43
2025-01-26,Debit Card,REFUNDED,1,41016.08,41016.08,0.00
2025-01-26,Debit Card,SUCCESS,10,2662025.29,0.00,2662025.29
2025-01-26,Net Banking,PENDING,1,376951.00,0.00,376951.00
2025-01-26,Net Banking,REFUNDED,2,808415.44,808415.44,0.00
2025-01-26,Net Banking,SUCCESS,7,1501719.93,0.00,1501719.93
2025-01-26,Upi,REFUNDED,5,1275024.85,1275024.85,0.00
2025-01-26,Upi,SUCCESS,2,779553.28,0.00,779553.28
2025-01-26,Wallet,PENDING,1,66683.14,0.00,66683.14
2025-01-26,Wallet,REFUNDED,3,807269.06,807269.06,0.00
2025-01-26,Wallet,SUCCESS,8,3056022.30,0.00,3056022.30
2025-01-27,Credit Card,FAILED,1,148096.68,0.00,148096.68
2025-01-27,Credit Card,PENDING,3,373704.46,0.00,373704.46
2025-01-27,Credit Card,SUCCESS,10,3278296.86,0.00,3278296.86
2025-01-27,Debit Card,FAILED,1,168692.67,0.00,168692.67
2025-01-27,Debit Card,PENDING,1,219541.00,0.00,219541.00
2025-01-27,Debit Card,REFUNDED,3,1362111.16,1362111.16,0.00
2025-01-27,Debit Card,SUCCESS,8,2834335.59,0.00,2834335.59
2025-01-27,Net Banking,FAILED,2,582087.04,0.00,582087.04
2025-01-27,Net Banking,REFUNDED,1,269947.90,269947.90,0.00
2025-01-27,Net Banking,SUCCESS,8,2576687.34,0.00,2576687.34
2025-01-27,Upi,FAILED,2,601761.31,0.00,601761.31
2025-01-27,Upi,SUCCESS,6,1295967.37,0.00,1295967.37
2025-01-27,Wallet,FAILED,3,851666.57,0.00,851666.57
2025-01-27,Wallet,SUCCESS,6,1298446.73,0.00,1298446.73
2025-01-28,Credit Card,FAILED,1,218005.48,0.00,218005.48
2025-01-28,Credit Card,REFUNDED,2,439931.53,439931.53,0.00
2025-01-28,Credit Card,SUCCESS,3,1265913.21,0.00,1265913.21
2025-01-28,Debit Card,FAILED,4,1390538.11,0.00,1390538.11
2025-01-28,Debit Card,PENDING,1,333114.69,0.00,333114.69
2025-01-28,Debit Card,REFUNDED,1,149391.00,149391.00,0.00
2025-01-28,Debit Card,SUCCESS,8,2164035.70,0.00,2164035.70
2025-01-28,Net Banking,REFUNDED,3,734369.29,734369.29,0.00
2025-01-28,Net Banking,SUCCESS,7,1532017.93,0.00,1532017.93
2025-01-28,Upi,FAILED,2,321635.11,0.00,321635.11
2025-01-28,Upi,PENDING,3,530419.45,0.00,530419.45
2025-01-28,Upi,SUCCESS,8,3008863.00,0.00,3008863.00
2025-01-28,Wallet,FAILED,1,230034.72,0.00,230034.72
2025-01-28,Wallet,REFUNDED,1,341096.99,341096.99,0.00
2025-01-28,Wallet,SUCCESS,5,1572249.46,0.00,1572249.46
2025-01-29,Credit Card,FAILED,2,429258.33,0.00,429258.33
2025-01-29,Credit Card,PENDING,1,407532.39,0.00,407532.39
2025-01-29,Credit Card,SUCCESS,8,1847767.39,0.00,1847767.39
2025-01-29,Debit Card,FAILED,1,424675.27,0.00,424675.27
2025-01-29,Debit Card,REFUNDED,3,971659.08,971659.08,0.00
2025-01-29,Debit Card,SUCCESS,8,1815597.47,0.00,1815597.47
2025-01-29,Net Banking,PENDING,1,357103.56,0.00,357103.56
2025-01-29,Net Banking,REFUNDED,1,217916.57,217916.57,0.00
2025-01-29,Net Banking,SUCCESS,9,2447660.47,0.00,2447660.47
2025-01-29,Upi,REFUNDED,3,912189.84,912189.84,0.00
2025-01-29,Upi,SUCCESS,11,3359331.42,0.00,3359331.42
2025-01-29,Wallet,FAILED,2,534203.92,0.00,534203.92
2025-01-29,Wallet,REFUNDED,2,351122.32,351122.32,0.00
2025-01-29,Wallet,SUCCESS,5,1441980.32,0.00,1441980.32
2025-01-30,Credit Card,FAILED,3,450589.11,0.00,450589.11
2025-01-30,Credit Card,PENDING,1,375164.41,0.00,375164.41
2025-01-30,Credit Card,REFUNDED,1,385600.37,385600.37,0.00
2025-01-30,Credit Card,SUCCESS,7,1474911.67,0.00,1474911.67
2025-01-30,Debit Card,FAILED,3,619098.63,0.00,619098.63
2025-01-30,Debit Card,REFUNDED,2,285657.92,285657.92,0.00
2025-01-30,Debit Card,SUCCESS,8,1839865.47,0.00,1839865.47
2025-01-30,Net Banking,REFUNDED,3,1050139.93,1050139.93,0.00
2025-01-30,Net Banking,SUCCESS,5,886039.12,0.00,886039.12
2025-01-30,Upi,FAILED,1,296568.46,0.00,296568.46
2025-01-30,Upi,REFUNDED,1,297804.05,297804.05,0.00
2025-01-30,Upi,SUCCESS,5,1099815.21,0.00,1099815.21
2025-01-30,Wallet,REFUNDED,2,467734.19,467734.19,0.00
2025-01-30,Wallet,SUCCESS,7,1913308.24,0.00,1913308.24
2025-01-31,Credit Card,REFUNDED,1,264838.29,264838.29,0.00
2025-01-31,Credit Card,SUCCESS,7,3055871.61,0.00,3055871.61
2025-01-31,Debit Card,SUCCESS,9,2516442.26,0.00,2516442.26
2025-01-31,Net Banking,REFUNDED,1,130912.20,130912.20,0.00
2025-01-31,Net Banking,SUCCESS,9,2364591.83,0.00,2364591.83
2025-01-31,Upi,FAILED,2,129748.54,0.00,129748.54
2025-01-31,Upi,PENDING,1,181235.70,0.00,181235.70
2025-01-31,Upi,REFUNDED,3,1112043.29,1112043.29,0.00
2025-01-31,Upi,SUCCESS,8,2397648.49,0.00,2397648.49
2025-01-31,Wallet,REFUNDED,2,712278.93,712278.93,0.00
2025-01-31,Wallet,SUCCESS,8,1723376.21,0.00,1723376.21
2025-02-01,Credit Card,FAILED,2,478492.42,0.00,478492.42
2025-02-01,Credit Card,REFUNDED,4,149834.89,149834.89,0.00
2025-02-01,Credit Card,SUCCESS,7,1839542.78,0.00,1839542.78
2025-02-01,Debit Card,PENDING,1,315114.23,0.00,315114.23
2025-02-01,Debit Card,REFUNDED,4,1117610.83,1117610.83,0.00
2025-02-01,Debit Card,SUCCESS,11,3861189.93,0.00,3861189.93
2025-02-01,Net Banking,FAILED,1,93068.76,0.00,93068.76
2025-02-01,Net Banking,REFUNDED,3,740243.70,740243.70,0.00
2025-02-01,Net Banking,SUCCESS,5,1258163.91,0.00,1258163.91
2025-02-01,Upi,FAILED,1,46081.61,0.00,46081.61
2025-02-01,Upi,PENDING,1,430652.94,0.00,430652.94
2025-02-01,Upi,REFUNDED,4,869562.87,869562.87,0.00
2025-02-01,Upi,SUCCESS,6,1456752.87,0.00,1456752.87
2025-02-01,Wallet,FAILED,2,1204904.16,0.00,1204904.16
2025-02-01,Wallet,REFUNDED,3,263903.44,263903.44,0.00
2025-02-01,Wallet,SUCCESS,10,1942016.89,0.00,1942016.89
2025-02-02,Credit Card,FAILED,1,345541.73,0.00,345541.73
2025-02-02,Credit Card,PENDING,2,346999.29,0.00,346999.29
2025-02-02,Credit Card,SUCCESS,6,1621585.38,0.00,1621585.38
2025-02-02,Debit Card,FAILED,1,305799.93,0.00,305799.93
2025-02-02,Debit Card,SUCCESS,7,1665131.71,0.00,1665131.71
2025-02-02,Net Banking,FAILED,3,1040627.21,0.00,1040627.21
2025-02-02,Net Banking,REFUNDED,2,482516.64,482516.64,0.00
2025-02-02,Net Banking,SUCCESS,5,1704070.34,0.00,1704070.34
2025-02-02,Upi,FAILED,3,191397.53,0.00,191397.53
2025-02-02,Upi,REFUNDED,2,249354.26,249354.26,0.00
2025-02-02,Upi,SUCCESS,5,1050131.92,0.00,1050131.92
2025-02-02,Wallet,FAILED,1,199973.80,0.00,199973.80
2025-02-02,Wallet,REFUNDED,3,975613.86,975613.86,0.00
2025-02-02,Wallet,SUCCESS,6,1920773.21,0.00,1920773.21
2025-02-03,Credit Card,FAILED,4,1198488.20,0.00,1198488.20
2025-02-03,Credit Card,REFUNDED,1,490890.89,490890.89,0.00
2025-02-03,Credit Card,SUCCESS,9,2887638.31,0.00,2887638.31
2025-02-03,Debit Card,FAILED,2,714227.97,0.00,714227.97
2025-02-03,Debit Card,REFUNDED,1,91132.29,91132.29,0.00
2025-02-03,Debit Card,SUCCESS,9,1375588.93,0.00,1375588.93
2025-02-03,Net Banking,FAILED,2,869403.47,0.00,869403.47
2025-02-03,Net Banking,REFUNDED,2,497431.72,497431.72,0.00
2025-02-03,Net Banking,SUCCESS,10,3004538.11,0.00,3004538.11
2025-02-03,Upi,REFUNDED,1,707265.55,707265.55,0.00
2025-02-03,Upi,SUCCESS,11,2761856.66,0.00,2761856.66
2025-02-03,Wallet,FAILED,2,682342.96,0.00,682342.96
2025-02-03,Wallet,PENDING,1,66608.16,0.00,66608.16
2025-02-03,Wallet,REFUNDED,2,405256.81,405256.81,0.00
2025-02-03,Wallet,SUCCESS,7,2164788.60,0.00,2164788.60
2025-02-04,Credit Card,FAILED,1,353809.95,0.00,353809.95
2025-02-04,Credit Card,REFUNDED,2,537879.53,537879.53,0.00
2025-02-04,Credit Card,SUCCESS,7,2046574.21,0.00,2046574.21
2025-02-04,Debit Card,REFUNDED,2,670059.78,670059.78,0.00
2025-02-04,Debit Card,SUCCESS,5,1259735.14,0.00,1259735.14
2025-02-04,Net Banking,REFUNDED,3,1276090.22,1276090.22,0.00
2025-02-04,Net Banking,SUCCESS,2,428376.41,0.00,428376.41
2025-02-04,Upi,FAILED,1,46338.55,0.00,46338.55
2025-02-04,Upi,REFUNDED,1,432961.37,432961.37,0.00
2025-02-04,Upi,SUCCESS,12,2520041.46,0.00,2520041.46
2025-02-04,Wallet,FAILED,1,300866.52,0.00,300866.52
2025-02-04,Wallet,PENDING,1,367712.55,0.00,367712.55
2025-02-04,Wallet,REFUNDED,1,33075.52,33075.52,0.00
2025-02-04,Wallet,SUCCESS,6,2218060.95,0.00,2218060.95
2025-02-05,Credit Card,FAILED,1,38452.90,0.00,38452.90
2025-02-05,Credit Card,SUCCESS,8,2638684.82,0.00,2638684.82
2025-02-05,Debit Card,FAILED,2,792630.97,0.00,792630.97
2025-02-05,Debit Card,SUCCESS,7,2233783.72,0.00,2233783.72
2025-02-05,Net Banking,PENDING,1,821475.86,0.00,821475.86
2025-02-05,Net Banking,REFUNDED,2,515162.41,515162.41,0.00
2025-02-05,Net Banking,SUCCESS,11,2670709.89,0.00,2670709.89
2025-02-05,Upi,FAILED,2,244420.53,0.00,244420.53
2025-02-05,Upi,PENDING,1,38147.16,0.00,38147.16
2025-02-05,Upi,REFUNDED,1,246662.22,246662.22,0.00
2025-02-05,Upi,SUCCESS,7,1504913.28,0.00,1504913.28
2025-02-05,Wallet,REFUNDED,1,472010.95,472010.95,0.00
2025-02-05,Wallet,SUCCESS,9,3148059.50,0.00,3148059.50
2025-02-06,Credit Card,REFUNDED,1,384943.59,384943.59,0.00
2025-02-06,Credit Card,SUCCESS,10,2878688.96,0.00,2878688.96
2025-02-06,Debit Card,PENDING,1,233233.89,0.00,233233.89
2025-02-06,Debit Card,SUCCESS,7,2005512.15,0.00,2005512.15
2025-02-06,Net Banking,REFUNDED,2,488117.27,488117.27,0.00
2025-02-06,Net Banking,SUCCESS,5,1396871.94,0.00,1396871.94
2025-02-06,Upi,REFUNDED,1,431436.69,431436.69,0.00
2025-02-06,Upi,SUCCESS,10,3524977.17,0.00,3524977.17
2025-02-06,Wallet,FAILED,1,619984.24,0.00,619984.24
2025-02-06,Wallet,PENDING,2,240479.42,0.00,240479.42
2025-02-06,Wallet,REFUNDED,1,323864.68,323864.68,0.00
2025-02-06,Wallet,SUCCESS,7,2108219.62,0.00,2108219.62
2025-02-07,Credit Card,PENDING,1,121837.20,0.00,121837.20
2025-02-07,Credit Card,REFUNDED,1,576734.09,576734.09,0.00
2025-02-07,Credit Card,SUCCESS,13,4163101.91,0.00,4163101.91
2025-02-07,Debit Card,FAILED,1,48956.19,0.00,48956.19
2025-02-07,Debit Card,SUCCESS,11,2800028.15,0.00,2800028.15
2025-02-07,Net Banking,FAILED,2,505169.95,0.00,505169.95
2025-02-07,Net Banking,PENDING,2,698899.02,0.00,698899.02
2025-02-07,Net Banking,REFUNDED,1,218705.33,218705.33,0.00
2025-02-07,Net Banking,SUCCESS,7,1968922.72,0.00,1968922.72
2025-02-07,Upi,REFUNDED,1,629912.60,629912.60,0.00
2025-02-07,Upi,SUCCESS,10,2253619.92,0.00,2253619.92
2025-02-07,Wallet,FAILED,2,560924.18,0.00,560924.18
2025-02-07,Wallet,PENDING,2,664850.08,0.00,664850.08
2025-02-07,Wallet,REFUNDED,2,436900.30,436900.30,0.00
2025-02-07,Wallet,SUCCESS,10,2797980.77,0.00,2797980.77
2025-02-08,Credit Card,REFUNDED,1,471145.08,471145.08,0.00
2025-02-08,Credit Card,SUCCESS,6,2173615.16,0.00,2173615.16
2025-02-08,Debit Card,FAILED,2,357743.55,0.00,357743.55
2025-02-08,Debit Card,SUCCESS,7,1325416.97,0.00,1325416.97
2025-02-08,Net Banking,FAILED,1,210322.90,0.00,210322.90
2025-02-08,Net Banking,PENDING,1,136964.41,0.00,136964.41
2025-02-08,Net Banking,REFUNDED,1,370623.08,370623.08,0.00
2025-02-08,Net Banking,SUCCESS,11,2327951.85,0.00,2327951.85
2025-02-08,Upi,FAILED,1,422683.92,0.00,422683.92
2025-02-08,Upi,REFUNDED,1,288917.22,288917.22,0.00
2025-02-08,Upi,SUCCESS,8,1968396.67,0.00,1968396.67
2025-02-08,Wallet,FAILED,1,758868.65,0.00,758868.65
2025-02-08,Wallet,REFUNDED,1,222958.62,222958.62,0.00
2025-02-08,Wallet,SUCCESS,5,1148667.17,0.00,1148667.17
2025-02-09,Credit Card,FAILED,1,158943.63,0.00,158943.63
2025-02-09,Credit Card,PENDING,2,316010.79,0.00,316010.79
2025-02-09,Credit Card,REFUNDED,1,372077.45,372077.45,0.00
2025-02-09,Credit Card,SUCCESS,6,2687709.67,0.00,2687709.67
2025-02-09,Debit Card,FAILED,2,519643.10,0.00,519643.10
2025-02-09,Debit Card,REFUNDED,3,439477.59,439477.59,0.00
2025-02-09,Debit Card,SUCCESS,13,3387525.42,0.00,3387525.42
2025-02-09,Net Banking,FAILED,1,240815.06,0.00,240815.06
2025-02-09,Net Banking,REFUNDED,5,1239361.82,1239361.82,0.00
2025-02-09,Net Banking,SUCCESS,5,1063546.63,0.00,1063546.63
2025-02-09,Upi,FAILED,2,824605.47,0.00,824605.47
2025-02-09,Upi,PENDING,2,172507.76,0.00,172507.76
2025-02-09,Upi,SUCCESS,2,380157.25,0.00,380157.25
2025-02-09,Wallet,FAILED,1,440978.98,0.00,440978.98
2025-02-09,Wallet,PENDING,1,456194.74,0.00,456194.74
2025-02-09,Wallet,SUCCESS,10,2438755.43,0.00,2438755.43
2025-02-10,Credit Card,FAILED,2,499076.13,0.00,499076.13
2025-02-10,Credit Card,PENDING,1,251807.76,0.00,251807.76
2025-02-10,Credit Card,REFUNDED,2,504767.44,504767.44,0.00
2025-02-10,Credit Card,SUCCESS,6,1519384.03,0.00,1519384.03
2025-02-10,Debit Card,FAILED,3,174089.65,0.00,174089.65
2025-02-10,Debit Card,REFUNDED,1,235951.19,235951.19,0.00
2025-02-10,Debit Card,SUCCESS,6,1676537.93,0.00,1676537.93
2025-02-10,Net Banking,FAILED,2,244140.68,0.00,244140.68
2025-02-10,Net Banking,PENDING,1,348854.75,0.00,348854.75
2025-02-10,Net Banking,REFUNDED,2,368890.53,368890.53,0.00
2025-02-10,Net Banking,SUCCESS,5,1403694.41,0.00,1403694.41
2025-02-10,Upi,FAILED,1,50455.47,0.00,50455.47
2025-02-10,Upi,SUCCESS,14,4698341.22,0.00,4698341.22
2025-02-10,Wallet,FAILED,2,520216.48,0.00,520216.48
2025-02-10,Wallet,PENDING,2,1210383.01,0.00,1210383.01
2025-02-10,Wallet,REFUNDED,3,1039748.53,1039748.53,0.00
2025-02-10,Wallet,SUCCESS,7,2673197.59,0.00,2673197.59
2025-02-11,Credit Card,REFUNDED,3,520561.87,520561.87,0.00
2025-02-11,Credit Card,SUCCESS,11,2705569.83,0.00,2705569.83
2025-02-11,Debit Card,FAILED,1,342961.70,0.00,342961.70
2025-02-11,Debit Card,REFUNDED,1,92358.45,92358.45,0.00
2025-02-11,Debit Card,SUCCESS,12,3350689.55,0.00,3350689.55
2025-02-11,Net Banking,FAILED,1,111611.61,0.00,111611.61
2025-02-11,Net Banking,SUCCESS,6,2690887.80,0.00,2690887.80
2025-02-11,Upi,FAILED,2,429695.79,0.00,429695.79
2025-02-11,Upi,REFUNDED,2,333353.41,333353.41,0.00
2025-02-11,Upi,SUCCESS,7,1872452.73,0.00,1872452.73
2025-02-11,Wallet,SUCCESS,11,3114711.25,0.00,3114711.25
2025-02-12,Credit Card,FAILED,1,299290.85,0.00,299290.85
2025-02-12,Credit Card,PENDING,2,596921.22,0.00,596921.22
2025-02-12,Credit Card,REFUNDED,1,338789.73,338789.73,0.00
2025-02-12,Credit Card,SUCCESS,4,547250.52,0.00,547250.52
2025-02-12,Debit Card,FAILED,1,94343.06,0.00,94343.06
2025-02-12,Debit Card,PENDING,2,279846.55,0.00,279846.55
2025-02-12,Debit Card,REFUNDED,3,1014508.39,1014508.39,0.00
2025-02-12,Debit Card,SUCCESS,10,3168713.10,0.00,3168713.10
2025-02-12,Net Banking,FAILED,2,862629.42,0.00,862629.42
2025-02-12,Net Banking,REFUNDED,1,89124.18,89124.18,0.00
2025-02-12,Net Banking,SUCCESS,9,2347978.84,0.00,2347978.84
2025-02-12,Upi,FAILED,3,498739.94,0.00,498739.94
2025-02-12,Upi,REFUNDED,1,325016.55,325016.55,0.00
2025-02-12,Upi,SUCCESS,13,3139849.56,0.00,3139849.56
2025-02-12,Wallet,REFUNDED,2,351861.14,351861.14,0.00
2025-02-12,Wallet,SUCCESS,7,1557693.60,0.00,1557693.60
2025-02-13,Credit Card,FAILED,2,507532.08,0.00,507532.08
2025-02-13,Credit Card,REFUNDED,1,351277.27,351277.27,0.00
2025-02-13,Credit Card,SUCCESS,8,2550467.68,0.00,2550467.68
2025-02-13,Debit Card,SUCCESS,11,3043898.13,0.00,3043898.13
2025-02-13,Net Banking,FAILED,1,6637.25,0.00,6637.25
2025-02-13,Net Banking,REFUNDED,4,981385.13,981385.13,0.00
2025-02-13,Net Banking,SUCCESS,5,1275287.33,0.00,1275287.33
2025-02-13,Upi,SUCCESS,9,3464435.98,0.00,3464435.98
2025-02-13,Wallet,FAILED,3,502444.16,0.00,502444.16
2025-02-13,Wallet,SUCCESS,7,2119573.41,0.00,2119573.41
2025-02-14,Credit Card,FAILED,1,113116.68,0.00,113116.68
2025-02-14,Credit Card,PENDING,1,412996.63,0.00,412996.63
2025-02-14,Credit Card,REFUNDED,1,408248.42,408248.42,0.00
2025-02-14,Credit Card,SUCCESS,4,1055250.08,0.00,1055250.08
2025-02-14,Debit Card,FAILED,2,578811.03,0.00,578811.03
2025-02-14,Debit Card,REFUNDED,1,341911.05,341911.05,0.00
2025-02-14,Debit Card,SUCCESS,7,2183756.34,0.00,2183756.34
2025-02-14,Net Banking,FAILED,4,918664.57,0.00,918664.57
2025-02-14,Net Banking,REFUNDED,2,273064.63,273064.63,0.00
2025-02-14,Net Banking,SUCCESS,7,2432879.79,0.00,2432879.79
2025-02-14,Upi,FAILED,2,342735.53,0.00,342735.53
2025-02-14,Upi,SUCCESS,5,986375.10,0.00,986375.10
2025-02-14,Wallet,FAILED,1,702406.48,0.00,702406.48
2025-02-14,Wallet,SUCCESS,8,2690315.95,0.00,2690315.95
2025-02-15,Credit Card,FAILED,1,256149.79,0.00,256149.79
2025-02-15,Credit Card,PENDING,1,564135.88,0.00,564135.88
2025-02-15,Credit Card,SUCCESS,5,1086273.31,0.00,1086273.31
2025-02-15,Debit Card,FAILED,1,447222.55,0.00,447222.55
2025-02-15,Debit Card,PENDING,1,100459.92,0.00,100459.92
2025-02-15,Debit Card,REFUNDED,2,156614.10,156614.10,0.00
2025-02-15,Debit Card,SUCCESS,7,2273949.63,0.00,2273949.63
2025-02-15,Net Banking,REFUNDED,3,900931.53,900931.53,0.00
2025-02-15,Net Banking,SUCCESS,7,1641357.01,0.00,1641357.01
2025-02-15,Upi,FAILED,1,261935.75,0.00,261935.75
2025-02-15,Upi,PENDING,1,47100.24,0.00,47100.24
2025-02-15,Upi,REFUNDED,4,471229.38,471229.38,0.00
2025-02-15,Upi,SUCCESS,11,2597706.28,0.00,2597706.28
2025-02-15,Wallet,FAILED,1,305650.82,0.00,305650.82
2025-02-15,Wallet,REFUNDED,3,688370.95,688370.95,0.00
2025-02-15,Wallet,SUCCESS,11,2292706.97,0.00,2292706.97
2025-02-16,Credit Card,FAILED,1,206067.69,0.00,206067.69
2025-02-16,Credit Card,PENDING,1,127380.74,0.00,127380.74
2025-02-16,Credit Card,REFUNDED,3,587932.48,587932.48,0.00
2025-02-16,Credit Card,SUCCESS,8,3039701.24,0.00,3039701.24
2025-02-16,Debit Card,FAILED,2,531873.40,0.00,531873.40
2025-02-16,Debit Card,REFUNDED,2,662549.52,662549.52,0.00
2025-02-16,Debit Card,SUCCESS,5,1100582.62,0.00,1100582.62
2025-02-16,Net Banking,FAILED,2,225832.90,0.00,225832.90
2025-02-16,Net Banking,REFUNDED,2,71106.09,71106.09,0.00
2025-02-16,Net Banking,SUCCESS,10,2384211.39,0.00,2384211.39
2025-02-16,Upi,PENDING,2,132211.52,0.00,132211.52
2025-02-16,Upi,REFUNDED,1,374160.73,374160.73,0.00
2025-02-16,Upi,SUCCESS,8,2096309.08,0.00,2096309.08
2025-02-16,Wallet,FAILED,1,39890.88,0.00,39890.88
2025-02-16,Wallet,SUCCESS,5,2043870.18,0.00,2043870.18
2025-02-17,Credit Card,PENDING,1,51233.14,0.00,51233.14
2025-02-17,Credit Card,REFUNDED,1,127325.63,127325.63,0.00
2025-02-17,Credit Card,SUCCESS,7,1362856.03,0.00,1362856.03
2025-02-17,Debit Card,FAILED,1,517957.44,0.00,517957.44
2025-02-17,Debit Card,PENDING,1,94377.05,0.00,94377.05
2025-02-17,Debit Card,REFUNDED,1,217586.41,217586.41,0.00
2025-02-17,Debit Card,SUCCESS,8,2656397.94,0.00,2656397.94
2025-02-17,Net Banking,FAILED,1,375756.46,0.00,375756.46
2025-02-17,Net Banking,REFUNDED,5,1175965.32,1175965.32,0.00
2025-02-17,Net Banking,SUCCESS,6,1869637.92,0.00,1869637.92
2025-02-17,Upi,REFUNDED,2,456594.26,456594.26,0.00
2025-02-17,Upi,SUCCESS,7,2794501.44,0.00,2794501.44
2025-02-17,Wallet,REFUNDED,5,953504.60,953504.60,0.00
2025-02-17,Wallet,SUCCESS,6,1318691.64,0.00,1318691.64
2025-02-18,Credit Card,FAILED,2,643398.23,0.00,643398.23
2025-02-18,Credit Card,PENDING,1,89962.04,0.00,89962.04
2025-02-18,Credit Card,REFUNDED,2,582940.25,582940.25,0.00
2025-02-18,Credit Card,SUCCESS,7,2028734.04,0.00,2028734.04
2025-02-18,Debit Card,FAILED,3,414017.63,0.00,414017.63
2025-02-18,Debit Card,REFUNDED,2,609671.02,609671.02,0.00
2025-02-18,Debit Card,SUCCESS,5,1588097.86,0.00,1588097.86
2025-02-18,Net Banking,SUCCESS,6,1573331.70,0.00,1573331.70
2025-02-18,Upi,FAILED,2,614480.62,0.00,614480.62
2025-02-18,Upi,REFUNDED,1,129202.55,129202.55,0.00
2025-02-18,Upi,SUCCESS,12,3159201.99,0.00,3159201.99
2025-02-18,Wallet,FAILED,1,250488.18,0.00,250488.18
2025-02-18,Wallet,REFUNDED,1,1423.63,1423.63,0.00
2025-02-18,Wallet,SUCCESS,3,1533773.61,0.00,1533773.61
2025-02-19,Credit Card,FAILED,2,404122.35,0.00,404122.35
2025-02-19,Credit Card,PENDING,1,125217.54,0.00,125217.54
2025-02-19,Credit Card,SUCCESS,12,3309448.30,0.00,3309448.30
2025-02-19,Debit Card,FAILED,2,663843.81,0.00,663843.81
2025-02-19,Debit Card,PENDING,1,460071.06,0.00,460071.06
2025-02-19,Debit Card,REFUNDED,3,1038993.35,1038993.35,0.00
2025-02-19,Debit Card,SUCCESS,3,531713.31,0.00,531713.31
2025-02-19,Net Banking,SUCCESS,3,1166917.04,0.00,1166917.04
2025-02-19,Upi,FAILED,4,1261921.55,0.00,1261921.55
2025-02-19,Upi,PENDING,1,27857.34,0.00,27857.34
2025-02-19,Upi,REFUNDED,1,296442.06,296442.06,0.00
2025-02-19,Upi,SUCCESS,9,3051035.89,0.00,3051035.89
2025-02-19,Wallet,PENDING,1,407292.13,0.00,407292.13
2025-02-19,Wallet,REFUNDED,1,301569.60,301569.60,0.00
2025-02-19,Wallet,SUCCESS,4,1263264.88,0.00,1263264.88
2025-02-20,Credit Card,PENDING,1,206460.56,0.00,206460.56
2025-02-20,Credit Card,REFUNDED,3,768649.26,768649.26,0.00
2025-02-20,Credit Card,SUCCESS,9,1838223.96,0.00,1838223.96
2025-02-20,Debit Card,PENDING,1,203491.68,0.00,203491.68
2025-02-20,Debit Card,SUCCESS,8,2756187.46,0.00,2756187.46
2025-02-20,Net Banking,FAILED,1,205532.32,0.00,205532.32
2025-02-20,Net Banking,REFUNDED,4,868793.67,868793.67,0.00
2025-02-20,Net Banking,SUCCESS,5,922162.51,0.00,922162.51
2025-02-20,Upi,FAILED,1,246482.00,0.00,246482.00
2025-02-20,Upi,REFUNDED,1,466538.44,466538.44,0.00
2025-02-20,Upi,SUCCESS,10,2465931.47,0.00,2465931.47
2025-02-20,Wallet,FAILED,1,533201.22,0.00,533201.22
2025-02-20,Wallet,REFUNDED,4,782984.29,782984.29,0.00
2025-02-20,Wallet,SUCCESS,4,649832.74,0.00,649832.74
2025-02-21,Credit Card,FAILED,1,137140.25,0.00,137140.25
2025-02-21,Credit Card,SUCCESS,4,1496135.12,0.00,1496135.12
2025-02-21,Debit Card,PENDING,2,551239.20,0.00,551239.20
2025-02-21,Debit Card,REFUNDED,1,496506.27,496506.27,0.00
2025-02-21,Debit Card,SUCCESS,7,1092510.49,0.00,1092510.49
2025-02-21,Net Banking,FAILED,1,177251.10,0.00,177251.10
2025-02-21,Net Banking,PENDING,2,260634.35,0.00,260634.35
2025-02-21,Net Banking,REFUNDED,4,1025925.33,1025925.33,0.00
2025-02-21,Net Banking,SUCCESS,11,1537725.00,0.00,1537725.00
2025-02-21,Upi,REFUNDED,1,114812.14,114812.14,0.00
2025-02-21,Upi,SUCCESS,11,2677198.50,0.00,2677198.50
2025-02-21,Wallet,FAILED,2,359432.14,0.00,359432.14
2025-02-21,Wallet,REFUNDED,1,306575.29,306575.29,0.00
2025-02-21,Wallet,SUCCESS,10,2585459.88,0.00,2585459.88
2025-02-22,Credit Card,FAILED,2,629979.56,0.00,629979.56
2025-02-22,Credit Card,REFUNDED,1,197503.24,197503.24,0.00
2025-02-22,Credit Card,SUCCESS,5,1458724.15,0.00,1458724.15
2025-02-22,Debit Card,PENDING,1,297278.49,0.00,297278.49
2025-02-22,Debit Card,REFUNDED,1,205410.43,205410.43,0.00
2025-02-22,Debit Card,SUCCESS,5,1005376.48,0.00,1005376.48
2025-02-22,Net Banking,REFUNDED,1,13295.71,13295.71,0.00
2025-02-22,Net Banking,SUCCESS,9,3156598.43,0.00,3156598.43
2025-02-22,Upi,FAILED,1,232289.51,0.00,232289.51
2025-02-22,Upi,PENDING,1,324019.96,0.00,324019.96
2025-02-22,Upi,REFUNDED,1,188719.81,188719.81,0.00
2025-02-22,Upi,SUCCESS,10,3141651.61,0.00,3141651.61
2025-02-22,Wallet,FAILED,2,401990.75,0.00,401990.75
2025-02-22,Wallet,SUCCESS,11,2647830.69,0.00,2647830.69
2025-02-23,Credit Card,FAILED,3,1331245.11,0.00,1331245.11
2025-02-23,Credit Card,SUCCESS,10,2079953.73,0.00,2079953.73
2025-02-23,Debit Card,FAILED,1,646502.16,0.00,646502.16
2025-02-23,Debit Card,REFUNDED,2,443623.69,443623.69,0.00
2025-02-23,Debit Card,SUCCESS,9,2432811.05,0.00,2432811.05
2025-02-23,Net Banking,FAILED,3,1243080.37,0.00,1243080.37
2025-02-23,Net Banking,PENDING,2,589163.16,0.00,589163.16
2025-02-23,Net Banking,REFUNDED,5,971770.87,971770.87,0.00
2025-02-23,Net Banking,SUCCESS,4,713170.40,0.00,713170.40
2025-02-23,Upi,FAILED,3,648106.89,0.00,648106.89
2025-02-23,Upi,PENDING,2,94618.54,0.00,94618.54
2025-02-23,Upi,REFUNDED,1,278655.72,278655.72,0.00
2025-02-23,Upi,SUCCESS,7,1742126.96,0.00,1742126.96
2025-02-23,Wallet,REFUNDED,1,261411.77,261411.77,0.00
2025-02-23,Wallet,SUCCESS,8,1596042.05,0.00,1596042.05
2025-02-24,Credit Card,FAILED,1,97115.32,0.00,97115.32
2025-02-24,Credit Card,SUCCESS,5,665619.13,0.00,665619.13
2025-02-24,Debit Card,FAILED,1,453171.62,0.00,453171.62
2025-02-24,Debit Card,PENDING,1,75559.72,0.00,75559.72
2025-02-24,Debit Card,REFUNDED,4,614441.27,614441.27,0.00
2025-02-24,Debit Card,SUCCESS,10,2202812.62,0.00,2202812.62
2025-02-24,Net Banking,FAILED,1,133926.18,0.00,133926.18
2025-02-24,Net Banking,REFUNDED,2,150655.63,150655.63,0.00
2025-02-24,Net Banking,SUCCESS,4,1262899.26,0.00,1262899.26
2025-02-24,Upi,FAILED,2,743049.10,0.00,743049.10
2025-02-24,Upi,REFUNDED,6,2049000.45,2049000.45,0.00
2025-02-24,Upi,SUCCESS,12,3763112.78,0.00,3763112.78
2025-02-24,Wallet,PENDING,2,116967.28,0.00,116967.28
2025-02-24,Wallet,SUCCESS,2,497900.78,0.00,497900.78
2025-02-25,Credit Card,FAILED,3,1461119.00,0.00,1461119.00
2025-02-25,Credit Card,PENDING,2,563875.36,0.00,563875.36
2025-02-25,Credit Card,REFUNDED,3,1170181.22,1170181.22,0.00
2025-02-25,Credit Card,SUCCESS,6,1884667.59,0.00,1884667.59
2025-02-25,Debit Card,PENDING,1,331603.54,0.00,331603.54
2025-02-25,Debit Card,REFUNDED,1,86521.02,86521.02,0.00
2025-02-25,Debit Card,SUCCESS,8,2219303.05,0.00,2219303.05
2025-02-25,Net Banking,FAILED,2,1098197.21,0.00,1098197.21
2025-02-25,Net Banking,PENDING,1,458608.12,0.00,458608.12
2025-02-25,Net Banking,REFUNDED,2,354011.09,354011.09,0.00
2025-02-25,Net Banking,SUCCESS,8,1887311.88,0.00,1887311.88
2025-02-25,Upi,FAILED,1,228759.49,0.00,228759.49
2025-02-25,Upi,REFUNDED,1,33327.65,33327.65,0.00
2025-02-25,Upi,SUCCESS,6,1511160.67,0.00,1511160.67
2025-02-25,Wallet,FAILED,2,586208.36,0.00,586208.36
2025-02-25,Wallet,PENDING,1,139342.89,0.00,139342.89
2025-02-25,Wallet,SUCCESS,8,2518781.98,0.00,2518781.98
2025-02-26,Credit Card,FAILED,3,878614.05,0.00,878614.05
2025-02-26,Credit Card,PENDING,1,45743.10,0.00,45743.10
2025-02-26,Credit Card,REFUNDED,4,1183891.23,1183891.23,0.00
2025-02-26,Credit Card,SUCCESS,5,1117543.50,0.00,1117543.50
2025-02-26,Debit Card,PENDING,3,786757.82,0.00,786757.82
2025-02-26,Debit Card,REFUNDED,3,835487.07,835487.07,0.00
2025-02-26,Debit Card,SUCCESS,6,1950594.36,0.00,1950594.36
2025-02-26,Net Banking,FAILED,2,302667.48,0.00,302667.48
2025-02-26,Net Banking,PENDING,1,58577.99,0.00,58577.99
2025-02-26,Net Banking,REFUNDED,2,749042.69,749042.69,0.00
2025-02-26,Net Banking,SUCCESS,8,2285601.55,0.00,2285601.55
2025-02-26,Upi,REFUNDED,3,585577.54,585577.54,0.00
2025-02-26,Upi,SUCCESS,9,3053151.99,0.00,3053151.99
2025-02-26,Wallet,FAILED,2,487523.27,0.00,487523.27
2025-02-26,Wallet,PENDING,2,620416.16,0.00,620416.16
2025-02-26,Wallet,REFUNDED,1,29585.47,29585.47,0.00
2025-02-26,Wallet,SUCCESS,12,3331549.12,0.00,3331549.12
2025-02-27,Credit Card,FAILED,2,466828.05,0.00,466828.05
2025-02-27,Credit Card,PENDING,1,191766.66,0.00,191766.66
2025-02-27,Credit Card,REFUNDED,2,352828.90,352828.90,0.00
2025-02-27,Credit Card,SUCCESS,11,3308843.31,0.00,3308843.31
2025-02-27,Debit Card,FAILED,1,244147.37,0.00,244147.37
2025-02-27,Debit Card,REFUNDED,4,1042351.72,1042351.72,0.00
2025-02-27,Debit Card,SUCCESS,6,1437726.76,0.00,1437726.76
2025-02-27,Net Banking,FAILED,3,314519.85,0.00,314519.85
2025-02-27,Net Banking,PENDING,1,45814.87,0.00,45814.87
2025-02-27,Net Banking,REFUNDED,1,396591.68,396591.68,0.00
2025-02-27,Net Banking,SUCCESS,7,1492983.85,0.00,1492983.85
2025-02-27,Upi,FAILED,2,546355.22,0.00,546355.22
2025-02-27,Upi,REFUNDED,2,366096.77,366096.77,0.00
2025-02-27,Upi,SUCCESS,12,2941159.23,0.00,2941159.23
2025-02-27,Wallet,FAILED,1,110998.41,0.00,110998.41
2025-02-27,Wallet,SUCCESS,6,1104779.96,0.00,1104779.96
2025-02-28,Credit Card,FAILED,1,285342.01,0.00,285342.01
2025-02-28,Credit Card,REFUNDED,1,359664.59,359664.59,0.00
2025-02-28,Credit Card,SUCCESS,7,2325186.80,0.00,2325186.80
2025-02-28,Debit Card,PENDING,1,422119.70,0.00,422119.70
2025-02-28,Debit Card,REFUNDED,1,198754.14,198754.14,0.00
2025-02-28,Debit Card,SUCCESS,8,2547801.99,0.00,2547801.99
2025-02-28,Net Banking,FAILED,2,868396.02,0.00,868396.02
2025-02-28,Net Banking,PENDING,1,462608.69,0.00,462608.69
2025-02-28,Net Banking,REFUNDED,3,1075254.78,1075254.78,0.00
2025-02-28,Net Banking,SUCCESS,8,1995621.94,0.00,1995621.94
2025-02-28,Upi,FAILED,1,718241.73,0.00,718241.73
2025-02-28,Upi,PENDING,1,371320.32,0.00,371320.32
2025-02-28,Upi,REFUNDED,1,353661.15,353661.15,0.00
2025-02-28,Upi,SUCCESS,12,2659947.72,0.00,2659947.72
2025-02-28,Wallet,FAILED,3,678299.35,0.00,678299.35
2025-02-28,Wallet,PENDING,1,222133.29,0.00,222133.29
2025-02-28,Wallet,REFUNDED,3,960461.77,960461.77,0.00
2025-02-28,Wallet,SUCCESS,6,1946358.49,0.00,1946358.49
2025-03-01,Credit Card,FAILED,1,203104.26,0.00,203104.26
2025-03-01,Credit Card,REFUNDED,1,244308.94,244308.94,0.00
2025-03-01,Credit Card,SUCCESS,7,2507369.00,0.00,2507369.00
2025-03-01,Debit Card,PENDING,1,294696.62,0.00,294696.62
2025-03-01,Debit Card,SUCCESS,6,1411516.16,0.00,1411516.16
2025-03-01,Net Banking,REFUNDED,3,1275165.45,1275165.45,0.00
2025-03-01,Net Banking,SUCCESS,6,1940457.17,0.00,1940457.17
2025-03-01,Upi,FAILED,1,86307.36,0.00,86307.36
2025-03-01,Upi,REFUNDED,2,825855.14,825855.14,0.00
2025-03-01,Upi,SUCCESS,9,2501875.85,0.00,2501875.85
2025-03-01,Wallet,PENDING,1,47821.03,0.00,47821.03
2025-03-01,Wallet,REFUNDED,5,1336880.34,1336880.34,0.00
2025-03-01,Wallet,SUCCESS,9,2023516.10,0.00,2023516.10
2025-03-02,Credit Card,REFUNDED,1,6236.08,6236.08,0.00
2025-03-02,Credit Card,SUCCESS,7,1773082.03,0.00,1773082.03
2025-03-02,Debit Card,PENDING,1,158999.76,0.00,158999.76
2025-03-02,Debit Card,REFUNDED,2,350077.99,350077.99,0.00
2025-03-02,Debit Card,SUCCESS,6,1315245.06,0.00,1315245.06
2025-03-02,Net Banking,FAILED,2,1006817.11,0.00,1006817.11
2025-03-02,Net Banking,REFUNDED,1,108281.10,108281.10,0.00
2025-03-02,Net Banking,SUCCESS,14,4082585.12,0.00,4082585.12
2025-03-02,Upi,FAILED,1,58126.91,0.00,58126.91
2025-03-02,Upi,REFUNDED,2,937140.08,937140.08,0.00
2025-03-02,Upi,SUCCESS,7,1408803.80,0.00,1408803.80
2025-03-02,Wallet,FAILED,2,443577.10,0.00,443577.10
2025-03-02,Wallet,PENDING,1,384956.07,0.00,384956.07
2025-03-02,Wallet,REFUNDED,3,920264.78,920264.78,0.00
2025-03-02,Wallet,SUCCESS,11,3309074.33,0.00,3309074.33
2025-03-03,Credit Card,FAILED,1,250570.39,0.00,250570.39
2025-03-03,Credit Card,REFUNDED,1,255831.96,255831.96,0.00
2025-03-03,Credit Card,SUCCESS,5,1368926.22,0.00,1368926.22
2025-03-03,Debit Card,PENDING,1,432952.99,0.00,432952.99
2025-03-03,Debit Card,SUCCESS,11,2500340.43,0.00,2500340.43
2025-03-03,Net Banking,FAILED,2,478737.53,0.00,478737.53
2025-03-03,Net Banking,REFUNDED,5,752723.37,752723.37,0.00
2025-03-03,Net Banking,SUCCESS,5,1227656.96,0.00,1227656.96
2025-03-03,Upi,FAILED,2,94700.78,0.00,94700.78
2025-03-03,Upi,PENDING,1,258230.17,0.00,258230.17
2025-03-03,Upi,REFUNDED,1,331908.92,331908.92,0.00
2025-03-03,Upi,SUCCESS,6,1840364.56,0.00,1840364.56
2025-03-03,Wallet,PENDING,1,265680.21,0.00,265680.21
2025-03-03,Wallet,REFUNDED,3,731137.23,731137.23,0.00
2025-03-03,Wallet,SUCCESS,9,2443536.10,0.00,2443536.10
2025-03-04,Credit Card,FAILED,2,474422.35,0.00,474422.35
2025-03-04,Credit Card,REFUNDED,4,692817.01,692817.01,0.00
2025-03-04,Credit Card,SUCCESS,5,1615142.67,0.00,1615142.67
2025-03-04,Debit Card,SUCCESS,10,2904547.21,0.00,2904547.21
2025-03-04,Net Banking,FAILED,1,602692.74,0.00,602692.74
2025-03-04,Net Banking,REFUNDED,1,824.10,824.10,0.00
2025-03-04,Net Banking,SUCCESS,6,1235383.72,0.00,1235383.72
2025-03-04,Upi,FAILED,2,324227.94,0.00,324227.94
2025-03-04,Upi,REFUNDED,2,574697.09,574697.09,0.00
2025-03-04,Upi,SUCCESS,10,2105830.16,0.00,2105830.16
2025-03-04,Wallet,FAILED,1,98603.32,0.00,98603.32
2025-03-04,Wallet,SUCCESS,3,1048827.90,0.00,1048827.90
2025-03-05,Credit Card,FAILED,1,644302.47,0.00,644302.47
2025-03-05,Credit Card,REFUNDED,4,996076.55,996076.55,0.00
2025-03-05,Credit Card,SUCCESS,6,1919512.88,0.00,1919512.88
2025-03-05,Debit Card,FAILED,1,446091.50,0.00,446091.50
2025-03-05,Debit Card,REFUNDED,1,190643.14,190643.14,0.00
2025-03-05,Debit Card,SUCCESS,4,1032349.40,0.00,1032349.40
2025-03-05,Net Banking,SUCCESS,10,2442218.61,0.00,2442218.61
2025-03-05,Upi,FAILED,1,401213.66,0.00,401213.66
2025-03-05,Upi,PENDING,1,289265.09,0.00,289265.09
2025-03-05,Upi,SUCCESS,15,4025629.68,0.00,4025629.68
2025-03-05,Wallet,FAILED,1,638853.42,0.00,638853.42
2025-03-05,Wallet,REFUNDED,3,868821.92,868821.92,0.00
2025-03-05,Wallet,SUCCESS,10,2260119.81,0.00,2260119.81
2025-03-06,Credit Card,FAILED,1,207329.36,0.00,207329.36
2025-03-06,Credit Card,PENDING,1,47922.14,0.00,47922.14
2025-03-06,Credit Card,REFUNDED,2,169442.88,169442.88,0.00
2025-03-06,Credit Card,SUCCESS,6,2137800.37,0.00,2137800.37
2025-03-06,Debit Card,FAILED,1,435523.95,0.00,435523.95
2025-03-06,Debit Card,REFUNDED,2,471960.31,471960.31,0.00
2025-03-06,Debit Card,SUCCESS,6,1818818.67,0.00,1818818.67
2025-03-06,Net Banking,SUCCESS,7,1127070.50,0.00,1127070.50
2025-03-06,Upi,FAILED,1,332347.16,0.00,332347.16
2025-03-06,Upi,REFUNDED,3,793502.26,793502.26,0.00
2025-03-06,Upi,SUCCESS,6,1125431.89,0.00,1125431.89
2025-03-06,Wallet,FAILED,3,962130.81,0.00,962130.81
2025-03-06,Wallet,SUCCESS,9,3867861.41,0.00,3867861.41
2025-03-07,Credit Card,FAILED,1,809.79,0.00,809.79
2025-03-07,Credit Card,REFUNDED,4,1009811.90,1009811.90,0.00
2025-03-07,Credit Card,SUCCESS,9,2332133.74,0.00,2332133.74
2025-03-07,Debit Card,FAILED,2,856406.95,0.00,856406.95
2025-03-07,Debit Card,REFUNDED,1,251497.68,251497.68,0.00
2025-03-07,Debit Card,SUCCESS,8,1912468.08,0.00,1912468.08
2025-03-07,Net Banking,REFUNDED,1,410901.90,410901.90,0.00
2025-03-07,Net Banking,SUCCESS,6,826357.74,0.00,826357.74
2025-03-07,Upi,FAILED,1,230051.30,0.00,230051.30
2025-03-07,Upi,PENDING,1,6389.26,0.00,6389.26
2025-03-07,Upi,REFUNDED,3,683985.35,683985.35,0.00
2025-03-07,Upi,SUCCESS,7,1016681.94,0.00,1016681.94
2025-03-07,Wallet,FAILED,1,453230.13,0.00,453230.13
2025-03-07,Wallet,PENDING,1,554344.00,0.00,554344.00
2025-03-07,Wallet,REFUNDED,1,76156.38,76156.38,0.00
2025-03-07,Wallet,SUCCESS,10,2756535.12,0.00,2756535.12
2025-03-08,Credit Card,REFUNDED,2,759153.18,759153.18,0.00
2025-03-08,Credit Card,SUCCESS,9,3039058.46,0.00,3039058.46
2025-03-08,Debit Card,PENDING,1,449604.99,0.00,449604.99
2025-03-08,Debit Card,REFUNDED,2,299311.38,299311.38,0.00
2025-03-08,Debit Card,SUCCESS,14,3907847.82,0.00,3907847.82
2025-03-08,Net Banking,FAILED,2,415761.68,0.00,415761.68
2025-03-08,Net Banking,REFUNDED,2,452373.84,452373.84,0.00
2025-03-08,Net Banking,SUCCESS,9,2747638.96,0.00,2747638.96
2025-03-08,Upi,FAILED,1,182511.22,0.00,182511.22
2025-03-08,Upi,PENDING,2,810586.46,0.00,810586.46
2025-03-08,Upi,REFUNDED,5,1248882.41,1248882.41,0.00
2025-03-08,Upi,SUCCESS,6,1816419.49,0.00,1816419.49
2025-03-08,Wallet,REFUNDED,1,150335.24,150335.24,0.00
2025-03-08,Wallet,SUCCESS,6,1633956.05,0.00,1633956.05
2025-03-09,Credit Card,FAILED,2,451918.86,0.00,451918.86
2025-03-09,Credit Card,SUCCESS,7,1571343.63,0.00,1571343.63
2025-03-09,Debit Card,FAILED,2,455920.41,0.00,455920.41
2025-03-09,Debit Card,PENDING,2,203719.39,0.00,203719.39
2025-03-09,Debit Card,SUCCESS,8,2030018.14,0.00,2030018.14
2025-03-09,Net Banking,FAILED,1,409003.03,0.00,409003.03
2025-03-09,Net Banking,REFUNDED,1,504878.23,504878.23,0.00
2025-03-09,Net Banking,SUCCESS,4,787807.98,0.00,787807.98
2025-03-09,Upi,FAILED,2,413946.68,0.00,413946.68
2025-03-09,Upi,REFUNDED,1,339033.11,339033.11,0.00
2025-03-09,Upi,SUCCESS,7,1529122.53,0.00,1529122.53
2025-03-09,Wallet,FAILED,1,121617.55,0.00,121617.55
2025-03-09,Wallet,REFUNDED,2,491292.44,491292.44,0.00
2025-03-09,Wallet,SUCCESS,5,615705.15,0.00,615705.15
2025-03-10,Credit Card,REFUNDED,3,1101369.40,1101369.40,0.00
2025-03-10,Credit Card,SUCCESS,7,3183975.89,0.00,3183975.89
2025-03-10,Debit Card,SUCCESS,11,2112103.44,0.00,2112103.44
2025-03-10,Net Banking,PENDING,1,261900.26,0.00,261900.26
2025-03-10,Net Banking,REFUNDED,1,467118.11,467118.11,0.00
2025-03-10,Net Banking,SUCCESS,4,1172212.99,0.00,1172212.99
2025-03-10,Upi,REFUNDED,1,231811.70,231811.70,0.00
2025-03-10,Upi,SUCCESS,5,1628517.79,0.00,1628517.79
2025-03-10,Wallet,FAILED,2,799315.19,0.00,799315.19
2025-03-10,Wallet,PENDING,1,389743.69,0.00,389743.69
2025-03-10,Wallet,REFUNDED,1,99137.22,99137.22,0.00
2025-03-10,Wallet,SUCCESS,5,1566582.22,0.00,1566582.22
2025-03-11,Credit Card,PENDING,1,104725.76,0.00,104725.76
2025-03-11,Credit Card,REFUNDED,1,494946.71,494946.71,0.00
2025-03-11,Credit Card,SUCCESS,13,2814904.14,0.00,2814904.14
2025-03-11,Debit Card,PENDING,1,175481.66,0.00,175481.66
2025-03-11,Debit Card,REFUNDED,2,221877.24,221877.24,0.00
2025-03-11,Debit Card,SUCCESS,4,798031.35,0.00,798031.35
2025-03-11,Net Banking,FAILED,2,477299.29,0.00,477299.29
2025-03-11,Net Banking,PENDING,1,78417.86,0.00,78417.86
2025-03-11,Net Banking,REFUNDED,2,847308.82,847308.82,0.00
2025-03-11,Net Banking,SUCCESS,10,3911845.04,0.00,3911845.04
2025-03-11,Upi,SUCCESS,8,2043806.70,0.00,2043806.70
2025-03-11,Wallet,FAILED,2,290267.72,0.00,290267.72
2025-03-11,Wallet,PENDING,1,320991.08,0.00,320991.08
2025-03-11,Wallet,REFUNDED,2,845638.98,845638.98,0.00
2025-03-11,Wallet,SUCCESS,8,3039477.23,0.00,3039477.23
2025-03-12,Credit Card,FAILED,2,179943.03,0.00,179943.03
2025-03-12,Credit Card,PENDING,1,193459.87,0.00,193459.87
2025-03-12,Credit Card,SUCCESS,6,1594398.03,0.00,1594398.03
2025-03-12,Debit Card,FAILED,2,403597.79,0.00,403597.79
2025-03-12,Debit Card,PENDING,1,167492.26,0.00,167492.26
2025-03-12,Debit Card,REFUNDED,2,318530.74,318530.74,0.00
2025-03-12,Debit Card,SUCCESS,9,2354887.97,0.00,2354887.97
2025-03-12,Net Banking,FAILED,1,118888.41,0.00,118888.41
2025-03-12,Net Banking,PENDING,1,53054.07,0.00,53054.07
2025-03-12,Net Banking,REFUNDED,2,934531.72,934531.72,0.00
2025-03-12,Net Banking,SUCCESS,8,3480471.37,0.00,3480471.37
2025-03-12,Upi,REFUNDED,2,893287.67,893287.67,0.00
2025-03-12,Upi,SUCCESS,10,2687116.50,0.00,2687116.50
2025-03-12,Wallet,REFUNDED,3,333346.66,333346.66,0.00
2025-03-12,Wallet,SUCCESS,12,2159621.59,0.00,2159621.59
2025-03-13,Credit Card,PENDING,1,418799.67,0.00,418799.67
2025-03-13,Credit Card,REFUNDED,1,106360.53,106360.53,0.00
2025-03-13,Credit Card,SUCCESS,3,848840.05,0.00,848840.05
2025-03-13,Debit Card,REFUNDED,1,261705.72,261705.72,0.00
2025-03-13,Debit Card,SUCCESS,8,1965203.09,0.00,1965203.09
2025-03-13,Net Banking,FAILED,6,2179532.18,0.00,2179532.18
2025-03-13,Net Banking,PENDING,2,706459.74,0.00,706459.74
2025-03-13,Net Banking,SUCCESS,4,687366.95,0.00,687366.95
2025-03-13,Upi,FAILED,1,138326.77,0.00,138326.77
2025-03-13,Upi,PENDING,1,611762.81,0.00,611762.81
2025-03-13,Upi,SUCCESS,10,2600632.21,0.00,2600632.21
2025-03-13,Wallet,FAILED,2,237003.72,0.00,237003.72
2025-03-13,Wallet,REFUNDED,1,21275.14,21275.14,0.00
2025-03-13,Wallet,SUCCESS,7,1574935.84,0.00,1574935.84
2025-03-14,Credit Card,PENDING,2,336783.79,0.00,336783.79
2025-03-14,Credit Card,REFUNDED,2,217018.13,217018.13,0.00
2025-03-14,Credit Card,SUCCESS,6,1625849.20,0.00,1625849.20
2025-03-14,Debit Card,FAILED,1,262553.67,0.00,262553.67
2025-03-14,Debit Card,REFUNDED,4,973699.69,973699.69,0.00
2025-03-14,Debit Card,SUCCESS,12,3129079.66,0.00,3129079.66
2025-03-14,Net Banking,FAILED,1,386881.25,0.00,386881.25
2025-03-14,Net Banking,REFUNDED,2,899649.85,899649.85,0.00
2025-03-14,Net Banking,SUCCESS,12,2215152.17,0.00,2215152.17
2025-03-14,Upi,REFUNDED,1,193317.10,193317.10,0.00
2025-03-14,Upi,SUCCESS,4,1048672.12,0.00,1048672.12
2025-03-14,Wallet,FAILED,1,85457.68,0.00,85457.68
2025-03-14,Wallet,PENDING,1,438274.16,0.00,438274.16
2025-03-14,Wallet,SUCCESS,8,2303986.57,0.00,2303986.57
2025-03-15,Credit Card,FAILED,2,460508.46,0.00,460508.46
2025-03-15,Credit Card,PENDING,1,456821.90,0.00,456821.90
2025-03-15,Credit Card,REFUNDED,2,415393.04,415393.04,0.00
2025-03-15,Credit Card,SUCCESS,7,1522207.40,0.00,1522207.40
2025-03-15,Debit Card,FAILED,2,244058.71,0.00,244058.71
2025-03-15,Debit Card,REFUNDED,2,694399.76,694399.76,0.00
2025-03-15,Debit Card,SUCCESS,7,1216735.35,0.00,1216735.35
2025-03-15,Net Banking,FAILED,2,478765.77,0.00,478765.77
2025-03-15,Net Banking,REFUNDED,1,221592.15,221592.15,0.00
2025-03-15,Net Banking,SUCCESS,15,3483000.76,0.00,3483000.76
2025-03-15,Upi,FAILED,1,70701.20,0.00,70701.20
2025-03-15,Upi,SUCCESS,8,1862644.25,0.00,1862644.25
2025-03-15,Wallet,FAILED,2,461479.19,0.00,461479.19
2025-03-15,Wallet,SUCCESS,11,3306989.86,0.00,3306989.86
2025-03-16,Credit Card,PENDING,1,143030.12,0.00,143030.12
2025-03-16,Credit Card,REFUNDED,3,688727.05,688727.05,0.00
2025-03-16,Credit Card,SUCCESS,14,3495057.68,0.00,3495057.68
2025-03-16,Debit Card,FAILED,1,139042.85,0.00,139042.85
2025-03-16,Debit Card,SUCCESS,6,1903986.02,0.00,1903986.02
2025-03-16,Net Banking,FAILED,2,269911.07,0.00,269911.07
2025-03-16,Net Banking,REFUNDED,3,933787.57,933787.57,0.00
2025-03-16,Net Banking,SUCCESS,12,3233386.53,0.00,3233386.53
2025-03-16,Upi,FAILED,3,1165479.19,0.00,1165479.19
2025-03-16,Upi,REFUNDED,2,682431.05,682431.05,0.00
2025-03-16,Upi,SUCCESS,9,1933702.36,0.00,1933702.36
2025-03-16,Wallet,FAILED,1,342858.11,0.00,342858.11
2025-03-16,Wallet,PENDING,1,137324.88,0.00,137324.88
2025-03-16,Wallet,SUCCESS,9,2739043.51,0.00,2739043.51
2025-03-17,Credit Card,FAILED,1,63070.10,0.00,63070.10
2025-03-17,Credit Card,REFUNDED,3,847489.62,847489.62,0.00
2025-03-17,Credit Card,SUCCESS,5,1607445.17,0.00,1607445.17
2025-03-17,Debit Card,FAILED,3,1018146.05,0.00,1018146.05
2025-03-17,Debit Card,REFUNDED,3,612046.94,612046.94,0.00
2025-03-17,Debit Card,SUCCESS,6,1934208.88,0.00,1934208.88
2025-03-17,Net Banking,FAILED,2,473344.51,0.00,473344.51
2025-03-17,Net Banking,PENDING,1,363100.96,0.00,363100.96
2025-03-17,Net Banking,REFUNDED,2,458169.92,458169.92,0.00
2025-03-17,Net Banking,SUCCESS,5,1419964.41,0.00,1419964.41
2025-03-17,Upi,PENDING,1,451446.64,0.00,451446.64
2025-03-17,Upi,REFUNDED,2,289768.19,289768.19,0.00
2025-03-17,Upi,SUCCESS,6,1551149.19,0.00,1551149.19
2025-03-17,Wallet,FAILED,2,1093451.82,0.00,1093451.82
2025-03-17,Wallet,SUCCESS,1,56769.82,0.00,56769.82
2025-03-18,Credit Card,FAILED,1,241085.81,0.00,241085.81
2025-03-18,Credit Card,REFUNDED,6,800975.71,800975.71,0.00
2025-03-18,Credit Card,SUCCESS,13,4586946.74,0.00,4586946.74
2025-03-18,Debit Card,FAILED,2,612593.17,0.00,612593.17
2025-03-18,Debit Card,PENDING,1,341008.73,0.00,341008.73
2025-03-18,Debit Card,REFUNDED,1,84160.78,84160.78,0.00
2025-03-18,Debit Card,SUCCESS,10,3472903.06,0.00,3472903.06
2025-03-18,Net Banking,FAILED,1,107770.37,0.00,107770.37
2025-03-18,Net Banking,REFUNDED,2,631210.85,631210.85,0.00
2025-03-18,Net Banking,SUCCESS,9,2301170.52,0.00,2301170.52
2025-03-18,Upi,FAILED,3,1214997.94,0.00,1214997.94
2025-03-18,Upi,PENDING,1,218535.94,0.00,218535.94
2025-03-18,Upi,REFUNDED,4,899932.65,899932.65,0.00
2025-03-18,Upi,SUCCESS,8,2164181.66,0.00,2164181.66
2025-03-18,Wallet,FAILED,1,147796.27,0.00,147796.27
2025-03-18,Wallet,SUCCESS,9,1703305.00,0.00,1703305.00
2025-03-19,Credit Card,PENDING,3,1005329.15,0.00,1005329.15
2025-03-19,Credit Card,REFUNDED,3,683941.94,683941.94,0.00
2025-03-19,Credit Card,SUCCESS,10,3555757.12,0.00,3555757.12
2025-03-19,Debit Card,FAILED,1,7697.85,0.00,7697.85
2025-03-19,Debit Card,PENDING,1,124892.78,0.00,124892.78
2025-03-19,Debit Card,REFUNDED,3,1132479.52,1132479.52,0.00
2025-03-19,Debit Card,SUCCESS,8,1959702.70,0.00,1959702.70
2025-03-19,Net Banking,FAILED,1,200218.26,0.00,200218.26
2025-03-19,Net Banking,REFUNDED,2,437896.62,437896.62,0.00
2025-03-19,Net Banking,SUCCESS,7,1986387.59,0.00,1986387.59
2025-03-19,Upi,REFUNDED,1,360588.69,360588.69,0.00
2025-03-19,Upi,SUCCESS,6,1265498.13,0.00,1265498.13
2025-03-19,Wallet,FAILED,1,183811.85,0.00,183811.85
2025-03-19,Wallet,PENDING,1,446684.12,0.00,446684.12
2025-03-19,Wallet,SUCCESS,8,1690860.13,0.00,1690860.13
2025-03-20,Credit Card,FAILED,2,861353.10,0.00,861353.10
2025-03-20,Credit Card,SUCCESS,7,1628765.72,0.00,1628765.72
2025-03-20,Debit Card,FAILED,1,225777.42,0.00,225777.42
2025-03-20,Debit Card,SUCCESS,7,1816535.62,0.00,1816535.62
2025-03-20,Net Banking,SUCCESS,7,1751242.55,0.00,1751242.55
2025-03-20,Upi,FAILED,1,375901.33,0.00,375901.33
2025-03-20,Upi,REFUNDED,4,344282.05,344282.05,0.00
2025-03-20,Upi,SUCCESS,9,2025947.07,0.00,2025947.07
2025-03-20,Wallet,PENDING,1,256746.91,0.00,256746.91
2025-03-20,Wallet,REFUNDED,3,730558.17,730558.17,0.00
2025-03-20,Wallet,SUCCESS,8,1401965.35,0.00,1401965.35
2025-03-21,Credit Card,PENDING,2,556940.43,0.00,556940.43
2025-03-21,Credit Card,REFUNDED,3,740293.79,740293.79,0.00
2025-03-21,Credit Card,SUCCESS,5,1112972.91,0.00,1112972.91
2025-03-21,Debit Card,REFUNDED,1,692422.43,692422.43,0.00
2025-03-21,Debit Card,SUCCESS,2,795654.50,0.00,795654.50
2025-03-21,Net Banking,FAILED,1,617733.58,0.00,617733.58
2025-03-21,Net Banking,PENDING,1,171296.08,0.00,171296.08
2025-03-21,Net Banking,REFUNDED,1,55564.28,55564.28,0.00
2025-03-21,Net Banking,SUCCESS,6,1977884.34,0.00,1977884.34
2025-03-21,Upi,FAILED,2,202600.18,0.00,202600.18
2025-03-21,Upi,PENDING,1,371212.51,0.00,371212.51
2025-03-21,Upi,REFUNDED,1,193412.51,193412.51,0.00
2025-03-21,Upi,SUCCESS,8,2250276.01,0.00,2250276.01
2025-03-21,Wallet,FAILED,2,762558.93,0.00,762558.93
2025-03-21,Wallet,PENDING,1,279459.06,0.00,279459.06
2025-03-21,Wallet,REFUNDED,4,924947.90,924947.90,0.00
2025-03-21,Wallet,SUCCESS,5,1231246.80,0.00,1231246.80
2025-03-22,Credit Card,REFUNDED,1,488311.94,488311.94,0.00
2025-03-22,Credit Card,SUCCESS,11,4798327.88,0.00,4798327.88
2025-03-22,Debit Card,REFUNDED,4,958654.63,958654.63,0.00
2025-03-22,Debit Card,SUCCESS,6,2272875.16,0.00,2272875.16
2025-03-22,Net Banking,REFUNDED,1,362813.18,362813.18,0.00
2025-03-22,Net Banking,SUCCESS,10,3014253.69,0.00,3014253.69
2025-03-22,Upi,FAILED,1,597869.16,0.00,597869.16
2025-03-22,Upi,PENDING,2,562255.84,0.00,562255.84
2025-03-22,Upi,SUCCESS,6,1832007.78,0.00,1832007.78
2025-03-22,Wallet,SUCCESS,7,1576052.00,0.00,1576052.00
2025-03-23,Credit Card,REFUNDED,3,539113.34,539113.34,0.00
2025-03-23,Credit Card,SUCCESS,8,2163371.73,0.00,2163371.73
2025-03-23,Debit Card,PENDING,1,488997.12,0.00,488997.12
2025-03-23,Debit Card,SUCCESS,8,1902330.36,0.00,1902330.36
2025-03-23,Net Banking,FAILED,1,314028.05,0.00,314028.05
2025-03-23,Net Banking,REFUNDED,4,851179.90,851179.90,0.00
2025-03-23,Net Banking,SUCCESS,12,2913452.98,0.00,2913452.98
2025-03-23,Upi,REFUNDED,7,2000341.11,2000341.11,0.00
2025-03-23,Upi,SUCCESS,6,632361.42,0.00,632361.42
2025-03-23,Wallet,FAILED,1,152726.40,0.00,152726.40
2025-03-23,Wallet,REFUNDED,1,549087.65,549087.65,0.00
2025-03-23,Wallet,SUCCESS,6,1731762.39,0.00,1731762.39
2025-03-24,Credit Card,FAILED,1,459194.56,0.00,459194.56
2025-03-24,Credit Card,PENDING,3,942046.63,0.00,942046.63
2025-03-24,Credit Card,REFUNDED,1,453499.64,453499.64,0.00
2025-03-24,Credit Card,SUCCESS,2,471153.43,0.00,471153.43
2025-03-24,Debit Card,FAILED,1,250285.72,0.00,250285.72
2025-03-24,Debit Card,SUCCESS,9,2670344.32,0.00,2670344.32
2025-03-24,Net Banking,REFUNDED,1,148582.09,148582.09,0.00
2025-03-24,Net Banking,SUCCESS,7,1869710.41,0.00,1869710.41
2025-03-24,Upi,FAILED,1,164087.10,0.00,164087.10
2025-03-24,Upi,PENDING,1,429265.12,0.00,429265.12
2025-03-24,Upi,REFUNDED,3,499794.50,499794.50,0.00
2025-03-24,Upi,SUCCESS,13,2750549.75,0.00,2750549.75
2025-03-24,Wallet,FAILED,2,670266.56,0.00,670266.56
2025-03-24,Wallet,REFUNDED,2,464247.64,464247.64,0.00
2025-03-24,Wallet,SUCCESS,10,2841980.90,0.00,2841980.90
2025-03-25,Credit Card,FAILED,1,69440.57,0.00,69440.57
2025-03-25,Credit Card,REFUNDED,1,175579.14,175579.14,0.00
2025-03-25,Credit Card,SUCCESS,7,1913491.66,0.00,1913491.66
2025-03-25,Debit Card,REFUNDED,3,999934.84,999934.84,0.00
2025-03-25,Debit Card,SUCCESS,6,1914048.97,0.00,1914048.97
2025-03-25,Net Banking,PENDING,1,589482.63,0.00,589482.63
2025-03-25,Net Banking,SUCCESS,11,3194964.97,0.00,3194964.97
2025-03-25,Upi,FAILED,1,469746.60,0.00,469746.60
2025-03-25,Upi,SUCCESS,10,1685919.53,0.00,1685919.53
2025-03-25,Wallet,REFUNDED,2,380877.46,380877.46,0.00
2025-03-25,Wallet,SUCCESS,10,3633605.50,0.00,3633605.50
2025-03-26,Credit Card,PENDING,1,121731.14,0.00,121731.14
2025-03-26,Credit Card,REFUNDED,2,477093.39,477093.39,0.00
2025-03-26,Credit Card,SUCCESS,13,4551380.01,0.00,4551380.01
2025-03-26,Debit Card,FAILED,1,250744.14,0.00,250744.14
2025-03-26,Debit Card,PENDING,1,97873.48,0.00,97873.48
2025-03-26,Debit Card,SUCCESS,10,2540455.83,0.00,2540455.83
2025-03-26,Net Banking,FAILED,3,1080056.08,0.00,1080056.08
2025-03-26,Net Banking,REFUNDED,4,1313602.23,1313602.23,0.00
2025-03-26,Net Banking,SUCCESS,9,2586865.64,0.00,2586865.64
2025-03-26,Upi,FAILED,2,512297.73,0.00,512297.73
2025-03-26,Upi,REFUNDED,2,1256268.79,1256268.79,0.00
2025-03-26,Upi,SUCCESS,4,1502030.05,0.00,1502030.05
2025-03-26,Wallet,FAILED,1,691061.47,0.00,691061.47
2025-03-26,Wallet,REFUNDED,1,15437.09,15437.09,0.00
2025-03-26,Wallet,SUCCESS,6,2211552.31,0.00,2211552.31
2025-03-27,Credit Card,REFUNDED,4,1301165.11,1301165.11,0.00
2025-03-27,Credit Card,SUCCESS,6,1302987.49,0.00,1302987.49
2025-03-27,Debit Card,FAILED,3,901525.10,0.00,901525.10
2025-03-27,Debit Card,REFUNDED,5,634067.80,634067.80,0.00
2025-03-27,Debit Card,SUCCESS,9,2368511.88,0.00,2368511.88
2025-03-27,Net Banking,REFUNDED,1,680967.07,680967.07,0.00
2025-03-27,Net Banking,SUCCESS,2,700070.31,0.00,700070.31
2025-03-27,Upi,FAILED,1,36100.89,0.00,36100.89
2025-03-27,Upi,PENDING,1,330730.95,0.00,330730.95
2025-03-27,Upi,REFUNDED,2,892734.04,892734.04,0.00
2025-03-27,Upi,SUCCESS,8,2050956.56,0.00,2050956.56
2025-03-27,Wallet,FAILED,1,176479.56,0.00,176479.56
2025-03-27,Wallet,REFUNDED,1,427168.93,427168.93,0.00
2025-03-27,Wallet,SUCCESS,6,979070.19,0.00,979070.19
2025-03-28,Credit Card,FAILED,2,593133.35,0.00,593133.35
2025-03-28,Credit Card,PENDING,1,73851.88,0.00,73851.88
2025-03-28,Credit Card,REFUNDED,1,91802.74,91802.74,0.00
2025-03-28,Credit Card,SUCCESS,9,2286669.01,0.00,2286669.01
2025-03-28,Debit Card,FAILED,2,161602.89,0.00,161602.89
2025-03-28,Debit Card,REFUNDED,1,233340.76,233340.76,0.00
2025-03-28,Debit Card,SUCCESS,9,1932452.27,0.00,1932452.27
2025-03-28,Net Banking,FAILED,1,655645.64,0.00,655645.64
2025-03-28,Net Banking,PENDING,1,353002.09,0.00,353002.09
2025-03-28,Net Banking,REFUNDED,4,1711749.82,1711749.82,0.00
2025-03-28,Net Banking,SUCCESS,3,869908.36,0.00,869908.36
2025-03-28,Upi,REFUNDED,1,96325.96,96325.96,0.00
2025-03-28,Upi,SUCCESS,11,2192540.06,0.00,2192540.06
2025-03-28,Wallet,REFUNDED,1,160750.98,160750.98,0.00
2025-03-28,Wallet,SUCCESS,6,630926.31,0.00,630926.31
2025-03-29,Credit Card,FAILED,1,86828.24,0.00,86828.24
2025-03-29,Credit Card,REFUNDED,2,423271.82,423271.82,0.00
2025-03-29,Credit Card,SUCCESS,13,3008336.17,0.00,3008336.17
2025-03-29,Debit Card,FAILED,1,274894.71,0.00,274894.71
2025-03-29,Debit Card,REFUNDED,1,326999.57,326999.57,0.00
2025-03-29,Debit Card,SUCCESS,4,912555.37,0.00,912555.37
2025-03-29,Net Banking,FAILED,1,163783.46,0.00,163783.46
2025-03-29,Net Banking,SUCCESS,10,2238341.72,0.00,2238341.72
2025-03-29,Upi,FAILED,3,866361.42,0.00,866361.42
2025-03-29,Upi,REFUNDED,1,142181.75,142181.75,0.00
2025-03-29,Upi,SUCCESS,8,3085497.04,0.00,3085497.04
2025-03-29,Wallet,SUCCESS,3,791965.63,0.00,791965.63
2025-03-30,Credit Card,FAILED,1,618693.81,0.00,618693.81
2025-03-30,Credit Card,REFUNDED,2,690646.67,690646.67,0.00
2025-03-30,Credit Card,SUCCESS,10,2383999.76,0.00,2383999.76
2025-03-30,Debit Card,FAILED,2,671248.48,0.00,671248.48
2025-03-30,Debit Card,REFUNDED,2,251724.68,251724.68,0.00
2025-03-30,Debit Card,SUCCESS,13,3475684.04,0.00,3475684.04
2025-03-30,Net Banking,REFUNDED,1,103041.32,103041.32,0.00
2025-03-30,Net Banking,SUCCESS,3,1172256.76,0.00,1172256.76
2025-03-30,Upi,PENDING,1,279636.62,0.00,279636.62
2025-03-30,Upi,REFUNDED,2,193248.49,193248.49,0.00
2025-03-30,Upi,SUCCESS,5,1480360.20,0.00,1480360.20
2025-03-30,Wallet,FAILED,1,95961.73,0.00,95961.73
2025-03-30,Wallet,SUCCESS,11,2948148.06,0.00,2948148.06
2025-03-31,Credit Card,FAILED,2,645001.32,0.00,645001.32
2025-03-31,Credit Card,REFUNDED,1,477902.64,477902.64,0.00
2025-03-31,Credit Card,SUCCESS,3,706712.01,0.00,706712.01
2025-03-31,Debit Card,REFUNDED,1,202949.49,202949.49,0.00
2025-03-31,Debit Card,SUCCESS,10,1970278.58,0.00,1970278.58
2025-03-31,Net Banking,FAILED,1,24100.78,0.00,24100.78
2025-03-31,Net Banking,PENDING,1,188716.09,0.00,188716.09
2025-03-31,Net Banking,REFUNDED,5,2049760.57,2049760.57,0.00
2025-03-31,Net Banking,SUCCESS,4,1241100.39,0.00,1241100.39
2025-03-31,Upi,REFUNDED,2,788283.49,788283.49,0.00
2025-03-31,Upi,SUCCESS,5,879552.17,0.00,879552.17
2025-03-31,Wallet,FAILED,1,154223.21,0.00,154223.21
2025-03-31,Wallet,REFUNDED,4,1572044.29,1572044.29,0.00
2025-03-31,Wallet,SUCCESS,10,3439920.06,0.00,3439920.06
2025-04-01,Credit Card,PENDING,1,71701.61,0.00,71701.61
2025-04-01,Credit Card,REFUNDED,3,997649.40,997649.40,0.00
2025-04-01,Credit Card,SUCCESS,6,2073866.72,0.00,2073866.72
2025-04-01,Debit Card,FAILED,1,480884.31,0.00,480884.31
2025-04-01,Debit Card,PENDING,2,572781.37,0.00,572781.37
2025-04-01,Debit Card,SUCCESS,6,1550640.41,0.00,1550640.41
2025-04-01,Net Banking,PENDING,1,577442.90,0.00,577442.90
2025-04-01,Net Banking,REFUNDED,1,45656.84,45656.84,0.00
2025-04-01,Net Banking,SUCCESS,14,3398200.05,0.00,3398200.05
2025-04-01,Upi,FAILED,1,406896.94,0.00,406896.94
2025-04-01,Upi,PENDING,1,138609.58,0.00,138609.58
2025-04-01,Upi,REFUNDED,1,322909.19,322909.19,0.00
2025-04-01,Upi,SUCCESS,9,2481881.13,0.00,2481881.13
2025-04-01,Wallet,FAILED,2,479618.83,0.00,479618.83
2025-04-01,Wallet,REFUNDED,2,437932.17,437932.17,0.00
2025-04-01,Wallet,SUCCESS,9,2234237.37,0.00,2234237.37
2025-04-02,Credit Card,FAILED,3,584443.78,0.00,584443.78
2025-04-02,Credit Card,SUCCESS,12,2008821.31,0.00,2008821.31
2025-04-02,Debit Card,FAILED,1,256430.46,0.00,256430.46
2025-04-02,Debit Card,PENDING,1,191456.41,0.00,191456.41
2025-04-02,Debit Card,REFUNDED,3,722644.89,722644.89,0.00
2025-04-02,Debit Card,SUCCESS,9,2329585.18,0.00,2329585.18
2025-04-02,Net Banking,FAILED,3,840761.02,0.00,840761.02
2025-04-02,Net Banking,PENDING,1,141882.28,0.00,141882.28
2025-04-02,Net Banking,REFUNDED,3,909673.79,909673.79,0.00
2025-04-02,Net Banking,SUCCESS,10,2384852.40,0.00,2384852.40
2025-04-02,Upi,REFUNDED,3,1630219.29,1630219.29,0.00
2025-04-02,Upi,SUCCESS,8,1942912.36,0.00,1942912.36
2025-04-02,Wallet,FAILED,1,330730.67,0.00,330730.67
2025-04-02,Wallet,REFUNDED,2,616197.08,616197.08,0.00
2025-04-02,Wallet,SUCCESS,6,1957422.49,0.00,1957422.49
2025-04-03,Credit Card,SUCCESS,8,1544146.59,0.00,1544146.59
2025-04-03,Debit Card,FAILED,2,433992.35,0.00,433992.35
2025-04-03,Debit Card,REFUNDED,1,572384.66,572384.66,0.00
2025-04-03,Debit Card,SUCCESS,5,2403437.20,0.00,2403437.20
2025-04-03,Net Banking,FAILED,1,503582.76,0.00,503582.76
2025-04-03,Net Banking,PENDING,2,526731.08,0.00,526731.08
2025-04-03,Net Banking,REFUNDED,2,737053.62,737053.62,0.00
2025-04-03,Net Banking,SUCCESS,6,1590861.50,0.00,1590861.50
2025-04-03,Upi,FAILED,2,473950.15,0.00,473950.15
2025-04-03,Upi,PENDING,2,907591.30,0.00,907591.30
2025-04-03,Upi,REFUNDED,1,111077.23,111077.23,0.00
2025-04-03,Upi,SUCCESS,7,1592233.53,0.00,1592233.53
2025-04-03,Wallet,FAILED,2,293722.02,0.00,293722.02
2025-04-03,Wallet,PENDING,1,440924.65,0.00,440924.65
2025-04-03,Wallet,REFUNDED,2,365632.31,365632.31,0.00
2025-04-03,Wallet,SUCCESS,7,1448906.11,0.00,1448906.11
2025-04-04,Credit Card,FAILED,6,1694178.33,0.00,1694178.33
2025-04-04,Credit Card,REFUNDED,2,425340.10,425340.10,0.00
2025-04-04,Credit Card,SUCCESS,7,1926579.48,0.00,1926579.48
2025-04-04,Debit Card,REFUNDED,2,778713.31,778713.31,0.00
2025-04-04,Debit Card,SUCCESS,8,2103269.21,0.00,2103269.21
2025-04-04,Net Banking,FAILED,2,691310.05,0.00,691310.05
2025-04-04,Net Banking,REFUNDED,3,1752336.90,1752336.90,0.00
2025-04-04,Net Banking,SUCCESS,11,3841831.49,0.00,3841831.49
2025-04-04,Upi,REFUNDED,4,1211406.97,1211406.97,0.00
2025-04-04,Upi,SUCCESS,9,2968450.16,0.00,2968450.16
2025-04-04,Wallet,FAILED,2,333248.88,0.00,333248.88
2025-04-04,Wallet,REFUNDED,1,140409.29,140409.29,0.00
2025-04-04,Wallet,SUCCESS,8,1870246.54,0.00,1870246.54
2025-04-05,Credit Card,FAILED,3,990685.76,0.00,990685.76
2025-04-05,Credit Card,REFUNDED,2,336885.75,336885.75,0.00
2025-04-05,Credit Card,SUCCESS,6,2295228.52,0.00,2295228.52
2025-04-05,Debit Card,FAILED,1,120510.54,0.00,120510.54
2025-04-05,Debit Card,REFUNDED,3,1301597.44,1301597.44,0.00
2025-04-05,Debit Card,SUCCESS,6,2271132.10,0.00,2271132.10
2025-04-05,Net Banking,PENDING,1,534144.16,0.00,534144.16
2025-04-05,Net Banking,REFUNDED,2,302385.40,302385.40,0.00
2025-04-05,Net Banking,SUCCESS,9,2384271.77,0.00,2384271.77
2025-04-05,Upi,REFUNDED,1,648332.52,648332.52,0.00
2025-04-05,Upi,SUCCESS,5,1523961.04,0.00,1523961.04
2025-04-05,Wallet,FAILED,1,168074.16,0.00,168074.16
2025-04-05,Wallet,SUCCESS,1,243040.26,0.00,243040.26
2025-04-06,Credit Card,FAILED,1,440237.37,0.00,440237.37
2025-04-06,Credit Card,REFUNDED,1,216658.04,216658.04,0.00
2025-04-06,Credit Card,SUCCESS,10,2688944.63,0.00,2688944.63
2025-04-06,Debit Card,FAILED,3,626709.29,0.00,626709.29
2025-04-06,Debit Card,REFUNDED,1,456800.92,456800.92,0.00
2025-04-06,Debit Card,SUCCESS,7,2903753.17,0.00,2903753.17
2025-04-06,Net Banking,FAILED,1,388218.70,0.00,388218.70
2025-04-06,Net Banking,REFUNDED,2,570924.81,570924.81,0.00
2025-04-06,Net Banking,SUCCESS,10,3455058.73,0.00,3455058.73
2025-04-06,Upi,FAILED,2,438175.09,0.00,438175.09
2025-04-06,Upi,PENDING,1,329905.45,0.00,329905.45
2025-04-06,Upi,REFUNDED,2,786351.88,786351.88,0.00
2025-04-06,Upi,SUCCESS,5,1556314.87,0.00,1556314.87
2025-04-06,Wallet,FAILED,1,189546.73,0.00,189546.73
2025-04-06,Wallet,PENDING,2,842273.56,0.00,842273.56
2025-04-06,Wallet,REFUNDED,3,636408.18,636408.18,0.00
2025-04-06,Wallet,SUCCESS,10,3463258.93,0.00,3463258.93
2025-04-07,Credit Card,FAILED,2,200102.24,0.00,200102.24
2025-04-07,Credit Card,REFUNDED,3,371277.53,371277.53,0.00
2025-04-07,Credit Card,SUCCESS,7,1729628.91,0.00,1729628.91
2025-04-07,Debit Card,FAILED,1,483112.19,0.00,483112.19
2025-04-07,Debit Card,SUCCESS,7,2134582.07,0.00,2134582.07
2025-04-07,Net Banking,FAILED,1,493005.08,0.00,493005.08
2025-04-07,Net Banking,REFUNDED,2,194335.28,194335.28,0.00
2025-04-07,Net Banking,SUCCESS,9,2108792.33,0.00,2108792.33
2025-04-07,Upi,SUCCESS,6,2397088.53,0.00,2397088.53
2025-04-07,Wallet,FAILED,2,442034.41,0.00,442034.41
2025-04-07,Wallet,REFUNDED,3,436637.86,436637.86,0.00
2025-04-07,Wallet,SUCCESS,8,1919170.06,0.00,1919170.06
2025-04-08,Credit Card,SUCCESS,6,1126415.45,0.00,1126415.45
2025-04-08,Debit Card,FAILED,1,321783.73,0.00,321783.73
2025-04-08,Debit Card,PENDING,1,286336.65,0.00,286336.65
2025-04-08,Debit Card,REFUNDED,5,1346479.50,1346479.50,0.00
2025-04-08,Debit Card,SUCCESS,8,1949886.52,0.00,1949886.52
2025-04-08,Net Banking,FAILED,2,479146.81,0.00,479146.81
2025-04-08,Net Banking,REFUNDED,1,590033.70,590033.70,0.00
2025-04-08,Net Banking,SUCCESS,5,1222927.59,0.00,1222927.59
2025-04-08,Upi,PENDING,2,305202.58,0.00,305202.58
2025-04-08,Upi,REFUNDED,1,288081.31,288081.31,0.00
2025-04-08,Upi,SUCCESS,9,2994471.34,0.00,2994471.34
2025-04-08,Wallet,FAILED,1,181783.26,0.00,181783.26
2025-04-08,Wallet,PENDING,1,213657.14,0.00,213657.14
2025-04-08,Wallet,REFUNDED,4,1216342.49,1216342.49,0.00
2025-04-08,Wallet,SUCCESS,9,2492123.26,0.00,2492123.26
2025-04-09,Credit Card,REFUNDED,2,593140.47,593140.47,0.00
2025-04-09,Credit Card,SUCCESS,3,976918.18,0.00,976918.18
2025-04-09,Debit Card,FAILED,1,80009.61,0.00,80009.61
2025-04-09,Debit Card,PENDING,1,194172.16,0.00,194172.16
2025-04-09,Debit Card,SUCCESS,9,2121149.20,0.00,2121149.20
2025-04-09,Net Banking,PENDING,2,122222.74,0.00,122222.74
2025-04-09,Net Banking,SUCCESS,8,1879552.88,0.00,1879552.88
2025-04-09,Upi,FAILED,1,374448.18,0.00,374448.18
2025-04-09,Upi,REFUNDED,3,1074888.23,1074888.23,0.00
2025-04-09,Upi,SUCCESS,9,1843267.12,0.00,1843267.12
2025-04-09,Wallet,FAILED,1,11133.94,0.00,11133.94
2025-04-09,Wallet,PENDING,1,357927.96,0.00,357927.96
2025-04-09,Wallet,REFUNDED,4,964295.65,964295.65,0.00
2025-04-09,Wallet,SUCCESS,7,3114992.04,0.00,3114992.04
2025-04-10,Credit Card,FAILED,2,738848.56,0.00,738848.56
2025-04-10,Credit Card,REFUNDED,2,462848.97,462848.97,0.00
2025-04-10,Credit Card,SUCCESS,11,2974417.56,0.00,2974417.56
2025-04-10,Debit Card,REFUNDED,1,485089.68,485089.68,0.00
2025-04-10,Debit Card,SUCCESS,12,4281871.14,0.00,4281871.14
2025-04-10,Net Banking,FAILED,1,198655.74,0.00,198655.74
2025-04-10,Net Banking,SUCCESS,7,1755003.65,0.00,1755003.65
2025-04-10,Upi,SUCCESS,6,1994187.20,0.00,1994187.20
2025-04-10,Wallet,SUCCESS,3,765085.21,0.00,765085.21
2025-04-11,Credit Card,FAILED,1,332383.80,0.00,332383.80
2025-04-11,Credit Card,PENDING,1,173299.93,0.00,173299.93
2025-04-11,Credit Card,REFUNDED,3,513856.54,513856.54,0.00
2025-04-11,Credit Card,SUCCESS,4,891469.01,0.00,891469.01
2025-04-11,Debit Card,FAILED,1,114956.78,0.00,114956.78
2025-04-11,Debit Card,REFUNDED,1,180594.84,180594.84,0.00
2025-04-11,Debit Card,SUCCESS,8,1687966.70,0.00,1687966.70
2025-04-11,Net Banking,FAILED,2,571508.18,0.00,571508.18
2025-04-11,Net Banking,REFUNDED,3,851008.07,851008.07,0.00
2025-04-11,Net Banking,SUCCESS,6,778478.41,0.00,778478.41
2025-04-11,Upi,FAILED,1,707855.89,0.00,707855.89
2025-04-11,Upi,REFUNDED,4,1844345.59,1844345.59,0.00
2025-04-11,Upi,SUCCESS,7,1653668.61,0.00,1653668.61
2025-04-11,Wallet,FAILED,2,1062909.75,0.00,1062909.75
2025-04-11,Wallet,PENDING,1,289045.81,0.00,289045.81
2025-04-11,Wallet,SUCCESS,7,1717375.97,0.00,1717375.97
2025-04-12,Credit Card,FAILED,1,421845.73,0.00,421845.73
2025-04-12,Credit Card,SUCCESS,8,1671428.17,0.00,1671428.17
2025-04-12,Debit Card,FAILED,1,341618.83,0.00,341618.83
2025-04-12,Debit Card,REFUNDED,2,695879.78,695879.78,0.00
2025-04-12,Debit Card,SUCCESS,9,2706695.15,0.00,2706695.15
2025-04-12,Net Banking,FAILED,1,27392.13,0.00,27392.13
2025-04-12,Net Banking,REFUNDED,2,831037.99,831037.99,0.00
2025-04-12,Net Banking,SUCCESS,6,1794539.06,0.00,1794539.06
2025-04-12,Upi,FAILED,4,1259246.17,0.00,1259246.17
2025-04-12,Upi,PENDING,1,129099.21,0.00,129099.21
2025-04-12,Upi,REFUNDED,1,86701.08,86701.08,0.00
2025-04-12,Upi,SUCCESS,12,3614603.40,0.00,3614603.40
2025-04-12,Wallet,REFUNDED,3,488642.71,488642.71,0.00
2025-04-12,Wallet,SUCCESS,13,4369173.91,0.00,4369173.91
2025-04-13,Credit Card,FAILED,1,156363.02,0.00,156363.02
2025-04-13,Credit Card,REFUNDED,3,1306130.03,1306130.03,0.00
2025-04-13,Credit Card,SUCCESS,6,2320997.62,0.00,2320997.62
2025-04-13,Debit Card,PENDING,1,332026.10,0.00,332026.10
2025-04-13,Debit Card,REFUNDED,2,384038.52,384038.52,0.00
2025-04-13,Debit Card,SUCCESS,11,3185720.28,0.00,3185720.28
2025-04-13,Net Banking,PENDING,1,255301.92,0.00,255301.92
2025-04-13,Net Banking,REFUNDED,1,435318.44,435318.44,0.00
2025-04-13,Net Banking,SUCCESS,5,1080667.51,0.00,1080667.51
2025-04-13,Upi,FAILED,1,240697.77,0.00,240697.77
2025-04-13,Upi,REFUNDED,1,149774.29,149774.29,0.00
2025-04-13,Upi,SUCCESS,6,1801145.17,0.00,1801145.17
2025-04-13,Wallet,FAILED,1,98802.67,0.00,98802.67
2025-04-13,Wallet,SUCCESS,4,1140921.42,0.00,1140921.42
2025-04-14,Credit Card,FAILED,1,197718.73,0.00,197718.73
2025-04-14,Credit Card,REFUNDED,2,603029.20,603029.20,0.00
2025-04-14,Credit Card,SUCCESS,10,3358056.24,0.00,3358056.24
2025-04-14,Debit Card,FAILED,1,323066.40,0.00,323066.40
2025-04-14,Debit Card,PENDING,1,241480.93,0.00,241480.93
2025-04-14,Debit Card,SUCCESS,6,1794482.06,0.00,1794482.06
2025-04-14,Net Banking,PENDING,1,301683.87,0.00,301683.87
2025-04-14,Net Banking,REFUNDED,2,450644.19,450644.19,0.00
2025-04-14,Net Banking,SUCCESS,8,1901991.87,0.00,1901991.87
2025-04-14,Upi,REFUNDED,2,594784.27,594784.27,0.00
2025-04-14,Upi,SUCCESS,9,2686211.46,0.00,2686211.46
2025-04-14,Wallet,FAILED,1,703450.09,0.00,703450.09
2025-04-14,Wallet,REFUNDED,2,155004.46,155004.46,0.00
2025-04-14,Wallet,SUCCESS,9,2474584.53,0.00,2474584.53
2025-04-15,Credit Card,FAILED,1,98471.52,0.00,98471.52
2025-04-15,Credit Card,PENDING,1,221578.32,0.00,221578.32
2025-04-15,Credit Card,SUCCESS,5,772598.13,0.00,772598.13
2025-04-15,Debit Card,REFUNDED,1,232754.58,232754.58,0.00
2025-04-15,Debit Card,SUCCESS,6,1360839.78,0.00,1360839.78
2025-04-15,Net Banking,FAILED,2,465360.05,0.00,465360.05
2025-04-15,Net Banking,REFUNDED,2,851185.46,851185.46,0.00
2025-04-15,Net Banking,SUCCESS,7,1396576.29,0.00,1396576.29
2025-04-15,Upi,FAILED,4,810299.41,0.00,810299.41
2025-04-15,Upi,REFUNDED,3,917640.95,917640.95,0.00
2025-04-15,Upi,SUCCESS,13,2413508.50,0.00,2413508.50
2025-04-15,Wallet,FAILED,2,1064531.88,0.00,1064531.88
2025-04-15,Wallet,REFUNDED,1,172686.65,172686.65,0.00
2025-04-15,Wallet,SUCCESS,5,1494122.93,0.00,1494122.93
2025-04-16,Credit Card,FAILED,3,1031867.79,0.00,1031867.79
2025-04-16,Credit Card,REFUNDED,3,1127849.78,1127849.78,0.00
2025-04-16,Credit Card,SUCCESS,8,2145917.71,0.00,2145917.71
2025-04-16,Debit Card,REFUNDED,5,1468144.65,1468144.65,0.00
2025-04-16,Debit Card,SUCCESS,8,1690422.55,0.00,1690422.55
2025-04-16,Net Banking,FAILED,2,250770.48,0.00,250770.48
2025-04-16,Net Banking,PENDING,1,278162.56,0.00,278162.56
2025-04-16,Net Banking,REFUNDED,1,211741.25,211741.25,0.00
2025-04-16,Net Banking,SUCCESS,6,1983911.42,0.00,1983911.42
2025-04-16,Upi,FAILED,2,817465.01,0.00,817465.01
2025-04-16,Upi,REFUNDED,2,788433.32,788433.32,0.00
2025-04-16,Upi,SUCCESS,6,2510263.15,0.00,2510263.15
2025-04-16,Wallet,FAILED,1,264581.20,0.00,264581.20
2025-04-16,Wallet,PENDING,1,358812.94,0.00,358812.94
2025-04-16,Wallet,REFUNDED,2,989037.44,989037.44,0.00
2025-04-16,Wallet,SUCCESS,3,307272.07,0.00,307272.07
2025-04-17,Credit Card,REFUNDED,2,525077.77,525077.77,0.00
2025-04-17,Credit Card,SUCCESS,3,851358.54,0.00,851358.54
2025-04-17,Debit Card,FAILED,2,977950.74,0.00,977950.74
2025-04-17,Debit Card,REFUNDED,2,268133.61,268133.61,0.00
2025-04-17,Debit Card,SUCCESS,7,2823249.37,0.00,2823249.37
2025-04-17,Net Banking,FAILED,1,516913.30,0.00,516913.30
2025-04-17,Net Banking,REFUNDED,1,49077.53,49077.53,0.00
2025-04-17,Net Banking,SUCCESS,4,574161.03,0.00,574161.03
2025-04-17,Upi,FAILED,1,279860.16,0.00,279860.16
2025-04-17,Upi,REFUNDED,1,510656.17,510656.17,0.00
2025-04-17,Upi,SUCCESS,4,829686.60,0.00,829686.60
2025-04-17,Wallet,FAILED,1,1183.76,0.00,1183.76
2025-04-17,Wallet,REFUNDED,1,400158.58,400158.58,0.00
2025-04-17,Wallet,SUCCESS,7,1821296.41,0.00,1821296.41
2025-04-18,Credit Card,SUCCESS,5,884233.43,0.00,884233.43
2025-04-18,Debit Card,FAILED,2,166500.53,0.00,166500.53
2025-04-18,Debit Card,REFUNDED,2,296607.44,296607.44,0.00
2025-04-18,Debit Card,SUCCESS,5,1809468.60,0.00,1809468.60
2025-04-18,Net Banking,FAILED,1,301550.01,0.00,301550.01
2025-04-18,Net Banking,PENDING,1,275715.27,0.00,275715.27
2025-04-18,Net Banking,REFUNDED,5,1785298.45,1785298.45,0.00
2025-04-18,Net Banking,SUCCESS,5,2037459.37,0.00,2037459.37
2025-04-18,Upi,PENDING,1,121112.54,0.00,121112.54
2025-04-18,Upi,SUCCESS,11,2654203.38,0.00,2654203.38
2025-04-18,Wallet,FAILED,1,639997.64,0.00,639997.64
2025-04-18,Wallet,REFUNDED,2,207116.09,207116.09,0.00
2025-04-18,Wallet,SUCCESS,9,2010161.96,0.00,2010161.96
2025-04-19,Credit Card,FAILED,1,460890.72,0.00,460890.72
2025-04-19,Credit Card,PENDING,1,549083.62,0.00,549083.62
2025-04-19,Credit Card,SUCCESS,9,1523221.19,0.00,1523221.19
2025-04-19,Debit Card,PENDING,1,122566.09,0.00,122566.09
2025-04-19,Debit Card,SUCCESS,6,1077211.45,0.00,1077211.45
2025-04-19,Net Banking,FAILED,4,989949.73,0.00,989949.73
2025-04-19,Net Banking,REFUNDED,1,195713.43,195713.43,0.00
2025-04-19,Net Banking,SUCCESS,7,1174926.19,0.00,1174926.19
2025-04-19,Upi,FAILED,2,511526.15,0.00,511526.15
2025-04-19,Upi,PENDING,1,169935.43,0.00,169935.43
2025-04-19,Upi,SUCCESS,6,1644976.65,0.00,1644976.65
2025-04-19,Wallet,REFUNDED,4,861435.26,861435.26,0.00
2025-04-19,Wallet,SUCCESS,9,2205352.59,0.00,2205352.59
2025-04-20,Credit Card,FAILED,2,501584.41,0.00,501584.41
2025-04-20,Credit Card,PENDING,1,315666.59,0.00,315666.59
2025-04-20,Credit Card,REFUNDED,2,577023.37,577023.37,0.00
2025-04-20,Credit Card,SUCCESS,7,2044459.20,0.00,2044459.20
2025-04-20,Debit Card,FAILED,2,988580.49,0.00,988580.49
2025-04-20,Debit Card,REFUNDED,2,396876.38,396876.38,0.00
2025-04-20,Debit Card,SUCCESS,11,4743122.70,0.00,4743122.70
2025-04-20,Net Banking,FAILED,1,4884.45,0.00,4884.45
2025-04-20,Net Banking,REFUNDED,3,784388.05,784388.05,0.00
2025-04-20,Net Banking,SUCCESS,8,2850024.37,0.00,2850024.37
2025-04-20,Upi,FAILED,1,211569.34,0.00,211569.34
2025-04-20,Upi,PENDING,1,107311.92,0.00,107311.92
2025-04-20,Upi,REFUNDED,1,161425.45,161425.45,0.00
2025-04-20,Upi,SUCCESS,8,1553754.04,0.00,1553754.04
2025-04-20,Wallet,FAILED,1,9579.65,0.00,9579.65
2025-04-20,Wallet,REFUNDED,1,459821.68,459821.68,0.00
2025-04-20,Wallet,SUCCESS,9,2695225.54,0.00,2695225.54
2025-04-21,Credit Card,SUCCESS,7,2380419.59,0.00,2380419.59
2025-04-21,Debit Card,FAILED,2,499630.58,0.00,499630.58
2025-04-21,Debit Card,REFUNDED,2,702557.41,702557.41,0.00
2025-04-21,Debit Card,SUCCESS,6,2013044.31,0.00,2013044.31
2025-04-21,Net Banking,FAILED,1,136450.41,0.00,136450.41
2025-04-21,Net Banking,SUCCESS,7,1895321.90,0.00,1895321.90
2025-04-21,Upi,FAILED,2,533039.23,0.00,533039.23
2025-04-21,Upi,REFUNDED,3,1059704.35,1059704.35,0.00
2025-04-21,Upi,SUCCESS,12,2698580.67,0.00,2698580.67
2025-04-21,Wallet,REFUNDED,3,830803.32,830803.32,0.00
2025-04-21,Wallet,SUCCESS,5,775658.13,0.00,775658.13
2025-04-22,Credit Card,FAILED,2,321667.30,0.00,321667.30
2025-04-22,Credit Card,REFUNDED,2,260766.56,260766.56,0.00
2025-04-22,Credit Card,SUCCESS,8,2624069.50,0.00,2624069.50
2025-04-22,Debit Card,PENDING,1,153069.53,0.00,153069.53
2025-04-22,Debit Card,REFUNDED,2,365772.13,365772.13,0.00
2025-04-22,Debit Card,SUCCESS,5,1349579.38,0.00,1349579.38
2025-04-22,Net Banking,FAILED,1,6037.77,0.00,6037.77
2025-04-22,Net Banking,SUCCESS,5,1259873.14,0.00,1259873.14
2025-04-22,Upi,FAILED,2,557786.76,0.00,557786.76
2025-04-22,Upi,REFUNDED,2,276469.88,276469.88,0.00
2025-04-22,Upi,SUCCESS,5,1132424.80,0.00,1132424.80
2025-04-22,Wallet,PENDING,1,34460.39,0.00,34460.39
2025-04-22,Wallet,REFUNDED,3,981671.67,981671.67,0.00
2025-04-22,Wallet,SUCCESS,7,1463896.51,0.00,1463896.51
2025-04-23,Credit Card,FAILED,1,322610.42,0.00,322610.42
2025-04-23,Credit Card,REFUNDED,1,478183.81,478183.81,0.00
2025-04-23,Credit Card,SUCCESS,10,3109641.64,0.00,3109641.64
2025-04-23,Debit Card,REFUNDED,1,570442.39,570442.39,0.00
2025-04-23,Debit Card,SUCCESS,8,1952726.38,0.00,1952726.38
2025-04-23,Net Banking,REFUNDED,1,32437.76,32437.76,0.00
2025-04-23,Net Banking,SUCCESS,7,1395098.57,0.00,1395098.57
2025-04-23,Upi,PENDING,1,206245.85,0.00,206245.85
2025-04-23,Upi,REFUNDED,1,330850.35,330850.35,0.00
2025-04-23,Upi,SUCCESS,4,1336439.63,0.00,1336439.63
2025-04-23,Wallet,FAILED,4,1365777.90,0.00,1365777.90
2025-04-23,Wallet,REFUNDED,3,791760.86,791760.86,0.00
2025-04-23,Wallet,SUCCESS,8,2053421.21,0.00,2053421.21
2025-04-24,Credit Card,FAILED,2,245688.07,0.00,245688.07
2025-04-24,Credit Card,REFUNDED,1,62199.66,62199.66,0.00
2025-04-24,Credit Card,SUCCESS,11,3364048.13,0.00,3364048.13
2025-04-24,Debit Card,FAILED,1,2171.25,0.00,2171.25
2025-04-24,Debit Card,PENDING,1,27234.80,0.00,27234.80
2025-04-24,Debit Card,SUCCESS,10,2161973.81,0.00,2161973.81
2025-04-24,Net Banking,FAILED,1,338553.45,0.00,338553.45
2025-04-24,Net Banking,PENDING,1,51665.07,0.00,51665.07
2025-04-24,Net Banking,REFUNDED,1,256198.92,256198.92,0.00
2025-04-24,Net Banking,SUCCESS,7,1732115.97,0.00,1732115.97
2025-04-24,Upi,FAILED,2,350014.87,0.00,350014.87
2025-04-24,Upi,REFUNDED,2,642004.85,642004.85,0.00
2025-04-24,Upi,SUCCESS,4,798932.55,0.00,798932.55
2025-04-24,Wallet,FAILED,2,857052.73,0.00,857052.73
2025-04-24,Wallet,REFUNDED,1,58221.88,58221.88,0.00
2025-04-24,Wallet,SUCCESS,5,1428851.27,0.00,1428851.27
2025-04-25,Credit Card,FAILED,2,154051.10,0.00,154051.10
2025-04-25,Credit Card,PENDING,2,733172.88,0.00,733172.88
2025-04-25,Credit Card,REFUNDED,1,476016.12,476016.12,0.00
2025-04-25,Credit Card,SUCCESS,6,1740353.94,0.00,1740353.94
2025-04-25,Debit Card,PENDING,1,111611.22,0.00,111611.22
2025-04-25,Debit Card,SUCCESS,6,1541459.65,0.00,1541459.65
2025-04-25,Net Banking,FAILED,1,265625.71,0.00,265625.71
2025-04-25,Net Banking,REFUNDED,1,254251.44,254251.44,0.00
2025-04-25,Net Banking,SUCCESS,7,2369567.27,0.00,2369567.27
2025-04-25,Upi,FAILED,1,285705.71,0.00,285705.71
2025-04-25,Upi,PENDING,1,9768.90,0.00,9768.90
2025-04-25,Upi,REFUNDED,1,87107.64,87107.64,0.00
2025-04-25,Upi,SUCCESS,8,1314012.87,0.00,1314012.87
2025-04-25,Wallet,FAILED,3,1625480.00,0.00,1625480.00
2025-04-25,Wallet,PENDING,1,316837.60,0.00,316837.60
2025-04-25,Wallet,REFUNDED,1,67399.28,67399.28,0.00
2025-04-25,Wallet,SUCCESS,5,926735.06,0.00,926735.06
2025-04-26,Credit Card,FAILED,1,209273.60,0.00,209273.60
2025-04-26,Credit Card,PENDING,1,435794.41,0.00,435794.41
2025-04-26,Credit Card,REFUNDED,4,1319003.11,1319003.11,0.00
2025-04-26,Credit Card,SUCCESS,9,2272152.61,0.00,2272152.61
2025-04-26,Debit Card,FAILED,2,137817.81,0.00,137817.81
2025-04-26,Debit Card,SUCCESS,5,1242918.34,0.00,1242918.34
2025-04-26,Net Banking,FAILED,2,261284.47,0.00,261284.47
2025-04-26,Net Banking,REFUNDED,6,1327175.33,1327175.33,0.00
2025-04-26,Net Banking,SUCCESS,7,1501494.61,0.00,1501494.61
2025-04-26,Upi,FAILED,1,231072.62,0.00,231072.62
2025-04-26,Upi,SUCCESS,7,2936116.36,0.00,2936116.36
2025-04-26,Wallet,FAILED,1,538529.15,0.00,538529.15
2025-04-26,Wallet,REFUNDED,2,657921.86,657921.86,0.00
2025-04-26,Wallet,SUCCESS,7,2176350.28,0.00,2176350.28
2025-04-27,Credit Card,FAILED,1,421073.47,0.00,421073.47
2025-04-27,Credit Card,REFUNDED,3,466329.19,466329.19,0.00
2025-04-27,Credit Card,SUCCESS,9,2525014.26,0.00,2525014.26
2025-04-27,Debit Card,PENDING,1,57903.90,0.00,57903.90
2025-04-27,Debit Card,REFUNDED,2,473127.79,473127.79,0.00
2025-04-27,Debit Card,SUCCESS,7,1647771.71,0.00,1647771.71
2025-04-27,Net Banking,FAILED,1,199328.81,0.00,199328.81
2025-04-27,Net Banking,SUCCESS,5,1751724.47,0.00,1751724.47
2025-04-27,Upi,REFUNDED,2,814273.11,814273.11,0.00
2025-04-27,Upi,SUCCESS,12,3990693.79,0.00,3990693.79
2025-04-27,Wallet,FAILED,1,249238.08,0.00,249238.08
2025-04-27,Wallet,PENDING,1,473947.06,0.00,473947.06
2025-04-27,Wallet,REFUNDED,2,621911.04,621911.04,0.00
2025-04-27,Wallet,SUCCESS,6,1489731.59,0.00,1489731.59
2025-04-28,Credit Card,FAILED,1,345394.93,0.00,345394.93
2025-04-28,Credit Card,SUCCESS,5,1610626.04,0.00,1610626.04
2025-04-28,Debit Card,REFUNDED,2,320787.90,320787.90,0.00
2025-04-28,Debit Card,SUCCESS,8,2257763.14,0.00,2257763.14
2025-04-28,Net Banking,FAILED,1,409115.87,0.00,409115.87
2025-04-28,Net Banking,REFUNDED,3,1072826.36,1072826.36,0.00
2025-04-28,Net Banking,SUCCESS,10,2454659.35,0.00,2454659.35
2025-04-28,Upi,FAILED,1,303882.88,0.00,303882.88
2025-04-28,Upi,PENDING,1,164895.64,0.00,164895.64
2025-04-28,Upi,REFUNDED,2,512800.79,512800.79,0.00
2025-04-28,Upi,SUCCESS,6,1735176.65,0.00,1735176.65
2025-04-28,Wallet,FAILED,1,453545.53,0.00,453545.53
2025-04-28,Wallet,REFUNDED,1,237690.07,237690.07,0.00
2025-04-28,Wallet,SUCCESS,9,3094532.37,0.00,3094532.37
2025-04-29,Credit Card,FAILED,1,129810.23,0.00,129810.23
2025-04-29,Credit Card,REFUNDED,3,741419.27,741419.27,0.00
2025-04-29,Credit Card,SUCCESS,8,1179393.70,0.00,1179393.70
2025-04-29,Debit Card,REFUNDED,2,475273.36,475273.36,0.00
2025-04-29,Debit Card,SUCCESS,9,2399945.76,0.00,2399945.76
2025-04-29,Net Banking,SUCCESS,9,2520584.05,0.00,2520584.05
2025-04-29,Upi,PENDING,1,287595.39,0.00,287595.39
2025-04-29,Upi,REFUNDED,2,668394.59,668394.59,0.00
2025-04-29,Upi,SUCCESS,7,1565286.97,0.00,1565286.97
2025-04-29,Wallet,FAILED,1,914918.94,0.00,914918.94
2025-04-29,Wallet,REFUNDED,3,630536.55,630536.55,0.00
2025-04-29,Wallet,SUCCESS,7,2223360.15,0.00,2223360.15
2025-04-30,Credit Card,FAILED,1,532916.04,0.00,532916.04
2025-04-30,Credit Card,REFUNDED,3,1015761.04,1015761.04,0.00
2025-04-30,Credit Card,SUCCESS,12,4015997.81,0.00,4015997.81
2025-04-30,Debit Card,FAILED,1,119616.61,0.00,119616.61
2025-04-30,Debit Card,REFUNDED,1,388135.99,388135.99,0.00
2025-04-30,Debit Card,SUCCESS,9,2283020.84,0.00,2283020.84
2025-04-30,Net Banking,FAILED,1,278286.05,0.00,278286.05
2025-04-30,Net Banking,REFUNDED,3,849762.07,849762.07,0.00
2025-04-30,Net Banking,SUCCESS,5,714450.95,0.00,714450.95
2025-04-30,Upi,FAILED,1,390011.87,0.00,390011.87
2025-04-30,Upi,REFUNDED,1,307608.20,307608.20,0.00
2025-04-30,Upi,SUCCESS,9,2374604.81,0.00,2374604.81
2025-04-30,Wallet,FAILED,2,306893.23,0.00,306893.23
2025-04-30,Wallet,REFUNDED,1,197049.11,197049.11,0.00
2025-04-30,Wallet,SUCCESS,9,1341413.20,0.00,1341413.20
2025-05-01,Credit Card,FAILED,4,1142856.16,0.00,1142856.16
2025-05-01,Credit Card,PENDING,1,164169.40,0.00,164169.40
2025-05-01,Credit Card,REFUNDED,2,438187.31,438187.31,0.00
2025-05-01,Credit Card,SUCCESS,11,2712271.93,0.00,2712271.93
2025-05-01,Debit Card,FAILED,1,101389.57,0.00,101389.57
2025-05-01,Debit Card,PENDING,1,2589.62,0.00,2589.62
2025-05-01,Debit Card,SUCCESS,11,2682677.08,0.00,2682677.08
2025-05-01,Net Banking,PENDING,1,303086.31,0.00,303086.31
2025-05-01,Net Banking,SUCCESS,7,1966492.27,0.00,1966492.27
2025-05-01,Upi,PENDING,3,933838.65,0.00,933838.65
2025-05-01,Upi,SUCCESS,5,597333.67,0.00,597333.67
2025-05-01,Wallet,REFUNDED,1,355244.26,355244.26,0.00
2025-05-01,Wallet,SUCCESS,4,1654017.91,0.00,1654017.91
2025-05-02,Credit Card,FAILED,1,359564.20,0.00,359564.20
2025-05-02,Credit Card,PENDING,1,287800.20,0.00,287800.20
2025-05-02,Credit Card,REFUNDED,1,383274.11,383274.11,0.00
2025-05-02,Credit Card,SUCCESS,8,1232209.76,0.00,1232209.76
2025-05-02,Debit Card,PENDING,2,546182.69,0.00,546182.69
2025-05-02,Debit Card,REFUNDED,1,294047.28,294047.28,0.00
2025-05-02,Debit Card,SUCCESS,7,1847834.76,0.00,1847834.76
2025-05-02,Net Banking,FAILED,1,424807.05,0.00,424807.05
2025-05-02,Net Banking,PENDING,3,682297.81,0.00,682297.81
2025-05-02,Net Banking,SUCCESS,9,2737590.52,0.00,2737590.52
2025-05-02,Upi,REFUNDED,3,806268.74,806268.74,0.00
2025-05-02,Upi,SUCCESS,9,2552534.19,0.00,2552534.19
2025-05-02,Wallet,FAILED,3,789258.25,0.00,789258.25
2025-05-02,Wallet,PENDING,1,258325.83,0.00,258325.83
2025-05-02,Wallet,SUCCESS,9,2766868.44,0.00,2766868.44
2025-05-03,Credit Card,REFUNDED,4,1114845.58,1114845.58,0.00
2025-05-03,Credit Card,SUCCESS,6,1682507.62,0.00,1682507.62
2025-05-03,Debit Card,PENDING,1,286889.55,0.00,286889.55
2025-05-03,Debit Card,REFUNDED,2,292072.98,292072.98,0.00
2025-05-03,Debit Card,SUCCESS,8,2127312.23,0.00,2127312.23
2025-05-03,Net Banking,FAILED,1,47683.95,0.00,47683.95
2025-05-03,Net Banking,SUCCESS,7,1152177.50,0.00,1152177.50
2025-05-03,Upi,FAILED,1,304414.46,0.00,304414.46
2025-05-03,Upi,PENDING,1,640892.34,0.00,640892.34
2025-05-03,Upi,REFUNDED,3,780314.52,780314.52,0.00
2025-05-03,Upi,SUCCESS,10,2801253.73,0.00,2801253.73
2025-05-03,Wallet,FAILED,2,1008651.47,0.00,1008651.47
2025-05-03,Wallet,REFUNDED,2,297776.57,297776.57,0.00
2025-05-03,Wallet,SUCCESS,9,2527530.94,0.00,2527530.94
2025-05-04,Credit Card,SUCCESS,5,1457987.76,0.00,1457987.76
2025-05-04,Debit Card,PENDING,1,132059.13,0.00,132059.13
2025-05-04,Debit Card,REFUNDED,1,400854.43,400854.43,0.00
2025-05-04,Debit Card,SUCCESS,9,2656901.25,0.00,2656901.25
2025-05-04,Net Banking,FAILED,1,233081.47,0.00,233081.47
2025-05-04,Net Banking,REFUNDED,1,378314.76,378314.76,0.00
2025-05-04,Net Banking,SUCCESS,6,1549064.22,0.00,1549064.22
2025-05-04,Upi,PENDING,1,223531.52,0.00,223531.52
2025-05-04,Upi,REFUNDED,2,279637.15,279637.15,0.00
2025-05-04,Upi,SUCCESS,6,1675664.86,0.00,1675664.86
2025-05-04,Wallet,FAILED,1,39766.59,0.00,39766.59
2025-05-04,Wallet,PENDING,1,150042.54,0.00,150042.54
2025-05-04,Wallet,REFUNDED,1,33486.37,33486.37,0.00
2025-05-04,Wallet,SUCCESS,6,1400923.55,0.00,1400923.55
2025-05-05,Credit Card,FAILED,2,1123663.41,0.00,1123663.41
2025-05-05,Credit Card,SUCCESS,3,875886.65,0.00,875886.65
2025-05-05,Debit Card,FAILED,1,108826.34,0.00,108826.34
2025-05-05,Debit Card,REFUNDED,2,192467.92,192467.92,0.00
2025-05-05,Debit Card,SUCCESS,10,3584166.57,0.00,3584166.57
2025-05-05,Net Banking,FAILED,2,789475.69,0.00,789475.69
2025-05-05,Net Banking,REFUNDED,1,377418.79,377418.79,0.00
2025-05-05,Net Banking,SUCCESS,7,1469231.71,0.00,1469231.71
2025-05-05,Upi,FAILED,1,642950.91,0.00,642950.91
2025-05-05,Upi,REFUNDED,1,265593.24,265593.24,0.00
2025-05-05,Upi,SUCCESS,7,1673687.73,0.00,1673687.73
2025-05-05,Wallet,FAILED,2,480712.91,0.00,480712.91
2025-05-05,Wallet,PENDING,1,41829.85,0.00,41829.85
2025-05-05,Wallet,SUCCESS,11,3211681.68,0.00,3211681.68
2025-05-06,Credit Card,FAILED,2,612852.10,0.00,612852.10
2025-05-06,Credit Card,PENDING,1,197190.37,0.00,197190.37
2025-05-06,Credit Card,REFUNDED,2,543404.77,543404.77,0.00
2025-05-06,Credit Card,SUCCESS,5,1038756.17,0.00,1038756.17
2025-05-06,Debit Card,FAILED,1,27742.92,0.00,27742.92
2025-05-06,Debit Card,SUCCESS,6,2258001.07,0.00,2258001.07
2025-05-06,Net Banking,FAILED,1,31011.88,0.00,31011.88
2025-05-06,Net Banking,REFUNDED,2,401441.78,401441.78,0.00
2025-05-06,Net Banking,SUCCESS,8,2088123.54,0.00,2088123.54
2025-05-06,Upi,REFUNDED,1,57925.27,57925.27,0.00
2025-05-06,Upi,SUCCESS,8,1979054.43,0.00,1979054.43
2025-05-06,Wallet,REFUNDED,2,390750.69,390750.69,0.00
2025-05-06,Wallet,SUCCESS,10,2535096.95,0.00,2535096.95
2025-05-07,Credit Card,FAILED,1,618668.54,0.00,618668.54
2025-05-07,Credit Card,PENDING,1,513740.53,0.00,513740.53
2025-05-07,Credit Card,REFUNDED,1,100888.65,100888.65,0.00
2025-05-07,Credit Card,SUCCESS,9,2865319.38,0.00,2865319.38
2025-05-07,Debit Card,FAILED,2,201011.19,0.00,201011.19
2025-05-07,Debit Card,REFUNDED,5,1873368.22,1873368.22,0.00
2025-05-07,Debit Card,SUCCESS,5,1562329.34,0.00,1562329.34
2025-05-07,Net Banking,FAILED,1,485009.66,0.00,485009.66
2025-05-07,Net Banking,REFUNDED,4,871256.30,871256.30,0.00
2025-05-07,Net Banking,SUCCESS,15,3354997.53,0.00,3354997.53
2025-05-07,Upi,FAILED,1,378815.77,0.00,378815.77
2025-05-07,Upi,REFUNDED,2,256112.01,256112.01,0.00
2025-05-07,Upi,SUCCESS,6,1722543.51,0.00,1722543.51
2025-05-07,Wallet,FAILED,1,207437.70,0.00,207437.70
2025-05-07,Wallet,PENDING,2,395724.79,0.00,395724.79
2025-05-07,Wallet,REFUNDED,1,367210.23,367210.23,0.00
2025-05-07,Wallet,SUCCESS,5,962073.48,0.00,962073.48
2025-05-08,Credit Card,SUCCESS,4,434246.83,0.00,434246.83
2025-05-08,Debit Card,FAILED,1,274395.36,0.00,274395.36
2025-05-08,Debit Card,SUCCESS,6,856669.58,0.00,856669.58
2025-05-08,Net Banking,REFUNDED,2,278123.77,278123.77,0.00
2025-05-08,Net Banking,SUCCESS,6,1448685.65,0.00,1448685.65
2025-05-08,Upi,FAILED,2,341933.92,0.00,341933.92
2025-05-08,Upi,REFUNDED,1,73998.94,73998.94,0.00
2025-05-08,Upi,SUCCESS,2,581689.37,0.00,581689.37
2025-05-08,Wallet,FAILED,1,115049.30,0.00,115049.30
2025-05-08,Wallet,PENDING,1,417586.97,0.00,417586.97
2025-05-08,Wallet,REFUNDED,2,562861.55,562861.55,0.00
2025-05-08,Wallet,SUCCESS,8,2166711.57,0.00,2166711.57
2025-05-09,Credit Card,FAILED,1,96350.39,0.00,96350.39
2025-05-09,Credit Card,PENDING,1,637001.05,0.00,637001.05
2025-05-09,Credit Card,SUCCESS,10,2532532.19,0.00,2532532.19
2025-05-09,Debit Card,FAILED,2,366457.72,0.00,366457.72
2025-05-09,Debit Card,REFUNDED,3,1052308.53,1052308.53,0.00
2025-05-09,Debit Card,SUCCESS,10,3900286.67,0.00,3900286.67
2025-05-09,Net Banking,FAILED,1,379711.44,0.00,379711.44
2025-05-09,Net Banking,REFUNDED,2,609472.08,609472.08,0.00
2025-05-09,Net Banking,SUCCESS,8,2303637.35,0.00,2303637.35
2025-05-09,Upi,PENDING,1,258392.72,0.00,258392.72
2025-05-09,Upi,REFUNDED,1,140921.18,140921.18,0.00
2025-05-09,Upi,SUCCESS,6,1543830.27,0.00,1543830.27
2025-05-09,Wallet,FAILED,1,36969.16,0.00,36969.16
2025-05-09,Wallet,SUCCESS,7,1555680.43,0.00,1555680.43
2025-05-10,Credit Card,FAILED,1,667224.10,0.00,667224.10
2025-05-10,Credit Card,PENDING,1,635846.37,0.00,635846.37
2025-05-10,Credit Card,REFUNDED,6,2275477.28,2275477.28,0.00
2025-05-10,Credit Card,SUCCESS,9,2112997.30,0.00,2112997.30
2025-05-10,Debit Card,REFUNDED,1,181188.99,181188.99,0.00
2025-05-10,Debit Card,SUCCESS,8,2177849.79,0.00,2177849.79
2025-05-10,Net Banking,FAILED,4,1114880.82,0.00,1114880.82
2025-05-10,Net Banking,PENDING,1,57188.37,0.00,57188.37
2025-05-10,Net Banking,SUCCESS,5,1345170.66,0.00,1345170.66
2025-05-10,Upi,FAILED,1,280386.34,0.00,280386.34
2025-05-10,Upi,REFUNDED,1,282915.61,282915.61,0.00
2025-05-10,Upi,SUCCESS,8,2527868.79,0.00,2527868.79
2025-05-10,Wallet,PENDING,1,198086.97,0.00,198086.97
2025-05-10,Wallet,REFUNDED,1,487274.84,487274.84,0.00
2025-05-10,Wallet,SUCCESS,8,1833204.46,0.00,1833204.46
2025-05-11,Credit Card,FAILED,1,224312.41,0.00,224312.41
2025-05-11,Credit Card,REFUNDED,1,164085.25,164085.25,0.00
2025-05-11,Credit Card,SUCCESS,6,1516497.12,0.00,1516497.12
2025-05-11,Debit Card,REFUNDED,1,282350.31,282350.31,0.00
2025-05-11,Debit Card,SUCCESS,6,2283743.83,0.00,2283743.83
2025-05-11,Net Banking,REFUNDED,3,731899.62,731899.62,0.00
2025-05-11,Net Banking,SUCCESS,6,2760207.82,0.00,2760207.82
2025-05-11,Upi,FAILED,1,64986.17,0.00,64986.17
2025-05-11,Upi,REFUNDED,2,287163.53,287163.53,0.00
2025-05-11,Upi,SUCCESS,9,2665957.75,0.00,2665957.75
2025-05-11,Wallet,FAILED,3,1022862.92,0.00,1022862.92
2025-05-11,Wallet,PENDING,1,528610.17,0.00,528610.17
2025-05-11,Wallet,REFUNDED,5,1152366.22,1152366.22,0.00
2025-05-11,Wallet,SUCCESS,6,1337949.36,0.00,1337949.36
2025-05-12,Credit Card,FAILED,1,413873.91,0.00,413873.91
2025-05-12,Credit Card,REFUNDED,2,272707.52,272707.52,0.00
2025-05-12,Credit Card,SUCCESS,11,2621726.20,0.00,2621726.20
2025-05-12,Debit Card,FAILED,4,920733.41,0.00,920733.41
2025-05-12,Debit Card,PENDING,1,57662.43,0.00,57662.43
2025-05-12,Debit Card,REFUNDED,2,700856.23,700856.23,0.00
2025-05-12,Debit Card,SUCCESS,5,1408953.64,0.00,1408953.64
2025-05-12,Net Banking,REFUNDED,2,699751.30,699751.30,0.00
2025-05-12,Net Banking,SUCCESS,12,3208198.86,0.00,3208198.86
2025-05-12,Upi,FAILED,1,25024.87,0.00,25024.87
2025-05-12,Upi,REFUNDED,3,435960.63,435960.63,0.00
2025-05-12,Upi,SUCCESS,5,1176342.91,0.00,1176342.91
2025-05-12,Wallet,REFUNDED,3,1072022.28,1072022.28,0.00
2025-05-12,Wallet,SUCCESS,13,3918103.03,0.00,3918103.03
2025-05-13,Credit Card,FAILED,1,235984.83,0.00,235984.83
2025-05-13,Credit Card,PENDING,2,815361.38,0.00,815361.38
2025-05-13,Credit Card,REFUNDED,3,464801.21,464801.21,0.00
2025-05-13,Credit Card,SUCCESS,8,2062178.23,0.00,2062178.23
2025-05-13,Debit Card,FAILED,2,375332.95,0.00,375332.95
2025-05-13,Debit Card,REFUNDED,2,421699.73,421699.73,0.00
2025-05-13,Debit Card,SUCCESS,11,3650233.60,0.00,3650233.60
2025-05-13,Net Banking,REFUNDED,1,503273.49,503273.49,0.00
2025-05-13,Net Banking,SUCCESS,6,255982.76,0.00,255982.76
2025-05-13,Upi,FAILED,1,442605.64,0.00,442605.64
2025-05-13,Upi,REFUNDED,1,10086.98,10086.98,0.00
2025-05-13,Upi,SUCCESS,5,1077243.02,0.00,1077243.02
2025-05-13,Wallet,FAILED,1,679203.74,0.00,679203.74
2025-05-13,Wallet,PENDING,1,71950.38,0.00,71950.38
2025-05-13,Wallet,REFUNDED,2,405554.50,405554.50,0.00
2025-05-13,Wallet,SUCCESS,5,1841247.73,0.00,1841247.73
2025-05-14,Credit Card,SUCCESS,7,1298445.63,0.00,1298445.63
2025-05-14,Debit Card,FAILED,2,864900.50,0.00,864900.50
2025-05-14,Debit Card,REFUNDED,1,252583.54,252583.54,0.00
2025-05-14,Debit Card,SUCCESS,9,1846510.42,0.00,1846510.42
2025-05-14,Net Banking,REFUNDED,1,113003.59,113003.59,0.00
2025-05-14,Net Banking,SUCCESS,13,3706344.38,0.00,3706344.38
2025-05-14,Upi,REFUNDED,1,44278.17,44278.17,0.00
2025-05-14,Upi,SUCCESS,3,816782.77,0.00,816782.77
2025-05-14,Wallet,FAILED,1,239215.06,0.00,239215.06
2025-05-14,Wallet,REFUNDED,1,493226.56,493226.56,0.00
2025-05-14,Wallet,SUCCESS,8,2813047.91,0.00,2813047.91
2025-05-15,Credit Card,REFUNDED,5,1783366.20,1783366.20,0.00
2025-05-15,Credit Card,SUCCESS,7,1585512.25,0.00,1585512.25
2025-05-15,Debit Card,FAILED,2,821421.70,0.00,821421.70
2025-05-15,Debit Card,REFUNDED,2,891780.34,891780.34,0.00
2025-05-15,Debit Card,SUCCESS,2,222149.13,0.00,222149.13
2025-05-15,Net Banking,FAILED,1,375698.95,0.00,375698.95
2025-05-15,Net Banking,PENDING,2,103007.05,0.00,103007.05
2025-05-15,Net Banking,REFUNDED,4,701840.59,701840.59,0.00
2025-05-15,Net Banking,SUCCESS,6,1792383.22,0.00,1792383.22
2025-05-15,Upi,FAILED,2,632708.27,0.00,632708.27
2025-05-15,Upi,REFUNDED,1,238350.86,238350.86,0.00
2025-05-15,Upi,SUCCESS,7,1533521.40,0.00,1533521.40
2025-05-15,Wallet,FAILED,2,272926.36,0.00,272926.36
2025-05-15,Wallet,REFUNDED,2,370722.22,370722.22,0.00
2025-05-15,Wallet,SUCCESS,5,1659241.34,0.00,1659241.34
2025-05-16,Credit Card,FAILED,2,159655.51,0.00,159655.51
2025-05-16,Credit Card,REFUNDED,3,1415705.18,1415705.18,0.00
2025-05-16,Credit Card,SUCCESS,9,2451261.11,0.00,2451261.11
2025-05-16,Debit Card,REFUNDED,2,203995.35,203995.35,0.00
2025-05-16,Debit Card,SUCCESS,8,1871603.52,0.00,1871603.52
2025-05-16,Net Banking,FAILED,2,533549.49,0.00,533549.49
2025-05-16,Net Banking,PENDING,1,187313.12,0.00,187313.12
2025-05-16,Net Banking,REFUNDED,4,664363.99,664363.99,0.00
2025-05-16,Net Banking,SUCCESS,10,3576535.45,0.00,3576535.45
2025-05-16,Upi,REFUNDED,1,357642.52,357642.52,0.00
2025-05-16,Upi,SUCCESS,9,1974868.10,0.00,1974868.10
2025-05-16,Wallet,FAILED,1,437662.20,0.00,437662.20
2025-05-16,Wallet,REFUNDED,2,718821.67,718821.67,0.00
2025-05-16,Wallet,SUCCESS,3,724701.27,0.00,724701.27
2025-05-17,Credit Card,FAILED,4,1136422.63,0.00,1136422.63
2025-05-17,Credit Card,PENDING,1,103086.55,0.00,103086.55
2025-05-17,Credit Card,REFUNDED,3,559886.27,559886.27,0.00
2025-05-17,Credit Card,SUCCESS,9,2197173.22,0.00,2197173.22
2025-05-17,Debit Card,FAILED,1,89312.76,0.00,89312.76
2025-05-17,Debit Card,SUCCESS,5,1547141.75,0.00,1547141.75
2025-05-17,Net Banking,REFUNDED,3,876979.93,876979.93,0.00
2025-05-17,Net Banking,SUCCESS,8,1742783.36,0.00,1742783.36
2025-05-17,Upi,FAILED,1,409363.30,0.00,409363.30
2025-05-17,Upi,REFUNDED,2,151913.49,151913.49,0.00
2025-05-17,Upi,SUCCESS,11,2930100.77,0.00,2930100.77
2025-05-17,Wallet,FAILED,3,830407.28,0.00,830407.28
2025-05-17,Wallet,PENDING,1,334268.06,0.00,334268.06
2025-05-17,Wallet,REFUNDED,1,132219.83,132219.83,0.00
2025-05-17,Wallet,SUCCESS,9,2546925.19,0.00,2546925.19
2025-05-18,Credit Card,FAILED,5,1561522.68,0.00,1561522.68
2025-05-18,Credit Card,REFUNDED,2,587376.88,587376.88,0.00
2025-05-18,Credit Card,SUCCESS,7,2504610.38,0.00,2504610.38
2025-05-18,Debit Card,FAILED,1,328484.63,0.00,328484.63
2025-05-18,Debit Card,REFUNDED,2,474914.92,474914.92,0.00
2025-05-18,Debit Card,SUCCESS,10,3478670.68,0.00,3478670.68
2025-05-18,Net Banking,PENDING,1,269484.10,0.00,269484.10
2025-05-18,Net Banking,REFUNDED,2,468031.68,468031.68,0.00
2025-05-18,Net Banking,SUCCESS,8,2104618.47,0.00,2104618.47
2025-05-18,Upi,FAILED,1,45774.96,0.00,45774.96
2025-05-18,Upi,SUCCESS,11,2282181.80,0.00,2282181.80
2025-05-18,Wallet,FAILED,1,55959.98,0.00,55959.98
2025-05-18,Wallet,PENDING,1,296412.77,0.00,296412.77
2025-05-18,Wallet,SUCCESS,5,1417461.08,0.00,1417461.08
2025-05-19,Credit Card,FAILED,1,275595.96,0.00,275595.96
2025-05-19,Credit Card,REFUNDED,1,308540.86,308540.86,0.00
2025-05-19,Credit Card,SUCCESS,9,2570085.69,0.00,2570085.69
2025-05-19,Debit Card,FAILED,3,498750.56,0.00,498750.56
2025-05-19,Debit Card,REFUNDED,2,669415.37,669415.37,0.00
2025-05-19,Debit Card,SUCCESS,4,1209783.58,0.00,1209783.58
2025-05-19,Net Banking,REFUNDED,1,27857.34,27857.34,0.00
2025-05-19,Net Banking,SUCCESS,2,297371.25,0.00,297371.25
2025-05-19,Upi,FAILED,1,93085.52,0.00,93085.52
2025-05-19,Upi,REFUNDED,2,1015264.54,1015264.54,0.00
2025-05-19,Upi,SUCCESS,12,3337396.59,0.00,3337396.59
2025-05-19,Wallet,FAILED,1,183504.55,0.00,183504.55
2025-05-19,Wallet,REFUNDED,1,384494.22,384494.22,0.00
2025-05-19,Wallet,SUCCESS,7,1365279.20,0.00,1365279.20
2025-05-20,Credit Card,FAILED,1,67906.37,0.00,67906.37
2025-05-20,Credit Card,PENDING,2,637029.46,0.00,637029.46
2025-05-20,Credit Card,REFUNDED,3,1407538.01,1407538.01,0.00
2025-05-20,Credit Card,SUCCESS,10,2267954.84,0.00,2267954.84
2025-05-20,Debit Card,FAILED,1,354408.75,0.00,354408.75
2025-05-20,Debit Card,REFUNDED,1,318191.88,318191.88,0.00
2025-05-20,Debit Card,SUCCESS,12,2634503.54,0.00,2634503.54
2025-05-20,Net Banking,PENDING,1,483336.81,0.00,483336.81
2025-05-20,Net Banking,SUCCESS,10,3865535.89,0.00,3865535.89
2025-05-20,Upi,FAILED,1,106170.06,0.00,106170.06
2025-05-20,Upi,REFUNDED,6,1340608.44,1340608.44,0.00
2025-05-20,Upi,SUCCESS,9,2588167.06,0.00,2588167.06
2025-05-20,Wallet,FAILED,1,1751.22,0.00,1751.22
2025-05-20,Wallet,PENDING,1,77188.10,0.00,77188.10
2025-05-20,Wallet,REFUNDED,3,1077038.89,1077038.89,0.00
2025-05-20,Wallet,SUCCESS,7,1474038.60,0.00,1474038.60
2025-05-21,Credit Card,FAILED,1,20910.44,0.00,20910.44
2025-05-21,Credit Card,REFUNDED,2,932591.99,932591.99,0.00
2025-05-21,Credit Card,SUCCESS,11,2486122.77,0.00,2486122.77
2025-05-21,Debit Card,FAILED,1,697552.71,0.00,697552.71
2025-05-21,Debit Card,REFUNDED,2,392976.27,392976.27,0.00
2025-05-21,Debit Card,SUCCESS,7,2147367.58,0.00,2147367.58
2025-05-21,Net Banking,PENDING,1,340151.71,0.00,340151.71
2025-05-21,Net Banking,REFUNDED,3,432871.34,432871.34,0.00
2025-05-21,Net Banking,SUCCESS,10,2313439.09,0.00,2313439.09
2025-05-21,Upi,FAILED,1,187443.61,0.00,187443.61
2025-05-21,Upi,REFUNDED,3,550385.08,550385.08,0.00
2025-05-21,Upi,SUCCESS,4,1320299.02,0.00,1320299.02
2025-05-21,Wallet,FAILED,1,242611.32,0.00,242611.32
2025-05-21,Wallet,REFUNDED,2,56294.55,56294.55,0.00
2025-05-21,Wallet,SUCCESS,7,3029636.13,0.00,3029636.13
2025-05-22,Credit Card,FAILED,2,784401.01,0.00,784401.01
2025-05-22,Credit Card,REFUNDED,1,30272.54,30272.54,0.00
2025-05-22,Credit Card,SUCCESS,8,2410443.96,0.00,2410443.96
2025-05-22,Debit Card,FAILED,1,518419.48,0.00,518419.48
2025-05-22,Debit Card,REFUNDED,1,65741.34,65741.34,0.00
2025-05-22,Debit Card,SUCCESS,3,1051542.21,0.00,1051542.21
2025-05-22,Net Banking,FAILED,1,582505.47,0.00,582505.47
2025-05-22,Net Banking,PENDING,1,345154.16,0.00,345154.16
2025-05-22,Net Banking,REFUNDED,1,116150.94,116150.94,0.00
2025-05-22,Net Banking,SUCCESS,8,1911837.64,0.00,1911837.64
2025-05-22,Upi,REFUNDED,1,210818.13,210818.13,0.00
2025-05-22,Upi,SUCCESS,10,3173412.81,0.00,3173412.81
2025-05-22,Wallet,REFUNDED,2,267209.96,267209.96,0.00
2025-05-22,Wallet,SUCCESS,9,2211295.89,0.00,2211295.89
2025-05-23,Credit Card,FAILED,1,265142.94,0.00,265142.94
2025-05-23,Credit Card,PENDING,1,57972.17,0.00,57972.17
2025-05-23,Credit Card,REFUNDED,2,579365.55,579365.55,0.00
2025-05-23,Credit Card,SUCCESS,6,1564183.74,0.00,1564183.74
2025-05-23,Debit Card,REFUNDED,2,326127.80,326127.80,0.00
2025-05-23,Debit Card,SUCCESS,6,1712919.89,0.00,1712919.89
2025-05-23,Net Banking,PENDING,1,175512.61,0.00,175512.61
2025-05-23,Net Banking,SUCCESS,9,2720793.12,0.00,2720793.12
2025-05-23,Upi,PENDING,2,436365.79,0.00,436365.79
2025-05-23,Upi,REFUNDED,3,603752.35,603752.35,0.00
2025-05-23,Upi,SUCCESS,8,1230882.12,0.00,1230882.12
2025-05-23,Wallet,FAILED,2,362219.44,0.00,362219.44
2025-05-23,Wallet,REFUNDED,3,988375.18,988375.18,0.00
2025-05-23,Wallet,SUCCESS,6,1273534.75,0.00,1273534.75
2025-05-24,Credit Card,FAILED,1,272559.72,0.00,272559.72
2025-05-24,Credit Card,REFUNDED,3,675561.78,675561.78,0.00
2025-05-24,Credit Card,SUCCESS,7,1079598.67,0.00,1079598.67
2025-05-24,Debit Card,FAILED,1,57852.91,0.00,57852.91
2025-05-24,Debit Card,REFUNDED,1,393274.64,393274.64,0.00
2025-05-24,Debit Card,SUCCESS,6,1324156.09,0.00,1324156.09
2025-05-24,Net Banking,REFUNDED,2,280345.94,280345.94,0.00
2025-05-24,Net Banking,SUCCESS,14,3843550.11,0.00,3843550.11
2025-05-24,Upi,FAILED,1,6786.65,0.00,6786.65
2025-05-24,Upi,REFUNDED,1,237231.93,237231.93,0.00
2025-05-24,Upi,SUCCESS,6,2006586.43,0.00,2006586.43
2025-05-24,Wallet,FAILED,3,1036503.01,0.00,1036503.01
2025-05-24,Wallet,PENDING,1,761043.38,0.00,761043.38
2025-05-24,Wallet,SUCCESS,8,2143308.45,0.00,2143308.45
2025-05-25,Credit Card,FAILED,1,265051.98,0.00,265051.98
2025-05-25,Credit Card,SUCCESS,7,1378084.11,0.00,1378084.11
2025-05-25,Debit Card,PENDING,1,45238.71,0.00,45238.71
2025-05-25,Debit Card,REFUNDED,2,206590.29,206590.29,0.00
2025-05-25,Debit Card,SUCCESS,5,1084524.24,0.00,1084524.24
2025-05-25,Net Banking,FAILED,1,350752.70,0.00,350752.70
2025-05-25,Net Banking,PENDING,1,72791.61,0.00,72791.61
2025-05-25,Net Banking,REFUNDED,2,304201.10,304201.10,0.00
2025-05-25,Net Banking,SUCCESS,8,1699652.14,0.00,1699652.14
2025-05-25,Upi,FAILED,1,13839.56,0.00,13839.56
2025-05-25,Upi,PENDING,1,64132.89,0.00,64132.89
2025-05-25,Upi,REFUNDED,1,138473.22,138473.22,0.00
2025-05-25,Upi,SUCCESS,9,3282968.05,0.00,3282968.05
2025-05-25,Wallet,FAILED,1,374641.20,0.00,374641.20
2025-05-25,Wallet,PENDING,1,557598.70,0.00,557598.70
2025-05-25,Wallet,REFUNDED,2,531037.50,531037.50,0.00
2025-05-25,Wallet,SUCCESS,7,2479224.30,0.00,2479224.30
2025-05-26,Credit Card,FAILED,1,367347.79,0.00,367347.79
2025-05-26,Credit Card,PENDING,1,44648.49,0.00,44648.49
2025-05-26,Credit Card,REFUNDED,1,414172.94,414172.94,0.00
2025-05-26,Credit Card,SUCCESS,5,1263022.60,0.00,1263022.60
2025-05-26,Debit Card,FAILED,1,171839.25,0.00,171839.25
2025-05-26,Debit Card,REFUNDED,1,417541.81,417541.81,0.00
2025-05-26,Debit Card,SUCCESS,6,1066331.53,0.00,1066331.53
2025-05-26,Net Banking,SUCCESS,8,2547471.60,0.00,2547471.60
2025-05-26,Upi,FAILED,1,288712.83,0.00,288712.83
2025-05-26,Upi,PENDING,1,340612.83,0.00,340612.83
2025-05-26,Upi,REFUNDED,2,710651.27,710651.27,0.00
2025-05-26,Upi,SUCCESS,5,1315247.58,0.00,1315247.58
2025-05-26,Wallet,FAILED,2,308866.77,0.00,308866.77
2025-05-26,Wallet,PENDING,1,168052.67,0.00,168052.67
2025-05-26,Wallet,SUCCESS,6,2201625.67,0.00,2201625.67
2025-05-27,Credit Card,FAILED,4,1719624.20,0.00,1719624.20
2025-05-27,Credit Card,PENDING,1,108506.33,0.00,108506.33
2025-05-27,Credit Card,SUCCESS,5,1186335.99,0.00,1186335.99
2025-05-27,Debit Card,FAILED,2,718679.18,0.00,718679.18
2025-05-27,Debit Card,PENDING,2,243568.71,0.00,243568.71
2025-05-27,Debit Card,SUCCESS,5,969780.04,0.00,969780.04
2025-05-27,Net Banking,REFUNDED,2,925097.39,925097.39,0.00
2025-05-27,Net Banking,SUCCESS,6,1610448.24,0.00,1610448.24
2025-05-27,Upi,FAILED,2,474611.01,0.00,474611.01
2025-05-27,Upi,REFUNDED,4,638996.82,638996.82,0.00
2025-05-27,Upi,SUCCESS,10,2884001.83,0.00,2884001.83
2025-05-27,Wallet,PENDING,2,244075.95,0.00,244075.95
2025-05-27,Wallet,REFUNDED,1,407968.50,407968.50,0.00
2025-05-27,Wallet,SUCCESS,10,4199457.48,0.00,4199457.48
2025-05-28,Credit Card,PENDING,1,298825.28,0.00,298825.28
2025-05-28,Credit Card,REFUNDED,1,778044.70,778044.70,0.00
2025-05-28,Credit Card,SUCCESS,9,1900188.81,0.00,1900188.81
2025-05-28,Debit Card,FAILED,1,153293.83,0.00,153293.83
2025-05-28,Debit Card,REFUNDED,1,115067.53,115067.53,0.00
2025-05-28,Debit Card,SUCCESS,9,1855464.44,0.00,1855464.44
2025-05-28,Net Banking,REFUNDED,2,100590.01,100590.01,0.00
2025-05-28,Net Banking,SUCCESS,2,429358.97,0.00,429358.97
2025-05-28,Upi,PENDING,1,441787.27,0.00,441787.27
2025-05-28,Upi,REFUNDED,2,1116512.79,1116512.79,0.00
2025-05-28,Upi,SUCCESS,9,2593910.18,0.00,2593910.18
2025-05-28,Wallet,REFUNDED,3,598828.41,598828.41,0.00
2025-05-28,Wallet,SUCCESS,8,2122779.69,0.00,2122779.69
2025-05-29,Credit Card,REFUNDED,1,440103.18,440103.18,0.00
2025-05-29,Credit Card,SUCCESS,3,607879.68,0.00,607879.68
2025-05-29,Debit Card,FAILED,1,306588.49,0.00,306588.49
2025-05-29,Debit Card,PENDING,2,579148.04,0.00,579148.04
2025-05-29,Debit Card,REFUNDED,3,1187976.01,1187976.01,0.00
2025-05-29,Debit Card,SUCCESS,6,1277969.09,0.00,1277969.09
2025-05-29,Net Banking,FAILED,3,470920.95,0.00,470920.95
2025-05-29,Net Banking,SUCCESS,5,1679524.06,0.00,1679524.06
2025-05-29,Upi,PENDING,1,46172.90,0.00,46172.90
2025-05-29,Upi,REFUNDED,2,289360.93,289360.93,0.00
2025-05-29,Upi,SUCCESS,6,2304200.61,0.00,2304200.61
2025-05-29,Wallet,PENDING,1,354132.73,0.00,354132.73
2025-05-29,Wallet,REFUNDED,1,297816.24,297816.24,0.00
2025-05-29,Wallet,SUCCESS,9,2925858.61,0.00,2925858.61
2025-05-30,Credit Card,FAILED,1,348904.97,0.00,348904.97
2025-05-30,Credit Card,REFUNDED,2,435814.91,435814.91,0.00
2025-05-30,Credit Card,SUCCESS,9,2337753.72,0.00,2337753.72
2025-05-30,Debit Card,FAILED,2,414312.50,0.00,414312.50
2025-05-30,Debit Card,PENDING,1,167183.48,0.00,167183.48
2025-05-30,Debit Card,REFUNDED,1,239172.03,239172.03,0.00
2025-05-30,Debit Card,SUCCESS,10,3075103.06,0.00,3075103.06
2025-05-30,Net Banking,FAILED,2,353683.05,0.00,353683.05
2025-05-30,Net Banking,SUCCESS,4,832835.07,0.00,832835.07
2025-05-30,Upi,FAILED,1,159312.30,0.00,159312.30
2025-05-30,Upi,PENDING,1,515426.00,0.00,515426.00
2025-05-30,Upi,SUCCESS,9,2978065.14,0.00,2978065.14
2025-05-30,Wallet,FAILED,2,227985.17,0.00,227985.17
2025-05-30,Wallet,REFUNDED,3,736923.10,736923.10,0.00
2025-05-30,Wallet,SUCCESS,6,1407724.33,0.00,1407724.33
2025-05-31,Credit Card,FAILED,1,22904.40,0.00,22904.40
2025-05-31,Credit Card,REFUNDED,3,897343.01,897343.01,0.00
2025-05-31,Credit Card,SUCCESS,9,2232379.35,0.00,2232379.35
2025-05-31,Debit Card,FAILED,2,575272.02,0.00,575272.02
2025-05-31,Debit Card,REFUNDED,3,1083920.43,1083920.43,0.00
2025-05-31,Debit Card,SUCCESS,6,1908924.91,0.00,1908924.91
2025-05-31,Net Banking,FAILED,1,361395.96,0.00,361395.96
2025-05-31,Net Banking,REFUNDED,3,1277477.34,1277477.34,0.00
2025-05-31,Net Banking,SUCCESS,13,3881854.44,0.00,3881854.44
2025-05-31,Upi,FAILED,2,688935.77,0.00,688935.77
2025-05-31,Upi,PENDING,1,383610.38,0.00,383610.38
2025-05-31,Upi,REFUNDED,1,47248.78,47248.78,0.00
2025-05-31,Upi,SUCCESS,8,1230414.77,0.00,1230414.77
2025-05-31,Wallet,REFUNDED,1,305917.48,305917.48,0.00
2025-05-31,Wallet,SUCCESS,8,1712764.48,0.00,1712764.48
2025-06-01,Credit Card,FAILED,1,242277.46,0.00,242277.46
2025-06-01,Credit Card,PENDING,1,27982.26,0.00,27982.26
2025-06-01,Credit Card,REFUNDED,1,138185.10,138185.10,0.00
2025-06-01,Credit Card,SUCCESS,7,1944749.56,0.00,1944749.56
2025-06-01,Debit Card,FAILED,3,897364.02,0.00,897364.02
2025-06-01,Debit Card,PENDING,1,431224.69,0.00,431224.69
2025-06-01,Debit Card,REFUNDED,3,558126.34,558126.34,0.00
2025-06-01,Debit Card,SUCCESS,7,1309047.72,0.00,1309047.72
2025-06-01,Net Banking,FAILED,1,54694.62,0.00,54694.62
2025-06-01,Net Banking,REFUNDED,4,1060876.80,1060876.80,0.00
2025-06-01,Net Banking,SUCCESS,10,2581193.84,0.00,2581193.84
2025-06-01,Upi,FAILED,1,540384.61,0.00,540384.61
2025-06-01,Upi,REFUNDED,3,1094395.00,1094395.00,0.00
2025-06-01,Upi,SUCCESS,4,710256.94,0.00,710256.94
2025-06-01,Wallet,REFUNDED,2,507224.77,507224.77,0.00
2025-06-01,Wallet,SUCCESS,7,1650429.45,0.00,1650429.45
2025-06-02,Credit Card,FAILED,1,463171.31,0.00,463171.31
2025-06-02,Credit Card,REFUNDED,2,620098.84,620098.84,0.00
2025-06-02,Credit Card,SUCCESS,12,2881779.20,0.00,2881779.20
2025-06-02,Debit Card,FAILED,1,268865.39,0.00,268865.39
2025-06-02,Debit Card,REFUNDED,1,93534.74,93534.74,0.00
2025-06-02,Debit Card,SUCCESS,3,1089491.10,0.00,1089491.10
2025-06-02,Net Banking,FAILED,1,355408.62,0.00,355408.62
2025-06-02,Net Banking,PENDING,4,974054.35,0.00,974054.35
2025-06-02,Net Banking,REFUNDED,3,1406750.45,1406750.45,0.00
2025-06-02,Net Banking,SUCCESS,9,1347010.73,0.00,1347010.73
2025-06-02,Upi,FAILED,1,253785.48,0.00,253785.48
2025-06-02,Upi,REFUNDED,2,173332.18,173332.18,0.00
2025-06-02,Upi,SUCCESS,7,2289762.86,0.00,2289762.86
2025-06-02,Wallet,FAILED,2,904753.85,0.00,904753.85
2025-06-02,Wallet,REFUNDED,2,187888.00,187888.00,0.00
2025-06-02,Wallet,SUCCESS,3,264624.23,0.00,264624.23
2025-06-03,Credit Card,FAILED,1,30913.70,0.00,30913.70
2025-06-03,Credit Card,REFUNDED,4,969434.55,969434.55,0.00
2025-06-03,Credit Card,SUCCESS,8,2301615.39,0.00,2301615.39
2025-06-03,Debit Card,FAILED,1,79156.20,0.00,79156.20
2025-06-03,Debit Card,PENDING,1,758984.58,0.00,758984.58
2025-06-03,Debit Card,REFUNDED,4,699043.06,699043.06,0.00
2025-06-03,Debit Card,SUCCESS,7,1722127.08,0.00,1722127.08
2025-06-03,Net Banking,SUCCESS,8,1452084.95,0.00,1452084.95
2025-06-03,Upi,FAILED,1,368851.85,0.00,368851.85
2025-06-03,Upi,REFUNDED,1,130982.36,130982.36,0.00
2025-06-03,Upi,SUCCESS,10,2980629.69,0.00,2980629.69
2025-06-03,Wallet,FAILED,1,390852.14,0.00,390852.14
2025-06-03,Wallet,PENDING,3,1020527.42,0.00,1020527.42
2025-06-03,Wallet,REFUNDED,1,315686.20,315686.20,0.00
2025-06-03,Wallet,SUCCESS,8,1948830.13,0.00,1948830.13
2025-06-04,Credit Card,FAILED,2,499297.79,0.00,499297.79
2025-06-04,Credit Card,REFUNDED,2,741997.43,741997.43,0.00
2025-06-04,Credit Card,SUCCESS,5,1925854.77,0.00,1925854.77
2025-06-04,Debit Card,FAILED,1,209518.42,0.00,209518.42
2025-06-04,Debit Card,PENDING,1,139428.97,0.00,139428.97
2025-06-04,Debit Card,REFUNDED,2,604404.68,604404.68,0.00
2025-06-04,Debit Card,SUCCESS,11,2004648.75,0.00,2004648.75
2025-06-04,Net Banking,FAILED,1,124415.66,0.00,124415.66
2025-06-04,Net Banking,REFUNDED,3,834784.79,834784.79,0.00
2025-06-04,Net Banking,SUCCESS,5,1299016.86,0.00,1299016.86
2025-06-04,Upi,FAILED,1,142411.01,0.00,142411.01
2025-06-04,Upi,PENDING,1,104759.47,0.00,104759.47
2025-06-04,Upi,REFUNDED,1,400102.05,400102.05,0.00
2025-06-04,Upi,SUCCESS,6,1204316.64,0.00,1204316.64
2025-06-04,Wallet,FAILED,2,813193.57,0.00,813193.57
2025-06-04,Wallet,REFUNDED,2,439627.02,439627.02,0.00
2025-06-04,Wallet,SUCCESS,11,3575843.27,0.00,3575843.27
2025-06-05,Credit Card,FAILED,1,647000.61,0.00,647000.61
2025-06-05,Credit Card,REFUNDED,2,697632.76,697632.76,0.00
2025-06-05,Credit Card,SUCCESS,5,1488278.61,0.00,1488278.61
2025-06-05,Debit Card,FAILED,3,570652.78,0.00,570652.78
2025-06-05,Debit Card,REFUNDED,2,339358.03,339358.03,0.00
2025-06-05,Debit Card,SUCCESS,7,2918772.64,0.00,2918772.64
2025-06-05,Net Banking,FAILED,1,170776.86,0.00,170776.86
2025-06-05,Net Banking,REFUNDED,1,456659.77,456659.77,0.00
2025-06-05,Net Banking,SUCCESS,5,1387920.14,0.00,1387920.14
2025-06-05,Upi,FAILED,1,359765.75,0.00,359765.75
2025-06-05,Upi,PENDING,1,119725.10,0.00,119725.10
2025-06-05,Upi,REFUNDED,2,431567.65,431567.65,0.00
2025-06-05,Upi,SUCCESS,5,1515431.69,0.00,1515431.69
2025-06-05,Wallet,FAILED,1,178591.48,0.00,178591.48
2025-06-05,Wallet,SUCCESS,6,1518014.19,0.00,1518014.19
2025-06-06,Credit Card,FAILED,3,384435.56,0.00,384435.56
2025-06-06,Credit Card,PENDING,1,62868.43,0.00,62868.43
2025-06-06,Credit Card,REFUNDED,1,80395.08,80395.08,0.00
2025-06-06,Credit Card,SUCCESS,15,3659663.88,0.00,3659663.88
2025-06-06,Debit Card,FAILED,2,447571.16,0.00,447571.16
2025-06-06,Debit Card,REFUNDED,1,84811.09,84811.09,0.00
2025-06-06,Debit Card,SUCCESS,10,2406658.40,0.00,2406658.40
2025-06-06,Net Banking,REFUNDED,1,159959.16,159959.16,0.00
2025-06-06,Net Banking,SUCCESS,8,2285596.57,0.00,2285596.57
2025-06-06,Upi,FAILED,2,620743.64,0.00,620743.64
2025-06-06,Upi,REFUNDED,1,215245.49,215245.49,0.00
2025-06-06,Upi,SUCCESS,10,2620579.26,0.00,2620579.26
2025-06-06,Wallet,PENDING,1,233499.07,0.00,233499.07
2025-06-06,Wallet,REFUNDED,2,832867.52,832867.52,0.00
2025-06-06,Wallet,SUCCESS,13,2433833.30,0.00,2433833.30
2025-06-07,Credit Card,PENDING,1,203491.68,0.00,203491.68
2025-06-07,Credit Card,REFUNDED,1,335772.54,335772.54,0.00
2025-06-07,Credit Card,SUCCESS,6,1949004.32,0.00,1949004.32
2025-06-07,Debit Card,FAILED,1,209329.93,0.00,209329.93
2025-06-07,Debit Card,REFUNDED,3,568025.90,568025.90,0.00
2025-06-07,Debit Card,SUCCESS,9,2851941.12,0.00,2851941.12
2025-06-07,Net Banking,FAILED,2,264576.75,0.00,264576.75
2025-06-07,Net Banking,PENDING,1,239947.08,0.00,239947.08
2025-06-07,Net Banking,REFUNDED,1,136620.41,136620.41,0.00
2025-06-07,Net Banking,SUCCESS,9,2200160.62,0.00,2200160.62
2025-06-07,Upi,REFUNDED,1,149165.75,149165.75,0.00
2025-06-07,Upi,SUCCESS,4,809010.42,0.00,809010.42
2025-06-07,Wallet,FAILED,4,1196962.09,0.00,1196962.09
2025-06-07,Wallet,REFUNDED,1,244377.88,244377.88,0.00
2025-06-07,Wallet,SUCCESS,5,1182608.78,0.00,1182608.78
2025-06-08,Credit Card,REFUNDED,4,960798.29,960798.29,0.00
2025-06-08,Credit Card,SUCCESS,6,1860575.52,0.00,1860575.52
2025-06-08,Debit Card,FAILED,1,15991.45,0.00,15991.45
2025-06-08,Debit Card,REFUNDED,3,1008097.40,1008097.40,0.00
2025-06-08,Debit Card,SUCCESS,6,2623308.44,0.00,2623308.44
2025-06-08,Net Banking,FAILED,1,162090.31,0.00,162090.31
2025-06-08,Net Banking,REFUNDED,2,185457.16,185457.16,0.00
2025-06-08,Net Banking,SUCCESS,8,3310736.29,0.00,3310736.29
2025-06-08,Upi,REFUNDED,1,70259.70,70259.70,0.00
2025-06-08,Upi,SUCCESS,12,3146913.76,0.00,3146913.76
2025-06-08,Wallet,REFUNDED,1,77331.46,77331.46,0.00
2025-06-08,Wallet,SUCCESS,12,2263453.52,0.00,2263453.52
2025-06-09,Credit Card,FAILED,2,529568.15,0.00,529568.15
2025-06-09,Credit Card,REFUNDED,2,736416.61,736416.61,0.00
2025-06-09,Credit Card,SUCCESS,4,1070960.65,0.00,1070960.65
2025-06-09,Debit Card,FAILED,1,30581.22,0.00,30581.22
2025-06-09,Debit Card,REFUNDED,1,101909.34,101909.34,0.00
2025-06-09,Debit Card,SUCCESS,4,1644913.30,0.00,1644913.30
2025-06-09,Net Banking,FAILED,2,511476.38,0.00,511476.38
2025-06-09,Net Banking,REFUNDED,2,256093.27,256093.27,0.00
2025-06-09,Net Banking,SUCCESS,4,799110.24,0.00,799110.24
2025-06-09,Upi,REFUNDED,2,467617.81,467617.81,0.00
2025-06-09,Upi,SUCCESS,12,2440207.13,0.00,2440207.13
2025-06-09,Wallet,PENDING,1,170384.28,0.00,170384.28
2025-06-09,Wallet,REFUNDED,3,487358.76,487358.76,0.00
2025-06-09,Wallet,SUCCESS,6,1253774.46,0.00,1253774.46
2025-06-10,Credit Card,FAILED,3,865170.44,0.00,865170.44
2025-06-10,Credit Card,PENDING,2,458018.84,0.00,458018.84
2025-06-10,Credit Card,SUCCESS,4,1006627.09,0.00,1006627.09
2025-06-10,Debit Card,REFUNDED,1,346580.81,346580.81,0.00
2025-06-10,Debit Card,SUCCESS,4,843296.32,0.00,843296.32
2025-06-10,Net Banking,FAILED,3,629597.78,0.00,629597.78
2025-06-10,Net Banking,REFUNDED,1,520678.17,520678.17,0.00
2025-06-10,Net Banking,SUCCESS,6,996514.99,0.00,996514.99
2025-06-10,Upi,FAILED,1,350256.71,0.00,350256.71
2025-06-10,Upi,PENDING,1,370105.84,0.00,370105.84
2025-06-10,Upi,REFUNDED,1,43896.70,43896.70,0.00
2025-06-10,Upi,SUCCESS,10,2765612.34,0.00,2765612.34
2025-06-10,Wallet,FAILED,1,111207.14,0.00,111207.14
2025-06-10,Wallet,REFUNDED,2,553680.54,553680.54,0.00
2025-06-10,Wallet,SUCCESS,7,2009618.63,0.00,2009618.63
2025-06-11,Credit Card,FAILED,2,375782.27,0.00,375782.27
2025-06-11,Credit Card,REFUNDED,3,520418.21,520418.21,0.00
2025-06-11,Credit Card,SUCCESS,13,2510251.32,0.00,2510251.32
2025-06-11,Debit Card,FAILED,2,281256.23,0.00,281256.23
2025-06-11,Debit Card,SUCCESS,7,2137606.21,0.00,2137606.21
2025-06-11,Net Banking,FAILED,1,413910.00,0.00,413910.00
2025-06-11,Net Banking,PENDING,1,518703.18,0.00,518703.18
2025-06-11,Net Banking,SUCCESS,8,2172817.98,0.00,2172817.98
2025-06-11,Upi,FAILED,4,576380.35,0.00,576380.35
2025-06-11,Upi,SUCCESS,5,1638461.24,0.00,1638461.24
2025-06-11,Wallet,PENDING,1,184463.03,0.00,184463.03
2025-06-11,Wallet,REFUNDED,3,1046397.28,1046397.28,0.00
2025-06-11,Wallet,SUCCESS,6,804002.86,0.00,804002.86
2025-06-12,Credit Card,FAILED,1,565894.96,0.00,565894.96
2025-06-12,Credit Card,REFUNDED,1,248784.16,248784.16,0.00
2025-06-12,Credit Card,SUCCESS,8,1880021.79,0.00,1880021.79
2025-06-12,Debit Card,FAILED,1,271559.26,0.00,271559.26
2025-06-12,Debit Card,PENDING,1,487624.58,0.00,487624.58
2025-06-12,Debit Card,REFUNDED,1,168343.60,168343.60,0.00
2025-06-12,Debit Card,SUCCESS,8,1762920.85,0.00,1762920.85
2025-06-12,Net Banking,PENDING,1,258472.57,0.00,258472.57
2025-06-12,Net Banking,SUCCESS,7,1598965.32,0.00,1598965.32
2025-06-12,Upi,REFUNDED,1,140208.57,140208.57,0.00
2025-06-12,Upi,SUCCESS,8,2154674.96,0.00,2154674.96
2025-06-12,Wallet,FAILED,1,19023.68,0.00,19023.68
2025-06-12,Wallet,PENDING,2,361303.82,0.00,361303.82
2025-06-12,Wallet,REFUNDED,5,1161667.95,1161667.95,0.00
2025-06-12,Wallet,SUCCESS,8,2468579.20,0.00,2468579.20
2025-06-13,Credit Card,REFUNDED,3,1303022.88,1303022.88,0.00
2025-06-13,Credit Card,SUCCESS,10,4025680.10,0.00,4025680.10
2025-06-13,Debit Card,FAILED,2,535939.23,0.00,535939.23
2025-06-13,Debit Card,REFUNDED,5,1193960.38,1193960.38,0.00
2025-06-13,Debit Card,SUCCESS,11,3571291.25,0.00,3571291.25
2025-06-13,Net Banking,FAILED,1,144800.96,0.00,144800.96
2025-06-13,Net Banking,SUCCESS,10,2983093.27,0.00,2983093.27
2025-06-13,Upi,REFUNDED,2,302866.29,302866.29,0.00
2025-06-13,Upi,SUCCESS,8,2574676.75,0.00,2574676.75
2025-06-13,Wallet,FAILED,1,62101.09,0.00,62101.09
2025-06-13,Wallet,REFUNDED,3,1001964.67,1001964.67,0.00
2025-06-13,Wallet,SUCCESS,4,643458.76,0.00,643458.76
2025-06-14,Credit Card,FAILED,3,983312.99,0.00,983312.99
2025-06-14,Credit Card,PENDING,1,152241.49,0.00,152241.49
2025-06-14,Credit Card,REFUNDED,5,1845399.19,1845399.19,0.00
2025-06-14,Credit Card,SUCCESS,4,1036669.98,0.00,1036669.98
2025-06-14,Debit Card,FAILED,2,241635.32,0.00,241635.32
2025-06-14,Debit Card,REFUNDED,1,88068.02,88068.02,0.00
2025-06-14,Debit Card,SUCCESS,8,2721588.27,0.00,2721588.27
2025-06-14,Net Banking,FAILED,1,338740.14,0.00,338740.14
2025-06-14,Net Banking,PENDING,1,256478.81,0.00,256478.81
2025-06-14,Net Banking,REFUNDED,1,181336.94,181336.94,0.00
2025-06-14,Net Banking,SUCCESS,11,3537589.21,0.00,3537589.21
2025-06-14,Upi,REFUNDED,2,243753.29,243753.29,0.00
2025-06-14,Upi,SUCCESS,8,1935742.23,0.00,1935742.23
2025-06-14,Wallet,FAILED,1,349609.51,0.00,349609.51
2025-06-14,Wallet,REFUNDED,1,101256.63,101256.63,0.00
2025-06-14,Wallet,SUCCESS,6,2135481.04,0.00,2135481.04
2025-06-15,Credit Card,FAILED,1,370553.59,0.00,370553.59
2025-06-15,Credit Card,SUCCESS,7,1237369.76,0.00,1237369.76
2025-06-15,Debit Card,PENDING,2,516765.20,0.00,516765.20
2025-06-15,Debit Card,REFUNDED,5,868756.32,868756.32,0.00
2025-06-15,Debit Card,SUCCESS,6,2528814.46,0.00,2528814.46
2025-06-15,Net Banking,FAILED,1,233748.45,0.00,233748.45
2025-06-15,Net Banking,REFUNDED,2,455390.97,455390.97,0.00
2025-06-15,Net Banking,SUCCESS,7,2099014.17,0.00,2099014.17
2025-06-15,Upi,FAILED,2,268518.20,0.00,268518.20
2025-06-15,Upi,REFUNDED,2,395039.57,395039.57,0.00
2025-06-15,Upi,SUCCESS,5,1227495.70,0.00,1227495.70
2025-06-15,Wallet,FAILED,1,146755.79,0.00,146755.79
2025-06-15,Wallet,PENDING,1,692327.77,0.00,692327.77
2025-06-15,Wallet,REFUNDED,4,874316.78,874316.78,0.00
2025-06-15,Wallet,SUCCESS,9,2443643.68,0.00,2443643.68
2025-06-16,Credit Card,FAILED,1,98803.41,0.00,98803.41
2025-06-16,Credit Card,REFUNDED,1,481137.89,481137.89,0.00
2025-06-16,Credit Card,SUCCESS,9,2833727.16,0.00,2833727.16
2025-06-16,Debit Card,FAILED,1,379819.48,0.00,379819.48
2025-06-16,Debit Card,PENDING,1,419568.96,0.00,419568.96
2025-06-16,Debit Card,SUCCESS,5,1344468.91,0.00,1344468.91
2025-06-16,Net Banking,FAILED,1,224934.06,0.00,224934.06
2025-06-16,Net Banking,REFUNDED,2,651007.72,651007.72,0.00
2025-06-16,Net Banking,SUCCESS,1,212698.99,0.00,212698.99
2025-06-16,Upi,FAILED,1,172332.03,0.00,172332.03
2025-06-16,Upi,REFUNDED,3,928529.48,928529.48,0.00
2025-06-16,Upi,SUCCESS,8,2453922.06,0.00,2453922.06
2025-06-16,Wallet,FAILED,1,40155.03,0.00,40155.03
2025-06-16,Wallet,REFUNDED,3,1129471.38,1129471.38,0.00
2025-06-16,Wallet,SUCCESS,8,2749703.70,0.00,2749703.70
2025-06-17,Credit Card,FAILED,1,355105.33,0.00,355105.33
2025-06-17,Credit Card,REFUNDED,2,126316.43,126316.43,0.00
2025-06-17,Credit Card,SUCCESS,9,1598408.95,0.00,1598408.95
2025-06-17,Debit Card,PENDING,1,88177.40,0.00,88177.40
2025-06-17,Debit Card,REFUNDED,1,9638.94,9638.94,0.00
2025-06-17,Debit Card,SUCCESS,4,1129895.14,0.00,1129895.14
2025-06-17,Net Banking,FAILED,3,869878.85,0.00,869878.85
2025-06-17,Net Banking,REFUNDED,2,585610.25,585610.25,0.00
2025-06-17,Net Banking,SUCCESS,7,1709055.84,0.00,1709055.84
2025-06-17,Upi,FAILED,3,836314.98,0.00,836314.98
2025-06-17,Upi,REFUNDED,1,267305.03,267305.03,0.00
2025-06-17,Upi,SUCCESS,6,1980621.82,0.00,1980621.82
2025-06-17,Wallet,REFUNDED,1,134731.11,134731.11,0.00
2025-06-17,Wallet,SUCCESS,13,2897035.67,0.00,2897035.67
2025-06-18,Credit Card,FAILED,1,517728.03,0.00,517728.03
2025-06-18,Credit Card,REFUNDED,1,146402.83,146402.83,0.00
2025-06-18,Credit Card,SUCCESS,2,606725.15,0.00,606725.15
2025-06-18,Debit Card,REFUNDED,3,677848.76,677848.76,0.00
2025-06-18,Debit Card,SUCCESS,6,1338154.60,0.00,1338154.60
2025-06-18,Net Banking,PENDING,1,56907.50,0.00,56907.50
2025-06-18,Net Banking,REFUNDED,1,295325.77,295325.77,0.00
2025-06-18,Net Banking,SUCCESS,5,1008161.39,0.00,1008161.39
2025-06-18,Upi,FAILED,1,524341.58,0.00,524341.58
2025-06-18,Upi,REFUNDED,1,24151.36,24151.36,0.00
2025-06-18,Upi,SUCCESS,10,1720706.14,0.00,1720706.14
2025-06-18,Wallet,FAILED,2,577202.91,0.00,577202.91
2025-06-18,Wallet,PENDING,1,134619.08,0.00,134619.08
2025-06-18,Wallet,REFUNDED,1,29069.25,29069.25,0.00
2025-06-18,Wallet,SUCCESS,10,2711825.14,0.00,2711825.14
2025-06-19,Credit Card,FAILED,1,29374.49,0.00,29374.49
2025-06-19,Credit Card,PENDING,1,600972.27,0.00,600972.27
2025-06-19,Credit Card,REFUNDED,2,575349.81,575349.81,0.00
2025-06-19,Credit Card,SUCCESS,3,1285685.77,0.00,1285685.77
2025-06-19,Debit Card,FAILED,1,291303.15,0.00,291303.15
2025-06-19,Debit Card,PENDING,1,447444.47,0.00,447444.47
2025-06-19,Debit Card,REFUNDED,3,658185.83,658185.83,0.00
2025-06-19,Debit Card,SUCCESS,7,1432019.87,0.00,1432019.87
2025-06-19,Net Banking,PENDING,1,210401.82,0.00,210401.82
2025-06-19,Net Banking,REFUNDED,4,890581.68,890581.68,0.00
2025-06-19,Net Banking,SUCCESS,10,2086153.78,0.00,2086153.78
2025-06-19,Upi,FAILED,1,268769.68,0.00,268769.68
2025-06-19,Upi,REFUNDED,3,1134319.40,1134319.40,0.00
2025-06-19,Upi,SUCCESS,4,923390.64,0.00,923390.64
2025-06-19,Wallet,REFUNDED,4,1000355.77,1000355.77,0.00
2025-06-19,Wallet,SUCCESS,2,728248.65,0.00,728248.65
2025-06-20,Credit Card,FAILED,1,405719.98,0.00,405719.98
2025-06-20,Credit Card,PENDING,1,334479.80,0.00,334479.80
2025-06-20,Credit Card,REFUNDED,2,479385.79,479385.79,0.00
2025-06-20,Credit Card,SUCCESS,8,2370385.36,0.00,2370385.36
2025-06-20,Debit Card,FAILED,1,71352.83,0.00,71352.83
2025-06-20,Debit Card,PENDING,1,92939.76,0.00,92939.76
2025-06-20,Debit Card,REFUNDED,2,362858.77,362858.77,0.00
2025-06-20,Debit Card,SUCCESS,6,2103276.17,0.00,2103276.17
2025-06-20,Net Banking,FAILED,2,969387.61,0.00,969387.61
2025-06-20,Net Banking,REFUNDED,1,386784.34,386784.34,0.00
2025-06-20,Net Banking,SUCCESS,6,1565164.53,0.00,1565164.53
2025-06-20,Upi,FAILED,3,553398.28,0.00,553398.28
2025-06-20,Upi,PENDING,1,276101.90,0.00,276101.90
2025-06-20,Upi,SUCCESS,9,2965479.39,0.00,2965479.39
2025-06-20,Wallet,REFUNDED,4,858863.68,858863.68,0.00
2025-06-20,Wallet,SUCCESS,5,981208.15,0.00,981208.15
2025-06-21,Credit Card,FAILED,1,46422.65,0.00,46422.65
2025-06-21,Credit Card,PENDING,1,188853.94,0.00,188853.94
2025-06-21,Credit Card,REFUNDED,1,99764.08,99764.08,0.00
2025-06-21,Credit Card,SUCCESS,8,2170637.21,0.00,2170637.21
2025-06-21,Debit Card,FAILED,2,648611.94,0.00,648611.94
2025-06-21,Debit Card,SUCCESS,8,2494353.16,0.00,2494353.16
2025-06-21,Net Banking,FAILED,3,1119386.19,0.00,1119386.19
2025-06-21,Net Banking,REFUNDED,2,604809.41,604809.41,0.00
2025-06-21,Net Banking,SUCCESS,7,1118340.82,0.00,1118340.82
2025-06-21,Upi,FAILED,1,209868.27,0.00,209868.27
2025-06-21,Upi,REFUNDED,3,391723.43,391723.43,0.00
2025-06-21,Upi,SUCCESS,3,892627.37,0.00,892627.37
2025-06-21,Wallet,FAILED,2,356640.17,0.00,356640.17
2025-06-21,Wallet,REFUNDED,4,768639.51,768639.51,0.00
2025-06-21,Wallet,SUCCESS,7,2436757.77,0.00,2436757.77
2025-06-22,Credit Card,FAILED,2,233610.42,0.00,233610.42
2025-06-22,Credit Card,REFUNDED,3,548089.43,548089.43,0.00
2025-06-22,Credit Card,SUCCESS,8,2140319.73,0.00,2140319.73
2025-06-22,Debit Card,FAILED,2,171341.50,0.00,171341.50
2025-06-22,Debit Card,REFUNDED,2,555793.84,555793.84,0.00
2025-06-22,Debit Card,SUCCESS,8,2588217.59,0.00,2588217.59
2025-06-22,Net Banking,FAILED,3,693347.54,0.00,693347.54
2025-06-22,Net Banking,REFUNDED,4,1143932.20,1143932.20,0.00
2025-06-22,Net Banking,SUCCESS,4,1191441.48,0.00,1191441.48
2025-06-22,Upi,FAILED,3,661302.18,0.00,661302.18
2025-06-22,Upi,REFUNDED,2,776205.61,776205.61,0.00
2025-06-22,Upi,SUCCESS,10,2120468.08,0.00,2120468.08
2025-06-22,Wallet,FAILED,1,274988.67,0.00,274988.67
2025-06-22,Wallet,PENDING,1,449597.43,0.00,449597.43
2025-06-22,Wallet,REFUNDED,1,209558.51,209558.51,0.00
2025-06-22,Wallet,SUCCESS,9,1964550.00,0.00,1964550.00
2025-06-23,Credit Card,FAILED,3,791761.24,0.00,791761.24
2025-06-23,Credit Card,REFUNDED,2,555907.16,555907.16,0.00
2025-06-23,Credit Card,SUCCESS,6,2398644.20,0.00,2398644.20
2025-06-23,Debit Card,FAILED,1,288714.63,0.00,288714.63
2025-06-23,Debit Card,REFUNDED,3,726743.05,726743.05,0.00
2025-06-23,Debit Card,SUCCESS,6,1888641.97,0.00,1888641.97
2025-06-23,Net Banking,FAILED,1,158664.68,0.00,158664.68
2025-06-23,Net Banking,REFUNDED,2,294030.26,294030.26,0.00
2025-06-23,Net Banking,SUCCESS,6,2175533.93,0.00,2175533.93
2025-06-23,Upi,FAILED,1,519394.06,0.00,519394.06
2025-06-23,Upi,REFUNDED,1,89739.31,89739.31,0.00
2025-06-23,Upi,SUCCESS,12,2694264.54,0.00,2694264.54
2025-06-23,Wallet,FAILED,2,523095.23,0.00,523095.23
2025-06-23,Wallet,PENDING,1,364019.22,0.00,364019.22
2025-06-23,Wallet,REFUNDED,2,694651.28,694651.28,0.00
2025-06-23,Wallet,SUCCESS,8,2087079.33,0.00,2087079.33
2025-06-24,Credit Card,FAILED,1,353870.66,0.00,353870.66
2025-06-24,Credit Card,PENDING,1,156150.69,0.00,156150.69
2025-06-24,Credit Card,REFUNDED,1,267305.60,267305.60,0.00
2025-06-24,Credit Card,SUCCESS,6,2096962.47,0.00,2096962.47
2025-06-24,Debit Card,FAILED,3,611202.48,0.00,611202.48
2025-06-24,Debit Card,REFUNDED,3,652514.23,652514.23,0.00
2025-06-24,Debit Card,SUCCESS,10,1986478.21,0.00,1986478.21
2025-06-24,Net Banking,FAILED,2,629290.36,0.00,629290.36
2025-06-24,Net Banking,REFUNDED,3,1457667.74,1457667.74,0.00
2025-06-24,Net Banking,SUCCESS,2,671849.58,0.00,671849.58
2025-06-24,Upi,FAILED,3,597037.26,0.00,597037.26
2025-06-24,Upi,REFUNDED,1,479950.87,479950.87,0.00
2025-06-24,Upi,SUCCESS,4,925965.22,0.00,925965.22
2025-06-24,Wallet,FAILED,1,438124.92,0.00,438124.92
2025-06-24,Wallet,REFUNDED,3,505924.85,505924.85,0.00
2025-06-24,Wallet,SUCCESS,7,1918742.40,0.00,1918742.40
2025-06-25,Credit Card,SUCCESS,9,1919884.74,0.00,1919884.74
2025-06-25,Debit Card,PENDING,1,55196.64,0.00,55196.64
2025-06-25,Debit Card,SUCCESS,4,1600993.17,0.00,1600993.17
2025-06-25,Net Banking,FAILED,1,253657.47,0.00,253657.47
2025-06-25,Net Banking,PENDING,1,268562.22,0.00,268562.22
2025-06-25,Net Banking,SUCCESS,6,1751563.49,0.00,1751563.49
2025-06-25,Upi,FAILED,2,601075.36,0.00,601075.36
2025-06-25,Upi,REFUNDED,2,641500.94,641500.94,0.00
2025-06-25,Upi,SUCCESS,6,939786.79,0.00,939786.79
2025-06-25,Wallet,FAILED,1,133298.72,0.00,133298.72
2025-06-25,Wallet,SUCCESS,6,1767964.61,0.00,1767964.61
2025-06-26,Credit Card,REFUNDED,3,723532.32,723532.32,0.00
2025-06-26,Credit Card,SUCCESS,11,3328912.06,0.00,3328912.06
2025-06-26,Debit Card,FAILED,1,5712.11,0.00,5712.11
2025-06-26,Debit Card,REFUNDED,2,829611.98,829611.98,0.00
2025-06-26,Debit Card,SUCCESS,8,2068527.99,0.00,2068527.99
2025-06-26,Net Banking,REFUNDED,1,380829.91,380829.91,0.00
2025-06-26,Net Banking,SUCCESS,6,2175972.11,0.00,2175972.11
2025-06-26,Upi,REFUNDED,3,1217740.41,1217740.41,0.00
2025-06-26,Upi,SUCCESS,11,2255775.72,0.00,2255775.72
2025-06-26,Wallet,FAILED,3,687801.11,0.00,687801.11
2025-06-26,Wallet,PENDING,1,321821.85,0.00,321821.85
2025-06-26,Wallet,SUCCESS,6,1817874.67,0.00,1817874.67
2025-06-27,Credit Card,FAILED,1,57295.22,0.00,57295.22
2025-06-27,Credit Card,REFUNDED,1,118120.52,118120.52,0.00
2025-06-27,Credit Card,SUCCESS,13,3162355.55,0.00,3162355.55
2025-06-27,Debit Card,PENDING,1,389875.38,0.00,389875.38
2025-06-27,Debit Card,SUCCESS,7,753925.72,0.00,753925.72
2025-06-27,Net Banking,FAILED,2,977224.77,0.00,977224.77
2025-06-27,Net Banking,REFUNDED,3,740395.36,740395.36,0.00
2025-06-27,Net Banking,SUCCESS,5,1561764.34,0.00,1561764.34
2025-06-27,Upi,FAILED,3,438913.74,0.00,438913.74
2025-06-27,Upi,REFUNDED,1,288762.52,288762.52,0.00
2025-06-27,Upi,SUCCESS,4,1224247.42,0.00,1224247.42
2025-06-27,Wallet,FAILED,2,277748.23,0.00,277748.23
2025-06-27,Wallet,REFUNDED,5,1907027.86,1907027.86,0.00
2025-06-27,Wallet,SUCCESS,3,450151.86,0.00,450151.86
2025-06-28,Credit Card,PENDING,1,275860.20,0.00,275860.20
2025-06-28,Credit Card,SUCCESS,3,1141455.47,0.00,1141455.47
2025-06-28,Debit Card,FAILED,2,581073.14,0.00,581073.14
2025-06-28,Debit Card,SUCCESS,4,721300.94,0.00,721300.94
2025-06-28,Net Banking,REFUNDED,1,209962.78,209962.78,0.00
2025-06-28,Net Banking,SUCCESS,7,2368325.96,0.00,2368325.96
2025-06-28,Upi,FAILED,1,267331.49,0.00,267331.49
2025-06-28,Upi,REFUNDED,2,636316.33,636316.33,0.00
2025-06-28,Upi,SUCCESS,9,2180009.93,0.00,2180009.93
2025-06-28,Wallet,FAILED,3,354498.42,0.00,354498.42
2025-06-28,Wallet,REFUNDED,4,716535.90,716535.90,0.00
2025-06-28,Wallet,SUCCESS,7,2179200.17,0.00,2179200.17
2025-06-29,Credit Card,FAILED,2,362260.46,0.00,362260.46
2025-06-29,Credit Card,SUCCESS,10,2256626.81,0.00,2256626.81
2025-06-29,Debit Card,FAILED,1,436536.33,0.00,436536.33
2025-06-29,Debit Card,REFUNDED,2,315999.32,315999.32,0.00
2025-06-29,Debit Card,SUCCESS,11,3354029.58,0.00,3354029.58
2025-06-29,Net Banking,REFUNDED,2,425091.43,425091.43,0.00
2025-06-29,Net Banking,SUCCESS,6,457455.53,0.00,457455.53
2025-06-29,Upi,FAILED,1,240825.91,0.00,240825.91
2025-06-29,Upi,REFUNDED,3,681758.61,681758.61,0.00
2025-06-29,Upi,SUCCESS,10,3859377.69,0.00,3859377.69
2025-06-29,Wallet,PENDING,1,198143.62,0.00,198143.62
2025-06-29,Wallet,REFUNDED,4,830733.63,830733.63,0.00
2025-06-29,Wallet,SUCCESS,6,960221.05,0.00,960221.05
2025-06-30,Credit Card,FAILED,3,555129.23,0.00,555129.23
2025-06-30,Credit Card,REFUNDED,2,714484.01,714484.01,0.00
2025-06-30,Credit Card,SUCCESS,5,940474.42,0.00,940474.42
2025-06-30,Debit Card,PENDING,1,242311.26,0.00,242311.26
2025-06-30,Debit Card,SUCCESS,5,1763863.62,0.00,1763863.62
2025-06-30,Net Banking,FAILED,1,90974.48,0.00,90974.48
2025-06-30,Net Banking,SUCCESS,5,1440788.33,0.00,1440788.33
2025-06-30,Upi,FAILED,2,290070.25,0.00,290070.25
2025-06-30,Upi,REFUNDED,5,1252523.22,1252523.22,0.00
2025-06-30,Upi,SUCCESS,6,1537156.05,0.00,1537156.05
2025-06-30,Wallet,FAILED,2,604604.94,0.00,604604.94
2025-06-30,Wallet,SUCCESS,7,2031643.29,0.00,2031643.29
2025-07-01,Credit Card,FAILED,2,194975.57,0.00,194975.57
2025-07-01,Credit Card,REFUNDED,2,225304.59,225304.59,0.00
2025-07-01,Credit Card,SUCCESS,7,1693486.48,0.00,1693486.48
2025-07-01,Debit Card,FAILED,2,1114807.64,0.00,1114807.64
2025-07-01,Debit Card,SUCCESS,9,2694500.36,0.00,2694500.36
2025-07-01,Net Banking,FAILED,1,162078.76,0.00,162078.76
2025-07-01,Net Banking,REFUNDED,3,860280.65,860280.65,0.00
2025-07-01,Net Banking,SUCCESS,2,318888.88,0.00,318888.88
2025-07-01,Upi,PENDING,1,80678.09,0.00,80678.09
2025-07-01,Upi,REFUNDED,1,468057.28,468057.28,0.00
2025-07-01,Upi,SUCCESS,11,2463235.23,0.00,2463235.23
2025-07-01,Wallet,FAILED,1,70385.20,0.00,70385.20
2025-07-01,Wallet,PENDING,1,128455.96,0.00,128455.96
2025-07-01,Wallet,REFUNDED,3,182472.00,182472.00,0.00
2025-07-01,Wallet,SUCCESS,11,2131918.27,0.00,2131918.27
2025-07-02,Credit Card,FAILED,2,264593.42,0.00,264593.42
2025-07-02,Credit Card,SUCCESS,10,3296015.56,0.00,3296015.56
2025-07-02,Debit Card,PENDING,1,205937.51,0.00,205937.51
2025-07-02,Debit Card,SUCCESS,9,2289602.01,0.00,2289602.01
2025-07-02,Net Banking,FAILED,1,110078.54,0.00,110078.54
2025-07-02,Net Banking,PENDING,1,185548.13,0.00,185548.13
2025-07-02,Net Banking,REFUNDED,1,546420.62,546420.62,0.00
2025-07-02,Net Banking,SUCCESS,9,1974462.71,0.00,1974462.71
2025-07-02,Upi,FAILED,1,268211.91,0.00,268211.91
2025-07-02,Upi,SUCCESS,5,1648184.44,0.00,1648184.44
2025-07-02,Wallet,FAILED,1,193414.30,0.00,193414.30
2025-07-02,Wallet,SUCCESS,10,2236539.91,0.00,2236539.91
2025-07-03,Credit Card,PENDING,2,263021.63,0.00,263021.63
2025-07-03,Credit Card,REFUNDED,3,853405.54,853405.54,0.00
2025-07-03,Credit Card,SUCCESS,4,882610.66,0.00,882610.66
2025-07-03,Debit Card,REFUNDED,2,106715.39,106715.39,0.00
2025-07-03,Debit Card,SUCCESS,9,1889630.61,0.00,1889630.61
2025-07-03,Net Banking,PENDING,1,332079.40,0.00,332079.40
2025-07-03,Net Banking,REFUNDED,3,592239.13,592239.13,0.00
2025-07-03,Net Banking,SUCCESS,7,1993757.71,0.00,1993757.71
2025-07-03,Upi,FAILED,1,337140.96,0.00,337140.96
2025-07-03,Upi,PENDING,1,366667.86,0.00,366667.86
2025-07-03,Upi,REFUNDED,2,977270.20,977270.20,0.00
2025-07-03,Upi,SUCCESS,3,274867.76,0.00,274867.76
2025-07-03,Wallet,FAILED,1,175514.41,0.00,175514.41
2025-07-03,Wallet,SUCCESS,9,1844422.94,0.00,1844422.94
2025-07-04,Credit Card,FAILED,1,50356.58,0.00,50356.58
2025-07-04,Credit Card,REFUNDED,5,785707.51,785707.51,0.00
2025-07-04,Credit Card,SUCCESS,4,1602603.36,0.00,1602603.36
2025-07-04,Debit Card,FAILED,1,9839.00,0.00,9839.00
2025-07-04,Debit Card,REFUNDED,1,298944.99,298944.99,0.00
2025-07-04,Debit Card,SUCCESS,4,867873.92,0.00,867873.92
2025-07-04,Net Banking,FAILED,1,338394.76,0.00,338394.76
2025-07-04,Net Banking,PENDING,1,82435.96,0.00,82435.96
2025-07-04,Net Banking,REFUNDED,2,714250.36,714250.36,0.00
2025-07-04,Net Banking,SUCCESS,11,2626628.32,0.00,2626628.32
2025-07-04,Upi,FAILED,2,206070.70,0.00,206070.70
2025-07-04,Upi,REFUNDED,2,887009.65,887009.65,0.00
2025-07-04,Upi,SUCCESS,8,3472152.31,0.00,3472152.31
2025-07-04,Wallet,REFUNDED,1,288743.55,288743.55,0.00
2025-07-04,Wallet,SUCCESS,6,1662318.18,0.00,1662318.18
2025-07-05,Credit Card,FAILED,2,799223.22,0.00,799223.22
2025-07-05,Credit Card,PENDING,2,29324.05,0.00,29324.05
2025-07-05,Credit Card,REFUNDED,1,315126.41,315126.41,0.00
2025-07-05,Credit Card,SUCCESS,10,1983237.86,0.00,1983237.86
2025-07-05,Debit Card,FAILED,1,511669.77,0.00,511669.77
2025-07-05,Debit Card,SUCCESS,5,1436532.96,0.00,1436532.96
2025-07-05,Net Banking,PENDING,2,75945.31,0.00,75945.31
2025-07-05,Net Banking,REFUNDED,2,144381.07,144381.07,0.00
2025-07-05,Net Banking,SUCCESS,10,2684262.44,0.00,2684262.44
2025-07-05,Upi,REFUNDED,2,268817.02,268817.02,0.00
2025-07-05,Upi,SUCCESS,6,1525518.59,0.00,1525518.59
2025-07-05,Wallet,FAILED,3,853313.17,0.00,853313.17
2025-07-05,Wallet,REFUNDED,3,411283.74,411283.74,0.00
2025-07-05,Wallet,SUCCESS,9,1758502.02,0.00,1758502.02
2025-07-06,Credit Card,FAILED,1,24270.94,0.00,24270.94
2025-07-06,Credit Card,PENDING,1,382897.34,0.00,382897.34
2025-07-06,Credit Card,REFUNDED,2,701888.02,701888.02,0.00
2025-07-06,Credit Card,SUCCESS,11,3335315.67,0.00,3335315.67
2025-07-06,Debit Card,FAILED,1,318737.86,0.00,318737.86
2025-07-06,Debit Card,REFUNDED,5,616335.22,616335.22,0.00
2025-07-06,Debit Card,SUCCESS,8,2030205.53,0.00,2030205.53
2025-07-06,Net Banking,REFUNDED,1,250888.14,250888.14,0.00
2025-07-06,Net Banking,SUCCESS,6,1717611.76,0.00,1717611.76
2025-07-06,Upi,PENDING,1,264794.10,0.00,264794.10
2025-07-06,Upi,REFUNDED,3,759897.12,759897.12,0.00
2025-07-06,Upi,SUCCESS,3,953863.83,0.00,953863.83
2025-07-06,Wallet,FAILED,1,587372.79,0.00,587372.79
2025-07-06,Wallet,REFUNDED,2,44206.46,44206.46,0.00
2025-07-06,Wallet,SUCCESS,9,2568267.23,0.00,2568267.23
2025-07-07,Credit Card,REFUNDED,5,796814.97,796814.97,0.00
2025-07-07,Credit Card,SUCCESS,13,3594791.48,0.00,3594791.48
2025-07-07,Debit Card,FAILED,2,609483.82,0.00,609483.82
2025-07-07,Debit Card,REFUNDED,1,50509.66,50509.66,0.00
2025-07-07,Debit Card,SUCCESS,10,2630696.21,0.00,2630696.21
2025-07-07,Net Banking,FAILED,1,460048.26,0.00,460048.26
2025-07-07,Net Banking,SUCCESS,10,2190290.21,0.00,2190290.21
2025-07-07,Upi,REFUNDED,1,207215.31,207215.31,0.00
2025-07-07,Upi,SUCCESS,3,566741.89,0.00,566741.89
2025-07-07,Wallet,FAILED,1,63877.96,0.00,63877.96
2025-07-07,Wallet,PENDING,1,55485.84,0.00,55485.84
2025-07-07,Wallet,SUCCESS,5,1462347.59,0.00,1462347.59
2025-07-08,Credit Card,FAILED,1,77655.10,0.00,77655.10
2025-07-08,Credit Card,REFUNDED,2,806912.29,806912.29,0.00
2025-07-08,Credit Card,SUCCESS,10,1132770.12,0.00,1132770.12
2025-07-08,Debit Card,FAILED,2,407837.88,0.00,407837.88
2025-07-08,Debit Card,REFUNDED,4,825111.76,825111.76,0.00
2025-07-08,Debit Card,SUCCESS,5,1892541.90,0.00,1892541.90
2025-07-08,Net Banking,FAILED,1,226023.36,0.00,226023.36
2025-07-08,Net Banking,PENDING,1,761048.92,0.00,761048.92
2025-07-08,Net Banking,SUCCESS,8,1796813.71,0.00,1796813.71
2025-07-08,Upi,FAILED,2,453127.07,0.00,453127.07
2025-07-08,Upi,PENDING,2,250184.68,0.00,250184.68
2025-07-08,Upi,REFUNDED,1,593459.02,593459.02,0.00
2025-07-08,Upi,SUCCESS,10,2459221.41,0.00,2459221.41
2025-07-08,Wallet,FAILED,1,355255.45,0.00,355255.45
2025-07-08,Wallet,REFUNDED,1,269485.36,269485.36,0.00
2025-07-08,Wallet,SUCCESS,5,1374569.70,0.00,1374569.70
2025-07-09,Credit Card,FAILED,1,150036.49,0.00,150036.49
2025-07-09,Credit Card,REFUNDED,1,113449.96,113449.96,0.00
2025-07-09,Credit Card,SUCCESS,6,2248366.57,0.00,2248366.57
2025-07-09,Debit Card,FAILED,1,407649.39,0.00,407649.39
2025-07-09,Debit Card,REFUNDED,3,512540.21,512540.21,0.00
2025-07-09,Debit Card,SUCCESS,12,3065761.03,0.00,3065761.03
2025-07-09,Net Banking,FAILED,1,670416.89,0.00,670416.89
2025-07-09,Net Banking,REFUNDED,6,1873920.14,1873920.14,0.00
2025-07-09,Net Banking,SUCCESS,8,2140231.44,0.00,2140231.44
2025-07-09,Upi,REFUNDED,3,767309.24,767309.24,0.00
2025-07-09,Upi,SUCCESS,9,2931457.39,0.00,2931457.39
2025-07-09,Wallet,FAILED,2,991763.26,0.00,991763.26
2025-07-09,Wallet,PENDING,1,304269.37,0.00,304269.37
2025-07-09,Wallet,REFUNDED,2,737374.36,737374.36,0.00
2025-07-09,Wallet,SUCCESS,6,1722548.25,0.00,1722548.25
2025-07-10,Credit Card,REFUNDED,5,959608.45,959608.45,0.00
2025-07-10,Credit Card,SUCCESS,6,1794360.20,0.00,1794360.20
2025-07-10,Debit Card,FAILED,1,141834.40,0.00,141834.40
2025-07-10,Debit Card,REFUNDED,1,112693.90,112693.90,0.00
2025-07-10,Debit Card,SUCCESS,5,2454348.80,0.00,2454348.80
2025-07-10,Net Banking,FAILED,2,264536.01,0.00,264536.01
2025-07-10,Net Banking,PENDING,1,189327.07,0.00,189327.07
2025-07-10,Net Banking,REFUNDED,1,391386.73,391386.73,0.00
2025-07-10,Net Banking,SUCCESS,8,1924257.73,0.00,1924257.73
2025-07-10,Upi,FAILED,1,480248.29,0.00,480248.29
2025-07-10,Upi,REFUNDED,3,702574.68,702574.68,0.00
2025-07-10,Upi,SUCCESS,4,789526.61,0.00,789526.61
2025-07-10,Wallet,FAILED,1,88177.40,0.00,88177.40
2025-07-10,Wallet,REFUNDED,2,554396.80,554396.80,0.00
2025-07-10,Wallet,SUCCESS,10,2555990.84,0.00,2555990.84
2025-07-11,Credit Card,FAILED,2,557049.41,0.00,557049.41
2025-07-11,Credit Card,REFUNDED,2,733964.47,733964.47,0.00
2025-07-11,Credit Card,SUCCESS,7,2461160.26,0.00,2461160.26
2025-07-11,Debit Card,FAILED,1,512132.70,0.00,512132.70
2025-07-11,Debit Card,PENDING,1,280241.25,0.00,280241.25
2025-07-11,Debit Card,REFUNDED,4,1414289.36,1414289.36,0.00
2025-07-11,Debit Card,SUCCESS,11,2397624.68,0.00,2397624.68
2025-07-11,Net Banking,PENDING,1,403150.94,0.00,403150.94
2025-07-11,Net Banking,REFUNDED,1,462740.23,462740.23,0.00
2025-07-11,Net Banking,SUCCESS,6,559090.44,0.00,559090.44
2025-07-11,Upi,SUCCESS,6,1765861.22,0.00,1765861.22
2025-07-11,Wallet,FAILED,2,646092.40,0.00,646092.40
2025-07-11,Wallet,REFUNDED,2,754820.39,754820.39,0.00
2025-07-11,Wallet,SUCCESS,5,1286289.22,0.00,1286289.22
2025-07-12,Credit Card,FAILED,2,448798.14,0.00,448798.14
2025-07-12,Credit Card,REFUNDED,3,1394420.75,1394420.75,0.00
2025-07-12,Credit Card,SUCCESS,5,1814224.36,0.00,1814224.36
2025-07-12,Debit Card,FAILED,1,70427.83,0.00,70427.83
2025-07-12,Debit Card,PENDING,1,294929.95,0.00,294929.95
2025-07-12,Debit Card,SUCCESS,2,867365.09,0.00,867365.09
2025-07-12,Net Banking,FAILED,1,74843.36,0.00,74843.36
2025-07-12,Net Banking,PENDING,2,323432.77,0.00,323432.77
2025-07-12,Net Banking,SUCCESS,2,740362.95,0.00,740362.95
2025-07-12,Upi,PENDING,1,445977.16,0.00,445977.16
2025-07-12,Upi,REFUNDED,4,1024335.45,1024335.45,0.00
2025-07-12,Upi,SUCCESS,4,1576945.64,0.00,1576945.64
2025-07-12,Wallet,FAILED,3,806681.35,0.00,806681.35
2025-07-12,Wallet,REFUNDED,1,321509.58,321509.58,0.00
2025-07-12,Wallet,SUCCESS,3,639717.40,0.00,639717.40
2025-07-13,Credit Card,FAILED,3,1141993.33,0.00,1141993.33
2025-07-13,Credit Card,PENDING,1,355553.15,0.00,355553.15
2025-07-13,Credit Card,SUCCESS,10,2524059.05,0.00,2524059.05
2025-07-13,Debit Card,REFUNDED,2,732144.28,732144.28,0.00
2025-07-13,Debit Card,SUCCESS,8,1866608.74,0.00,1866608.74
2025-07-13,Net Banking,FAILED,3,887847.20,0.00,887847.20
2025-07-13,Net Banking,PENDING,1,39259.46,0.00,39259.46
2025-07-13,Net Banking,REFUNDED,2,122659.98,122659.98,0.00
2025-07-13,Net Banking,SUCCESS,11,2797199.20,0.00,2797199.20
2025-07-13,Upi,FAILED,1,328861.46,0.00,328861.46
2025-07-13,Upi,SUCCESS,5,1284090.99,0.00,1284090.99
2025-07-13,Wallet,PENDING,1,175826.47,0.00,175826.47
2025-07-13,Wallet,REFUNDED,3,808254.04,808254.04,0.00
2025-07-13,Wallet,SUCCESS,12,3090329.96,0.00,3090329.96
2025-07-14,Credit Card,REFUNDED,2,602983.36,602983.36,0.00
2025-07-14,Credit Card,SUCCESS,5,1340984.99,0.00,1340984.99
2025-07-14,Debit Card,FAILED,1,51819.30,0.00,51819.30
2025-07-14,Debit Card,REFUNDED,6,1008211.50,1008211.50,0.00
2025-07-14,Debit Card,SUCCESS,9,2036636.65,0.00,2036636.65
2025-07-14,Net Banking,PENDING,1,40874.45,0.00,40874.45
2025-07-14,Net Banking,REFUNDED,1,259174.08,259174.08,0.00
2025-07-14,Net Banking,SUCCESS,8,2036567.30,0.00,2036567.30
2025-07-14,Upi,FAILED,1,496726.66,0.00,496726.66
2025-07-14,Upi,REFUNDED,4,751361.86,751361.86,0.00
2025-07-14,Upi,SUCCESS,5,1039042.24,0.00,1039042.24
2025-07-14,Wallet,REFUNDED,2,535229.89,535229.89,0.00
2025-07-14,Wallet,SUCCESS,9,3392031.07,0.00,3392031.07
2025-07-15,Credit Card,FAILED,2,997777.01,0.00,997777.01
2025-07-15,Credit Card,PENDING,1,146910.74,0.00,146910.74
2025-07-15,Credit Card,REFUNDED,2,381239.74,381239.74,0.00
2025-07-15,Credit Card,SUCCESS,4,1572301.37,0.00,1572301.37
2025-07-15,Debit Card,FAILED,2,129379.77,0.00,129379.77
2025-07-15,Debit Card,REFUNDED,1,134563.16,134563.16,0.00
2025-07-15,Debit Card,SUCCESS,6,2359935.25,0.00,2359935.25
2025-07-15,Net Banking,FAILED,1,234714.60,0.00,234714.60
2025-07-15,Net Banking,REFUNDED,3,1131516.09,1131516.09,0.00
2025-07-15,Net Banking,SUCCESS,7,2109888.01,0.00,2109888.01
2025-07-15,Upi,FAILED,2,484807.67,0.00,484807.67
2025-07-15,Upi,PENDING,1,378752.08,0.00,378752.08
2025-07-15,Upi,REFUNDED,1,194675.36,194675.36,0.00
2025-07-15,Upi,SUCCESS,6,1830354.80,0.00,1830354.80
2025-07-15,Wallet,FAILED,1,389454.73,0.00,389454.73
2025-07-15,Wallet,PENDING,1,57226.22,0.00,57226.22
2025-07-15,Wallet,REFUNDED,7,1730232.98,1730232.98,0.00
2025-07-15,Wallet,SUCCESS,7,1574659.06,0.00,1574659.06
2025-07-16,Credit Card,FAILED,2,235094.52,0.00,235094.52
2025-07-16,Credit Card,SUCCESS,7,2022977.55,0.00,2022977.55
2025-07-16,Debit Card,REFUNDED,3,565393.26,565393.26,0.00
2025-07-16,Debit Card,SUCCESS,8,1852454.62,0.00,1852454.62
2025-07-16,Net Banking,FAILED,1,258144.27,0.00,258144.27
2025-07-16,Net Banking,SUCCESS,8,1726781.36,0.00,1726781.36
2025-07-16,Upi,FAILED,1,321392.32,0.00,321392.32
2025-07-16,Upi,PENDING,1,560919.99,0.00,560919.99
2025-07-16,Upi,REFUNDED,2,863403.97,863403.97,0.00
2025-07-16,Upi,SUCCESS,12,3979969.14,0.00,3979969.14
2025-07-16,Wallet,FAILED,1,308946.40,0.00,308946.40
2025-07-16,Wallet,PENDING,1,403973.53,0.00,403973.53
2025-07-16,Wallet,REFUNDED,1,145864.07,145864.07,0.00
2025-07-16,Wallet,SUCCESS,8,1608323.71,0.00,1608323.71
2025-07-17,Credit Card,PENDING,1,197487.83,0.00,197487.83
2025-07-17,Credit Card,REFUNDED,1,112194.84,112194.84,0.00
2025-07-17,Credit Card,SUCCESS,9,2983705.27,0.00,2983705.27
2025-07-17,Debit Card,FAILED,2,868409.06,0.00,868409.06
2025-07-17,Debit Card,REFUNDED,1,113894.77,113894.77,0.00
2025-07-17,Debit Card,SUCCESS,8,3055176.54,0.00,3055176.54
2025-07-17,Net Banking,REFUNDED,4,911656.81,911656.81,0.00
2025-07-17,Net Banking,SUCCESS,3,395875.44,0.00,395875.44
2025-07-17,Upi,FAILED,1,473146.09,0.00,473146.09
2025-07-17,Upi,REFUNDED,2,561791.42,561791.42,0.00
2025-07-17,Upi,SUCCESS,7,3182410.74,0.00,3182410.74
2025-07-17,Wallet,PENDING,1,123187.55,0.00,123187.55
2025-07-17,Wallet,REFUNDED,1,206124.85,206124.85,0.00
2025-07-17,Wallet,SUCCESS,5,1851763.56,0.00,1851763.56
2025-07-18,Credit Card,REFUNDED,1,249767.16,249767.16,0.00
2025-07-18,Credit Card,SUCCESS,6,1087129.72,0.00,1087129.72
2025-07-18,Debit Card,FAILED,2,256281.60,0.00,256281.60
2025-07-18,Debit Card,REFUNDED,3,695049.55,695049.55,0.00
2025-07-18,Debit Card,SUCCESS,3,1059439.56,0.00,1059439.56
2025-07-18,Net Banking,FAILED,2,404307.87,0.00,404307.87
2025-07-18,Net Banking,REFUNDED,1,232435.20,232435.20,0.00
2025-07-18,Net Banking,SUCCESS,6,1138956.40,0.00,1138956.40
2025-07-18,Upi,FAILED,1,203562.01,0.00,203562.01
2025-07-18,Upi,REFUNDED,2,204731.68,204731.68,0.00
2025-07-18,Upi,SUCCESS,5,1669134.18,0.00,1669134.18
2025-07-18,Wallet,REFUNDED,1,513435.95,513435.95,0.00
2025-07-18,Wallet,SUCCESS,10,2782691.73,0.00,2782691.73
2025-07-19,Credit Card,FAILED,1,186737.66,0.00,186737.66
2025-07-19,Credit Card,REFUNDED,3,1384938.90,1384938.90,0.00
2025-07-19,Credit Card,SUCCESS,9,2416791.06,0.00,2416791.06
2025-07-19,Debit Card,FAILED,1,272760.66,0.00,272760.66
2025-07-19,Debit Card,REFUNDED,1,623253.18,623253.18,0.00
2025-07-19,Debit Card,SUCCESS,7,1915999.93,0.00,1915999.93
2025-07-19,Net Banking,FAILED,3,941613.65,0.00,941613.65
2025-07-19,Net Banking,REFUNDED,4,898068.11,898068.11,0.00
2025-07-19,Net Banking,SUCCESS,6,593795.32,0.00,593795.32
2025-07-19,Upi,SUCCESS,9,2575498.57,0.00,2575498.57
2025-07-19,Wallet,FAILED,2,154976.83,0.00,154976.83
2025-07-19,Wallet,PENDING,4,898967.77,0.00,898967.77
2025-07-19,Wallet,REFUNDED,1,535049.39,535049.39,0.00
2025-07-19,Wallet,SUCCESS,6,904046.74,0.00,904046.74
2025-07-20,Credit Card,FAILED,2,443954.57,0.00,443954.57
2025-07-20,Credit Card,PENDING,1,657672.85,0.00,657672.85
2025-07-20,Credit Card,REFUNDED,1,140945.09,140945.09,0.00
2025-07-20,Credit Card,SUCCESS,11,2984862.90,0.00,2984862.90
2025-07-20,Debit Card,REFUNDED,1,622232.19,622232.19,0.00
2025-07-20,Debit Card,SUCCESS,7,3010151.76,0.00,3010151.76
2025-07-20,Net Banking,FAILED,1,443445.47,0.00,443445.47
2025-07-20,Net Banking,PENDING,1,275523.90,0.00,275523.90
2025-07-20,Net Banking,REFUNDED,1,356141.90,356141.90,0.00
2025-07-20,Net Banking,SUCCESS,13,2734188.03,0.00,2734188.03
2025-07-20,Upi,FAILED,1,264239.21,0.00,264239.21
2025-07-20,Upi,REFUNDED,3,1326747.73,1326747.73,0.00
2025-07-20,Upi,SUCCESS,4,1370186.31,0.00,1370186.31
2025-07-20,Wallet,REFUNDED,2,761269.68,761269.68,0.00
2025-07-20,Wallet,SUCCESS,11,3086220.78,0.00,3086220.78
2025-07-21,Credit Card,FAILED,1,448008.69,0.00,448008.69
2025-07-21,Credit Card,REFUNDED,3,1119872.95,1119872.95,0.00
2025-07-21,Credit Card,SUCCESS,10,2686689.87,0.00,2686689.87
2025-07-21,Debit Card,FAILED,1,409345.74,0.00,409345.74
2025-07-21,Debit Card,SUCCESS,8,2554529.56,0.00,2554529.56
2025-07-21,Net Banking,FAILED,2,578030.82,0.00,578030.82
2025-07-21,Net Banking,REFUNDED,2,543752.15,543752.15,0.00
2025-07-21,Net Banking,SUCCESS,15,4360162.00,0.00,4360162.00
2025-07-21,Upi,FAILED,1,55342.62,0.00,55342.62
2025-07-21,Upi,SUCCESS,5,1418315.58,0.00,1418315.58
2025-07-21,Wallet,FAILED,2,259144.12,0.00,259144.12
2025-07-21,Wallet,REFUNDED,1,576940.13,576940.13,0.00
2025-07-21,Wallet,SUCCESS,11,2511853.31,0.00,2511853.31
2025-07-22,Credit Card,FAILED,3,713128.52,0.00,713128.52
2025-07-22,Credit Card,REFUNDED,1,59960.20,59960.20,0.00
2025-07-22,Credit Card,SUCCESS,7,1599650.07,0.00,1599650.07
2025-07-22,Debit Card,FAILED,1,242897.35,0.00,242897.35
2025-07-22,Debit Card,REFUNDED,1,492907.98,492907.98,0.00
2025-07-22,Debit Card,SUCCESS,9,2839751.01,0.00,2839751.01
2025-07-22,Net Banking,FAILED,1,337683.59,0.00,337683.59
2025-07-22,Net Banking,SUCCESS,4,1519785.20,0.00,1519785.20
2025-07-22,Upi,SUCCESS,10,2662531.69,0.00,2662531.69
2025-07-22,Wallet,FAILED,1,316396.35,0.00,316396.35
2025-07-22,Wallet,REFUNDED,1,106108.14,106108.14,0.00
2025-07-22,Wallet,SUCCESS,9,2305347.25,0.00,2305347.25
2025-07-23,Credit Card,FAILED,1,185483.65,0.00,185483.65
2025-07-23,Credit Card,REFUNDED,2,640292.22,640292.22,0.00
2025-07-23,Credit Card,SUCCESS,6,1522637.34,0.00,1522637.34
2025-07-23,Debit Card,SUCCESS,9,2050502.46,0.00,2050502.46
2025-07-23,Net Banking,FAILED,1,268633.40,0.00,268633.40
2025-07-23,Net Banking,PENDING,1,258968.59,0.00,258968.59
2025-07-23,Net Banking,SUCCESS,6,745737.73,0.00,745737.73
2025-07-23,Upi,FAILED,2,258153.79,0.00,258153.79
2025-07-23,Upi,REFUNDED,4,509392.45,509392.45,0.00
2025-07-23,Upi,SUCCESS,5,1195158.80,0.00,1195158.80
2025-07-23,Wallet,REFUNDED,3,1252185.98,1252185.98,0.00
2025-07-23,Wallet,SUCCESS,8,2930825.08,0.00,2930825.08
2025-07-24,Credit Card,FAILED,1,365288.06,0.00,365288.06
2025-07-24,Credit Card,REFUNDED,3,1093206.90,1093206.90,0.00
2025-07-24,Credit Card,SUCCESS,9,1417022.37,0.00,1417022.37
2025-07-24,Debit Card,SUCCESS,10,1818694.23,0.00,1818694.23
2025-07-24,Net Banking,FAILED,1,14497.72,0.00,14497.72
2025-07-24,Net Banking,PENDING,1,308863.76,0.00,308863.76
2025-07-24,Net Banking,REFUNDED,3,947586.82,947586.82,0.00
2025-07-24,Net Banking,SUCCESS,11,1746915.88,0.00,1746915.88
2025-07-24,Upi,FAILED,1,3789.82,0.00,3789.82
2025-07-24,Upi,REFUNDED,1,105157.36,105157.36,0.00
2025-07-24,Upi,SUCCESS,8,1718051.64,0.00,1718051.64
2025-07-24,Wallet,FAILED,1,361758.31,0.00,361758.31
2025-07-24,Wallet,SUCCESS,8,2324894.04,0.00,2324894.04
2025-07-25,Credit Card,REFUNDED,1,133719.89,133719.89,0.00
2025-07-25,Credit Card,SUCCESS,12,2812471.54,0.00,2812471.54
2025-07-25,Debit Card,FAILED,2,656164.79,0.00,656164.79
2025-07-25,Debit Card,REFUNDED,2,382938.79,382938.79,0.00
2025-07-25,Debit Card,SUCCESS,5,610788.86,0.00,610788.86
2025-07-25,Net Banking,REFUNDED,2,155989.56,155989.56,0.00
2025-07-25,Net Banking,SUCCESS,4,246867.00,0.00,246867.00
2025-07-25,Upi,REFUNDED,4,847998.86,847998.86,0.00
2025-07-25,Upi,SUCCESS,8,1630469.98,0.00,1630469.98
2025-07-25,Wallet,PENDING,1,26864.16,0.00,26864.16
2025-07-25,Wallet,REFUNDED,2,380169.33,380169.33,0.00
2025-07-25,Wallet,SUCCESS,10,3640386.21,0.00,3640386.21
2025-07-26,Credit Card,PENDING,1,115144.02,0.00,115144.02
2025-07-26,Credit Card,REFUNDED,3,926047.71,926047.71,0.00
2025-07-26,Credit Card,SUCCESS,2,316098.27,0.00,316098.27
2025-07-26,Debit Card,FAILED,1,189680.22,0.00,189680.22
2025-07-26,Debit Card,REFUNDED,3,619783.66,619783.66,0.00
2025-07-26,Debit Card,SUCCESS,4,1157559.49,0.00,1157559.49
2025-07-26,Net Banking,FAILED,3,1084286.15,0.00,1084286.15
2025-07-26,Net Banking,REFUNDED,1,150147.61,150147.61,0.00
2025-07-26,Net Banking,SUCCESS,4,647136.80,0.00,647136.80
2025-07-26,Upi,PENDING,1,278175.22,0.00,278175.22
2025-07-26,Upi,SUCCESS,8,2132636.58,0.00,2132636.58
2025-07-26,Wallet,FAILED,2,221720.96,0.00,221720.96
2025-07-26,Wallet,REFUNDED,1,406520.72,406520.72,0.00
2025-07-26,Wallet,SUCCESS,10,1763822.44,0.00,1763822.44
2025-07-27,Credit Card,PENDING,1,399529.34,0.00,399529.34
2025-07-27,Credit Card,SUCCESS,9,1794294.75,0.00,1794294.75
2025-07-27,Debit Card,SUCCESS,10,2508299.70,0.00,2508299.70
2025-07-27,Net Banking,FAILED,1,170279.59,0.00,170279.59
2025-07-27,Net Banking,PENDING,1,255826.91,0.00,255826.91
2025-07-27,Net Banking,REFUNDED,2,500474.76,500474.76,0.00
2025-07-27,Net Banking,SUCCESS,9,1669717.20,0.00,1669717.20
2025-07-27,Upi,FAILED,3,848701.95,0.00,848701.95
2025-07-27,Upi,REFUNDED,1,23661.03,23661.03,0.00
2025-07-27,Upi,SUCCESS,8,2354734.02,0.00,2354734.02
2025-07-27,Wallet,FAILED,2,1017518.68,0.00,1017518.68
2025-07-27,Wallet,REFUNDED,1,333765.11,333765.11,0.00
2025-07-27,Wallet,SUCCESS,11,4261338.37,0.00,4261338.37
2025-07-28,Credit Card,PENDING,2,379081.52,0.00,379081.52
2025-07-28,Credit Card,REFUNDED,1,219571.16,219571.16,0.00
2025-07-28,Credit Card,SUCCESS,9,2779678.43,0.00,2779678.43
2025-07-28,Debit Card,FAILED,1,92036.61,0.00,92036.61
2025-07-28,Debit Card,REFUNDED,1,143585.95,143585.95,0.00
2025-07-28,Debit Card,SUCCESS,6,1580680.19,0.00,1580680.19
2025-07-28,Net Banking,REFUNDED,2,475557.04,475557.04,0.00
2025-07-28,Net Banking,SUCCESS,7,1988518.04,0.00,1988518.04
2025-07-28,Upi,FAILED,2,390182.64,0.00,390182.64
2025-07-28,Upi,REFUNDED,2,433373.42,433373.42,0.00
2025-07-28,Upi,SUCCESS,6,1100153.51,0.00,1100153.51
2025-07-28,Wallet,FAILED,2,574923.79,0.00,574923.79
2025-07-28,Wallet,PENDING,1,554391.40,0.00,554391.40
2025-07-28,Wallet,REFUNDED,1,64439.03,64439.03,0.00
2025-07-28,Wallet,SUCCESS,7,1144361.12,0.00,1144361.12
2025-07-29,Credit Card,FAILED,2,391597.58,0.00,391597.58
2025-07-29,Credit Card,SUCCESS,7,1368985.15,0.00,1368985.15
2025-07-29,Debit Card,FAILED,2,754737.47,0.00,754737.47
2025-07-29,Debit Card,PENDING,1,149828.60,0.00,149828.60
2025-07-29,Debit Card,REFUNDED,4,782816.00,782816.00,0.00
2025-07-29,Debit Card,SUCCESS,1,180989.10,0.00,180989.10
2025-07-29,Net Banking,REFUNDED,1,295998.43,295998.43,0.00
2025-07-29,Net Banking,SUCCESS,8,2429120.28,0.00,2429120.28
2025-07-29,Upi,FAILED,2,513309.29,0.00,513309.29
2025-07-29,Upi,REFUNDED,1,33645.98,33645.98,0.00
2025-07-29,Upi,SUCCESS,7,1645428.45,0.00,1645428.45
2025-07-29,Wallet,FAILED,4,1094550.77,0.00,1094550.77
2025-07-29,Wallet,PENDING,1,336873.64,0.00,336873.64
2025-07-29,Wallet,REFUNDED,2,407726.55,407726.55,0.00
2025-07-29,Wallet,SUCCESS,7,1443926.88,0.00,1443926.88
2025-07-30,Credit Card,FAILED,4,594613.26,0.00,594613.26
2025-07-30,Credit Card,REFUNDED,1,118479.22,118479.22,0.00
2025-07-30,Credit Card,SUCCESS,7,1599984.38,0.00,1599984.38
2025-07-30,Debit Card,PENDING,1,146544.52,0.00,146544.52
2025-07-30,Debit Card,REFUNDED,3,482776.49,482776.49,0.00
2025-07-30,Debit Card,SUCCESS,10,2189113.11,0.00,2189113.11
2025-07-30,Net Banking,FAILED,1,212751.60,0.00,212751.60
2025-07-30,Net Banking,PENDING,1,16392.69,0.00,16392.69
2025-07-30,Net Banking,REFUNDED,2,1030398.14,1030398.14,0.00
2025-07-30,Net Banking,SUCCESS,7,1627686.96,0.00,1627686.96
2025-07-30,Upi,REFUNDED,5,2159476.28,2159476.28,0.00
2025-07-30,Upi,SUCCESS,8,2110144.75,0.00,2110144.75
2025-07-30,Wallet,FAILED,1,373520.76,0.00,373520.76
2025-07-30,Wallet,REFUNDED,2,489343.68,489343.68,0.00
2025-07-30,Wallet,SUCCESS,7,2043400.43,0.00,2043400.43
2025-07-31,Credit Card,FAILED,2,365356.18,0.00,365356.18
2025-07-31,Credit Card,REFUNDED,1,107352.55,107352.55,0.00
2025-07-31,Credit Card,SUCCESS,8,2226777.56,0.00,2226777.56
2025-07-31,Debit Card,FAILED,2,783978.55,0.00,783978.55
2025-07-31,Debit Card,REFUNDED,4,1542527.16,1542527.16,0.00
2025-07-31,Debit Card,SUCCESS,9,1452521.34,0.00,1452521.34
2025-07-31,Net Banking,PENDING,1,422484.86,0.00,422484.86
2025-07-31,Net Banking,SUCCESS,2,316811.90,0.00,316811.90
2025-07-31,Upi,FAILED,3,278615.52,0.00,278615.52
2025-07-31,Upi,PENDING,1,169378.18,0.00,169378.18
2025-07-31,Upi,SUCCESS,8,2169257.76,0.00,2169257.76
2025-07-31,Wallet,FAILED,1,367387.80,0.00,367387.80
2025-07-31,Wallet,REFUNDED,4,966563.54,966563.54,0.00
2025-07-31,Wallet,SUCCESS,11,3052218.42,0.00,3052218.42
2025-08-01,Credit Card,REFUNDED,2,690264.98,690264.98,0.00
2025-08-01,Credit Card,SUCCESS,5,1710224.45,0.00,1710224.45
2025-08-01,Debit Card,SUCCESS,2,1431650.68,0.00,1431650.68
2025-08-01,Net Banking,SUCCESS,7,2427560.20,0.00,2427560.20
2025-08-01,Upi,FAILED,1,229103.03,0.00,229103.03
2025-08-01,Upi,PENDING,1,115334.11,0.00,115334.11
2025-08-01,Upi,REFUNDED,2,707656.58,707656.58,0.00
2025-08-01,Upi,SUCCESS,10,1667869.28,0.00,1667869.28
2025-08-01,Wallet,FAILED,1,207113.12,0.00,207113.12
2025-08-01,Wallet,REFUNDED,1,171374.18,171374.18,0.00
2025-08-01,Wallet,SUCCESS,10,2348557.98,0.00,2348557.98
2025-08-02,Credit Card,FAILED,2,154455.65,0.00,154455.65
2025-08-02,Credit Card,REFUNDED,2,244352.39,244352.39,0.00
2025-08-02,Credit Card,SUCCESS,10,3285221.95,0.00,3285221.95
2025-08-02,Debit Card,FAILED,1,464633.31,0.00,464633.31
2025-08-02,Debit Card,REFUNDED,3,1369465.18,1369465.18,0.00
2025-08-02,Debit Card,SUCCESS,7,1971772.10,0.00,1971772.10
2025-08-02,Net Banking,PENDING,1,267749.88,0.00,267749.88
2025-08-02,Net Banking,REFUNDED,1,368476.16,368476.16,0.00
2025-08-02,Net Banking,SUCCESS,5,1018255.49,0.00,1018255.49
2025-08-02,Upi,PENDING,1,289591.21,0.00,289591.21
2025-08-02,Upi,REFUNDED,1,559335.42,559335.42,0.00
2025-08-02,Upi,SUCCESS,3,1101610.27,0.00,1101610.27
2025-08-02,Wallet,REFUNDED,4,1414260.90,1414260.90,0.00
2025-08-02,Wallet,SUCCESS,7,957701.91,0.00,957701.91
2025-08-03,Credit Card,SUCCESS,7,1383919.63,0.00,1383919.63
2025-08-03,Debit Card,FAILED,2,521541.91,0.00,521541.91
2025-08-03,Debit Card,REFUNDED,2,380041.30,380041.30,0.00
2025-08-03,Debit Card,SUCCESS,6,2472032.96,0.00,2472032.96
2025-08-03,Net Banking,REFUNDED,2,316754.71,316754.71,0.00
2025-08-03,Net Banking,SUCCESS,9,2245338.48,0.00,2245338.48
2025-08-03,Upi,FAILED,3,665738.32,0.00,665738.32
2025-08-03,Upi,REFUNDED,3,391352.76,391352.76,0.00
2025-08-03,Upi,SUCCESS,9,1688477.15,0.00,1688477.15
2025-08-03,Wallet,FAILED,1,300461.88,0.00,300461.88
2025-08-03,Wallet,PENDING,2,626402.04,0.00,626402.04
2025-08-03,Wallet,REFUNDED,4,1069993.19,1069993.19,0.00
2025-08-03,Wallet,SUCCESS,7,1399531.20,0.00,1399531.20
2025-08-04,Credit Card,PENDING,1,33630.21,0.00,33630.21
2025-08-04,Credit Card,REFUNDED,1,142377.91,142377.91,0.00
2025-08-04,Credit Card,SUCCESS,5,738426.31,0.00,738426.31
2025-08-04,Debit Card,FAILED,1,517149.45,0.00,517149.45
2025-08-04,Debit Card,REFUNDED,3,636096.30,636096.30,0.00
2025-08-04,Debit Card,SUCCESS,5,1442371.26,0.00,1442371.26
2025-08-04,Net Banking,FAILED,3,1370353.15,0.00,1370353.15
2025-08-04,Net Banking,PENDING,1,454916.74,0.00,454916.74
2025-08-04,Net Banking,REFUNDED,2,546132.66,546132.66,0.00
2025-08-04,Net Banking,SUCCESS,7,2381899.14,0.00,2381899.14
2025-08-04,Upi,FAILED,1,155807.75,0.00,155807.75
2025-08-04,Upi,REFUNDED,3,1351404.67,1351404.67,0.00
2025-08-04,Upi,SUCCESS,5,2158963.56,0.00,2158963.56
2025-08-04,Wallet,PENDING,2,332882.62,0.00,332882.62
2025-08-04,Wallet,REFUNDED,3,721776.56,721776.56,0.00
2025-08-04,Wallet,SUCCESS,2,477344.51,0.00,477344.51
2025-08-05,Credit Card,FAILED,1,548063.23,0.00,548063.23
2025-08-05,Credit Card,PENDING,1,576089.38,0.00,576089.38
2025-08-05,Credit Card,SUCCESS,7,2190109.92,0.00,2190109.92
2025-08-05,Debit Card,PENDING,1,25763.88,0.00,25763.88
2025-08-05,Debit Card,REFUNDED,2,533089.76,533089.76,0.00
2025-08-05,Debit Card,SUCCESS,4,1296125.51,0.00,1296125.51
2025-08-05,Net Banking,FAILED,2,176455.44,0.00,176455.44
2025-08-05,Net Banking,PENDING,1,424056.93,0.00,424056.93
2025-08-05,Net Banking,REFUNDED,3,391726.68,391726.68,0.00
2025-08-05,Net Banking,SUCCESS,7,1373313.61,0.00,1373313.61
2025-08-05,Upi,FAILED,2,757418.35,0.00,757418.35
2025-08-05,Upi,REFUNDED,2,680131.02,680131.02,0.00
2025-08-05,Upi,SUCCESS,8,1667002.78,0.00,1667002.78
2025-08-05,Wallet,FAILED,2,126835.57,0.00,126835.57
2025-08-05,Wallet,SUCCESS,8,1328948.30,0.00,1328948.30
2025-08-06,Credit Card,PENDING,1,329859.43,0.00,329859.43
2025-08-06,Credit Card,REFUNDED,1,197442.72,197442.72,0.00
2025-08-06,Credit Card,SUCCESS,7,2253771.71,0.00,2253771.71
2025-08-06,Debit Card,FAILED,1,292640.10,0.00,292640.10
2025-08-06,Debit Card,REFUNDED,2,451994.96,451994.96,0.00
2025-08-06,Debit Card,SUCCESS,11,3085839.76,0.00,3085839.76
2025-08-06,Net Banking,FAILED,1,270003.91,0.00,270003.91
2025-08-06,Net Banking,REFUNDED,4,1957907.45,1957907.45,0.00
2025-08-06,Net Banking,SUCCESS,11,2398490.23,0.00,2398490.23
2025-08-06,Upi,FAILED,1,726295.61,0.00,726295.61
2025-08-06,Upi,REFUNDED,1,453850.17,453850.17,0.00
2025-08-06,Upi,SUCCESS,6,1939774.59,0.00,1939774.59
2025-08-06,Wallet,FAILED,1,185627.51,0.00,185627.51
2025-08-06,Wallet,REFUNDED,1,370320.35,370320.35,0.00
2025-08-06,Wallet,SUCCESS,7,2352233.88,0.00,2352233.88
2025-08-07,Credit Card,FAILED,1,523543.87,0.00,523543.87
2025-08-07,Credit Card,REFUNDED,1,3193.10,3193.10,0.00
2025-08-07,Credit Card,SUCCESS,12,3119025.56,0.00,3119025.56
2025-08-07,Debit Card,FAILED,1,377290.14,0.00,377290.14
2025-08-07,Debit Card,REFUNDED,4,1732141.90,1732141.90,0.00
2025-08-07,Debit Card,SUCCESS,6,1667603.90,0.00,1667603.90
2025-08-07,Net Banking,FAILED,3,730294.44,0.00,730294.44
2025-08-07,Net Banking,REFUNDED,3,1314480.53,1314480.53,0.00
2025-08-07,Net Banking,SUCCESS,6,1188423.83,0.00,1188423.83
2025-08-07,Upi,FAILED,1,54145.75,0.00,54145.75
2025-08-07,Upi,PENDING,1,122210.13,0.00,122210.13
2025-08-07,Upi,REFUNDED,1,421486.27,421486.27,0.00
2025-08-07,Upi,SUCCESS,10,2722521.22,0.00,2722521.22
2025-08-07,Wallet,FAILED,2,439592.97,0.00,439592.97
2025-08-07,Wallet,PENDING,1,339093.22,0.00,339093.22
2025-08-07,Wallet,SUCCESS,7,1334818.41,0.00,1334818.41
2025-08-08,Credit Card,REFUNDED,3,835917.85,835917.85,0.00
2025-08-08,Credit Card,SUCCESS,6,1793224.13,0.00,1793224.13
2025-08-08,Debit Card,FAILED,1,518949.99,0.00,518949.99
2025-08-08,Debit Card,PENDING,1,106120.32,0.00,106120.32
2025-08-08,Debit Card,REFUNDED,2,754980.31,754980.31,0.00
2025-08-08,Debit Card,SUCCESS,15,4291268.81,0.00,4291268.81
2025-08-08,Net Banking,SUCCESS,5,1663553.15,0.00,1663553.15
2025-08-08,Upi,PENDING,1,217527.93,0.00,217527.93
2025-08-08,Upi,REFUNDED,1,648114.84,648114.84,0.00
2025-08-08,Upi,SUCCESS,10,2423926.42,0.00,2423926.42
2025-08-08,Wallet,FAILED,2,505139.47,0.00,505139.47
2025-08-08,Wallet,PENDING,1,40130.18,0.00,40130.18
2025-08-08,Wallet,SUCCESS,4,1116211.12,0.00,1116211.12
2025-08-09,Credit Card,FAILED,1,405134.12,0.00,405134.12
2025-08-09,Credit Card,REFUNDED,1,446759.69,446759.69,0.00
2025-08-09,Credit Card,SUCCESS,10,1881111.72,0.00,1881111.72
2025-08-09,Debit Card,FAILED,4,1632324.18,0.00,1632324.18
2025-08-09,Debit Card,PENDING,1,412658.73,0.00,412658.73
2025-08-09,Debit Card,SUCCESS,5,703539.50,0.00,703539.50
2025-08-09,Net Banking,REFUNDED,1,443137.77,443137.77,0.00
2025-08-09,Net Banking,SUCCESS,10,3296773.52,0.00,3296773.52
2025-08-09,Upi,FAILED,3,750817.26,0.00,750817.26
2025-08-09,Upi,PENDING,1,411691.57,0.00,411691.57
2025-08-09,Upi,REFUNDED,1,698137.46,698137.46,0.00
2025-08-09,Upi,SUCCESS,13,2826268.38,0.00,2826268.38
2025-08-09,Wallet,FAILED,2,550088.76,0.00,550088.76
2025-08-09,Wallet,PENDING,1,269724.79,0.00,269724.79
2025-08-09,Wallet,REFUNDED,1,280635.91,280635.91,0.00
2025-08-09,Wallet,SUCCESS,7,1240621.69,0.00,1240621.69
2025-08-10,Credit Card,FAILED,2,556802.69,0.00,556802.69
2025-08-10,Credit Card,SUCCESS,5,769294.90,0.00,769294.90
2025-08-10,Debit Card,PENDING,1,519917.75,0.00,519917.75
2025-08-10,Debit Card,REFUNDED,1,449428.58,449428.58,0.00
2025-08-10,Debit Card,SUCCESS,9,2060350.12,0.00,2060350.12
2025-08-10,Net Banking,FAILED,1,302540.16,0.00,302540.16
2025-08-10,Net Banking,REFUNDED,1,23661.03,23661.03,0.00
2025-08-10,Net Banking,SUCCESS,4,778549.67,0.00,778549.67
2025-08-10,Upi,FAILED,2,495450.95,0.00,495450.95
2025-08-10,Upi,REFUNDED,2,435393.60,435393.60,0.00
2025-08-10,Upi,SUCCESS,6,2104659.18,0.00,2104659.18
2025-08-10,Wallet,FAILED,2,593965.68,0.00,593965.68
2025-08-10,Wallet,REFUNDED,2,158599.76,158599.76,0.00
2025-08-10,Wallet,SUCCESS,7,2145083.92,0.00,2145083.92
2025-08-11,Credit Card,FAILED,2,762588.07,0.00,762588.07
2025-08-11,Credit Card,REFUNDED,3,644866.38,644866.38,0.00
2025-08-11,Credit Card,SUCCESS,5,1033104.34,0.00,1033104.34
2025-08-11,Debit Card,FAILED,1,365075.24,0.00,365075.24
2025-08-11,Debit Card,REFUNDED,1,285627.86,285627.86,0.00
2025-08-11,Debit Card,SUCCESS,8,2667420.01,0.00,2667420.01
2025-08-11,Net Banking,FAILED,1,350636.40,0.00,350636.40
2025-08-11,Net Banking,PENDING,2,604419.89,0.00,604419.89
2025-08-11,Net Banking,REFUNDED,2,457601.08,457601.08,0.00
2025-08-11,Net Banking,SUCCESS,9,2354538.27,0.00,2354538.27
2025-08-11,Upi,FAILED,1,337011.50,0.00,337011.50
2025-08-11,Upi,REFUNDED,3,599588.42,599588.42,0.00
2025-08-11,Upi,SUCCESS,7,1912109.15,0.00,1912109.15
2025-08-11,Wallet,FAILED,3,592738.98,0.00,592738.98
2025-08-11,Wallet,SUCCESS,8,1949473.75,0.00,1949473.75
2025-08-12,Credit Card,FAILED,1,441291.08,0.00,441291.08
2025-08-12,Credit Card,PENDING,1,164438.88,0.00,164438.88
2025-08-12,Credit Card,SUCCESS,6,2841445.18,0.00,2841445.18
2025-08-12,Debit Card,REFUNDED,2,751464.92,751464.92,0.00
2025-08-12,Debit Card,SUCCESS,8,2258845.69,0.00,2258845.69
2025-08-12,Net Banking,REFUNDED,4,1246630.49,1246630.49,0.00
2025-08-12,Net Banking,SUCCESS,9,3746871.49,0.00,3746871.49
2025-08-12,Upi,FAILED,3,661117.54,0.00,661117.54
2025-08-12,Upi,REFUNDED,1,665029.13,665029.13,0.00
2025-08-12,Upi,SUCCESS,4,1024816.50,0.00,1024816.50
2025-08-12,Wallet,FAILED,2,360047.85,0.00,360047.85
2025-08-12,Wallet,PENDING,1,277749.09,0.00,277749.09
2025-08-12,Wallet,REFUNDED,2,458944.16,458944.16,0.00
2025-08-12,Wallet,SUCCESS,9,2624039.41,0.00,2624039.41
2025-08-13,Credit Card,REFUNDED,1,68526.67,68526.67,0.00
2025-08-13,Credit Card,SUCCESS,8,2281429.61,0.00,2281429.61
2025-08-13,Debit Card,FAILED,2,284532.56,0.00,284532.56
2025-08-13,Debit Card,REFUNDED,1,142545.26,142545.26,0.00
2025-08-13,Debit Card,SUCCESS,8,1026027.18,0.00,1026027.18
2025-08-13,Net Banking,FAILED,2,482511.63,0.00,482511.63
2025-08-13,Net Banking,REFUNDED,1,229983.56,229983.56,0.00
2025-08-13,Net Banking,SUCCESS,14,2959186.38,0.00,2959186.38
2025-08-13,Upi,FAILED,2,611937.32,0.00,611937.32
2025-08-13,Upi,REFUNDED,2,403843.72,403843.72,0.00
2025-08-13,Upi,SUCCESS,7,2231981.55,0.00,2231981.55
2025-08-13,Wallet,FAILED,1,412067.31,0.00,412067.31
2025-08-13,Wallet,REFUNDED,3,840016.93,840016.93,0.00
2025-08-13,Wallet,SUCCESS,7,2105978.14,0.00,2105978.14
2025-08-14,Credit Card,FAILED,1,69817.48,0.00,69817.48
2025-08-14,Credit Card,PENDING,2,607943.84,0.00,607943.84
2025-08-14,Credit Card,REFUNDED,1,323189.90,323189.90,0.00
2025-08-14,Credit Card,SUCCESS,8,2524014.81,0.00,2524014.81
2025-08-14,Debit Card,FAILED,1,26806.53,0.00,26806.53
2025-08-14,Debit Card,REFUNDED,1,201485.10,201485.10,0.00
2025-08-14,Debit Card,SUCCESS,10,2885584.78,0.00,2885584.78
2025-08-14,Net Banking,FAILED,1,101975.24,0.00,101975.24
2025-08-14,Net Banking,REFUNDED,3,397547.16,397547.16,0.00
2025-08-14,Net Banking,SUCCESS,12,2586378.10,0.00,2586378.10
2025-08-14,Upi,FAILED,2,593027.36,0.00,593027.36
2025-08-14,Upi,REFUNDED,2,691606.56,691606.56,0.00
2025-08-14,Upi,SUCCESS,12,3397415.19,0.00,3397415.19
2025-08-14,Wallet,FAILED,1,505459.90,0.00,505459.90
2025-08-14,Wallet,SUCCESS,9,2462637.95,0.00,2462637.95
2025-08-15,Credit Card,FAILED,1,227369.64,0.00,227369.64
2025-08-15,Credit Card,PENDING,2,195424.26,0.00,195424.26
2025-08-15,Credit Card,REFUNDED,2,507252.87,507252.87,0.00
2025-08-15,Credit Card,SUCCESS,13,3996772.01,0.00,3996772.01
2025-08-15,Debit Card,FAILED,2,673513.17,0.00,673513.17
2025-08-15,Debit Card,PENDING,1,62616.25,0.00,62616.25
2025-08-15,Debit Card,REFUNDED,1,332287.47,332287.47,0.00
2025-08-15,Debit Card,SUCCESS,5,1986530.41,0.00,1986530.41
2025-08-15,Net Banking,PENDING,1,294069.61,0.00,294069.61
2025-08-15,Net Banking,REFUNDED,3,719903.23,719903.23,0.00
2025-08-15,Net Banking,SUCCESS,8,1606388.58,0.00,1606388.58
2025-08-15,Upi,FAILED,1,564945.86,0.00,564945.86
2025-08-15,Upi,REFUNDED,4,1480942.86,1480942.86,0.00
2025-08-15,Upi,SUCCESS,2,532271.53,0.00,532271.53
2025-08-15,Wallet,FAILED,1,202092.16,0.00,202092.16
2025-08-15,Wallet,REFUNDED,1,73601.73,73601.73,0.00
2025-08-15,Wallet,SUCCESS,9,1844121.23,0.00,1844121.23
2025-08-16,Credit Card,FAILED,1,387924.79,0.00,387924.79
2025-08-16,Credit Card,REFUNDED,2,267894.07,267894.07,0.00
2025-08-16,Credit Card,SUCCESS,10,1941410.29,0.00,1941410.29
2025-08-16,Debit Card,FAILED,1,257183.91,0.00,257183.91
2025-08-16,Debit Card,REFUNDED,1,188569.70,188569.70,0.00
2025-08-16,Debit Card,SUCCESS,8,2558398.97,0.00,2558398.97
2025-08-16,Net Banking,FAILED,3,555343.91,0.00,555343.91
2025-08-16,Net Banking,PENDING,1,152924.69,0.00,152924.69
2025-08-16,Net Banking,REFUNDED,1,341914.66,341914.66,0.00
2025-08-16,Net Banking,SUCCESS,7,1557656.15,0.00,1557656.15
2025-08-16,Upi,FAILED,1,28475.09,0.00,28475.09
2025-08-16,Upi,REFUNDED,1,444937.24,444937.24,0.00
2025-08-16,Upi,SUCCESS,8,1943614.96,0.00,1943614.96
2025-08-16,Wallet,FAILED,1,84020.04,0.00,84020.04
2025-08-16,Wallet,REFUNDED,1,224219.12,224219.12,0.00
2025-08-16,Wallet,SUCCESS,8,1893030.43,0.00,1893030.43
2025-08-17,Credit Card,FAILED,2,468290.55,0.00,468290.55
2025-08-17,Credit Card,PENDING,1,221295.33,0.00,221295.33
2025-08-17,Credit Card,SUCCESS,13,3490710.60,0.00,3490710.60
2025-08-17,Debit Card,FAILED,2,449718.24,0.00,449718.24
2025-08-17,Debit Card,PENDING,1,407487.65,0.00,407487.65
2025-08-17,Debit Card,REFUNDED,3,825727.76,825727.76,0.00
2025-08-17,Debit Card,SUCCESS,7,2135488.33,0.00,2135488.33
2025-08-17,Net Banking,FAILED,1,335918.78,0.00,335918.78
2025-08-17,Net Banking,SUCCESS,7,1975160.21,0.00,1975160.21
2025-08-17,Upi,FAILED,2,594128.64,0.00,594128.64
2025-08-17,Upi,REFUNDED,2,521990.45,521990.45,0.00
2025-08-17,Upi,SUCCESS,8,2124132.60,0.00,2124132.60
2025-08-17,Wallet,FAILED,1,402221.53,0.00,402221.53
2025-08-17,Wallet,REFUNDED,1,577106.35,577106.35,0.00
2025-08-17,Wallet,SUCCESS,5,1608328.46,0.00,1608328.46
2025-08-18,Credit Card,PENDING,2,366669.71,0.00,366669.71
2025-08-18,Credit Card,REFUNDED,4,1303002.51,1303002.51,0.00
2025-08-18,Credit Card,SUCCESS,11,3573659.31,0.00,3573659.31
2025-08-18,Debit Card,FAILED,1,199969.35,0.00,199969.35
2025-08-18,Debit Card,PENDING,1,276431.39,0.00,276431.39
2025-08-18,Debit Card,REFUNDED,2,681016.88,681016.88,0.00
2025-08-18,Debit Card,SUCCESS,4,767121.69,0.00,767121.69
2025-08-18,Net Banking,REFUNDED,1,634239.37,634239.37,0.00
2025-08-18,Net Banking,SUCCESS,4,928400.17,0.00,928400.17
2025-08-18,Upi,FAILED,1,268613.50,0.00,268613.50
2025-08-18,Upi,PENDING,1,634185.01,0.00,634185.01
2025-08-18,Upi,REFUNDED,4,473911.26,473911.26,0.00
2025-08-18,Upi,SUCCESS,11,3165378.83,0.00,3165378.83
2025-08-18,Wallet,REFUNDED,1,64934.77,64934.77,0.00
2025-08-18,Wallet,SUCCESS,8,2298932.86,0.00,2298932.86
2025-08-19,Credit Card,FAILED,1,215815.46,0.00,215815.46
2025-08-19,Credit Card,REFUNDED,1,167076.11,167076.11,0.00
2025-08-19,Credit Card,SUCCESS,4,1483285.17,0.00,1483285.17
2025-08-19,Debit Card,REFUNDED,3,1072552.02,1072552.02,0.00
2025-08-19,Debit Card,SUCCESS,7,1262915.96,0.00,1262915.96
2025-08-19,Net Banking,REFUNDED,1,665930.13,665930.13,0.00
2025-08-19,Net Banking,SUCCESS,7,1512217.17,0.00,1512217.17
2025-08-19,Upi,FAILED,1,356906.64,0.00,356906.64
2025-08-19,Upi,REFUNDED,2,541589.10,541589.10,0.00
2025-08-19,Upi,SUCCESS,13,2945086.73,0.00,2945086.73
2025-08-19,Wallet,PENDING,1,63640.30,0.00,63640.30
2025-08-19,Wallet,SUCCESS,6,2008749.85,0.00,2008749.85
2025-08-20,Credit Card,FAILED,1,264385.14,0.00,264385.14
2025-08-20,Credit Card,PENDING,2,472338.67,0.00,472338.67
2025-08-20,Credit Card,REFUNDED,3,476677.75,476677.75,0.00
2025-08-20,Credit Card,SUCCESS,6,1907144.91,0.00,1907144.91
2025-08-20,Debit Card,FAILED,1,584135.26,0.00,584135.26
2025-08-20,Debit Card,REFUNDED,4,923921.80,923921.80,0.00
2025-08-20,Debit Card,SUCCESS,11,3099314.26,0.00,3099314.26
2025-08-20,Net Banking,PENDING,1,643795.99,0.00,643795.99
2025-08-20,Net Banking,SUCCESS,3,617926.01,0.00,617926.01
2025-08-20,Upi,FAILED,5,1258637.72,0.00,1258637.72
2025-08-20,Upi,PENDING,1,141040.42,0.00,141040.42
2025-08-20,Upi,REFUNDED,2,422672.98,422672.98,0.00
2025-08-20,Upi,SUCCESS,6,1053595.54,0.00,1053595.54
2025-08-20,Wallet,FAILED,1,201255.45,0.00,201255.45
2025-08-20,Wallet,SUCCESS,11,2820350.23,0.00,2820350.23
2025-08-21,Credit Card,FAILED,1,402100.00,0.00,402100.00
2025-08-21,Credit Card,REFUNDED,1,105783.34,105783.34,0.00
2025-08-21,Credit Card,SUCCESS,6,2079517.94,0.00,2079517.94
2025-08-21,Debit Card,REFUNDED,3,1021112.85,1021112.85,0.00
2025-08-21,Debit Card,SUCCESS,10,2533225.58,0.00,2533225.58
2025-08-21,Net Banking,FAILED,4,742927.97,0.00,742927.97
2025-08-21,Net Banking,PENDING,2,394370.76,0.00,394370.76
2025-08-21,Net Banking,REFUNDED,3,1154358.53,1154358.53,0.00
2025-08-21,Net Banking,SUCCESS,6,1857691.73,0.00,1857691.73
2025-08-21,Upi,FAILED,1,142476.15,0.00,142476.15
2025-08-21,Upi,REFUNDED,1,19593.14,19593.14,0.00
2025-08-21,Upi,SUCCESS,6,1003463.20,0.00,1003463.20
2025-08-21,Wallet,FAILED,3,948649.69,0.00,948649.69
2025-08-21,Wallet,REFUNDED,4,962256.97,962256.97,0.00
2025-08-21,Wallet,SUCCESS,5,1078729.38,0.00,1078729.38
2025-08-22,Credit Card,FAILED,1,399346.41,0.00,399346.41
2025-08-22,Credit Card,PENDING,2,253218.05,0.00,253218.05
2025-08-22,Credit Card,REFUNDED,1,350550.95,350550.95,0.00
2025-08-22,Credit Card,SUCCESS,5,907594.14,0.00,907594.14
2025-08-22,Debit Card,FAILED,2,534588.10,0.00,534588.10
2025-08-22,Debit Card,REFUNDED,3,1169917.54,1169917.54,0.00
2025-08-22,Debit Card,SUCCESS,10,1860330.28,0.00,1860330.28
2025-08-22,Net Banking,FAILED,1,97261.56,0.00,97261.56
2025-08-22,Net Banking,PENDING,2,707202.19,0.00,707202.19
2025-08-22,Net Banking,REFUNDED,2,471557.78,471557.78,0.00
2025-08-22,Net Banking,SUCCESS,11,2766178.94,0.00,2766178.94
2025-08-22,Upi,REFUNDED,2,560817.47,560817.47,0.00
2025-08-22,Upi,SUCCESS,11,2919781.84,0.00,2919781.84
2025-08-22,Wallet,FAILED,3,877173.59,0.00,877173.59
2025-08-22,Wallet,PENDING,1,436582.61,0.00,436582.61
2025-08-22,Wallet,REFUNDED,2,185210.23,185210.23,0.00
2025-08-22,Wallet,SUCCESS,5,1167105.83,0.00,1167105.83
2025-08-23,Credit Card,FAILED,1,226762.30,0.00,226762.30
2025-08-23,Credit Card,PENDING,1,504451.03,0.00,504451.03
2025-08-23,Credit Card,REFUNDED,4,1285093.76,1285093.76,0.00
2025-08-23,Credit Card,SUCCESS,6,1292204.69,0.00,1292204.69
2025-08-23,Debit Card,SUCCESS,9,2510359.65,0.00,2510359.65
2025-08-23,Net Banking,PENDING,1,30413.78,0.00,30413.78
2025-08-23,Net Banking,SUCCESS,11,2503384.42,0.00,2503384.42
2025-08-23,Upi,REFUNDED,1,142026.15,142026.15,0.00
2025-08-23,Upi,SUCCESS,6,774242.27,0.00,774242.27
2025-08-23,Wallet,FAILED,4,1840221.32,0.00,1840221.32
2025-08-23,Wallet,REFUNDED,1,253366.84,253366.84,0.00
2025-08-23,Wallet,SUCCESS,9,2477501.38,0.00,2477501.38
2025-08-24,Credit Card,REFUNDED,1,441707.69,441707.69,0.00
2025-08-24,Credit Card,SUCCESS,9,2100730.99,0.00,2100730.99
2025-08-24,Debit Card,SUCCESS,3,453514.87,0.00,453514.87
2025-08-24,Net Banking,REFUNDED,5,929257.86,929257.86,0.00
2025-08-24,Net Banking,SUCCESS,8,2655435.81,0.00,2655435.81
2025-08-24,Upi,FAILED,1,106245.55,0.00,106245.55
2025-08-24,Upi,PENDING,1,175211.03,0.00,175211.03
2025-08-24,Upi,REFUNDED,5,1527375.81,1527375.81,0.00
2025-08-24,Upi,SUCCESS,8,1173163.05,0.00,1173163.05
2025-08-24,Wallet,FAILED,3,375818.63,0.00,375818.63
2025-08-24,Wallet,REFUNDED,2,47030.03,47030.03,0.00
2025-08-24,Wallet,SUCCESS,8,2025165.56,0.00,2025165.56
2025-08-25,Credit Card,FAILED,1,373255.96,0.00,373255.96
2025-08-25,Credit Card,REFUNDED,3,672398.39,672398.39,0.00
2025-08-25,Credit Card,SUCCESS,4,1449120.97,0.00,1449120.97
2025-08-25,Debit Card,FAILED,1,260135.56,0.00,260135.56
2025-08-25,Debit Card,REFUNDED,5,978481.17,978481.17,0.00
2025-08-25,Debit Card,SUCCESS,9,1804222.08,0.00,1804222.08
2025-08-25,Net Banking,SUCCESS,7,2007093.15,0.00,2007093.15
2025-08-25,Upi,FAILED,2,701507.33,0.00,701507.33
2025-08-25,Upi,SUCCESS,7,913795.58,0.00,913795.58
2025-08-25,Wallet,REFUNDED,1,232208.24,232208.24,0.00
2025-08-25,Wallet,SUCCESS,5,1124033.01,0.00,1124033.01
2025-08-26,Credit Card,FAILED,1,849787.08,0.00,849787.08
2025-08-26,Credit Card,REFUNDED,1,323370.93,323370.93,0.00
2025-08-26,Credit Card,SUCCESS,8,2156943.17,0.00,2156943.17
2025-08-26,Debit Card,FAILED,2,224341.89,0.00,224341.89
2025-08-26,Debit Card,PENDING,1,533923.54,0.00,533923.54
2025-08-26,Debit Card,SUCCESS,11,3496692.99,0.00,3496692.99
2025-08-26,Net Banking,REFUNDED,4,859413.01,859413.01,0.00
2025-08-26,Net Banking,SUCCESS,11,2470504.81,0.00,2470504.81
2025-08-26,Upi,FAILED,1,5933.39,0.00,5933.39
2025-08-26,Upi,REFUNDED,2,564373.29,564373.29,0.00
2025-08-26,Upi,SUCCESS,7,1624735.07,0.00,1624735.07
2025-08-26,Wallet,FAILED,1,411151.80,0.00,411151.80
2025-08-26,Wallet,REFUNDED,4,678136.16,678136.16,0.00
2025-08-26,Wallet,SUCCESS,5,1147736.76,0.00,1147736.76
2025-08-27,Credit Card,SUCCESS,10,2910546.78,0.00,2910546.78
2025-08-27,Debit Card,FAILED,2,86741.96,0.00,86741.96
2025-08-27,Debit Card,REFUNDED,2,345715.53,345715.53,0.00
2025-08-27,Debit Card,SUCCESS,12,2588085.49,0.00,2588085.49
2025-08-27,Net Banking,FAILED,2,878007.43,0.00,878007.43
2025-08-27,Net Banking,PENDING,1,893215.40,0.00,893215.40
2025-08-27,Net Banking,REFUNDED,1,287459.72,287459.72,0.00
2025-08-27,Net Banking,SUCCESS,14,2337676.19,0.00,2337676.19
2025-08-27,Upi,FAILED,2,578891.21,0.00,578891.21
2025-08-27,Upi,PENDING,1,215996.28,0.00,215996.28
2025-08-27,Upi,REFUNDED,2,683658.59,683658.59,0.00
2025-08-27,Upi,SUCCESS,3,764729.26,0.00,764729.26
2025-08-27,Wallet,FAILED,2,976406.95,0.00,976406.95
2025-08-27,Wallet,SUCCESS,8,2813493.94,0.00,2813493.94
2025-08-28,Credit Card,REFUNDED,2,804277.79,804277.79,0.00
2025-08-28,Credit Card,SUCCESS,9,3457497.05,0.00,3457497.05
2025-08-28,Debit Card,FAILED,1,429988.13,0.00,429988.13
2025-08-28,Debit Card,PENDING,1,185205.80,0.00,185205.80
2025-08-28,Debit Card,REFUNDED,1,472578.20,472578.20,0.00
2025-08-28,Debit Card,SUCCESS,5,1939055.24,0.00,1939055.24
2025-08-28,Net Banking,FAILED,7,2316107.27,0.00,2316107.27
2025-08-28,Net Banking,PENDING,1,212667.91,0.00,212667.91
2025-08-28,Net Banking,REFUNDED,2,561948.63,561948.63,0.00
2025-08-28,Net Banking,SUCCESS,8,3146210.93,0.00,3146210.93
2025-08-28,Upi,REFUNDED,1,288010.92,288010.92,0.00
2025-08-28,Upi,SUCCESS,8,2983124.38,0.00,2983124.38
2025-08-28,Wallet,FAILED,2,1008949.11,0.00,1008949.11
2025-08-28,Wallet,REFUNDED,2,536955.99,536955.99,0.00
2025-08-28,Wallet,SUCCESS,4,1160668.67,0.00,1160668.67
2025-08-29,Credit Card,FAILED,2,384400.98,0.00,384400.98
2025-08-29,Credit Card,PENDING,1,67252.40,0.00,67252.40
2025-08-29,Credit Card,REFUNDED,5,678376.20,678376.20,0.00
2025-08-29,Credit Card,SUCCESS,9,2137383.81,0.00,2137383.81
2025-08-29,Debit Card,FAILED,3,689433.68,0.00,689433.68
2025-08-29,Debit Card,PENDING,3,962537.17,0.00,962537.17
2025-08-29,Debit Card,REFUNDED,1,319553.26,319553.26,0.00
2025-08-29,Debit Card,SUCCESS,4,777706.67,0.00,777706.67
2025-08-29,Net Banking,REFUNDED,3,677746.28,677746.28,0.00
2025-08-29,Net Banking,SUCCESS,10,2536373.06,0.00,2536373.06
2025-08-29,Upi,FAILED,1,545288.31,0.00,545288.31
2025-08-29,Upi,REFUNDED,2,586870.74,586870.74,0.00
2025-08-29,Upi,SUCCESS,8,2084959.57,0.00,2084959.57
2025-08-29,Wallet,FAILED,1,89325.41,0.00,89325.41
2025-08-29,Wallet,PENDING,1,152726.40,0.00,152726.40
2025-08-29,Wallet,SUCCESS,7,1556475.68,0.00,1556475.68
2025-08-30,Credit Card,FAILED,2,354303.53,0.00,354303.53
2025-08-30,Credit Card,REFUNDED,1,512288.64,512288.64,0.00
2025-08-30,Credit Card,SUCCESS,6,1280455.79,0.00,1280455.79
2025-08-30,Debit Card,FAILED,1,652420.44,0.00,652420.44
2025-08-30,Debit Card,SUCCESS,7,1176719.28,0.00,1176719.28
2025-08-30,Net Banking,FAILED,1,286177.67,0.00,286177.67
2025-08-30,Net Banking,PENDING,2,693714.17,0.00,693714.17
2025-08-30,Net Banking,REFUNDED,1,218581.67,218581.67,0.00
2025-08-30,Net Banking,SUCCESS,3,640373.22,0.00,640373.22
2025-08-30,Upi,FAILED,1,247132.12,0.00,247132.12
2025-08-30,Upi,SUCCESS,8,1617493.18,0.00,1617493.18
2025-08-30,Wallet,FAILED,2,262636.18,0.00,262636.18
2025-08-30,Wallet,PENDING,1,236563.70,0.00,236563.70
2025-08-30,Wallet,REFUNDED,2,788270.42,788270.42,0.00
2025-08-30,Wallet,SUCCESS,7,2330766.11,0.00,2330766.11
2025-08-31,Credit Card,REFUNDED,1,62884.05,62884.05,0.00
2025-08-31,Credit Card,SUCCESS,4,1696968.94,0.00,1696968.94
2025-08-31,Debit Card,REFUNDED,1,51502.09,51502.09,0.00
2025-08-31,Debit Card,SUCCESS,7,1343906.19,0.00,1343906.19
2025-08-31,Net Banking,FAILED,1,221858.10,0.00,221858.10
2025-08-31,Net Banking,SUCCESS,8,2078221.90,0.00,2078221.90
2025-08-31,Upi,REFUNDED,2,744732.43,744732.43,0.00
2025-08-31,Upi,SUCCESS,5,1409335.21,0.00,1409335.21
2025-08-31,Wallet,FAILED,2,312610.77,0.00,312610.77
2025-08-31,Wallet,SUCCESS,5,1563541.31,0.00,1563541.31
2025-09-01,Credit Card,FAILED,2,342022.25,0.00,342022.25
2025-09-01,Credit Card,REFUNDED,1,131143.70,131143.70,0.00
2025-09-01,Credit Card,SUCCESS,8,1973203.56,0.00,1973203.56
2025-09-01,Debit Card,REFUNDED,1,376669.17,376669.17,0.00
2025-09-01,Debit Card,SUCCESS,10,3707701.71,0.00,3707701.71
2025-09-01,Net Banking,FAILED,1,100346.22,0.00,100346.22
2025-09-01,Net Banking,PENDING,1,398009.83,0.00,398009.83
2025-09-01,Net Banking,SUCCESS,4,1529014.56,0.00,1529014.56
2025-09-01,Upi,REFUNDED,1,548375.04,548375.04,0.00
2025-09-01,Upi,SUCCESS,11,2377039.75,0.00,2377039.75
2025-09-01,Wallet,PENDING,1,23682.57,0.00,23682.57
2025-09-01,Wallet,REFUNDED,1,314852.75,314852.75,0.00
2025-09-01,Wallet,SUCCESS,11,2452204.45,0.00,2452204.45
2025-09-02,Credit Card,FAILED,1,416068.94,0.00,416068.94
2025-09-02,Credit Card,PENDING,1,554910.27,0.00,554910.27
2025-09-02,Credit Card,SUCCESS,7,2166705.14,0.00,2166705.14
2025-09-02,Debit Card,FAILED,2,546361.74,0.00,546361.74
2025-09-02,Debit Card,REFUNDED,4,538992.40,538992.40,0.00
2025-09-02,Debit Card,SUCCESS,14,4266423.54,0.00,4266423.54
2025-09-02,Net Banking,REFUNDED,3,398027.67,398027.67,0.00
2025-09-02,Net Banking,SUCCESS,8,2341168.28,0.00,2341168.28
2025-09-02,Upi,FAILED,1,118443.89,0.00,118443.89
2025-09-02,Upi,REFUNDED,1,355499.70,355499.70,0.00
2025-09-02,Upi,SUCCESS,5,941955.46,0.00,941955.46
2025-09-02,Wallet,PENDING,1,172242.31,0.00,172242.31
2025-09-02,Wallet,REFUNDED,6,1994878.86,1994878.86,0.00
2025-09-02,Wallet,SUCCESS,3,863153.11,0.00,863153.11
2025-09-03,Credit Card,PENDING,2,861811.83,0.00,861811.83
2025-09-03,Credit Card,REFUNDED,1,64423.49,64423.49,0.00
2025-09-03,Credit Card,SUCCESS,7,1878805.82,0.00,1878805.82
2025-09-03,Debit Card,FAILED,2,596063.11,0.00,596063.11
2025-09-03,Debit Card,PENDING,1,292819.83,0.00,292819.83
2025-09-03,Debit Card,SUCCESS,5,966927.15,0.00,966927.15
2025-09-03,Net Banking,PENDING,1,408986.66,0.00,408986.66
2025-09-03,Net Banking,REFUNDED,1,390541.50,390541.50,0.00
2025-09-03,Net Banking,SUCCESS,9,2081854.95,0.00,2081854.95
2025-09-03,Upi,FAILED,1,179645.40,0.00,179645.40
2025-09-03,Upi,REFUNDED,3,722930.64,722930.64,0.00
2025-09-03,Upi,SUCCESS,5,1133334.19,0.00,1133334.19
2025-09-03,Wallet,FAILED,1,469221.42,0.00,469221.42
2025-09-03,Wallet,PENDING,1,324016.57,0.00,324016.57
2025-09-03,Wallet,REFUNDED,2,603450.96,603450.96,0.00
2025-09-03,Wallet,SUCCESS,7,1333425.14,0.00,1333425.14
2025-09-04,Credit Card,FAILED,1,273474.66,0.00,273474.66
2025-09-04,Credit Card,PENDING,1,271025.14,0.00,271025.14
2025-09-04,Credit Card,REFUNDED,4,1008551.22,1008551.22,0.00
2025-09-04,Credit Card,SUCCESS,13,3405459.04,0.00,3405459.04
2025-09-04,Debit Card,FAILED,2,858999.62,0.00,858999.62
2025-09-04,Debit Card,PENDING,1,200912.51,0.00,200912.51
2025-09-04,Debit Card,REFUNDED,3,346677.74,346677.74,0.00
2025-09-04,Debit Card,SUCCESS,5,1065123.11,0.00,1065123.11
2025-09-04,Net Banking,REFUNDED,2,988503.13,988503.13,0.00
2025-09-04,Net Banking,SUCCESS,3,884157.70,0.00,884157.70
2025-09-04,Upi,FAILED,1,295648.11,0.00,295648.11
2025-09-04,Upi,PENDING,1,54384.28,0.00,54384.28
2025-09-04,Upi,REFUNDED,1,52021.10,52021.10,0.00
2025-09-04,Upi,SUCCESS,8,2242572.70,0.00,2242572.70
2025-09-04,Wallet,REFUNDED,1,306640.27,306640.27,0.00
2025-09-04,Wallet,SUCCESS,1,390667.18,0.00,390667.18
2025-09-05,Credit Card,FAILED,1,391477.88,0.00,391477.88
2025-09-05,Credit Card,REFUNDED,1,148037.01,148037.01,0.00
2025-09-05,Credit Card,SUCCESS,4,1430363.91,0.00,1430363.91
2025-09-05,Debit Card,FAILED,6,1647477.80,0.00,1647477.80
2025-09-05,Debit Card,SUCCESS,14,3014820.05,0.00,3014820.05
2025-09-05,Net Banking,FAILED,2,1351023.04,0.00,1351023.04
2025-09-05,Net Banking,PENDING,1,315034.53,0.00,315034.53
2025-09-05,Net Banking,REFUNDED,1,570310.50,570310.50,0.00
2025-09-05,Net Banking,SUCCESS,5,514213.94,0.00,514213.94
2025-09-05,Upi,FAILED,3,422830.93,0.00,422830.93
2025-09-05,Upi,PENDING,1,67419.52,0.00,67419.52
2025-09-05,Upi,REFUNDED,2,155207.95,155207.95,0.00
2025-09-05,Upi,SUCCESS,11,2906319.81,0.00,2906319.81
2025-09-05,Wallet,FAILED,2,706057.51,0.00,706057.51
2025-09-05,Wallet,PENDING,1,285341.02,0.00,285341.02
2025-09-05,Wallet,REFUNDED,1,174458.35,174458.35,0.00
2025-09-05,Wallet,SUCCESS,5,1140770.54,0.00,1140770.54
2025-09-06,Credit Card,FAILED,1,239572.40,0.00,239572.40
2025-09-06,Credit Card,REFUNDED,4,1233404.30,1233404.30,0.00
2025-09-06,Credit Card,SUCCESS,7,1370910.80,0.00,1370910.80
2025-09-06,Debit Card,REFUNDED,2,435730.15,435730.15,0.00
2025-09-06,Debit Card,SUCCESS,8,2381460.19,0.00,2381460.19
2025-09-06,Net Banking,REFUNDED,4,410698.66,410698.66,0.00
2025-09-06,Net Banking,SUCCESS,4,991511.07,0.00,991511.07
2025-09-06,Upi,FAILED,1,319610.11,0.00,319610.11
2025-09-06,Upi,REFUNDED,1,13444.72,13444.72,0.00
2025-09-06,Upi,SUCCESS,7,2310749.86,0.00,2310749.86
2025-09-06,Wallet,REFUNDED,3,1492808.12,1492808.12,0.00
2025-09-06,Wallet,SUCCESS,4,313992.77,0.00,313992.77
2025-09-07,Credit Card,FAILED,1,218767.39,0.00,218767.39
2025-09-07,Credit Card,REFUNDED,2,233802.81,233802.81,0.00
2025-09-07,Credit Card,SUCCESS,8,2574996.51,0.00,2574996.51
2025-09-07,Debit Card,FAILED,4,817156.75,0.00,817156.75
2025-09-07,Debit Card,PENDING,1,37464.01,0.00,37464.01
2025-09-07,Debit Card,REFUNDED,5,1124113.17,1124113.17,0.00
2025-09-07,Debit Card,SUCCESS,10,1989811.00,0.00,1989811.00
2025-09-07,Net Banking,FAILED,2,254801.50,0.00,254801.50
2025-09-07,Net Banking,REFUNDED,4,951395.32,951395.32,0.00
2025-09-07,Net Banking,SUCCESS,7,1724009.98,0.00,1724009.98
2025-09-07,Upi,REFUNDED,1,205156.11,205156.11,0.00
2025-09-07,Upi,SUCCESS,1,417978.23,0.00,417978.23
2025-09-07,Wallet,PENDING,3,459026.72,0.00,459026.72
2025-09-07,Wallet,REFUNDED,2,482276.73,482276.73,0.00
2025-09-07,Wallet,SUCCESS,11,2849275.13,0.00,2849275.13
2025-09-08,Credit Card,REFUNDED,2,682920.16,682920.16,0.00
2025-09-08,Credit Card,SUCCESS,13,3702479.19,0.00,3702479.19
2025-09-08,Debit Card,PENDING,1,310166.55,0.00,310166.55
2025-09-08,Debit Card,REFUNDED,1,276164.17,276164.17,0.00
2025-09-08,Debit Card,SUCCESS,6,1587149.22,0.00,1587149.22
2025-09-08,Net Banking,PENDING,1,636797.44,0.00,636797.44
2025-09-08,Net Banking,REFUNDED,2,304984.34,304984.34,0.00
2025-09-08,Net Banking,SUCCESS,8,3070612.38,0.00,3070612.38
2025-09-08,Upi,FAILED,2,596421.08,0.00,596421.08
2025-09-08,Upi,PENDING,2,934433.24,0.00,934433.24
2025-09-08,Upi,REFUNDED,1,55741.51,55741.51,0.00
2025-09-08,Upi,SUCCESS,11,3757040.85,0.00,3757040.85
2025-09-08,Wallet,FAILED,1,224789.50,0.00,224789.50
2025-09-08,Wallet,PENDING,1,503914.28,0.00,503914.28
2025-09-08,Wallet,REFUNDED,3,1322531.12,1322531.12,0.00
2025-09-08,Wallet,SUCCESS,13,2682294.68,0.00,2682294.68
2025-09-09,Credit Card,FAILED,2,549429.05,0.00,549429.05
2025-09-09,Credit Card,SUCCESS,16,4331732.30,0.00,4331732.30
2025-09-09,Debit Card,FAILED,1,173823.78,0.00,173823.78
2025-09-09,Debit Card,PENDING,2,406047.14,0.00,406047.14
2025-09-09,Debit Card,REFUNDED,2,639637.09,639637.09,0.00
2025-09-09,Debit Card,SUCCESS,3,921243.04,0.00,921243.04
2025-09-09,Net Banking,FAILED,1,24341.36,0.00,24341.36
2025-09-09,Net Banking,PENDING,1,23141.31,0.00,23141.31
2025-09-09,Net Banking,REFUNDED,1,36061.28,36061.28,0.00
2025-09-09,Net Banking,SUCCESS,5,2018365.18,0.00,2018365.18
2025-09-09,Upi,FAILED,2,559853.08,0.00,559853.08
2025-09-09,Upi,REFUNDED,1,452607.14,452607.14,0.00
2025-09-09,Upi,SUCCESS,2,623871.65,0.00,623871.65
2025-09-09,Wallet,REFUNDED,2,358037.94,358037.94,0.00
2025-09-09,Wallet,SUCCESS,7,1559514.32,0.00,1559514.32
2025-09-10,Credit Card,FAILED,4,898957.21,0.00,898957.21
2025-09-10,Credit Card,PENDING,1,70259.70,0.00,70259.70
2025-09-10,Credit Card,REFUNDED,2,494857.20,494857.20,0.00
2025-09-10,Credit Card,SUCCESS,8,1439232.65,0.00,1439232.65
2025-09-10,Debit Card,FAILED,2,336329.86,0.00,336329.86
2025-09-10,Debit Card,SUCCESS,10,2603257.60,0.00,2603257.60
2025-09-10,Net Banking,FAILED,1,421346.12,0.00,421346.12
2025-09-10,Net Banking,REFUNDED,2,317673.57,317673.57,0.00
2025-09-10,Net Banking,SUCCESS,8,2505775.24,0.00,2505775.24
2025-09-10,Upi,FAILED,1,115033.24,0.00,115033.24
2025-09-10,Upi,REFUNDED,5,1067206.37,1067206.37,0.00
2025-09-10,Upi,SUCCESS,13,4117546.48,0.00,4117546.48
2025-09-10,Wallet,FAILED,2,266981.83,0.00,266981.83
2025-09-10,Wallet,REFUNDED,2,647991.79,647991.79,0.00
2025-09-10,Wallet,SUCCESS,8,2359952.39,0.00,2359952.39
2025-09-11,Credit Card,FAILED,2,867931.94,0.00,867931.94
2025-09-11,Credit Card,REFUNDED,3,1328945.42,1328945.42,0.00
2025-09-11,Credit Card,SUCCESS,9,2889963.00,0.00,2889963.00
2025-09-11,Debit Card,FAILED,1,329228.46,0.00,329228.46
2025-09-11,Debit Card,REFUNDED,2,1011872.10,1011872.10,0.00
2025-09-11,Debit Card,SUCCESS,5,1034574.55,0.00,1034574.55
2025-09-11,Net Banking,REFUNDED,3,321265.15,321265.15,0.00
2025-09-11,Net Banking,SUCCESS,7,2037975.56,0.00,2037975.56
2025-09-11,Upi,PENDING,1,21370.10,0.00,21370.10
2025-09-11,Upi,SUCCESS,11,1902738.86,0.00,1902738.86
2025-09-11,Wallet,FAILED,1,285010.54,0.00,285010.54
2025-09-11,Wallet,REFUNDED,2,340730.99,340730.99,0.00
2025-09-11,Wallet,SUCCESS,9,2328912.00,0.00,2328912.00
2025-09-12,Credit Card,PENDING,1,41260.75,0.00,41260.75
2025-09-12,Credit Card,REFUNDED,2,440784.83,440784.83,0.00
2025-09-12,Credit Card,SUCCESS,6,1754241.56,0.00,1754241.56
2025-09-12,Debit Card,FAILED,2,946921.81,0.00,946921.81
2025-09-12,Debit Card,SUCCESS,10,2253391.22,0.00,2253391.22
2025-09-12,Net Banking,FAILED,1,610499.71,0.00,610499.71
2025-09-12,Net Banking,PENDING,1,255487.98,0.00,255487.98
2025-09-12,Net Banking,SUCCESS,5,1280240.28,0.00,1280240.28
2025-09-12,Upi,FAILED,2,105224.03,0.00,105224.03
2025-09-12,Upi,REFUNDED,4,950555.70,950555.70,0.00
2025-09-12,Upi,SUCCESS,12,4185420.55,0.00,4185420.55
2025-09-12,Wallet,FAILED,1,199849.44,0.00,199849.44
2025-09-12,Wallet,REFUNDED,1,431810.57,431810.57,0.00
2025-09-12,Wallet,SUCCESS,6,1697584.39,0.00,1697584.39
2025-09-13,Credit Card,FAILED,1,507154.58,0.00,507154.58
2025-09-13,Credit Card,PENDING,1,521625.02,0.00,521625.02
2025-09-13,Credit Card,SUCCESS,10,3240083.35,0.00,3240083.35
2025-09-13,Debit Card,REFUNDED,2,141131.57,141131.57,0.00
2025-09-13,Debit Card,SUCCESS,5,1376116.87,0.00,1376116.87
2025-09-13,Net Banking,FAILED,1,47560.59,0.00,47560.59
2025-09-13,Net Banking,SUCCESS,8,2967109.74,0.00,2967109.74
2025-09-13,Upi,FAILED,2,511651.33,0.00,511651.33
2025-09-13,Upi,REFUNDED,1,151081.84,151081.84,0.00
2025-09-13,Upi,SUCCESS,10,3070877.09,0.00,3070877.09
2025-09-13,Wallet,FAILED,2,164782.80,0.00,164782.80
2025-09-13,Wallet,SUCCESS,9,2428062.60,0.00,2428062.60
2025-09-14,Credit Card,SUCCESS,6,901589.02,0.00,901589.02
2025-09-14,Debit Card,PENDING,1,68582.50,0.00,68582.50
2025-09-14,Debit Card,SUCCESS,6,1432271.98,0.00,1432271.98
2025-09-14,Net Banking,FAILED,1,104937.91,0.00,104937.91
2025-09-14,Net Banking,PENDING,3,857812.71,0.00,857812.71
2025-09-14,Net Banking,REFUNDED,1,270454.61,270454.61,0.00
2025-09-14,Net Banking,SUCCESS,11,2357433.25,0.00,2357433.25
2025-09-14,Upi,FAILED,1,216740.84,0.00,216740.84
2025-09-14,Upi,REFUNDED,1,132720.96,132720.96,0.00
2025-09-14,Upi,SUCCESS,3,990681.61,0.00,990681.61
2025-09-14,Wallet,FAILED,1,161062.86,0.00,161062.86
2025-09-14,Wallet,SUCCESS,1,288080.90,0.00,288080.90
2025-09-15,Credit Card,PENDING,1,224797.20,0.00,224797.20
2025-09-15,Credit Card,REFUNDED,3,1132431.54,1132431.54,0.00
2025-09-15,Credit Card,SUCCESS,5,1268224.92,0.00,1268224.92
2025-09-15,Debit Card,FAILED,1,41749.17,0.00,41749.17
2025-09-15,Debit Card,REFUNDED,2,630823.07,630823.07,0.00
2025-09-15,Debit Card,SUCCESS,7,1598038.70,0.00,1598038.70
2025-09-15,Net Banking,PENDING,1,323752.84,0.00,323752.84
2025-09-15,Net Banking,REFUNDED,2,126966.23,126966.23,0.00
2025-09-15,Net Banking,SUCCESS,6,2199304.77,0.00,2199304.77
2025-09-15,Upi,FAILED,1,245940.55,0.00,245940.55
2025-09-15,Upi,REFUNDED,1,99375.78,99375.78,0.00
2025-09-15,Upi,SUCCESS,6,1804328.31,0.00,1804328.31
2025-09-15,Wallet,FAILED,2,412146.97,0.00,412146.97
2025-09-15,Wallet,REFUNDED,1,512966.79,512966.79,0.00
2025-09-15,Wallet,SUCCESS,9,1076404.54,0.00,1076404.54
2025-09-16,Credit Card,FAILED,1,410201.44,0.00,410201.44
2025-09-16,Credit Card,PENDING,1,137340.66,0.00,137340.66
2025-09-16,Credit Card,REFUNDED,2,545566.32,545566.32,0.00
2025-09-16,Credit Card,SUCCESS,7,2467442.99,0.00,2467442.99
2025-09-16,Debit Card,FAILED,1,12760.48,0.00,12760.48
2025-09-16,Debit Card,REFUNDED,2,181931.08,181931.08,0.00
2025-09-16,Debit Card,SUCCESS,9,1862480.41,0.00,1862480.41
2025-09-16,Net Banking,FAILED,2,431828.61,0.00,431828.61
2025-09-16,Net Banking,REFUNDED,1,46259.82,46259.82,0.00
2025-09-16,Net Banking,SUCCESS,2,471566.04,0.00,471566.04
2025-09-16,Upi,FAILED,1,324124.37,0.00,324124.37
2025-09-16,Upi,SUCCESS,8,3182538.41,0.00,3182538.41
2025-09-16,Wallet,REFUNDED,3,896320.36,896320.36,0.00
2025-09-16,Wallet,SUCCESS,5,1381630.73,0.00,1381630.73
2025-09-17,Credit Card,FAILED,1,19062.88,0.00,19062.88
2025-09-17,Credit Card,REFUNDED,1,26585.54,26585.54,0.00
2025-09-17,Credit Card,SUCCESS,11,2985301.80,0.00,2985301.80
2025-09-17,Debit Card,FAILED,1,388796.34,0.00,388796.34
2025-09-17,Debit Card,PENDING,2,424906.81,0.00,424906.81
2025-09-17,Debit Card,REFUNDED,2,353022.60,353022.60,0.00
2025-09-17,Debit Card,SUCCESS,13,3000410.99,0.00,3000410.99
2025-09-17,Net Banking,FAILED,2,457227.43,0.00,457227.43
2025-09-17,Net Banking,SUCCESS,4,1120668.66,0.00,1120668.66
2025-09-17,Upi,FAILED,3,898818.96,0.00,898818.96
2025-09-17,Upi,REFUNDED,2,744655.60,744655.60,0.00
2025-09-17,Upi,SUCCESS,8,2310548.94,0.00,2310548.94
2025-09-17,Wallet,FAILED,2,666430.32,0.00,666430.32
2025-09-17,Wallet,REFUNDED,2,671085.62,671085.62,0.00
2025-09-17,Wallet,SUCCESS,9,1998324.00,0.00,1998324.00
2025-09-18,Credit Card,FAILED,1,110267.73,0.00,110267.73
2025-09-18,Credit Card,PENDING,1,289939.70,0.00,289939.70
2025-09-18,Credit Card,REFUNDED,5,1178115.48,1178115.48,0.00
2025-09-18,Credit Card,SUCCESS,5,2418039.25,0.00,2418039.25
2025-09-18,Debit Card,FAILED,1,46698.52,0.00,46698.52
2025-09-18,Debit Card,REFUNDED,3,445221.40,445221.40,0.00
2025-09-18,Debit Card,SUCCESS,7,1810164.06,0.00,1810164.06
2025-09-18,Net Banking,FAILED,1,136365.34,0.00,136365.34
2025-09-18,Net Banking,REFUNDED,1,236738.27,236738.27,0.00
2025-09-18,Net Banking,SUCCESS,5,1200050.50,0.00,1200050.50
2025-09-18,Upi,FAILED,2,881354.17,0.00,881354.17
2025-09-18,Upi,REFUNDED,2,385983.78,385983.78,0.00
2025-09-18,Upi,SUCCESS,4,1357218.45,0.00,1357218.45
2025-09-18,Wallet,FAILED,1,309593.61,0.00,309593.61
2025-09-18,Wallet,REFUNDED,4,980663.76,980663.76,0.00
2025-09-18,Wallet,SUCCESS,9,2213739.00,0.00,2213739.00
2025-09-19,Credit Card,FAILED,1,413989.70,0.00,413989.70
2025-09-19,Credit Card,REFUNDED,2,292670.65,292670.65,0.00
2025-09-19,Credit Card,SUCCESS,8,1752725.63,0.00,1752725.63
2025-09-19,Debit Card,FAILED,2,585132.54,0.00,585132.54
2025-09-19,Debit Card,PENDING,1,246846.85,0.00,246846.85
2025-09-19,Debit Card,REFUNDED,1,99230.27,99230.27,0.00
2025-09-19,Debit Card,SUCCESS,6,1029506.54,0.00,1029506.54
2025-09-19,Net Banking,FAILED,1,597138.95,0.00,597138.95
2025-09-19,Net Banking,REFUNDED,3,1137911.51,1137911.51,0.00
2025-09-19,Net Banking,SUCCESS,4,1055835.67,0.00,1055835.67
2025-09-19,Upi,FAILED,1,164556.70,0.00,164556.70
2025-09-19,Upi,REFUNDED,1,240929.44,240929.44,0.00
2025-09-19,Upi,SUCCESS,7,1459491.28,0.00,1459491.28
2025-09-19,Wallet,REFUNDED,3,212944.29,212944.29,0.00
2025-09-19,Wallet,SUCCESS,8,1987438.44,0.00,1987438.44
2025-09-20,Credit Card,PENDING,1,200483.98,0.00,200483.98
2025-09-20,Credit Card,SUCCESS,10,3158221.28,0.00,3158221.28
2025-09-20,Debit Card,FAILED,1,22501.83,0.00,22501.83
2025-09-20,Debit Card,PENDING,1,41439.78,0.00,41439.78
2025-09-20,Debit Card,REFUNDED,1,56299.75,56299.75,0.00
2025-09-20,Debit Card,SUCCESS,6,1898134.32,0.00,1898134.32
2025-09-20,Net Banking,FAILED,3,1100935.91,0.00,1100935.91
2025-09-20,Net Banking,PENDING,1,188029.91,0.00,188029.91
2025-09-20,Net Banking,REFUNDED,3,978264.95,978264.95,0.00
2025-09-20,Net Banking,SUCCESS,4,779042.79,0.00,779042.79
2025-09-20,Upi,FAILED,3,815903.56,0.00,815903.56
2025-09-20,Upi,REFUNDED,2,519903.88,519903.88,0.00
2025-09-20,Upi,SUCCESS,17,4500048.36,0.00,4500048.36
2025-09-20,Wallet,FAILED,2,265956.13,0.00,265956.13
2025-09-20,Wallet,REFUNDED,1,55556.18,55556.18,0.00
2025-09-20,Wallet,SUCCESS,6,3306170.64,0.00,3306170.64
2025-09-21,Credit Card,FAILED,1,474861.37,0.00,474861.37
2025-09-21,Credit Card,PENDING,2,926195.18,0.00,926195.18
2025-09-21,Credit Card,REFUNDED,2,581247.34,581247.34,0.00
2025-09-21,Credit Card,SUCCESS,9,1909296.36,0.00,1909296.36
2025-09-21,Debit Card,FAILED,2,625633.61,0.00,625633.61
2025-09-21,Debit Card,PENDING,1,289231.23,0.00,289231.23
2025-09-21,Debit Card,REFUNDED,1,445680.55,445680.55,0.00
2025-09-21,Debit Card,SUCCESS,10,2208427.46,0.00,2208427.46
2025-09-21,Net Banking,PENDING,1,336853.05,0.00,336853.05
2025-09-21,Net Banking,SUCCESS,12,3527142.91,0.00,3527142.91
2025-09-21,Upi,FAILED,1,174933.01,0.00,174933.01
2025-09-21,Upi,PENDING,1,120952.38,0.00,120952.38
2025-09-21,Upi,REFUNDED,2,651183.57,651183.57,0.00
2025-09-21,Upi,SUCCESS,9,2210687.37,0.00,2210687.37
2025-09-21,Wallet,FAILED,2,527543.72,0.00,527543.72
2025-09-21,Wallet,SUCCESS,4,1179795.45,0.00,1179795.45
2025-09-22,Credit Card,FAILED,1,115652.27,0.00,115652.27
2025-09-22,Credit Card,REFUNDED,3,580362.36,580362.36,0.00
2025-09-22,Credit Card,SUCCESS,5,1572544.92,0.00,1572544.92
2025-09-22,Debit Card,FAILED,3,658478.90,0.00,658478.90
2025-09-22,Debit Card,REFUNDED,1,122289.07,122289.07,0.00
2025-09-22,Debit Card,SUCCESS,9,2563219.46,0.00,2563219.46
2025-09-22,Net Banking,FAILED,1,59367.15,0.00,59367.15
2025-09-22,Net Banking,REFUNDED,1,411626.34,411626.34,0.00
2025-09-22,Net Banking,SUCCESS,8,2686559.41,0.00,2686559.41
2025-09-22,Upi,PENDING,1,400856.16,0.00,400856.16
2025-09-22,Upi,REFUNDED,3,807414.76,807414.76,0.00
2025-09-22,Upi,SUCCESS,6,1544229.65,0.00,1544229.65
2025-09-22,Wallet,FAILED,2,613362.80,0.00,613362.80
2025-09-22,Wallet,SUCCESS,9,2866250.74,0.00,2866250.74
2025-09-23,Credit Card,SUCCESS,5,1774776.58,0.00,1774776.58
2025-09-23,Debit Card,FAILED,1,307344.31,0.00,307344.31
2025-09-23,Debit Card,REFUNDED,3,659017.51,659017.51,0.00
2025-09-23,Debit Card,SUCCESS,7,2155586.31,0.00,2155586.31
2025-09-23,Net Banking,FAILED,2,432806.74,0.00,432806.74
2025-09-23,Net Banking,REFUNDED,1,441232.61,441232.61,0.00
2025-09-23,Net Banking,SUCCESS,11,2722396.24,0.00,2722396.24
2025-09-23,Upi,PENDING,2,423549.83,0.00,423549.83
2025-09-23,Upi,REFUNDED,2,616549.17,616549.17,0.00
2025-09-23,Upi,SUCCESS,8,2854963.39,0.00,2854963.39
2025-09-23,Wallet,REFUNDED,1,184073.22,184073.22,0.00
2025-09-23,Wallet,SUCCESS,8,1678944.30,0.00,1678944.30
2025-09-24,Credit Card,FAILED,2,875132.03,0.00,875132.03
2025-09-24,Credit Card,PENDING,1,45751.86,0.00,45751.86
2025-09-24,Credit Card,SUCCESS,9,1883756.65,0.00,1883756.65
2025-09-24,Debit Card,FAILED,1,209668.64,0.00,209668.64
2025-09-24,Debit Card,REFUNDED,2,391746.51,391746.51,0.00
2025-09-24,Debit Card,SUCCESS,9,2146139.18,0.00,2146139.18
2025-09-24,Net Banking,FAILED,1,161196.37,0.00,161196.37
2025-09-24,Net Banking,REFUNDED,2,451592.49,451592.49,0.00
2025-09-24,Net Banking,SUCCESS,7,2056807.98,0.00,2056807.98
2025-09-24,Upi,FAILED,3,770587.92,0.00,770587.92
2025-09-24,Upi,REFUNDED,2,647028.50,647028.50,0.00
2025-09-24,Upi,SUCCESS,9,2159925.19,0.00,2159925.19
2025-09-24,Wallet,PENDING,1,47038.06,0.00,47038.06
2025-09-24,Wallet,REFUNDED,1,96710.51,96710.51,0.00
2025-09-24,Wallet,SUCCESS,2,313625.91,0.00,313625.91
2025-09-25,Credit Card,FAILED,1,333697.99,0.00,333697.99
2025-09-25,Credit Card,PENDING,3,842983.66,0.00,842983.66
2025-09-25,Credit Card,REFUNDED,2,730491.38,730491.38,0.00
2025-09-25,Credit Card,SUCCESS,7,2598054.57,0.00,2598054.57
2025-09-25,Debit Card,FAILED,5,813054.76,0.00,813054.76
2025-09-25,Debit Card,PENDING,1,408687.07,0.00,408687.07
2025-09-25,Debit Card,SUCCESS,10,2747418.03,0.00,2747418.03
2025-09-25,Net Banking,FAILED,1,418964.79,0.00,418964.79
2025-09-25,Net Banking,SUCCESS,9,2207754.44,0.00,2207754.44
2025-09-25,Upi,FAILED,2,766813.51,0.00,766813.51
2025-09-25,Upi,PENDING,1,162257.18,0.00,162257.18
2025-09-25,Upi,REFUNDED,4,1367444.72,1367444.72,0.00
2025-09-25,Upi,SUCCESS,4,1221889.83,0.00,1221889.83
2025-09-25,Wallet,FAILED,1,132575.11,0.00,132575.11
2025-09-25,Wallet,REFUNDED,1,383448.35,383448.35,0.00
2025-09-25,Wallet,SUCCESS,10,3622097.34,0.00,3622097.34
2025-09-26,Credit Card,FAILED,2,497136.87,0.00,497136.87
2025-09-26,Credit Card,REFUNDED,4,1572815.49,1572815.49,0.00
2025-09-26,Credit Card,SUCCESS,3,1076310.23,0.00,1076310.23
2025-09-26,Debit Card,FAILED,2,475745.21,0.00,475745.21
2025-09-26,Debit Card,PENDING,1,410169.84,0.00,410169.84
2025-09-26,Debit Card,REFUNDED,1,96135.08,96135.08,0.00
2025-09-26,Debit Card,SUCCESS,8,2610449.31,0.00,2610449.31
2025-09-26,Net Banking,FAILED,2,261778.90,0.00,261778.90
2025-09-26,Net Banking,PENDING,2,524757.66,0.00,524757.66
2025-09-26,Net Banking,REFUNDED,3,574581.05,574581.05,0.00
2025-09-26,Net Banking,SUCCESS,9,3179055.93,0.00,3179055.93
2025-09-26,Upi,FAILED,1,413368.56,0.00,413368.56
2025-09-26,Upi,PENDING,2,658574.49,0.00,658574.49
2025-09-26,Upi,SUCCESS,9,2281103.43,0.00,2281103.43
2025-09-26,Wallet,FAILED,1,361385.11,0.00,361385.11
2025-09-26,Wallet,SUCCESS,6,1466221.43,0.00,1466221.43
2025-09-27,Credit Card,FAILED,2,519081.97,0.00,519081.97
2025-09-27,Credit Card,REFUNDED,1,596840.43,596840.43,0.00
2025-09-27,Credit Card,SUCCESS,7,1594784.38,0.00,1594784.38
2025-09-27,Debit Card,PENDING,1,274392.77,0.00,274392.77
2025-09-27,Debit Card,REFUNDED,1,411732.31,411732.31,0.00
2025-09-27,Debit Card,SUCCESS,8,2740087.83,0.00,2740087.83
2025-09-27,Net Banking,REFUNDED,1,377313.26,377313.26,0.00
2025-09-27,Net Banking,SUCCESS,10,3053071.42,0.00,3053071.42
2025-09-27,Upi,FAILED,3,692244.99,0.00,692244.99
2025-09-27,Upi,REFUNDED,2,259845.98,259845.98,0.00
2025-09-27,Upi,SUCCESS,3,981415.50,0.00,981415.50
2025-09-27,Wallet,FAILED,5,1815170.21,0.00,1815170.21
2025-09-27,Wallet,PENDING,1,216958.82,0.00,216958.82
2025-09-27,Wallet,REFUNDED,1,227830.00,227830.00,0.00
2025-09-27,Wallet,SUCCESS,6,1267740.29,0.00,1267740.29
2025-09-28,Credit Card,FAILED,1,644826.96,0.00,644826.96
2025-09-28,Credit Card,REFUNDED,2,783325.68,783325.68,0.00
2025-09-28,Credit Card,SUCCESS,11,2413969.79,0.00,2413969.79
2025-09-28,Debit Card,PENDING,1,120418.26,0.00,120418.26
2025-09-28,Debit Card,REFUNDED,1,162001.08,162001.08,0.00
2025-09-28,Debit Card,SUCCESS,9,2268357.28,0.00,2268357.28
2025-09-28,Net Banking,SUCCESS,7,2320834.17,0.00,2320834.17
2025-09-28,Upi,FAILED,3,675460.97,0.00,675460.97
2025-09-28,Upi,PENDING,2,491126.33,0.00,491126.33
2025-09-28,Upi,REFUNDED,1,90663.07,90663.07,0.00
2025-09-28,Upi,SUCCESS,5,1380631.19,0.00,1380631.19
2025-09-28,Wallet,FAILED,2,575930.85,0.00,575930.85
2025-09-28,Wallet,PENDING,1,59464.02,0.00,59464.02
2025-09-28,Wallet,REFUNDED,1,423322.40,423322.40,0.00
2025-09-28,Wallet,SUCCESS,6,1351685.45,0.00,1351685.45
2025-09-29,Credit Card,FAILED,1,195145.56,0.00,195145.56
2025-09-29,Credit Card,PENDING,1,215978.14,0.00,215978.14
2025-09-29,Credit Card,SUCCESS,9,2419228.19,0.00,2419228.19
2025-09-29,Debit Card,FAILED,1,35321.26,0.00,35321.26
2025-09-29,Debit Card,REFUNDED,2,1002006.38,1002006.38,0.00
2025-09-29,Debit Card,SUCCESS,12,2515803.47,0.00,2515803.47
2025-09-29,Net Banking,FAILED,1,90103.55,0.00,90103.55
2025-09-29,Net Banking,SUCCESS,11,3131159.07,0.00,3131159.07
2025-09-29,Upi,FAILED,1,1029.50,0.00,1029.50
2025-09-29,Upi,SUCCESS,11,4867093.91,0.00,4867093.91
2025-09-29,Wallet,FAILED,1,315761.14,0.00,315761.14
2025-09-29,Wallet,PENDING,1,285491.50,0.00,285491.50
2025-09-29,Wallet,REFUNDED,3,1022575.71,1022575.71,0.00
2025-09-29,Wallet,SUCCESS,7,2100575.25,0.00,2100575.25
2025-09-30,Credit Card,FAILED,1,281325.23,0.00,281325.23
2025-09-30,Credit Card,REFUNDED,1,270241.48,270241.48,0.00
2025-09-30,Credit Card,SUCCESS,11,2908926.37,0.00,2908926.37
2025-09-30,Debit Card,FAILED,1,150988.05,0.00,150988.05
2025-09-30,Debit Card,SUCCESS,8,1806739.27,0.00,1806739.27
2025-09-30,Net Banking,FAILED,1,87718.36,0.00,87718.36
2025-09-30,Net Banking,REFUNDED,3,1085000.53,1085000.53,0.00
2025-09-30,Net Banking,SUCCESS,8,1947240.20,0.00,1947240.20
2025-09-30,Upi,FAILED,1,75488.76,0.00,75488.76
2025-09-30,Upi,REFUNDED,2,371220.56,371220.56,0.00
2025-09-30,Upi,SUCCESS,7,1973808.98,0.00,1973808.98
2025-09-30,Wallet,FAILED,1,331917.85,0.00,331917.85
2025-09-30,Wallet,SUCCESS,5,1700821.86,0.00,1700821.86
2025-10-01,Credit Card,REFUNDED,4,979907.05,979907.05,0.00
2025-10-01,Credit Card,SUCCESS,4,796662.02,0.00,796662.02
2025-10-01,Debit Card,FAILED,1,329472.03,0.00,329472.03
2025-10-01,Debit Card,PENDING,1,37911.82,0.00,37911.82
2025-10-01,Debit Card,REFUNDED,2,348645.44,348645.44,0.00
2025-10-01,Debit Card,SUCCESS,9,2240680.26,0.00,2240680.26
2025-10-01,Net Banking,FAILED,1,201596.96,0.00,201596.96
2025-10-01,Net Banking,REFUNDED,3,284843.04,284843.04,0.00
2025-10-01,Net Banking,SUCCESS,10,2100169.09,0.00,2100169.09
2025-10-01,Upi,PENDING,2,486238.19,0.00,486238.19
2025-10-01,Upi,REFUNDED,3,922495.96,922495.96,0.00
2025-10-01,Upi,SUCCESS,10,3066824.34,0.00,3066824.34
2025-10-01,Wallet,FAILED,1,492699.54,0.00,492699.54
2025-10-01,Wallet,PENDING,3,842372.63,0.00,842372.63
2025-10-01,Wallet,SUCCESS,10,2858977.26,0.00,2858977.26
2025-10-02,Credit Card,FAILED,2,857969.37,0.00,857969.37
2025-10-02,Credit Card,REFUNDED,2,294343.95,294343.95,0.00
2025-10-02,Credit Card,SUCCESS,5,1413967.99,0.00,1413967.99
2025-10-02,Debit Card,FAILED,2,652486.11,0.00,652486.11
2025-10-02,Debit Card,SUCCESS,7,1867271.54,0.00,1867271.54
2025-10-02,Net Banking,REFUNDED,1,154410.88,154410.88,0.00
2025-10-02,Net Banking,SUCCESS,7,2809409.59,0.00,2809409.59
2025-10-02,Upi,FAILED,1,334473.27,0.00,334473.27
2025-10-02,Upi,REFUNDED,3,803978.82,803978.82,0.00
2025-10-02,Upi,SUCCESS,8,1656615.96,0.00,1656615.96
2025-10-02,Wallet,FAILED,1,119574.99,0.00,119574.99
2025-10-02,Wallet,REFUNDED,1,252986.57,252986.57,0.00
2025-10-02,Wallet,SUCCESS,6,1712912.88,0.00,1712912.88
2025-10-03,Credit Card,FAILED,1,314209.40,0.00,314209.40
2025-10-03,Credit Card,PENDING,3,816531.06,0.00,816531.06
2025-10-03,Credit Card,REFUNDED,1,248235.80,248235.80,0.00
2025-10-03,Credit Card,SUCCESS,6,1182762.03,0.00,1182762.03
2025-10-03,Debit Card,FAILED,2,611341.27,0.00,611341.27
2025-10-03,Debit Card,REFUNDED,1,281798.66,281798.66,0.00
2025-10-03,Debit Card,SUCCESS,5,1404776.16,0.00,1404776.16
2025-10-03,Net Banking,FAILED,2,778247.97,0.00,778247.97
2025-10-03,Net Banking,REFUNDED,2,714529.50,714529.50,0.00
2025-10-03,Net Banking,SUCCESS,8,1573832.92,0.00,1573832.92
2025-10-03,Upi,PENDING,1,201317.91,0.00,201317.91
2025-10-03,Upi,REFUNDED,2,324118.44,324118.44,0.00
2025-10-03,Upi,SUCCESS,10,3786310.64,0.00,3786310.64
2025-10-03,Wallet,FAILED,1,101577.60,0.00,101577.60
2025-10-03,Wallet,REFUNDED,2,164972.15,164972.15,0.00
2025-10-03,Wallet,SUCCESS,10,2432618.70,0.00,2432618.70
2025-10-04,Credit Card,FAILED,2,457346.50,0.00,457346.50
2025-10-04,Credit Card,SUCCESS,8,1973942.76,0.00,1973942.76
2025-10-04,Debit Card,FAILED,1,534019.71,0.00,534019.71
2025-10-04,Debit Card,REFUNDED,2,729580.86,729580.86,0.00
2025-10-04,Debit Card,SUCCESS,7,1762519.22,0.00,1762519.22
2025-10-04,Net Banking,FAILED,2,368865.43,0.00,368865.43
2025-10-04,Net Banking,PENDING,2,523394.65,0.00,523394.65
2025-10-04,Net Banking,REFUNDED,3,704194.67,704194.67,0.00
2025-10-04,Net Banking,SUCCESS,8,2200503.85,0.00,2200503.85
2025-10-04,Upi,SUCCESS,5,1708272.33,0.00,1708272.33
2025-10-04,Wallet,REFUNDED,1,97189.48,97189.48,0.00
2025-10-04,Wallet,SUCCESS,7,2068863.24,0.00,2068863.24
2025-10-05,Credit Card,REFUNDED,1,162572.82,162572.82,0.00
2025-10-05,Credit Card,SUCCESS,2,565634.96,0.00,565634.96
2025-10-05,Debit Card,PENDING,1,174351.86,0.00,174351.86
2025-10-05,Debit Card,REFUNDED,4,815429.37,815429.37,0.00
2025-10-05,Debit Card,SUCCESS,6,1516697.10,0.00,1516697.10
2025-10-05,Net Banking,REFUNDED,2,1071809.25,1071809.25,0.00
2025-10-05,Net Banking,SUCCESS,7,1464322.37,0.00,1464322.37
2025-10-05,Upi,FAILED,3,842104.48,0.00,842104.48
2025-10-05,Upi,PENDING,1,191148.57,0.00,191148.57
2025-10-05,Upi,SUCCESS,13,2764209.45,0.00,2764209.45
2025-10-05,Wallet,FAILED,3,779068.85,0.00,779068.85
2025-10-05,Wallet,REFUNDED,3,593864.64,593864.64,0.00
2025-10-05,Wallet,SUCCESS,11,2464515.36,0.00,2464515.36
2025-10-06,Credit Card,SUCCESS,12,1997692.69,0.00,1997692.69
2025-10-06,Debit Card,FAILED,1,371568.92,0.00,371568.92
2025-10-06,Debit Card,REFUNDED,1,53794.43,53794.43,0.00
2025-10-06,Debit Card,SUCCESS,8,1924690.61,0.00,1924690.61
2025-10-06,Net Banking,FAILED,1,499222.13,0.00,499222.13
2025-10-06,Net Banking,PENDING,1,348320.74,0.00,348320.74
2025-10-06,Net Banking,REFUNDED,2,316635.40,316635.40,0.00
2025-10-06,Net Banking,SUCCESS,7,2499053.47,0.00,2499053.47
2025-10-06,Upi,FAILED,2,185897.91,0.00,185897.91
2025-10-06,Upi,REFUNDED,1,238524.14,238524.14,0.00
2025-10-06,Upi,SUCCESS,7,2381449.13,0.00,2381449.13
2025-10-06,Wallet,FAILED,1,22465.89,0.00,22465.89
2025-10-06,Wallet,REFUNDED,4,954856.96,954856.96,0.00
2025-10-06,Wallet,SUCCESS,2,799059.89,0.00,799059.89
2025-10-07,Credit Card,PENDING,1,66889.61,0.00,66889.61
2025-10-07,Credit Card,REFUNDED,5,1304142.19,1304142.19,0.00
2025-10-07,Credit Card,SUCCESS,5,1444640.02,0.00,1444640.02
2025-10-07,Debit Card,FAILED,1,420236.12,0.00,420236.12
2025-10-07,Debit Card,PENDING,1,50708.26,0.00,50708.26
2025-10-07,Debit Card,REFUNDED,4,690398.30,690398.30,0.00
2025-10-07,Debit Card,SUCCESS,8,2725977.51,0.00,2725977.51
2025-10-07,Net Banking,FAILED,4,490608.51,0.00,490608.51
2025-10-07,Net Banking,PENDING,2,90467.73,0.00,90467.73
2025-10-07,Net Banking,SUCCESS,5,1483822.34,0.00,1483822.34
2025-10-07,Upi,FAILED,3,605777.54,0.00,605777.54
2025-10-07,Upi,REFUNDED,2,345393.54,345393.54,0.00
2025-10-07,Upi,SUCCESS,11,2546556.57,0.00,2546556.57
2025-10-07,Wallet,FAILED,3,996835.92,0.00,996835.92
2025-10-07,Wallet,REFUNDED,1,343710.68,343710.68,0.00
2025-10-07,Wallet,SUCCESS,10,2585111.51,0.00,2585111.51
2025-10-08,Credit Card,FAILED,2,475816.13,0.00,475816.13
2025-10-08,Credit Card,REFUNDED,1,400390.40,400390.40,0.00
2025-10-08,Credit Card,SUCCESS,11,2589076.77,0.00,2589076.77
2025-10-08,Debit Card,REFUNDED,2,349074.60,349074.60,0.00
2025-10-08,Debit Card,SUCCESS,7,1696748.41,0.00,1696748.41
2025-10-08,Net Banking,FAILED,1,80615.92,0.00,80615.92
2025-10-08,Net Banking,REFUNDED,1,26953.17,26953.17,0.00
2025-10-08,Net Banking,SUCCESS,5,737482.04,0.00,737482.04
2025-10-08,Upi,FAILED,1,70271.94,0.00,70271.94
2025-10-08,Upi,PENDING,2,485459.51,0.00,485459.51
2025-10-08,Upi,REFUNDED,3,613459.97,613459.97,0.00
2025-10-08,Upi,SUCCESS,13,2368185.65,0.00,2368185.65
2025-10-08,Wallet,FAILED,2,609726.70,0.00,609726.70
2025-10-08,Wallet,REFUNDED,2,306295.25,306295.25,0.00
2025-10-08,Wallet,SUCCESS,4,1712430.08,0.00,1712430.08
2025-10-09,Credit Card,FAILED,3,842778.93,0.00,842778.93
2025-10-09,Credit Card,PENDING,1,249988.82,0.00,249988.82
2025-10-09,Credit Card,REFUNDED,2,344236.31,344236.31,0.00
2025-10-09,Credit Card,SUCCESS,10,2944188.40,0.00,2944188.40
2025-10-09,Debit Card,FAILED,1,22715.15,0.00,22715.15
2025-10-09,Debit Card,REFUNDED,2,327743.80,327743.80,0.00
2025-10-09,Debit Card,SUCCESS,5,1656428.65,0.00,1656428.65
2025-10-09,Net Banking,FAILED,2,808358.49,0.00,808358.49
2025-10-09,Net Banking,SUCCESS,8,1151420.82,0.00,1151420.82
2025-10-09,Upi,PENDING,1,263897.99,0.00,263897.99
2025-10-09,Upi,SUCCESS,5,1360582.33,0.00,1360582.33
2025-10-09,Wallet,FAILED,1,296369.37,0.00,296369.37
2025-10-09,Wallet,REFUNDED,1,100888.63,100888.63,0.00
2025-10-09,Wallet,SUCCESS,2,123016.24,0.00,123016.24
2025-10-10,Credit Card,FAILED,1,424600.73,0.00,424600.73
2025-10-10,Credit Card,PENDING,1,556304.41,0.00,556304.41
2025-10-10,Credit Card,REFUNDED,2,1001162.08,1001162.08,0.00
2025-10-10,Credit Card,SUCCESS,6,1454285.01,0.00,1454285.01
2025-10-10,Debit Card,FAILED,1,173431.29,0.00,173431.29
2025-10-10,Debit Card,SUCCESS,7,1526962.86,0.00,1526962.86
2025-10-10,Net Banking,SUCCESS,8,2013492.17,0.00,2013492.17
2025-10-10,Upi,SUCCESS,11,4235080.54,0.00,4235080.54
2025-10-10,Wallet,FAILED,1,654921.75,0.00,654921.75
2025-10-10,Wallet,REFUNDED,5,1574068.91,1574068.91,0.00
2025-10-10,Wallet,SUCCESS,12,2756979.00,0.00,2756979.00
2025-10-11,Credit Card,PENDING,2,731541.20,0.00,731541.20
2025-10-11,Credit Card,SUCCESS,9,2108885.48,0.00,2108885.48
2025-10-11,Debit Card,FAILED,1,244637.45,0.00,244637.45
2025-10-11,Debit Card,SUCCESS,5,1336893.93,0.00,1336893.93
2025-10-11,Net Banking,FAILED,2,160148.33,0.00,160148.33
2025-10-11,Net Banking,REFUNDED,2,130929.81,130929.81,0.00
2025-10-11,Net Banking,SUCCESS,6,1505608.00,0.00,1505608.00
2025-10-11,Upi,FAILED,3,814910.46,0.00,814910.46
2025-10-11,Upi,PENDING,1,590080.94,0.00,590080.94
2025-10-11,Upi,REFUNDED,5,2157465.73,2157465.73,0.00
2025-10-11,Upi,SUCCESS,13,4867547.59,0.00,4867547.59
2025-10-11,Wallet,FAILED,1,183862.19,0.00,183862.19
2025-10-11,Wallet,PENDING,1,268474.51,0.00,268474.51
2025-10-11,Wallet,REFUNDED,4,1142056.67,1142056.67,0.00
2025-10-11,Wallet,SUCCESS,8,1757925.95,0.00,1757925.95
2025-10-12,Credit Card,FAILED,1,34590.30,0.00,34590.30
2025-10-12,Credit Card,REFUNDED,2,329802.81,329802.81,0.00
2025-10-12,Credit Card,SUCCESS,8,1619009.10,0.00,1619009.10
2025-10-12,Debit Card,FAILED,1,28536.35,0.00,28536.35
2025-10-12,Debit Card,PENDING,1,306182.51,0.00,306182.51
2025-10-12,Debit Card,SUCCESS,4,612340.13,0.00,612340.13
2025-10-12,Net Banking,FAILED,1,123288.25,0.00,123288.25
2025-10-12,Net Banking,PENDING,1,324432.33,0.00,324432.33
2025-10-12,Net Banking,REFUNDED,1,105706.50,105706.50,0.00
2025-10-12,Net Banking,SUCCESS,10,2309565.60,0.00,2309565.60
2025-10-12,Upi,FAILED,1,308701.32,0.00,308701.32
2025-10-12,Upi,REFUNDED,2,587637.79,587637.79,0.00
2025-10-12,Upi,SUCCESS,9,1704396.71,0.00,1704396.71
2025-10-12,Wallet,FAILED,1,394921.87,0.00,394921.87
2025-10-12,Wallet,REFUNDED,2,221960.23,221960.23,0.00
2025-10-12,Wallet,SUCCESS,11,2904841.30,0.00,2904841.30
2025-10-13,Credit Card,FAILED,3,294997.17,0.00,294997.17
2025-10-13,Credit Card,REFUNDED,2,158051.75,158051.75,0.00
2025-10-13,Credit Card,SUCCESS,12,3580309.64,0.00,3580309.64
2025-10-13,Debit Card,FAILED,1,265101.19,0.00,265101.19
2025-10-13,Debit Card,SUCCESS,10,3385876.09,0.00,3385876.09
2025-10-13,Net Banking,PENDING,1,287555.18,0.00,287555.18
2025-10-13,Net Banking,REFUNDED,2,1111280.81,1111280.81,0.00
2025-10-13,Net Banking,SUCCESS,4,518514.03,0.00,518514.03
2025-10-13,Upi,REFUNDED,2,365772.75,365772.75,0.00
2025-10-13,Upi,SUCCESS,7,1328866.08,0.00,1328866.08
2025-10-13,Wallet,FAILED,1,458432.07,0.00,458432.07
2025-10-13,Wallet,REFUNDED,1,382591.44,382591.44,0.00
2025-10-13,Wallet,SUCCESS,7,1667599.32,0.00,1667599.32
2025-10-14,Credit Card,FAILED,1,198766.17,0.00,198766.17
2025-10-14,Credit Card,SUCCESS,5,1650377.37,0.00,1650377.37
2025-10-14,Debit Card,FAILED,1,669442.27,0.00,669442.27
2025-10-14,Debit Card,REFUNDED,1,309336.47,309336.47,0.00
2025-10-14,Debit Card,SUCCESS,10,2716381.45,0.00,2716381.45
2025-10-14,Net Banking,FAILED,1,432233.30,0.00,432233.30
2025-10-14,Net Banking,PENDING,1,237339.82,0.00,237339.82
2025-10-14,Net Banking,REFUNDED,1,334008.65,334008.65,0.00
2025-10-14,Net Banking,SUCCESS,10,2798228.89,0.00,2798228.89
2025-10-14,Upi,FAILED,2,334031.25,0.00,334031.25
2025-10-14,Upi,PENDING,1,169073.80,0.00,169073.80
2025-10-14,Upi,REFUNDED,3,505745.57,505745.57,0.00
2025-10-14,Upi,SUCCESS,11,2875511.71,0.00,2875511.71
2025-10-14,Wallet,FAILED,1,353002.05,0.00,353002.05
2025-10-14,Wallet,REFUNDED,2,321433.63,321433.63,0.00
2025-10-14,Wallet,SUCCESS,8,1663613.80,0.00,1663613.80
2025-10-15,Credit Card,FAILED,2,465134.04,0.00,465134.04
2025-10-15,Credit Card,REFUNDED,1,291374.77,291374.77,0.00
2025-10-15,Credit Card,SUCCESS,7,1593171.71,0.00,1593171.71
2025-10-15,Debit Card,FAILED,3,569690.86,0.00,569690.86
2025-10-15,Debit Card,REFUNDED,1,50664.66,50664.66,0.00
2025-10-15,Debit Card,SUCCESS,8,2660553.05,0.00,2660553.05
2025-10-15,Net Banking,PENDING,1,193920.35,0.00,193920.35
2025-10-15,Net Banking,REFUNDED,3,524149.05,524149.05,0.00
2025-10-15,Net Banking,SUCCESS,4,836345.21,0.00,836345.21
2025-10-15,Upi,REFUNDED,2,442975.70,442975.70,0.00
2025-10-15,Upi,SUCCESS,14,3720325.37,0.00,3720325.37
2025-10-15,Wallet,REFUNDED,1,142713.41,142713.41,0.00
2025-10-15,Wallet,SUCCESS,13,2900789.70,0.00,2900789.70
2025-10-16,Credit Card,FAILED,1,124594.01,0.00,124594.01
2025-10-16,Credit Card,REFUNDED,4,1593448.16,1593448.16,0.00
2025-10-16,Credit Card,SUCCESS,11,2532241.38,0.00,2532241.38
2025-10-16,Debit Card,FAILED,2,268536.73,0.00,268536.73
2025-10-16,Debit Card,REFUNDED,1,59444.21,59444.21,0.00
2025-10-16,Debit Card,SUCCESS,9,2244613.01,0.00,2244613.01
2025-10-16,Net Banking,REFUNDED,4,1048482.71,1048482.71,0.00
2025-10-16,Net Banking,SUCCESS,8,3277616.83,0.00,3277616.83
2025-10-16,Upi,REFUNDED,3,386955.47,386955.47,0.00
2025-10-16,Upi,SUCCESS,7,1692540.34,0.00,1692540.34
2025-10-16,Wallet,PENDING,2,655525.62,0.00,655525.62
2025-10-16,Wallet,REFUNDED,3,610857.38,610857.38,0.00
2025-10-16,Wallet,SUCCESS,8,2007513.98,0.00,2007513.98
2025-10-17,Credit Card,PENDING,1,243132.18,0.00,243132.18
2025-10-17,Credit Card,REFUNDED,1,658533.79,658533.79,0.00
2025-10-17,Credit Card,SUCCESS,7,3011717.25,0.00,3011717.25
2025-10-17,Debit Card,FAILED,1,19925.10,0.00,19925.10
2025-10-17,Debit Card,SUCCESS,9,2102762.61,0.00,2102762.61
2025-10-17,Net Banking,FAILED,2,684656.60,0.00,684656.60
2025-10-17,Net Banking,REFUNDED,1,92296.72,92296.72,0.00
2025-10-17,Net Banking,SUCCESS,10,2626909.71,0.00,2626909.71
2025-10-17,Upi,FAILED,2,456299.51,0.00,456299.51
2025-10-17,Upi,PENDING,1,327490.57,0.00,327490.57
2025-10-17,Upi,REFUNDED,1,459225.03,459225.03,0.00
2025-10-17,Upi,SUCCESS,6,1581339.05,0.00,1581339.05
2025-10-17,Wallet,FAILED,2,632120.98,0.00,632120.98
2025-10-17,Wallet,REFUNDED,1,429453.55,429453.55,0.00
2025-10-17,Wallet,SUCCESS,3,677270.56,0.00,677270.56
2025-10-18,Credit Card,FAILED,1,336560.88,0.00,336560.88
2025-10-18,Credit Card,REFUNDED,3,318089.25,318089.25,0.00
2025-10-18,Credit Card,SUCCESS,3,656434.15,0.00,656434.15
2025-10-18,Debit Card,PENDING,1,365066.36,0.00,365066.36
2025-10-18,Debit Card,REFUNDED,3,469649.57,469649.57,0.00
2025-10-18,Debit Card,SUCCESS,8,2008321.26,0.00,2008321.26
2025-10-18,Net Banking,PENDING,1,250887.81,0.00,250887.81
2025-10-18,Net Banking,REFUNDED,2,1021181.91,1021181.91,0.00
2025-10-18,Net Banking,SUCCESS,12,3817635.13,0.00,3817635.13
2025-10-18,Upi,FAILED,1,386258.15,0.00,386258.15
2025-10-18,Upi,PENDING,1,181204.91,0.00,181204.91
2025-10-18,Upi,SUCCESS,12,2612232.47,0.00,2612232.47
2025-10-18,Wallet,FAILED,2,64509.05,0.00,64509.05
2025-10-18,Wallet,PENDING,1,623003.59,0.00,623003.59
2025-10-18,Wallet,REFUNDED,4,971674.23,971674.23,0.00
2025-10-18,Wallet,SUCCESS,6,1334836.69,0.00,1334836.69
2025-10-19,Credit Card,FAILED,2,507290.23,0.00,507290.23
2025-10-19,Credit Card,PENDING,3,430097.83,0.00,430097.83
2025-10-19,Credit Card,SUCCESS,6,1877723.83,0.00,1877723.83
2025-10-19,Debit Card,FAILED,1,666937.38,0.00,666937.38
2025-10-19,Debit Card,REFUNDED,1,646508.73,646508.73,0.00
2025-10-19,Debit Card,SUCCESS,3,485959.74,0.00,485959.74
2025-10-19,Net Banking,FAILED,3,641300.56,0.00,641300.56
2025-10-19,Net Banking,SUCCESS,5,1286393.58,0.00,1286393.58
2025-10-19,Upi,FAILED,2,815101.39,0.00,815101.39
2025-10-19,Upi,REFUNDED,4,816119.94,816119.94,0.00
2025-10-19,Upi,SUCCESS,5,1724916.00,0.00,1724916.00
2025-10-19,Wallet,FAILED,1,184589.23,0.00,184589.23
2025-10-19,Wallet,REFUNDED,2,338772.17,338772.17,0.00
2025-10-19,Wallet,SUCCESS,8,2497347.94,0.00,2497347.94
2025-10-20,Credit Card,PENDING,1,260596.26,0.00,260596.26
2025-10-20,Credit Card,SUCCESS,6,1396050.73,0.00,1396050.73
2025-10-20,Debit Card,FAILED,2,767118.81,0.00,767118.81
2025-10-20,Debit Card,REFUNDED,3,896095.89,896095.89,0.00
2025-10-20,Debit Card,SUCCESS,7,1361914.44,0.00,1361914.44
2025-10-20,Net Banking,FAILED,1,716123.51,0.00,716123.51
2025-10-20,Net Banking,PENDING,1,327018.59,0.00,327018.59
2025-10-20,Net Banking,REFUNDED,1,416015.96,416015.96,0.00
2025-10-20,Net Banking,SUCCESS,6,2242589.63,0.00,2242589.63
2025-10-20,Upi,FAILED,1,108644.14,0.00,108644.14
2025-10-20,Upi,PENDING,1,450109.77,0.00,450109.77
2025-10-20,Upi,SUCCESS,10,2504638.44,0.00,2504638.44
2025-10-20,Wallet,FAILED,2,543951.81,0.00,543951.81
2025-10-20,Wallet,REFUNDED,3,477276.98,477276.98,0.00
2025-10-20,Wallet,SUCCESS,5,2169685.50,0.00,2169685.50
2025-10-21,Credit Card,FAILED,1,657046.75,0.00,657046.75
2025-10-21,Credit Card,PENDING,2,361638.09,0.00,361638.09
2025-10-21,Credit Card,REFUNDED,1,537264.24,537264.24,0.00
2025-10-21,Credit Card,SUCCESS,9,1731383.99,0.00,1731383.99
2025-10-21,Debit Card,FAILED,1,213169.01,0.00,213169.01
2025-10-21,Debit Card,REFUNDED,2,353147.97,353147.97,0.00
2025-10-21,Debit Card,SUCCESS,9,2430153.84,0.00,2430153.84
2025-10-21,Net Banking,FAILED,1,466753.12,0.00,466753.12
2025-10-21,Net Banking,REFUNDED,4,1302448.58,1302448.58,0.00
2025-10-21,Net Banking,SUCCESS,13,4887688.36,0.00,4887688.36
2025-10-21,Upi,REFUNDED,3,1276909.19,1276909.19,0.00
2025-10-21,Upi,SUCCESS,5,1688038.04,0.00,1688038.04
2025-10-21,Wallet,FAILED,1,504346.72,0.00,504346.72
2025-10-21,Wallet,REFUNDED,2,171341.32,171341.32,0.00
2025-10-21,Wallet,SUCCESS,10,3046639.87,0.00,3046639.87
2025-10-22,Credit Card,FAILED,1,167617.73,0.00,167617.73
2025-10-22,Credit Card,REFUNDED,3,626217.02,626217.02,0.00
2025-10-22,Credit Card,SUCCESS,11,2516183.53,0.00,2516183.53
2025-10-22,Debit Card,FAILED,1,268332.98,0.00,268332.98
2025-10-22,Debit Card,PENDING,1,235708.17,0.00,235708.17
2025-10-22,Debit Card,REFUNDED,4,739383.98,739383.98,0.00
2025-10-22,Debit Card,SUCCESS,6,1537562.96,0.00,1537562.96
2025-10-22,Net Banking,FAILED,1,128254.35,0.00,128254.35
2025-10-22,Net Banking,REFUNDED,1,363443.92,363443.92,0.00
2025-10-22,Net Banking,SUCCESS,5,1061716.24,0.00,1061716.24
2025-10-22,Upi,REFUNDED,1,398421.61,398421.61,0.00
2025-10-22,Upi,SUCCESS,6,2377014.97,0.00,2377014.97
2025-10-22,Wallet,FAILED,2,549129.42,0.00,549129.42
2025-10-22,Wallet,REFUNDED,3,520440.83,520440.83,0.00
2025-10-22,Wallet,SUCCESS,4,1387881.58,0.00,1387881.58
2025-10-23,Credit Card,FAILED,1,572866.00,0.00,572866.00
2025-10-23,Credit Card,REFUNDED,3,1474411.94,1474411.94,0.00
2025-10-23,Credit Card,SUCCESS,7,1555916.06,0.00,1555916.06
2025-10-23,Debit Card,PENDING,1,198804.06,0.00,198804.06
2025-10-23,Debit Card,SUCCESS,8,1931177.21,0.00,1931177.21
2025-10-23,Net Banking,PENDING,1,301159.59,0.00,301159.59
2025-10-23,Net Banking,REFUNDED,1,260382.95,260382.95,0.00
2025-10-23,Net Banking,SUCCESS,7,2139043.63,0.00,2139043.63
2025-10-23,Upi,PENDING,1,292933.66,0.00,292933.66
2025-10-23,Upi,REFUNDED,3,981013.05,981013.05,0.00
2025-10-23,Upi,SUCCESS,7,2129792.30,0.00,2129792.30
2025-10-23,Wallet,FAILED,1,258284.87,0.00,258284.87
2025-10-23,Wallet,REFUNDED,3,883857.70,883857.70,0.00
2025-10-23,Wallet,SUCCESS,11,2766100.52,0.00,2766100.52
2025-10-24,Credit Card,FAILED,1,219290.07,0.00,219290.07
2025-10-24,Credit Card,PENDING,1,386360.15,0.00,386360.15
2025-10-24,Credit Card,REFUNDED,3,1380051.93,1380051.93,0.00
2025-10-24,Credit Card,SUCCESS,9,3018444.45,0.00,3018444.45
2025-10-24,Debit Card,FAILED,2,665431.79,0.00,665431.79
2025-10-24,Debit Card,SUCCESS,4,1414140.81,0.00,1414140.81
2025-10-24,Net Banking,FAILED,2,395613.64,0.00,395613.64
2025-10-24,Net Banking,PENDING,2,273953.93,0.00,273953.93
2025-10-24,Net Banking,REFUNDED,5,352733.84,352733.84,0.00
2025-10-24,Net Banking,SUCCESS,6,1726626.20,0.00,1726626.20
2025-10-24,Upi,FAILED,2,627990.01,0.00,627990.01
2025-10-24,Upi,PENDING,1,322745.22,0.00,322745.22
2025-10-24,Upi,REFUNDED,2,258226.34,258226.34,0.00
2025-10-24,Upi,SUCCESS,9,1991856.19,0.00,1991856.19
2025-10-24,Wallet,FAILED,2,530593.45,0.00,530593.45
2025-10-24,Wallet,PENDING,1,157532.31,0.00,157532.31
2025-10-24,Wallet,SUCCESS,6,1636715.47,0.00,1636715.47
2025-10-25,Credit Card,FAILED,1,156755.16,0.00,156755.16
2025-10-25,Credit Card,PENDING,1,340622.42,0.00,340622.42
2025-10-25,Credit Card,REFUNDED,1,56674.60,56674.60,0.00
2025-10-25,Credit Card,SUCCESS,9,1130151.95,0.00,1130151.95
2025-10-25,Debit Card,PENDING,1,332839.47,0.00,332839.47
2025-10-25,Debit Card,SUCCESS,4,1088794.13,0.00,1088794.13
2025-10-25,Net Banking,FAILED,1,278022.61,0.00,278022.61
2025-10-25,Net Banking,REFUNDED,1,513676.23,513676.23,0.00
2025-10-25,Net Banking,SUCCESS,6,1119216.86,0.00,1119216.86
2025-10-25,Upi,FAILED,1,153028.44,0.00,153028.44
2025-10-25,Upi,PENDING,1,371347.87,0.00,371347.87
2025-10-25,Upi,REFUNDED,1,272020.08,272020.08,0.00
2025-10-25,Upi,SUCCESS,5,1149969.80,0.00,1149969.80
2025-10-25,Wallet,FAILED,1,82457.58,0.00,82457.58
2025-10-25,Wallet,SUCCESS,6,1748835.49,0.00,1748835.49
2025-10-26,Credit Card,FAILED,2,631330.77,0.00,631330.77
2025-10-26,Credit Card,SUCCESS,7,821691.61,0.00,821691.61
2025-10-26,Debit Card,REFUNDED,2,309833.51,309833.51,0.00
2025-10-26,Debit Card,SUCCESS,10,2715772.89,0.00,2715772.89
2025-10-26,Net Banking,FAILED,2,397252.03,0.00,397252.03
2025-10-26,Net Banking,PENDING,4,823609.56,0.00,823609.56
2025-10-26,Net Banking,SUCCESS,11,2869633.29,0.00,2869633.29
2025-10-26,Upi,FAILED,1,381653.70,0.00,381653.70
2025-10-26,Upi,PENDING,3,519006.04,0.00,519006.04
2025-10-26,Upi,REFUNDED,2,822415.86,822415.86,0.00
2025-10-26,Upi,SUCCESS,9,1849314.90,0.00,1849314.90
2025-10-26,Wallet,FAILED,1,368795.60,0.00,368795.60
2025-10-26,Wallet,SUCCESS,3,686179.11,0.00,686179.11
2025-10-27,Credit Card,FAILED,3,261085.13,0.00,261085.13
2025-10-27,Credit Card,PENDING,1,4268.42,0.00,4268.42
2025-10-27,Credit Card,SUCCESS,3,535375.66,0.00,535375.66
2025-10-27,Debit Card,FAILED,1,507352.24,0.00,507352.24
2025-10-27,Debit Card,REFUNDED,2,407045.50,407045.50,0.00
2025-10-27,Debit Card,SUCCESS,4,1331316.83,0.00,1331316.83
2025-10-27,Net Banking,PENDING,1,219842.03,0.00,219842.03
2025-10-27,Net Banking,REFUNDED,1,439528.83,439528.83,0.00
2025-10-27,Net Banking,SUCCESS,5,1578409.44,0.00,1578409.44
2025-10-27,Upi,FAILED,2,755007.89,0.00,755007.89
2025-10-27,Upi,SUCCESS,10,3412201.90,0.00,3412201.90
2025-10-27,Wallet,FAILED,1,31954.81,0.00,31954.81
2025-10-27,Wallet,REFUNDED,2,474615.75,474615.75,0.00
2025-10-27,Wallet,SUCCESS,4,774961.88,0.00,774961.88
2025-10-28,Credit Card,PENDING,2,437142.75,0.00,437142.75
2025-10-28,Credit Card,REFUNDED,4,1110769.51,1110769.51,0.00
2025-10-28,Credit Card,SUCCESS,9,1980803.44,0.00,1980803.44
2025-10-28,Debit Card,FAILED,1,507882.24,0.00,507882.24
2025-10-28,Debit Card,PENDING,1,431753.98,0.00,431753.98
2025-10-28,Debit Card,REFUNDED,1,340432.84,340432.84,0.00
2025-10-28,Debit Card,SUCCESS,9,3464504.78,0.00,3464504.78
2025-10-28,Net Banking,FAILED,1,53510.86,0.00,53510.86
2025-10-28,Net Banking,PENDING,1,444947.97,0.00,444947.97
2025-10-28,Net Banking,REFUNDED,1,322794.88,322794.88,0.00
2025-10-28,Net Banking,SUCCESS,12,2558417.22,0.00,2558417.22
2025-10-28,Upi,SUCCESS,7,1830187.20,0.00,1830187.20
2025-10-28,Wallet,FAILED,1,12537.02,0.00,12537.02
2025-10-28,Wallet,REFUNDED,1,435031.97,435031.97,0.00
2025-10-28,Wallet,SUCCESS,2,506520.14,0.00,506520.14
2025-10-29,Credit Card,FAILED,1,23291.44,0.00,23291.44
2025-10-29,Credit Card,PENDING,1,274661.64,0.00,274661.64
2025-10-29,Credit Card,REFUNDED,1,54887.18,54887.18,0.00
2025-10-29,Credit Card,SUCCESS,10,2690897.72,0.00,2690897.72
2025-10-29,Debit Card,FAILED,3,1054197.43,0.00,1054197.43
2025-10-29,Debit Card,REFUNDED,2,155943.63,155943.63,0.00
2025-10-29,Debit Card,SUCCESS,4,1535559.39,0.00,1535559.39
2025-10-29,Net Banking,FAILED,1,198094.55,0.00,198094.55
2025-10-29,Net Banking,PENDING,1,186339.80,0.00,186339.80
2025-10-29,Net Banking,REFUNDED,1,647821.90,647821.90,0.00
2025-10-29,Net Banking,SUCCESS,7,1661282.38,0.00,1661282.38
2025-10-29,Upi,REFUNDED,1,281363.15,281363.15,0.00
2025-10-29,Upi,SUCCESS,6,1441624.29,0.00,1441624.29
2025-10-29,Wallet,REFUNDED,1,219698.40,219698.40,0.00
2025-10-29,Wallet,SUCCESS,5,1249677.49,0.00,1249677.49
2025-10-30,Credit Card,FAILED,4,489189.55,0.00,489189.55
2025-10-30,Credit Card,REFUNDED,1,220913.93,220913.93,0.00
2025-10-30,Credit Card,SUCCESS,9,2399884.29,0.00,2399884.29
2025-10-30,Debit Card,FAILED,2,697721.74,0.00,697721.74
2025-10-30,Debit Card,REFUNDED,2,356885.88,356885.88,0.00
2025-10-30,Debit Card,SUCCESS,6,2022278.44,0.00,2022278.44
2025-10-30,Net Banking,REFUNDED,1,75733.97,75733.97,0.00
2025-10-30,Net Banking,SUCCESS,5,997532.52,0.00,997532.52
2025-10-30,Upi,SUCCESS,4,960151.89,0.00,960151.89
2025-10-30,Wallet,FAILED,2,955689.80,0.00,955689.80
2025-10-30,Wallet,REFUNDED,2,387219.44,387219.44,0.00
2025-10-30,Wallet,SUCCESS,8,2018619.29,0.00,2018619.29
2025-10-31,Credit Card,FAILED,3,1092649.44,0.00,1092649.44
2025-10-31,Credit Card,SUCCESS,7,1588030.63,0.00,1588030.63
2025-10-31,Debit Card,FAILED,1,32910.23,0.00,32910.23
2025-10-31,Debit Card,REFUNDED,1,534224.27,534224.27,0.00
2025-10-31,Debit Card,SUCCESS,9,2798286.60,0.00,2798286.60
2025-10-31,Net Banking,FAILED,2,590879.21,0.00,590879.21
2025-10-31,Net Banking,REFUNDED,1,323240.23,323240.23,0.00
2025-10-31,Net Banking,SUCCESS,5,853557.27,0.00,853557.27
2025-10-31,Upi,FAILED,1,262152.89,0.00,262152.89
2025-10-31,Upi,REFUNDED,3,334117.75,334117.75,0.00
2025-10-31,Upi,SUCCESS,11,2440865.80,0.00,2440865.80
2025-10-31,Wallet,FAILED,3,606655.84,0.00,606655.84
2025-10-31,Wallet,REFUNDED,1,148043.40,148043.40,0.00
2025-10-31,Wallet,SUCCESS,10,3103481.35,0.00,3103481.35
2025-11-01,Credit Card,FAILED,1,176061.34,0.00,176061.34
2025-11-01,Credit Card,REFUNDED,2,319331.80,319331.80,0.00
2025-11-01,Credit Card,SUCCESS,8,1915380.77,0.00,1915380.77
2025-11-01,Debit Card,FAILED,1,342473.20,0.00,342473.20
2025-11-01,Debit Card,REFUNDED,1,531088.67,531088.67,0.00
2025-11-01,Debit Card,SUCCESS,8,2158866.06,0.00,2158866.06
2025-11-01,Net Banking,SUCCESS,10,3165275.26,0.00,3165275.26
2025-11-01,Upi,FAILED,1,233061.72,0.00,233061.72
2025-11-01,Upi,SUCCESS,5,1591563.09,0.00,1591563.09
2025-11-01,Wallet,PENDING,1,299894.52,0.00,299894.52
2025-11-01,Wallet,SUCCESS,10,3324902.20,0.00,3324902.20
2025-11-02,Credit Card,FAILED,1,207947.64,0.00,207947.64
2025-11-02,Credit Card,SUCCESS,9,2146783.83,0.00,2146783.83
2025-11-02,Debit Card,FAILED,2,355401.52,0.00,355401.52
2025-11-02,Debit Card,PENDING,1,142545.09,0.00,142545.09
2025-11-02,Debit Card,REFUNDED,1,529693.71,529693.71,0.00
2025-11-02,Debit Card,SUCCESS,6,2107693.83,0.00,2107693.83
2025-11-02,Net Banking,FAILED,2,893174.35,0.00,893174.35
2025-11-02,Net Banking,PENDING,1,55959.98,0.00,55959.98
2025-11-02,Net Banking,REFUNDED,4,915974.50,915974.50,0.00
2025-11-02,Net Banking,SUCCESS,9,2311368.94,0.00,2311368.94
2025-11-02,Upi,FAILED,2,788574.50,0.00,788574.50
2025-11-02,Upi,REFUNDED,1,466165.16,466165.16,0.00
2025-11-02,Upi,SUCCESS,11,2568641.86,0.00,2568641.86
2025-11-02,Wallet,PENDING,1,312159.17,0.00,312159.17
2025-11-02,Wallet,SUCCESS,6,1392474.30,0.00,1392474.30
2025-11-03,Credit Card,FAILED,2,330348.27,0.00,330348.27
2025-11-03,Credit Card,PENDING,1,165109.82,0.00,165109.82
2025-11-03,Credit Card,REFUNDED,2,659063.57,659063.57,0.00
2025-11-03,Credit Card,SUCCESS,6,1439069.01,0.00,1439069.01
2025-11-03,Debit Card,FAILED,2,321199.19,0.00,321199.19
2025-11-03,Debit Card,PENDING,1,383208.76,0.00,383208.76
2025-11-03,Debit Card,REFUNDED,1,333019.97,333019.97,0.00
2025-11-03,Debit Card,SUCCESS,5,1427594.57,0.00,1427594.57
2025-11-03,Net Banking,FAILED,4,946424.12,0.00,946424.12
2025-11-03,Net Banking,SUCCESS,7,1580884.09,0.00,1580884.09
2025-11-03,Upi,PENDING,1,280101.63,0.00,280101.63
2025-11-03,Upi,SUCCESS,10,3013714.04,0.00,3013714.04
2025-11-03,Wallet,PENDING,1,365459.19,0.00,365459.19
2025-11-03,Wallet,REFUNDED,2,711889.52,711889.52,0.00
2025-11-03,Wallet,SUCCESS,8,1338888.30,0.00,1338888.30
2025-11-04,Credit Card,PENDING,3,750193.29,0.00,750193.29
2025-11-04,Credit Card,SUCCESS,9,1930713.43,0.00,1930713.43
2025-11-04,Debit Card,FAILED,1,140508.66,0.00,140508.66
2025-11-04,Debit Card,PENDING,1,226094.95,0.00,226094.95
2025-11-04,Debit Card,SUCCESS,7,1974853.50,0.00,1974853.50
2025-11-04,Net Banking,FAILED,3,755967.57,0.00,755967.57
2025-11-04,Net Banking,REFUNDED,2,290369.43,290369.43,0.00
2025-11-04,Net Banking,SUCCESS,13,3386535.37,0.00,3386535.37
2025-11-04,Upi,FAILED,2,663455.17,0.00,663455.17
2025-11-04,Upi,PENDING,1,332107.28,0.00,332107.28
2025-11-04,Upi,SUCCESS,11,2933384.18,0.00,2933384.18
2025-11-04,Wallet,FAILED,1,247662.74,0.00,247662.74
2025-11-04,Wallet,REFUNDED,1,94316.04,94316.04,0.00
2025-11-04,Wallet,SUCCESS,9,1949087.72,0.00,1949087.72
2025-11-05,Credit Card,FAILED,1,391093.06,0.00,391093.06
2025-11-05,Credit Card,PENDING,1,228923.49,0.00,228923.49
2025-11-05,Credit Card,REFUNDED,2,352161.00,352161.00,0.00
2025-11-05,Credit Card,SUCCESS,6,998678.38,0.00,998678.38
2025-11-05,Debit Card,FAILED,2,624273.92,0.00,624273.92
2025-11-05,Debit Card,PENDING,1,41429.50,0.00,41429.50
2025-11-05,Debit Card,REFUNDED,2,787677.75,787677.75,0.00
2025-11-05,Debit Card,SUCCESS,9,2984843.91,0.00,2984843.91
2025-11-05,Net Banking,SUCCESS,4,1333087.53,0.00,1333087.53
2025-11-05,Upi,REFUNDED,3,1123112.27,1123112.27,0.00
2025-11-05,Upi,SUCCESS,12,2692179.15,0.00,2692179.15
2025-11-05,Wallet,REFUNDED,2,819074.98,819074.98,0.00
2025-11-05,Wallet,SUCCESS,7,1758693.55,0.00,1758693.55
2025-11-06,Credit Card,FAILED,1,368868.73,0.00,368868.73
2025-11-06,Credit Card,PENDING,2,588718.62,0.00,588718.62
2025-11-06,Credit Card,SUCCESS,11,2532915.74,0.00,2532915.74
2025-11-06,Debit Card,FAILED,2,621556.84,0.00,621556.84
2025-11-06,Debit Card,REFUNDED,1,161169.23,161169.23,0.00
2025-11-06,Debit Card,SUCCESS,9,2817677.10,0.00,2817677.10
2025-11-06,Net Banking,FAILED,1,331769.66,0.00,331769.66
2025-11-06,Net Banking,PENDING,1,294449.55,0.00,294449.55
2025-11-06,Net Banking,REFUNDED,1,101540.93,101540.93,0.00
2025-11-06,Net Banking,SUCCESS,5,1337124.94,0.00,1337124.94
2025-11-06,Upi,PENDING,1,249322.27,0.00,249322.27
2025-11-06,Upi,REFUNDED,3,1365808.77,1365808.77,0.00
2025-11-06,Upi,SUCCESS,9,1943523.52,0.00,1943523.52
2025-11-06,Wallet,FAILED,1,438026.93,0.00,438026.93
2025-11-06,Wallet,REFUNDED,1,96361.11,96361.11,0.00
2025-11-06,Wallet,SUCCESS,6,1727438.13,0.00,1727438.13
2025-11-07,Credit Card,FAILED,1,277101.03,0.00,277101.03
2025-11-07,Credit Card,PENDING,1,122888.48,0.00,122888.48
2025-11-07,Credit Card,REFUNDED,2,364181.19,364181.19,0.00
2025-11-07,Credit Card,SUCCESS,6,1265719.67,0.00,1265719.67
2025-11-07,Debit Card,PENDING,1,184097.24,0.00,184097.24
2025-11-07,Debit Card,REFUNDED,3,1289998.82,1289998.82,0.00
2025-11-07,Debit Card,SUCCESS,4,1518609.70,0.00,1518609.70
2025-11-07,Net Banking,FAILED,1,275414.43,0.00,275414.43
2025-11-07,Net Banking,REFUNDED,4,441229.25,441229.25,0.00
2025-11-07,Net Banking,SUCCESS,5,1389708.25,0.00,1389708.25
2025-11-07,Upi,FAILED,1,400255.82,0.00,400255.82
2025-11-07,Upi,REFUNDED,2,447366.09,447366.09,0.00
2025-11-07,Upi,SUCCESS,8,2185277.14,0.00,2185277.14
2025-11-07,Wallet,PENDING,1,489407.03,0.00,489407.03
2025-11-07,Wallet,REFUNDED,2,200912.57,200912.57,0.00
2025-11-07,Wallet,SUCCESS,10,2586325.71,0.00,2586325.71
2025-11-08,Credit Card,FAILED,1,180475.83,0.00,180475.83
2025-11-08,Credit Card,PENDING,1,182968.70,0.00,182968.70
2025-11-08,Credit Card,REFUNDED,2,327357.56,327357.56,0.00
2025-11-08,Credit Card,SUCCESS,7,1894166.12,0.00,1894166.12
2025-11-08,Debit Card,FAILED,1,258262.83,0.00,258262.83
2025-11-08,Debit Card,REFUNDED,1,401702.48,401702.48,0.00
2025-11-08,Debit Card,SUCCESS,5,353670.09,0.00,353670.09
2025-11-08,Net Banking,FAILED,1,244770.54,0.00,244770.54
2025-11-08,Net Banking,REFUNDED,2,492077.32,492077.32,0.00
2025-11-08,Net Banking,SUCCESS,6,1845407.72,0.00,1845407.72
2025-11-08,Upi,SUCCESS,9,2738088.12,0.00,2738088.12
2025-11-08,Wallet,REFUNDED,1,245785.64,245785.64,0.00
2025-11-08,Wallet,SUCCESS,8,3008319.34,0.00,3008319.34
2025-11-09,Credit Card,REFUNDED,1,93368.85,93368.85,0.00
2025-11-09,Credit Card,SUCCESS,10,2328536.16,0.00,2328536.16
2025-11-09,Debit Card,FAILED,2,287696.93,0.00,287696.93
2025-11-09,Debit Card,REFUNDED,3,698144.38,698144.38,0.00
2025-11-09,Debit Card,SUCCESS,7,1400789.39,0.00,1400789.39
2025-11-09,Net Banking,PENDING,1,256629.03,0.00,256629.03
2025-11-09,Net Banking,REFUNDED,1,104252.00,104252.00,0.00
2025-11-09,Net Banking,SUCCESS,7,2099883.38,0.00,2099883.38
2025-11-09,Upi,PENDING,1,116155.81,0.00,116155.81
2025-11-09,Upi,REFUNDED,3,901061.16,901061.16,0.00
2025-11-09,Upi,SUCCESS,5,1568190.67,0.00,1568190.67
2025-11-09,Wallet,REFUNDED,1,205638.93,205638.93,0.00
2025-11-09,Wallet,SUCCESS,5,760767.13,0.00,760767.13
2025-11-10,Credit Card,FAILED,1,96081.63,0.00,96081.63
2025-11-10,Credit Card,PENDING,1,71491.19,0.00,71491.19
2025-11-10,Credit Card,REFUNDED,2,184461.26,184461.26,0.00
2025-11-10,Credit Card,SUCCESS,6,1549394.94,0.00,1549394.94
2025-11-10,Debit Card,FAILED,2,375356.78,0.00,375356.78
2025-11-10,Debit Card,SUCCESS,7,2551421.80,0.00,2551421.80
2025-11-10,Net Banking,REFUNDED,1,462137.86,462137.86,0.00
2025-11-10,Net Banking,SUCCESS,5,1061481.39,0.00,1061481.39
2025-11-10,Upi,FAILED,1,30762.42,0.00,30762.42
2025-11-10,Upi,SUCCESS,6,1428519.21,0.00,1428519.21
2025-11-10,Wallet,REFUNDED,4,1380052.93,1380052.93,0.00
2025-11-10,Wallet,SUCCESS,9,2000713.79,0.00,2000713.79
2025-11-11,Credit Card,FAILED,2,165020.89,0.00,165020.89
2025-11-11,Credit Card,REFUNDED,1,63910.26,63910.26,0.00
2025-11-11,Credit Card,SUCCESS,2,612071.85,0.00,612071.85
2025-11-11,Debit Card,SUCCESS,7,1341045.26,0.00,1341045.26
2025-11-11,Net Banking,FAILED,1,166907.20,0.00,166907.20
2025-11-11,Net Banking,PENDING,1,242663.59,0.00,242663.59
2025-11-11,Net Banking,REFUNDED,1,114634.68,114634.68,0.00
2025-11-11,Net Banking,SUCCESS,5,929598.72,0.00,929598.72
2025-11-11,Upi,FAILED,2,211705.82,0.00,211705.82
2025-11-11,Upi,PENDING,2,700456.54,0.00,700456.54
2025-11-11,Upi,REFUNDED,3,1521068.18,1521068.18,0.00
2025-11-11,Upi,SUCCESS,13,4091056.21,0.00,4091056.21
2025-11-11,Wallet,PENDING,1,282142.87,0.00,282142.87
2025-11-11,Wallet,REFUNDED,2,604027.49,604027.49,0.00
2025-11-11,Wallet,SUCCESS,5,1403213.23,0.00,1403213.23
2025-11-12,Credit Card,FAILED,1,137047.57,0.00,137047.57
2025-11-12,Credit Card,REFUNDED,1,341598.65,341598.65,0.00
2025-11-12,Credit Card,SUCCESS,6,1293844.63,0.00,1293844.63
2025-11-12,Debit Card,FAILED,1,70444.22,0.00,70444.22
2025-11-12,Debit Card,PENDING,1,211719.52,0.00,211719.52
2025-11-12,Debit Card,REFUNDED,2,875749.03,875749.03,0.00
2025-11-12,Debit Card,SUCCESS,14,4785752.96,0.00,4785752.96
2025-11-12,Net Banking,FAILED,4,808631.80,0.00,808631.80
2025-11-12,Net Banking,PENDING,1,229500.84,0.00,229500.84
2025-11-12,Net Banking,REFUNDED,4,1404984.81,1404984.81,0.00
2025-11-12,Net Banking,SUCCESS,4,1545738.42,0.00,1545738.42
2025-11-12,Upi,REFUNDED,1,655247.88,655247.88,0.00
2025-11-12,Upi,SUCCESS,9,1526286.88,0.00,1526286.88
2025-11-12,Wallet,FAILED,1,393086.44,0.00,393086.44
2025-11-12,Wallet,REFUNDED,1,593357.54,593357.54,0.00
2025-11-12,Wallet,SUCCESS,6,1246371.92,0.00,1246371.92
2025-11-13,Credit Card,FAILED,1,634327.63,0.00,634327.63
2025-11-13,Credit Card,REFUNDED,3,515904.48,515904.48,0.00
2025-11-13,Credit Card,SUCCESS,13,4173228.64,0.00,4173228.64
2025-11-13,Debit Card,FAILED,2,410083.97,0.00,410083.97
2025-11-13,Debit Card,PENDING,2,658382.55,0.00,658382.55
2025-11-13,Debit Card,SUCCESS,6,1876130.26,0.00,1876130.26
2025-11-13,Net Banking,FAILED,3,1159291.88,0.00,1159291.88
2025-11-13,Net Banking,PENDING,1,514100.20,0.00,514100.20
2025-11-13,Net Banking,SUCCESS,14,3985440.29,0.00,3985440.29
2025-11-13,Upi,PENDING,1,379520.93,0.00,379520.93
2025-11-13,Upi,REFUNDED,4,578330.31,578330.31,0.00
2025-11-13,Upi,SUCCESS,5,1167431.24,0.00,1167431.24
2025-11-13,Wallet,FAILED,2,455774.34,0.00,455774.34
2025-11-13,Wallet,REFUNDED,1,350001.45,350001.45,0.00
2025-11-13,Wallet,SUCCESS,7,2092577.31,0.00,2092577.31
2025-11-14,Credit Card,FAILED,2,549760.73,0.00,549760.73
2025-11-14,Credit Card,PENDING,1,471632.13,0.00,471632.13
2025-11-14,Credit Card,REFUNDED,1,15978.03,15978.03,0.00
2025-11-14,Credit Card,SUCCESS,4,968206.54,0.00,968206.54
2025-11-14,Debit Card,SUCCESS,7,1717722.15,0.00,1717722.15
2025-11-14,Net Banking,FAILED,1,84576.44,0.00,84576.44
2025-11-14,Net Banking,PENDING,1,373407.87,0.00,373407.87
2025-11-14,Net Banking,REFUNDED,3,1517076.45,1517076.45,0.00
2025-11-14,Net Banking,SUCCESS,3,869906.37,0.00,869906.37
2025-11-14,Upi,FAILED,1,129674.26,0.00,129674.26
2025-11-14,Upi,PENDING,1,293197.02,0.00,293197.02
2025-11-14,Upi,REFUNDED,1,98075.68,98075.68,0.00
2025-11-14,Upi,SUCCESS,14,3567294.05,0.00,3567294.05
2025-11-14,Wallet,SUCCESS,7,2406016.50,0.00,2406016.50
2025-11-15,Credit Card,FAILED,1,147426.41,0.00,147426.41
2025-11-15,Credit Card,PENDING,1,361646.78,0.00,361646.78
2025-11-15,Credit Card,REFUNDED,1,345323.95,345323.95,0.00
2025-11-15,Credit Card,SUCCESS,5,744485.31,0.00,744485.31
2025-11-15,Debit Card,FAILED,1,280035.73,0.00,280035.73
2025-11-15,Debit Card,REFUNDED,1,125496.78,125496.78,0.00
2025-11-15,Debit Card,SUCCESS,8,2124172.51,0.00,2124172.51
2025-11-15,Net Banking,FAILED,3,1190850.87,0.00,1190850.87
2025-11-15,Net Banking,PENDING,1,234941.99,0.00,234941.99
2025-11-15,Net Banking,REFUNDED,2,118603.31,118603.31,0.00
2025-11-15,Net Banking,SUCCESS,4,1329155.87,0.00,1329155.87
2025-11-15,Upi,FAILED,2,379339.01,0.00,379339.01
2025-11-15,Upi,REFUNDED,1,152618.29,152618.29,0.00
2025-11-15,Upi,SUCCESS,6,1772630.30,0.00,1772630.30
2025-11-15,Wallet,FAILED,1,453973.04,0.00,453973.04
2025-11-15,Wallet,REFUNDED,1,263988.71,263988.71,0.00
2025-11-15,Wallet,SUCCESS,3,658812.98,0.00,658812.98
2025-11-16,Credit Card,FAILED,2,804324.95,0.00,804324.95
2025-11-16,Credit Card,REFUNDED,2,305803.52,305803.52,0.00
2025-11-16,Credit Card,SUCCESS,8,1762111.55,0.00,1762111.55
2025-11-16,Debit Card,FAILED,1,306091.76,0.00,306091.76
2025-11-16,Debit Card,REFUNDED,1,383200.93,383200.93,0.00
2025-11-16,Debit Card,SUCCESS,7,2301846.73,0.00,2301846.73
2025-11-16,Net Banking,REFUNDED,4,975275.35,975275.35,0.00
2025-11-16,Net Banking,SUCCESS,7,2028009.44,0.00,2028009.44
2025-11-16,Upi,REFUNDED,1,352152.91,352152.91,0.00
2025-11-16,Upi,SUCCESS,12,2739053.15,0.00,2739053.15
2025-11-16,Wallet,SUCCESS,12,2935032.95,0.00,2935032.95
2025-11-17,Credit Card,FAILED,1,270607.06,0.00,270607.06
2025-11-17,Credit Card,REFUNDED,2,544731.56,544731.56,0.00
2025-11-17,Credit Card,SUCCESS,12,3670408.30,0.00,3670408.30
2025-11-17,Debit Card,REFUNDED,1,6574.77,6574.77,0.00
2025-11-17,Debit Card,SUCCESS,9,1821108.85,0.00,1821108.85
2025-11-17,Net Banking,FAILED,1,448211.61,0.00,448211.61
2025-11-17,Net Banking,REFUNDED,2,129276.83,129276.83,0.00
2025-11-17,Net Banking,SUCCESS,4,625848.97,0.00,625848.97
2025-11-17,Upi,FAILED,1,197254.78,0.00,197254.78
2025-11-17,Upi,PENDING,1,14341.38,0.00,14341.38
2025-11-17,Upi,REFUNDED,1,227823.28,227823.28,0.00
2025-11-17,Upi,SUCCESS,11,1994234.19,0.00,1994234.19
2025-11-17,Wallet,FAILED,1,644407.69,0.00,644407.69
2025-11-17,Wallet,PENDING,1,337506.06,0.00,337506.06
2025-11-17,Wallet,REFUNDED,2,175340.84,175340.84,0.00
2025-11-17,Wallet,SUCCESS,5,1723165.54,0.00,1723165.54
2025-11-18,Credit Card,PENDING,1,221138.35,0.00,221138.35
2025-11-18,Credit Card,SUCCESS,6,476095.78,0.00,476095.78
2025-11-18,Debit Card,FAILED,1,196261.81,0.00,196261.81
2025-11-18,Debit Card,PENDING,1,366333.25,0.00,366333.25
2025-11-18,Debit Card,REFUNDED,1,270550.18,270550.18,0.00
2025-11-18,Debit Card,SUCCESS,10,2204953.07,0.00,2204953.07
2025-11-18,Net Banking,FAILED,2,469463.63,0.00,469463.63
2025-11-18,Net Banking,REFUNDED,4,936104.09,936104.09,0.00
2025-11-18,Net Banking,SUCCESS,5,1091193.30,0.00,1091193.30
2025-11-18,Upi,FAILED,1,251076.45,0.00,251076.45
2025-11-18,Upi,PENDING,1,95292.15,0.00,95292.15
2025-11-18,Upi,REFUNDED,1,222390.98,222390.98,0.00
2025-11-18,Upi,SUCCESS,11,2422754.09,0.00,2422754.09
2025-11-18,Wallet,REFUNDED,1,32104.89,32104.89,0.00
2025-11-18,Wallet,SUCCESS,5,777622.12,0.00,777622.12
2025-11-19,Credit Card,FAILED,3,774069.49,0.00,774069.49
2025-11-19,Credit Card,REFUNDED,1,211057.49,211057.49,0.00
2025-11-19,Credit Card,SUCCESS,6,2057308.22,0.00,2057308.22
2025-11-19,Debit Card,PENDING,2,389381.86,0.00,389381.86
2025-11-19,Debit Card,REFUNDED,2,285332.33,285332.33,0.00
2025-11-19,Debit Card,SUCCESS,10,2907744.36,0.00,2907744.36
2025-11-19,Net Banking,FAILED,1,484336.70,0.00,484336.70
2025-11-19,Net Banking,PENDING,1,272954.04,0.00,272954.04
2025-11-19,Net Banking,REFUNDED,2,1259609.66,1259609.66,0.00
2025-11-19,Net Banking,SUCCESS,4,1181784.56,0.00,1181784.56
2025-11-19,Upi,REFUNDED,1,131736.89,131736.89,0.00
2025-11-19,Upi,SUCCESS,10,2310339.47,0.00,2310339.47
2025-11-19,Wallet,FAILED,3,958109.76,0.00,958109.76
2025-11-19,Wallet,SUCCESS,7,2269673.76,0.00,2269673.76
2025-11-20,Credit Card,REFUNDED,1,201871.51,201871.51,0.00
2025-11-20,Credit Card,SUCCESS,8,2212048.67,0.00,2212048.67
2025-11-20,Debit Card,FAILED,3,1555856.91,0.00,1555856.91
2025-11-20,Debit Card,PENDING,2,614481.57,0.00,614481.57
2025-11-20,Debit Card,REFUNDED,5,708160.46,708160.46,0.00
2025-11-20,Debit Card,SUCCESS,8,1602785.26,0.00,1602785.26
2025-11-20,Net Banking,FAILED,2,29442.65,0.00,29442.65
2025-11-20,Net Banking,REFUNDED,3,1034654.37,1034654.37,0.00
2025-11-20,Net Banking,SUCCESS,4,1550806.41,0.00,1550806.41
2025-11-20,Upi,REFUNDED,2,596355.98,596355.98,0.00
2025-11-20,Upi,SUCCESS,6,1324485.56,0.00,1324485.56
2025-11-20,Wallet,REFUNDED,2,424450.23,424450.23,0.00
2025-11-20,Wallet,SUCCESS,13,3611814.88,0.00,3611814.88
2025-11-21,Credit Card,FAILED,3,759073.60,0.00,759073.60
2025-11-21,Credit Card,PENDING,2,311178.71,0.00,311178.71
2025-11-21,Credit Card,REFUNDED,2,1152567.49,1152567.49,0.00
2025-11-21,Credit Card,SUCCESS,3,414468.90,0.00,414468.90
2025-11-21,Debit Card,FAILED,1,271593.72,0.00,271593.72
2025-11-21,Debit Card,REFUNDED,4,1337260.18,1337260.18,0.00
2025-11-21,Debit Card,SUCCESS,7,2002198.27,0.00,2002198.27
2025-11-21,Net Banking,REFUNDED,1,35959.98,35959.98,0.00
2025-11-21,Net Banking,SUCCESS,7,1918412.60,0.00,1918412.60
2025-11-21,Upi,PENDING,1,116292.20,0.00,116292.20
2025-11-21,Upi,REFUNDED,2,708919.14,708919.14,0.00
2025-11-21,Upi,SUCCESS,9,2320146.41,0.00,2320146.41
2025-11-21,Wallet,FAILED,2,515673.21,0.00,515673.21
2025-11-21,Wallet,PENDING,1,95845.62,0.00,95845.62
2025-11-21,Wallet,SUCCESS,5,1266689.33,0.00,1266689.33
2025-11-22,Credit Card,REFUNDED,1,254863.54,254863.54,0.00
2025-11-22,Credit Card,SUCCESS,7,1572977.28,0.00,1572977.28
2025-11-22,Debit Card,SUCCESS,5,1372568.89,0.00,1372568.89
2025-11-22,Net Banking,FAILED,1,9560.92,0.00,9560.92
2025-11-22,Net Banking,PENDING,1,356187.36,0.00,356187.36
2025-11-22,Net Banking,REFUNDED,2,953504.29,953504.29,0.00
2025-11-22,Net Banking,SUCCESS,9,2451824.61,0.00,2451824.61
2025-11-22,Upi,FAILED,1,273488.58,0.00,273488.58
2025-11-22,Upi,PENDING,1,84426.14,0.00,84426.14
2025-11-22,Upi,REFUNDED,1,146641.51,146641.51,0.00
2025-11-22,Upi,SUCCESS,4,827803.07,0.00,827803.07
2025-11-22,Wallet,FAILED,1,57039.09,0.00,57039.09
2025-11-22,Wallet,PENDING,1,157152.34,0.00,157152.34
2025-11-22,Wallet,SUCCESS,5,1103258.49,0.00,1103258.49
2025-11-23,Credit Card,FAILED,2,263815.77,0.00,263815.77
2025-11-23,Credit Card,REFUNDED,2,280790.80,280790.80,0.00
2025-11-23,Credit Card,SUCCESS,8,2911731.32,0.00,2911731.32
2025-11-23,Debit Card,FAILED,1,135989.28,0.00,135989.28
2025-11-23,Debit Card,SUCCESS,7,2385066.18,0.00,2385066.18
2025-11-23,Net Banking,PENDING,2,534327.02,0.00,534327.02
2025-11-23,Net Banking,SUCCESS,6,1143600.53,0.00,1143600.53
2025-11-23,Upi,REFUNDED,2,907896.29,907896.29,0.00
2025-11-23,Upi,SUCCESS,9,2262147.64,0.00,2262147.64
2025-11-23,Wallet,FAILED,1,128641.11,0.00,128641.11
2025-11-23,Wallet,SUCCESS,9,2028863.48,0.00,2028863.48
2025-11-24,Credit Card,SUCCESS,8,2598962.68,0.00,2598962.68
2025-11-24,Debit Card,PENDING,2,649543.24,0.00,649543.24
2025-11-24,Debit Card,REFUNDED,3,1160477.91,1160477.91,0.00
2025-11-24,Debit Card,SUCCESS,12,2723492.77,0.00,2723492.77
2025-11-24,Net Banking,FAILED,2,541704.23,0.00,541704.23
2025-11-24,Net Banking,REFUNDED,2,1119137.67,1119137.67,0.00
2025-11-24,Net Banking,SUCCESS,4,1650350.38,0.00,1650350.38
2025-11-24,Upi,FAILED,1,633877.86,0.00,633877.86
2025-11-24,Upi,REFUNDED,1,318639.00,318639.00,0.00
2025-11-24,Upi,SUCCESS,6,1228706.13,0.00,1228706.13
2025-11-24,Wallet,FAILED,2,998968.78,0.00,998968.78
2025-11-24,Wallet,REFUNDED,2,710242.69,710242.69,0.00
2025-11-24,Wallet,SUCCESS,5,627019.77,0.00,627019.77
2025-11-25,Credit Card,FAILED,1,203890.56,0.00,203890.56
2025-11-25,Credit Card,REFUNDED,3,1138117.00,1138117.00,0.00
2025-11-25,Credit Card,SUCCESS,10,1880343.84,0.00,1880343.84
2025-11-25,Debit Card,PENDING,1,214186.90,0.00,214186.90
2025-11-25,Debit Card,REFUNDED,6,1822498.11,1822498.11,0.00
2025-11-25,Debit Card,SUCCESS,3,408688.14,0.00,408688.14
2025-11-25,Net Banking,FAILED,1,335317.59,0.00,335317.59
2025-11-25,Net Banking,PENDING,1,182647.56,0.00,182647.56
2025-11-25,Net Banking,SUCCESS,9,1733200.54,0.00,1733200.54
2025-11-25,Upi,FAILED,2,294020.40,0.00,294020.40
2025-11-25,Upi,REFUNDED,4,1204840.55,1204840.55,0.00
2025-11-25,Upi,SUCCESS,5,1366994.92,0.00,1366994.92
2025-11-25,Wallet,REFUNDED,2,942486.69,942486.69,0.00
2025-11-25,Wallet,SUCCESS,9,2859357.00,0.00,2859357.00
2025-11-26,Credit Card,SUCCESS,12,2778674.62,0.00,2778674.62
2025-11-26,Debit Card,FAILED,2,206308.67,0.00,206308.67
2025-11-26,Debit Card,PENDING,1,149550.23,0.00,149550.23
2025-11-26,Debit Card,REFUNDED,2,517060.58,517060.58,0.00
2025-11-26,Debit Card,SUCCESS,7,2001642.17,0.00,2001642.17
2025-11-26,Net Banking,PENDING,1,319156.65,0.00,319156.65
2025-11-26,Net Banking,REFUNDED,2,1230787.46,1230787.46,0.00
2025-11-26,Net Banking,SUCCESS,6,1044781.53,0.00,1044781.53
2025-11-26,Upi,FAILED,1,276441.82,0.00,276441.82
2025-11-26,Upi,PENDING,1,434801.05,0.00,434801.05
2025-11-26,Upi,REFUNDED,3,279157.55,279157.55,0.00
2025-11-26,Upi,SUCCESS,12,3358301.28,0.00,3358301.28
2025-11-26,Wallet,FAILED,1,546223.79,0.00,546223.79
2025-11-26,Wallet,PENDING,4,904553.28,0.00,904553.28
2025-11-26,Wallet,REFUNDED,2,534368.84,534368.84,0.00
2025-11-26,Wallet,SUCCESS,10,2719514.60,0.00,2719514.60
2025-11-27,Credit Card,FAILED,2,683285.22,0.00,683285.22
2025-11-27,Credit Card,REFUNDED,3,1037958.01,1037958.01,0.00
2025-11-27,Credit Card,SUCCESS,4,1630723.86,0.00,1630723.86
2025-11-27,Debit Card,FAILED,1,450723.14,0.00,450723.14
2025-11-27,Debit Card,REFUNDED,2,769521.73,769521.73,0.00
2025-11-27,Debit Card,SUCCESS,6,1201962.79,0.00,1201962.79
2025-11-27,Net Banking,FAILED,3,703294.80,0.00,703294.80
2025-11-27,Net Banking,PENDING,1,50508.33,0.00,50508.33
2025-11-27,Net Banking,SUCCESS,9,2901999.15,0.00,2901999.15
2025-11-27,Upi,FAILED,1,182308.76,0.00,182308.76
2025-11-27,Upi,REFUNDED,2,712810.27,712810.27,0.00
2025-11-27,Upi,SUCCESS,8,1841076.78,0.00,1841076.78
2025-11-27,Wallet,FAILED,2,643073.35,0.00,643073.35
2025-11-27,Wallet,REFUNDED,1,105995.11,105995.11,0.00
2025-11-27,Wallet,SUCCESS,9,2821741.86,0.00,2821741.86
2025-11-28,Credit Card,FAILED,1,289176.88,0.00,289176.88
2025-11-28,Credit Card,REFUNDED,3,949778.88,949778.88,0.00
2025-11-28,Credit Card,SUCCESS,7,1497601.83,0.00,1497601.83
2025-11-28,Debit Card,FAILED,1,240318.10,0.00,240318.10
2025-11-28,Debit Card,SUCCESS,7,1466931.07,0.00,1466931.07
2025-11-28,Net Banking,FAILED,1,322123.98,0.00,322123.98
2025-11-28,Net Banking,PENDING,2,352135.84,0.00,352135.84
2025-11-28,Net Banking,SUCCESS,12,2483027.63,0.00,2483027.63
2025-11-28,Upi,FAILED,1,27557.44,0.00,27557.44
2025-11-28,Upi,REFUNDED,2,871562.06,871562.06,0.00
2025-11-28,Upi,SUCCESS,6,2160207.50,0.00,2160207.50
2025-11-28,Wallet,FAILED,2,314917.27,0.00,314917.27
2025-11-28,Wallet,REFUNDED,1,84888.04,84888.04,0.00
2025-11-28,Wallet,SUCCESS,9,2700886.66,0.00,2700886.66
2025-11-29,Credit Card,REFUNDED,1,584256.30,584256.30,0.00
2025-11-29,Credit Card,SUCCESS,8,1877483.89,0.00,1877483.89
2025-11-29,Debit Card,FAILED,1,203200.69,0.00,203200.69
2025-11-29,Debit Card,PENDING,3,1208594.32,0.00,1208594.32
2025-11-29,Debit Card,SUCCESS,10,3463266.37,0.00,3463266.37
2025-11-29,Net Banking,REFUNDED,1,521321.28,521321.28,0.00
2025-11-29,Net Banking,SUCCESS,10,2682312.89,0.00,2682312.89
2025-11-29,Upi,FAILED,1,68053.50,0.00,68053.50
2025-11-29,Upi,PENDING,1,53448.88,0.00,53448.88
2025-11-29,Upi,REFUNDED,4,920043.20,920043.20,0.00
2025-11-29,Upi,SUCCESS,11,3827755.04,0.00,3827755.04
2025-11-29,Wallet,FAILED,1,566695.42,0.00,566695.42
2025-11-29,Wallet,REFUNDED,1,562757.04,562757.04,0.00
2025-11-29,Wallet,SUCCESS,7,1938056.52,0.00,1938056.52
2025-11-30,Credit Card,FAILED,1,615098.30,0.00,615098.30
2025-11-30,Credit Card,PENDING,1,303501.61,0.00,303501.61
2025-11-30,Credit Card,REFUNDED,1,123138.47,123138.47,0.00
2025-11-30,Credit Card,SUCCESS,6,1756200.18,0.00,1756200.18
2025-11-30,Debit Card,REFUNDED,4,262125.61,262125.61,0.00
2025-11-30,Debit Card,SUCCESS,6,1516663.51,0.00,1516663.51
2025-11-30,Net Banking,REFUNDED,3,366940.49,366940.49,0.00
2025-11-30,Net Banking,SUCCESS,6,1737743.18,0.00,1737743.18
2025-11-30,Upi,PENDING,1,124940.07,0.00,124940.07
2025-11-30,Upi,REFUNDED,4,854989.95,854989.95,0.00
2025-11-30,Upi,SUCCESS,1,485489.54,0.00,485489.54
2025-11-30,Wallet,FAILED,3,1211610.31,0.00,1211610.31
2025-11-30,Wallet,REFUNDED,2,484385.54,484385.54,0.00
2025-11-30,Wallet,SUCCESS,10,3128958.92,0.00,3128958.92
2025-12-01,Credit Card,FAILED,1,41014.05,0.00,41014.05
2025-12-01,Credit Card,SUCCESS,2,285516.63,0.00,285516.63
2025-12-01,Debit Card,PENDING,1,278972.68,0.00,278972.68
2025-12-01,Debit Card,SUCCESS,8,1351042.20,0.00,1351042.20
2025-12-01,Net Banking,FAILED,1,10953.60,0.00,10953.60
2025-12-01,Net Banking,PENDING,1,179626.83,0.00,179626.83
2025-12-01,Net Banking,REFUNDED,1,262430.59,262430.59,0.00
2025-12-01,Net Banking,SUCCESS,8,1197812.18,0.00,1197812.18
2025-12-01,Upi,FAILED,1,138226.54,0.00,138226.54
2025-12-01,Upi,REFUNDED,2,687442.80,687442.80,0.00
2025-12-01,Upi,SUCCESS,11,1973140.30,0.00,1973140.30
2025-12-01,Wallet,FAILED,1,139670.44,0.00,139670.44
2025-12-01,Wallet,SUCCESS,10,2328092.02,0.00,2328092.02
2025-12-02,Credit Card,FAILED,1,402906.86,0.00,402906.86
2025-12-02,Credit Card,REFUNDED,2,465333.58,465333.58,0.00
2025-12-02,Credit Card,SUCCESS,12,3296058.84,0.00,3296058.84
2025-12-02,Debit Card,FAILED,2,383638.76,0.00,383638.76
2025-12-02,Debit Card,SUCCESS,5,1568201.52,0.00,1568201.52
2025-12-02,Net Banking,FAILED,2,846653.25,0.00,846653.25
2025-12-02,Net Banking,REFUNDED,3,1117112.79,1117112.79,0.00
2025-12-02,Net Banking,SUCCESS,8,2810540.88,0.00,2810540.88
2025-12-02,Upi,FAILED,1,610354.69,0.00,610354.69
2025-12-02,Upi,REFUNDED,1,462843.15,462843.15,0.00
2025-12-02,Upi,SUCCESS,7,2341454.50,0.00,2341454.50
2025-12-02,Wallet,FAILED,3,372654.70,0.00,372654.70
2025-12-02,Wallet,PENDING,1,313117.05,0.00,313117.05
2025-12-02,Wallet,REFUNDED,2,218845.48,218845.48,0.00
2025-12-02,Wallet,SUCCESS,3,735127.10,0.00,735127.10
2025-12-03,Credit Card,REFUNDED,2,194885.39,194885.39,0.00
2025-12-03,Credit Card,SUCCESS,12,3655992.91,0.00,3655992.91
2025-12-03,Debit Card,FAILED,1,446630.98,0.00,446630.98
2025-12-03,Debit Card,PENDING,2,516274.22,0.00,516274.22
2025-12-03,Debit Card,REFUNDED,2,468932.66,468932.66,0.00
2025-12-03,Debit Card,SUCCESS,9,3019017.65,0.00,3019017.65
2025-12-03,Net Banking,FAILED,3,698039.50,0.00,698039.50
2025-12-03,Net Banking,SUCCESS,7,1455807.16,0.00,1455807.16
2025-12-03,Upi,FAILED,4,508933.94,0.00,508933.94
2025-12-03,Upi,REFUNDED,1,134434.21,134434.21,0.00
2025-12-03,Upi,SUCCESS,5,1197546.29,0.00,1197546.29
2025-12-03,Wallet,FAILED,1,188189.26,0.00,188189.26
2025-12-03,Wallet,REFUNDED,2,413377.74,413377.74,0.00
2025-12-03,Wallet,SUCCESS,9,2440347.90,0.00,2440347.90
2025-12-04,Credit Card,FAILED,1,205962.10,0.00,205962.10
2025-12-04,Credit Card,PENDING,1,103485.85,0.00,103485.85
2025-12-04,Credit Card,REFUNDED,3,1057083.49,1057083.49,0.00
2025-12-04,Credit Card,SUCCESS,5,1704081.64,0.00,1704081.64
2025-12-04,Debit Card,FAILED,1,236904.64,0.00,236904.64
2025-12-04,Debit Card,REFUNDED,1,172737.07,172737.07,0.00
2025-12-04,Debit Card,SUCCESS,11,4019011.02,0.00,4019011.02
2025-12-04,Net Banking,FAILED,2,819325.66,0.00,819325.66
2025-12-04,Net Banking,REFUNDED,2,334829.59,334829.59,0.00
2025-12-04,Net Banking,SUCCESS,5,1503956.55,0.00,1503956.55
2025-12-04,Upi,FAILED,1,1754.67,0.00,1754.67
2025-12-04,Upi,PENDING,1,153986.13,0.00,153986.13
2025-12-04,Upi,REFUNDED,2,577120.00,577120.00,0.00
2025-12-04,Upi,SUCCESS,5,1101273.00,0.00,1101273.00
2025-12-04,Wallet,FAILED,1,241244.05,0.00,241244.05
2025-12-04,Wallet,REFUNDED,1,64342.78,64342.78,0.00
2025-12-04,Wallet,SUCCESS,6,2402286.86,0.00,2402286.86
2025-12-05,Credit Card,PENDING,1,34009.35,0.00,34009.35
2025-12-05,Credit Card,REFUNDED,2,316436.37,316436.37,0.00
2025-12-05,Credit Card,SUCCESS,3,899860.48,0.00,899860.48
2025-12-05,Debit Card,REFUNDED,3,1089217.03,1089217.03,0.00
2025-12-05,Debit Card,SUCCESS,7,1075820.81,0.00,1075820.81
2025-12-05,Net Banking,FAILED,1,392697.88,0.00,392697.88
2025-12-05,Net Banking,REFUNDED,3,564712.03,564712.03,0.00
2025-12-05,Net Banking,SUCCESS,6,2283036.62,0.00,2283036.62
2025-12-05,Upi,SUCCESS,9,2007085.25,0.00,2007085.25
2025-12-05,Wallet,FAILED,2,633074.70,0.00,633074.70
2025-12-05,Wallet,REFUNDED,3,415510.49,415510.49,0.00
2025-12-05,Wallet,SUCCESS,5,1563580.87,0.00,1563580.87
2025-12-06,Credit Card,REFUNDED,4,770008.73,770008.73,0.00
2025-12-06,Credit Card,SUCCESS,7,1804058.95,0.00,1804058.95
2025-12-06,Debit Card,PENDING,1,66912.68,0.00,66912.68
2025-12-06,Debit Card,REFUNDED,2,588371.93,588371.93,0.00
2025-12-06,Debit Card,SUCCESS,7,1837837.92,0.00,1837837.92
2025-12-06,Net Banking,FAILED,2,700128.40,0.00,700128.40
2025-12-06,Net Banking,REFUNDED,1,46026.06,46026.06,0.00
2025-12-06,Net Banking,SUCCESS,5,1653783.45,0.00,1653783.45
2025-12-06,Upi,FAILED,2,556005.72,0.00,556005.72
2025-12-06,Upi,PENDING,1,222903.50,0.00,222903.50
2025-12-06,Upi,REFUNDED,1,91523.49,91523.49,0.00
2025-12-06,Upi,SUCCESS,5,1442585.54,0.00,1442585.54
2025-12-06,Wallet,REFUNDED,2,605644.04,605644.04,0.00
2025-12-06,Wallet,SUCCESS,9,2224352.26,0.00,2224352.26
2025-12-07,Credit Card,FAILED,2,621050.10,0.00,621050.10
2025-12-07,Credit Card,PENDING,1,2238.78,0.00,2238.78
2025-12-07,Credit Card,REFUNDED,4,858626.26,858626.26,0.00
2025-12-07,Credit Card,SUCCESS,7,1769337.58,0.00,1769337.58
2025-12-07,Debit Card,FAILED,1,313763.87,0.00,313763.87
2025-12-07,Debit Card,REFUNDED,4,394840.41,394840.41,0.00
2025-12-07,Debit Card,SUCCESS,6,1680705.42,0.00,1680705.42
2025-12-07,Net Banking,FAILED,1,246632.71,0.00,246632.71
2025-12-07,Net Banking,REFUNDED,2,525144.33,525144.33,0.00
2025-12-07,Net Banking,SUCCESS,8,1767200.46,0.00,1767200.46
2025-12-07,Upi,FAILED,1,58937.29,0.00,58937.29
2025-12-07,Upi,PENDING,1,332211.26,0.00,332211.26
2025-12-07,Upi,REFUNDED,1,359301.16,359301.16,0.00
2025-12-07,Upi,SUCCESS,11,2937149.41,0.00,2937149.41
2025-12-07,Wallet,PENDING,1,155706.22,0.00,155706.22
2025-12-07,Wallet,REFUNDED,2,590930.63,590930.63,0.00
2025-12-07,Wallet,SUCCESS,6,1465469.38,0.00,1465469.38
2025-12-08,Credit Card,REFUNDED,3,596148.34,596148.34,0.00
2025-12-08,Credit Card,SUCCESS,3,615331.82,0.00,615331.82
2025-12-08,Debit Card,FAILED,1,243728.66,0.00,243728.66
2025-12-08,Debit Card,REFUNDED,1,199760.89,199760.89,0.00
2025-12-08,Debit Card,SUCCESS,9,2356514.73,0.00,2356514.73
2025-12-08,Net Banking,FAILED,1,380226.34,0.00,380226.34
2025-12-08,Net Banking,PENDING,1,73248.76,0.00,73248.76
2025-12-08,Net Banking,SUCCESS,6,1825247.55,0.00,1825247.55
2025-12-08,Upi,SUCCESS,8,1855119.16,0.00,1855119.16
2025-12-08,Wallet,FAILED,4,1448384.85,0.00,1448384.85
2025-12-08,Wallet,PENDING,1,62662.12,0.00,62662.12
2025-12-08,Wallet,REFUNDED,1,230135.07,230135.07,0.00
2025-12-08,Wallet,SUCCESS,6,1565201.50,0.00,1565201.50
2025-12-09,Credit Card,FAILED,2,386201.73,0.00,386201.73
2025-12-09,Credit Card,PENDING,1,218856.53,0.00,218856.53
2025-12-09,Credit Card,SUCCESS,11,2954157.39,0.00,2954157.39
2025-12-09,Debit Card,FAILED,1,317537.32,0.00,317537.32
2025-12-09,Debit Card,REFUNDED,1,99052.71,99052.71,0.00
2025-12-09,Debit Card,SUCCESS,17,5794767.77,0.00,5794767.77
2025-12-09,Net Banking,FAILED,3,879060.55,0.00,879060.55
2025-12-09,Net Banking,SUCCESS,5,970026.96,0.00,970026.96
2025-12-09,Upi,FAILED,1,183002.30,0.00,183002.30
2025-12-09,Upi,REFUNDED,1,352525.26,352525.26,0.00
2025-12-09,Upi,SUCCESS,8,2590340.45,0.00,2590340.45
2025-12-09,Wallet,FAILED,2,397151.79,0.00,397151.79
2025-12-09,Wallet,REFUNDED,2,1033327.51,1033327.51,0.00
2025-12-09,Wallet,SUCCESS,9,2102300.09,0.00,2102300.09
2025-12-10,Credit Card,PENDING,1,205625.67,0.00,205625.67
2025-12-10,Credit Card,REFUNDED,3,527450.77,527450.77,0.00
2025-12-10,Credit Card,SUCCESS,9,2868138.69,0.00,2868138.69
2025-12-10,Debit Card,FAILED,1,283737.41,0.00,283737.41
2025-12-10,Debit Card,REFUNDED,1,278619.02,278619.02,0.00
2025-12-10,Debit Card,SUCCESS,7,1782265.34,0.00,1782265.34
2025-12-10,Net Banking,FAILED,3,355018.41,0.00,355018.41
2025-12-10,Net Banking,PENDING,1,180829.83,0.00,180829.83
2025-12-10,Net Banking,REFUNDED,4,1513032.08,1513032.08,0.00
2025-12-10,Net Banking,SUCCESS,10,2548012.43,0.00,2548012.43
2025-12-10,Upi,SUCCESS,5,892864.15,0.00,892864.15
2025-12-10,Wallet,FAILED,2,903220.52,0.00,903220.52
2025-12-10,Wallet,PENDING,1,260080.75,0.00,260080.75
2025-12-10,Wallet,SUCCESS,7,2173955.51,0.00,2173955.51
2025-12-11,Credit Card,FAILED,2,938232.36,0.00,938232.36
2025-12-11,Credit Card,REFUNDED,2,396709.44,396709.44,0.00
2025-12-11,Credit Card,SUCCESS,3,1167025.65,0.00,1167025.65
2025-12-11,Debit Card,REFUNDED,2,209084.79,209084.79,0.00
2025-12-11,Debit Card,SUCCESS,9,2891148.48,0.00,2891148.48
2025-12-11,Net Banking,FAILED,1,451577.86,0.00,451577.86
2025-12-11,Net Banking,PENDING,1,6115.00,0.00,6115.00
2025-12-11,Net Banking,REFUNDED,1,426892.45,426892.45,0.00
2025-12-11,Net Banking,SUCCESS,9,2610380.72,0.00,2610380.72
2025-12-11,Upi,FAILED,1,288649.70,0.00,288649.70
2025-12-11,Upi,REFUNDED,2,483291.70,483291.70,0.00
2025-12-11,Upi,SUCCESS,7,2032185.86,0.00,2032185.86
2025-12-11,Wallet,FAILED,1,535030.66,0.00,535030.66
2025-12-11,Wallet,REFUNDED,3,1184845.23,1184845.23,0.00
2025-12-11,Wallet,SUCCESS,7,1106052.90,0.00,1106052.90
2025-12-12,Credit Card,PENDING,1,448017.50,0.00,448017.50
2025-12-12,Credit Card,REFUNDED,3,508355.52,508355.52,0.00
2025-12-12,Credit Card,SUCCESS,13,3226060.02,0.00,3226060.02
2025-12-12,Debit Card,REFUNDED,2,587093.07,587093.07,0.00
2025-12-12,Debit Card,SUCCESS,10,2282445.00,0.00,2282445.00
2025-12-12,Net Banking,FAILED,1,95959.93,0.00,95959.93
2025-12-12,Net Banking,PENDING,1,362294.01,0.00,362294.01
2025-12-12,Net Banking,REFUNDED,2,550522.22,550522.22,0.00
2025-12-12,Net Banking,SUCCESS,4,1256263.22,0.00,1256263.22
2025-12-12,Upi,FAILED,1,51940.95,0.00,51940.95
2025-12-12,Upi,REFUNDED,5,1314741.46,1314741.46,0.00
2025-12-12,Upi,SUCCESS,5,1321596.21,0.00,1321596.21
2025-12-12,Wallet,FAILED,2,258031.40,0.00,258031.40
2025-12-12,Wallet,PENDING,1,259878.33,0.00,259878.33
2025-12-12,Wallet,REFUNDED,2,471975.86,471975.86,0.00
2025-12-12,Wallet,SUCCESS,4,1379375.82,0.00,1379375.82
2025-12-13,Credit Card,FAILED,1,350745.99,0.00,350745.99
2025-12-13,Credit Card,REFUNDED,3,944392.66,944392.66,0.00
2025-12-13,Credit Card,SUCCESS,6,1420448.73,0.00,1420448.73
2025-12-13,Debit Card,FAILED,2,644819.51,0.00,644819.51
2025-12-13,Debit Card,SUCCESS,9,2780343.03,0.00,2780343.03
2025-12-13,Net Banking,FAILED,3,588711.02,0.00,588711.02
2025-12-13,Net Banking,PENDING,2,1080007.05,0.00,1080007.05
2025-12-13,Net Banking,REFUNDED,2,330496.17,330496.17,0.00
2025-12-13,Net Banking,SUCCESS,8,1984008.67,0.00,1984008.67
2025-12-13,Upi,REFUNDED,1,232349.56,232349.56,0.00
2025-12-13,Upi,SUCCESS,11,3545248.32,0.00,3545248.32
2025-12-13,Wallet,FAILED,2,119151.73,0.00,119151.73
2025-12-13,Wallet,PENDING,1,167816.90,0.00,167816.90
2025-12-13,Wallet,REFUNDED,4,1581645.46,1581645.46,0.00
2025-12-13,Wallet,SUCCESS,4,1192065.43,0.00,1192065.43
2025-12-14,Credit Card,FAILED,2,87517.45,0.00,87517.45
2025-12-14,Credit Card,PENDING,1,310550.64,0.00,310550.64
2025-12-14,Credit Card,REFUNDED,1,535991.49,535991.49,0.00
2025-12-14,Credit Card,SUCCESS,6,2071926.66,0.00,2071926.66
2025-12-14,Debit Card,SUCCESS,7,1341727.83,0.00,1341727.83
2025-12-14,Net Banking,REFUNDED,2,275470.93,275470.93,0.00
2025-12-14,Net Banking,SUCCESS,7,2170886.59,0.00,2170886.59
2025-12-14,Upi,FAILED,3,1063231.87,0.00,1063231.87
2025-12-14,Upi,SUCCESS,9,1393008.19,0.00,1393008.19
2025-12-14,Wallet,FAILED,1,67343.48,0.00,67343.48
2025-12-14,Wallet,PENDING,1,467314.01,0.00,467314.01
2025-12-14,Wallet,REFUNDED,1,300253.38,300253.38,0.00
2025-12-14,Wallet,SUCCESS,5,1330020.63,0.00,1330020.63
2025-12-15,Credit Card,FAILED,1,4207.95,0.00,4207.95
2025-12-15,Credit Card,SUCCESS,13,4631556.09,0.00,4631556.09
2025-12-15,Debit Card,FAILED,1,506910.78,0.00,506910.78
2025-12-15,Debit Card,REFUNDED,1,229625.74,229625.74,0.00
2025-12-15,Debit Card,SUCCESS,3,891423.85,0.00,891423.85
2025-12-15,Net Banking,REFUNDED,2,626164.68,626164.68,0.00
2025-12-15,Net Banking,SUCCESS,8,1194127.20,0.00,1194127.20
2025-12-15,Upi,FAILED,3,1574317.64,0.00,1574317.64
2025-12-15,Upi,REFUNDED,2,604539.91,604539.91,0.00
2025-12-15,Upi,SUCCESS,9,2304551.48,0.00,2304551.48
2025-12-15,Wallet,FAILED,2,1147256.87,0.00,1147256.87
2025-12-15,Wallet,REFUNDED,2,473402.43,473402.43,0.00
2025-12-15,Wallet,SUCCESS,9,2360478.15,0.00,2360478.15
2025-12-16,Credit Card,FAILED,1,82639.01,0.00,82639.01
2025-12-16,Credit Card,SUCCESS,12,3449797.43,0.00,3449797.43
2025-12-16,Debit Card,FAILED,1,334092.77,0.00,334092.77
2025-12-16,Debit Card,REFUNDED,3,1151517.10,1151517.10,0.00
2025-12-16,Debit Card,SUCCESS,10,2694093.43,0.00,2694093.43
2025-12-16,Net Banking,FAILED,1,16972.26,0.00,16972.26
2025-12-16,Net Banking,SUCCESS,2,153544.12,0.00,153544.12
2025-12-16,Upi,FAILED,3,608522.64,0.00,608522.64
2025-12-16,Upi,SUCCESS,6,1056094.06,0.00,1056094.06
2025-12-16,Wallet,REFUNDED,1,204155.60,204155.60,0.00
2025-12-16,Wallet,SUCCESS,8,1627299.50,0.00,1627299.50
2025-12-17,Credit Card,FAILED,1,338231.59,0.00,338231.59
2025-12-17,Credit Card,REFUNDED,1,255912.24,255912.24,0.00
2025-12-17,Credit Card,SUCCESS,11,2535874.00,0.00,2535874.00
2025-12-17,Debit Card,FAILED,1,26665.61,0.00,26665.61
2025-12-17,Debit Card,PENDING,1,199071.93,0.00,199071.93
2025-12-17,Debit Card,REFUNDED,1,155963.03,155963.03,0.00
2025-12-17,Debit Card,SUCCESS,7,2478886.50,0.00,2478886.50
2025-12-17,Net Banking,REFUNDED,1,151228.21,151228.21,0.00
2025-12-17,Net Banking,SUCCESS,8,1378110.23,0.00,1378110.23
2025-12-17,Upi,FAILED,1,386326.36,0.00,386326.36
2025-12-17,Upi,REFUNDED,3,612995.19,612995.19,0.00
2025-12-17,Upi,SUCCESS,11,2242485.21,0.00,2242485.21
2025-12-17,Wallet,SUCCESS,10,2263501.97,0.00,2263501.97
2025-12-18,Credit Card,REFUNDED,1,342300.40,342300.40,0.00
2025-12-18,Credit Card,SUCCESS,9,2607275.32,0.00,2607275.32
2025-12-18,Debit Card,FAILED,1,427671.13,0.00,427671.13
2025-12-18,Debit Card,REFUNDED,2,482195.65,482195.65,0.00
2025-12-18,Debit Card,SUCCESS,14,3967657.28,0.00,3967657.28
2025-12-18,Net Banking,PENDING,1,353133.04,0.00,353133.04
2025-12-18,Net Banking,REFUNDED,1,141024.30,141024.30,0.00
2025-12-18,Net Banking,SUCCESS,2,203638.54,0.00,203638.54
2025-12-18,Upi,FAILED,2,950998.00,0.00,950998.00
2025-12-18,Upi,SUCCESS,10,2083716.98,0.00,2083716.98
2025-12-18,Wallet,FAILED,1,297903.56,0.00,297903.56
2025-12-18,Wallet,SUCCESS,5,1692218.19,0.00,1692218.19
2025-12-19,Credit Card,FAILED,1,261831.64,0.00,261831.64
2025-12-19,Credit Card,REFUNDED,1,50738.10,50738.10,0.00
2025-12-19,Credit Card,SUCCESS,8,2000572.87,0.00,2000572.87
2025-12-19,Debit Card,FAILED,1,98721.36,0.00,98721.36
2025-12-19,Debit Card,SUCCESS,9,2785585.76,0.00,2785585.76
2025-12-19,Net Banking,FAILED,1,41887.09,0.00,41887.09
2025-12-19,Net Banking,REFUNDED,4,1123105.50,1123105.50,0.00
2025-12-19,Net Banking,SUCCESS,4,848524.49,0.00,848524.49
2025-12-19,Upi,REFUNDED,3,875626.95,875626.95,0.00
2025-12-19,Upi,SUCCESS,7,1763446.88,0.00,1763446.88
2025-12-19,Wallet,FAILED,3,959677.95,0.00,959677.95
2025-12-19,Wallet,SUCCESS,4,1002503.26,0.00,1002503.26
2025-12-20,Credit Card,FAILED,2,379520.04,0.00,379520.04
2025-12-20,Credit Card,REFUNDED,2,1047289.36,1047289.36,0.00
2025-12-20,Credit Card,SUCCESS,10,2194964.66,0.00,2194964.66
2025-12-20,Debit Card,FAILED,1,100107.61,0.00,100107.61
2025-12-20,Debit Card,PENDING,1,435180.85,0.00,435180.85
2025-12-20,Debit Card,REFUNDED,1,1360.58,1360.58,0.00
2025-12-20,Debit Card,SUCCESS,7,1473956.69,0.00,1473956.69
2025-12-20,Net Banking,FAILED,2,664223.28,0.00,664223.28
2025-12-20,Net Banking,REFUNDED,2,517232.74,517232.74,0.00
2025-12-20,Net Banking,SUCCESS,5,1292924.72,0.00,1292924.72
2025-12-20,Upi,REFUNDED,2,464990.12,464990.12,0.00
2025-12-20,Upi,SUCCESS,11,3017154.09,0.00,3017154.09
2025-12-20,Wallet,FAILED,1,189324.51,0.00,189324.51
2025-12-20,Wallet,REFUNDED,2,433103.27,433103.27,0.00
2025-12-20,Wallet,SUCCESS,4,871215.01,0.00,871215.01
2025-12-21,Credit Card,PENDING,1,204445.08,0.00,204445.08
2025-12-21,Credit Card,REFUNDED,1,19594.34,19594.34,0.00
2025-12-21,Credit Card,SUCCESS,16,3739327.50,0.00,3739327.50
2025-12-21,Debit Card,FAILED,1,557397.47,0.00,557397.47
2025-12-21,Debit Card,PENDING,2,466706.32,0.00,466706.32
2025-12-21,Debit Card,REFUNDED,3,702975.16,702975.16,0.00
2025-12-21,Debit Card,SUCCESS,7,1536310.20,0.00,1536310.20
2025-12-21,Net Banking,REFUNDED,2,281183.45,281183.45,0.00
2025-12-21,Net Banking,SUCCESS,4,1566244.80,0.00,1566244.80
2025-12-21,Upi,PENDING,1,98474.05,0.00,98474.05
2025-12-21,Upi,REFUNDED,4,1200902.47,1200902.47,0.00
2025-12-21,Upi,SUCCESS,7,1870888.04,0.00,1870888.04
2025-12-21,Wallet,FAILED,1,152487.69,0.00,152487.69
2025-12-21,Wallet,SUCCESS,10,2633547.12,0.00,2633547.12
2025-12-22,Credit Card,FAILED,1,159456.73,0.00,159456.73
2025-12-22,Credit Card,SUCCESS,10,2476173.25,0.00,2476173.25
2025-12-22,Debit Card,FAILED,2,775481.72,0.00,775481.72
2025-12-22,Debit Card,PENDING,1,293823.91,0.00,293823.91
2025-12-22,Debit Card,REFUNDED,1,64266.23,64266.23,0.00
2025-12-22,Debit Card,SUCCESS,10,1567345.50,0.00,1567345.50
2025-12-22,Net Banking,PENDING,1,151347.88,0.00,151347.88
2025-12-22,Net Banking,SUCCESS,6,1708486.37,0.00,1708486.37
2025-12-22,Upi,FAILED,1,298958.49,0.00,298958.49
2025-12-22,Upi,REFUNDED,1,125670.91,125670.91,0.00
2025-12-22,Upi,SUCCESS,9,2839546.77,0.00,2839546.77
2025-12-22,Wallet,REFUNDED,2,655444.40,655444.40,0.00
2025-12-22,Wallet,SUCCESS,7,1247905.52,0.00,1247905.52
2025-12-23,Credit Card,SUCCESS,8,2932666.76,0.00,2932666.76
2025-12-23,Debit Card,REFUNDED,2,149348.06,149348.06,0.00
2025-12-23,Debit Card,SUCCESS,6,1209347.28,0.00,1209347.28
2025-12-23,Net Banking,FAILED,3,639417.93,0.00,639417.93
2025-12-23,Net Banking,SUCCESS,3,976732.60,0.00,976732.60
2025-12-23,Upi,FAILED,1,49528.43,0.00,49528.43
2025-12-23,Upi,PENDING,1,482300.01,0.00,482300.01
2025-12-23,Upi,SUCCESS,10,2678742.41,0.00,2678742.41
2025-12-23,Wallet,FAILED,1,206477.47,0.00,206477.47
2025-12-23,Wallet,REFUNDED,1,186091.60,186091.60,0.00
2025-12-23,Wallet,SUCCESS,10,2281740.82,0.00,2281740.82
2025-12-24,Credit Card,REFUNDED,2,274749.14,274749.14,0.00
2025-12-24,Credit Card,SUCCESS,5,1711390.18,0.00,1711390.18
2025-12-24,Debit Card,FAILED,2,592260.80,0.00,592260.80
2025-12-24,Debit Card,PENDING,1,444160.79,0.00,444160.79
2025-12-24,Debit Card,SUCCESS,3,390976.98,0.00,390976.98
2025-12-24,Net Banking,REFUNDED,2,526177.66,526177.66,0.00
2025-12-24,Net Banking,SUCCESS,7,1307094.76,0.00,1307094.76
2025-12-24,Upi,FAILED,1,410217.62,0.00,410217.62
2025-12-24,Upi,SUCCESS,8,2213453.32,0.00,2213453.32
2025-12-24,Wallet,PENDING,2,510058.00,0.00,510058.00
2025-12-24,Wallet,REFUNDED,2,501693.82,501693.82,0.00
2025-12-24,Wallet,SUCCESS,3,959321.20,0.00,959321.20
2025-12-25,Credit Card,REFUNDED,4,864751.06,864751.06,0.00
2025-12-25,Credit Card,SUCCESS,6,1750967.74,0.00,1750967.74
2025-12-25,Debit Card,REFUNDED,2,471241.64,471241.64,0.00
2025-12-25,Debit Card,SUCCESS,7,2306978.72,0.00,2306978.72
2025-12-25,Net Banking,FAILED,3,450157.04,0.00,450157.04
2025-12-25,Net Banking,REFUNDED,2,696386.41,696386.41,0.00
2025-12-25,Net Banking,SUCCESS,4,1411415.11,0.00,1411415.11
2025-12-25,Upi,FAILED,3,1045345.75,0.00,1045345.75
2025-12-25,Upi,REFUNDED,1,187083.48,187083.48,0.00
2025-12-25,Upi,SUCCESS,5,1258983.91,0.00,1258983.91
2025-12-25,Wallet,FAILED,1,365083.76,0.00,365083.76
2025-12-25,Wallet,SUCCESS,9,3249153.64,0.00,3249153.64
2025-12-26,Credit Card,REFUNDED,3,605290.98,605290.98,0.00
2025-12-26,Credit Card,SUCCESS,11,2806267.52,0.00,2806267.52
2025-12-26,Debit Card,PENDING,2,600352.37,0.00,600352.37
2025-12-26,Debit Card,REFUNDED,1,1811.33,1811.33,0.00
2025-12-26,Debit Card,SUCCESS,10,2260300.51,0.00,2260300.51
2025-12-26,Net Banking,FAILED,1,178965.78,0.00,178965.78
2025-12-26,Net Banking,PENDING,2,447782.73,0.00,447782.73
2025-12-26,Net Banking,REFUNDED,2,581737.68,581737.68,0.00
2025-12-26,Net Banking,SUCCESS,9,2586994.00,0.00,2586994.00
2025-12-26,Upi,REFUNDED,3,562426.16,562426.16,0.00
2025-12-26,Upi,SUCCESS,5,691241.85,0.00,691241.85
2025-12-26,Wallet,FAILED,1,226906.14,0.00,226906.14
2025-12-26,Wallet,PENDING,1,80638.81,0.00,80638.81
2025-12-26,Wallet,REFUNDED,2,736137.32,736137.32,0.00
2025-12-26,Wallet,SUCCESS,5,1393556.88,0.00,1393556.88
2025-12-27,Credit Card,FAILED,2,479790.13,0.00,479790.13
2025-12-27,Credit Card,REFUNDED,1,370981.22,370981.22,0.00
2025-12-27,Credit Card,SUCCESS,9,3085372.80,0.00,3085372.80
2025-12-27,Debit Card,FAILED,1,131190.04,0.00,131190.04
2025-12-27,Debit Card,REFUNDED,2,73979.39,73979.39,0.00
2025-12-27,Debit Card,SUCCESS,11,2955475.36,0.00,2955475.36
2025-12-27,Net Banking,REFUNDED,1,510768.65,510768.65,0.00
2025-12-27,Net Banking,SUCCESS,12,3445688.32,0.00,3445688.32
2025-12-27,Upi,REFUNDED,2,404393.10,404393.10,0.00
2025-12-27,Upi,SUCCESS,9,2597931.38,0.00,2597931.38
2025-12-27,Wallet,REFUNDED,1,354286.94,354286.94,0.00
2025-12-27,Wallet,SUCCESS,5,1723611.28,0.00,1723611.28
2025-12-28,Credit Card,FAILED,1,25277.98,0.00,25277.98
2025-12-28,Credit Card,REFUNDED,2,1203365.91,1203365.91,0.00
2025-12-28,Credit Card,SUCCESS,6,766938.64,0.00,766938.64
2025-12-28,Debit Card,FAILED,1,135308.57,0.00,135308.57
2025-12-28,Debit Card,PENDING,2,247506.74,0.00,247506.74
2025-12-28,Debit Card,REFUNDED,2,487118.38,487118.38,0.00
2025-12-28,Debit Card,SUCCESS,7,999614.13,0.00,999614.13
2025-12-28,Net Banking,FAILED,1,27743.46,0.00,27743.46
2025-12-28,Net Banking,REFUNDED,1,185620.70,185620.70,0.00
2025-12-28,Net Banking,SUCCESS,5,1331815.74,0.00,1331815.74
2025-12-28,Upi,FAILED,1,655341.99,0.00,655341.99
2025-12-28,Upi,PENDING,2,981225.36,0.00,981225.36
2025-12-28,Upi,REFUNDED,1,243531.47,243531.47,0.00
2025-12-28,Upi,SUCCESS,8,3322817.92,0.00,3322817.92
2025-12-28,Wallet,FAILED,3,369429.10,0.00,369429.10
2025-12-28,Wallet,REFUNDED,3,840984.41,840984.41,0.00
2025-12-28,Wallet,SUCCESS,7,2189505.47,0.00,2189505.47
2025-12-29,Credit Card,REFUNDED,1,320560.64,320560.64,0.00
2025-12-29,Credit Card,SUCCESS,8,1880922.29,0.00,1880922.29
2025-12-29,Debit Card,FAILED,1,654359.32,0.00,654359.32
2025-12-29,Debit Card,PENDING,1,477363.66,0.00,477363.66
2025-12-29,Debit Card,SUCCESS,11,1934740.79,0.00,1934740.79
2025-12-29,Net Banking,FAILED,1,129371.56,0.00,129371.56
2025-12-29,Net Banking,REFUNDED,2,756671.41,756671.41,0.00
2025-12-29,Net Banking,SUCCESS,7,2001296.06,0.00,2001296.06
2025-12-29,Upi,REFUNDED,4,1080564.79,1080564.79,0.00
2025-12-29,Upi,SUCCESS,8,1625362.10,0.00,1625362.10
2025-12-29,Wallet,FAILED,4,454491.41,0.00,454491.41
2025-12-29,Wallet,REFUNDED,2,1103556.17,1103556.17,0.00
2025-12-29,Wallet,SUCCESS,6,1803945.91,0.00,1803945.91
2025-12-30,Credit Card,SUCCESS,10,3929173.61,0.00,3929173.61
2025-12-30,Debit Card,FAILED,3,832634.29,0.00,832634.29
2025-12-30,Debit Card,REFUNDED,2,256993.44,256993.44,0.00
2025-12-30,Debit Card,SUCCESS,6,1757456.60,0.00,1757456.60
2025-12-30,Net Banking,FAILED,2,333002.88,0.00,333002.88
2025-12-30,Net Banking,REFUNDED,1,54183.83,54183.83,0.00
2025-12-30,Net Banking,SUCCESS,8,2487811.99,0.00,2487811.99
2025-12-30,Upi,FAILED,1,34915.31,0.00,34915.31
2025-12-30,Upi,PENDING,1,66839.47,0.00,66839.47
2025-12-30,Upi,REFUNDED,2,547858.36,547858.36,0.00
2025-12-30,Upi,SUCCESS,6,1395816.38,0.00,1395816.38
2025-12-30,Wallet,FAILED,2,590095.08,0.00,590095.08
2025-12-30,Wallet,PENDING,1,299035.28,0.00,299035.28
2025-12-30,Wallet,SUCCESS,7,1057419.41,0.00,1057419.41
2025-12-31,Credit Card,FAILED,2,436085.26,0.00,436085.26
2025-12-31,Credit Card,PENDING,2,454059.15,0.00,454059.15
2025-12-31,Credit Card,REFUNDED,5,1452448.91,1452448.91,0.00
2025-12-31,Credit Card,SUCCESS,8,2055678.67,0.00,2055678.67
2025-12-31,Debit Card,FAILED,3,571808.98,0.00,571808.98
2025-12-31,Debit Card,REFUNDED,2,374445.01,374445.01,0.00
2025-12-31,Debit Card,SUCCESS,10,3777955.27,0.00,3777955.27
2025-12-31,Net Banking,FAILED,2,484513.28,0.00,484513.28
2025-12-31,Net Banking,PENDING,1,342236.23,0.00,342236.23
2025-12-31,Net Banking,REFUNDED,1,136705.59,136705.59,0.00
2025-12-31,Net Banking,SUCCESS,11,3838611.37,0.00,3838611.37
2025-12-31,Upi,FAILED,1,82201.69,0.00,82201.69
2025-12-31,Upi,PENDING,1,151909.95,0.00,151909.95
2025-12-31,Upi,REFUNDED,2,216923.32,216923.32,0.00
2025-12-31,Upi,SUCCESS,10,3089156.44,0.00,3089156.44
2025-12-31,Wallet,FAILED,2,482777.24,0.00,482777.24
2025-12-31,Wallet,SUCCESS,4,1210401.42,0.00,1210401.42
2026-01-01,Credit Card,FAILED,2,478173.76,0.00,478173.76
2026-01-01,Credit Card,PENDING,2,318026.48,0.00,318026.48
2026-01-01,Credit Card,REFUNDED,3,831564.45,831564.45,0.00
2026-01-01,Credit Card,SUCCESS,10,3308376.87,0.00,3308376.87
2026-01-01,Debit Card,FAILED,2,374414.70,0.00,374414.70
2026-01-01,Debit Card,PENDING,1,262119.31,0.00,262119.31
2026-01-01,Debit Card,REFUNDED,1,475003.23,475003.23,0.00
2026-01-01,Debit Card,SUCCESS,7,1906186.71,0.00,1906186.71
2026-01-01,Net Banking,FAILED,3,759864.70,0.00,759864.70
2026-01-01,Net Banking,PENDING,1,148992.62,0.00,148992.62
2026-01-01,Net Banking,REFUNDED,2,386983.31,386983.31,0.00
2026-01-01,Net Banking,SUCCESS,6,1651388.70,0.00,1651388.70
2026-01-01,Upi,PENDING,1,348596.34,0.00,348596.34
2026-01-01,Upi,SUCCESS,7,1163592.13,0.00,1163592.13
2026-01-01,Wallet,FAILED,2,735004.97,0.00,735004.97
2026-01-01,Wallet,SUCCESS,8,2133112.45,0.00,2133112.45
2026-01-02,Credit Card,FAILED,1,476621.17,0.00,476621.17
2026-01-02,Credit Card,SUCCESS,8,2879523.96,0.00,2879523.96
2026-01-02,Debit Card,FAILED,1,463214.02,0.00,463214.02
2026-01-02,Debit Card,PENDING,1,186414.27,0.00,186414.27
2026-01-02,Debit Card,SUCCESS,7,1917801.15,0.00,1917801.15
2026-01-02,Net Banking,FAILED,1,76541.90,0.00,76541.90
2026-01-02,Net Banking,REFUNDED,3,438764.57,438764.57,0.00
2026-01-02,Net Banking,SUCCESS,8,1604164.88,0.00,1604164.88
2026-01-02,Upi,FAILED,2,396321.19,0.00,396321.19
2026-01-02,Upi,REFUNDED,2,230348.05,230348.05,0.00
2026-01-02,Upi,SUCCESS,8,1577809.24,0.00,1577809.24
2026-01-02,Wallet,FAILED,2,624153.06,0.00,624153.06
2026-01-02,Wallet,REFUNDED,1,293248.22,293248.22,0.00
2026-01-02,Wallet,SUCCESS,10,1986574.52,0.00,1986574.52
2026-01-03,Credit Card,FAILED,1,437936.58,0.00,437936.58
2026-01-03,Credit Card,REFUNDED,3,1153753.77,1153753.77,0.00
2026-01-03,Credit Card,SUCCESS,6,1988577.55,0.00,1988577.55
2026-01-03,Debit Card,REFUNDED,2,360458.69,360458.69,0.00
2026-01-03,Debit Card,SUCCESS,13,2589756.21,0.00,2589756.21
2026-01-03,Net Banking,REFUNDED,1,125993.01,125993.01,0.00
2026-01-03,Net Banking,SUCCESS,11,3570424.84,0.00,3570424.84
2026-01-03,Upi,REFUNDED,1,230371.53,230371.53,0.00
2026-01-03,Upi,SUCCESS,14,2838582.41,0.00,2838582.41
2026-01-03,Wallet,FAILED,3,1151137.28,0.00,1151137.28
2026-01-03,Wallet,PENDING,1,250026.18,0.00,250026.18
2026-01-03,Wallet,SUCCESS,8,1541882.13,0.00,1541882.13
2026-01-04,Credit Card,FAILED,1,50409.67,0.00,50409.67
2026-01-04,Credit Card,PENDING,1,575245.32,0.00,575245.32
2026-01-04,Credit Card,REFUNDED,4,1019289.70,1019289.70,0.00
2026-01-04,Credit Card,SUCCESS,8,1730268.05,0.00,1730268.05
2026-01-04,Debit Card,FAILED,1,154801.55,0.00,154801.55
2026-01-04,Debit Card,REFUNDED,3,891140.72,891140.72,0.00
2026-01-04,Debit Card,SUCCESS,5,1684249.99,0.00,1684249.99
2026-01-04,Net Banking,FAILED,1,377474.18,0.00,377474.18
2026-01-04,Net Banking,REFUNDED,1,177220.63,177220.63,0.00
2026-01-04,Net Banking,SUCCESS,6,2151516.31,0.00,2151516.31
2026-01-04,Upi,FAILED,1,620314.45,0.00,620314.45
2026-01-04,Upi,REFUNDED,2,922382.51,922382.51,0.00
2026-01-04,Upi,SUCCESS,10,2049577.54,0.00,2049577.54
2026-01-04,Wallet,FAILED,1,71572.12,0.00,71572.12
2026-01-04,Wallet,REFUNDED,3,386118.89,386118.89,0.00
2026-01-04,Wallet,SUCCESS,5,925842.26,0.00,925842.26
2026-01-05,Credit Card,SUCCESS,2,466414.90,0.00,466414.90
2026-01-05,Debit Card,FAILED,1,366341.63,0.00,366341.63
2026-01-05,Debit Card,PENDING,1,275449.42,0.00,275449.42
2026-01-05,Debit Card,REFUNDED,1,188522.43,188522.43,0.00
2026-01-05,Debit Card,SUCCESS,16,4174325.99,0.00,4174325.99
2026-01-05,Net Banking,FAILED,1,225959.23,0.00,225959.23
2026-01-05,Net Banking,REFUNDED,2,835312.89,835312.89,0.00
2026-01-05,Net Banking,SUCCESS,12,3389276.42,0.00,3389276.42
2026-01-05,Upi,FAILED,1,39804.34,0.00,39804.34
2026-01-05,Upi,REFUNDED,1,413084.52,413084.52,0.00
2026-01-05,Upi,SUCCESS,8,2397854.44,0.00,2397854.44
2026-01-05,Wallet,FAILED,1,76453.78,0.00,76453.78
2026-01-05,Wallet,PENDING,1,91603.11,0.00,91603.11
2026-01-05,Wallet,SUCCESS,9,3340680.76,0.00,3340680.76
2026-01-06,Credit Card,FAILED,2,687724.04,0.00,687724.04
2026-01-06,Credit Card,SUCCESS,17,4375977.92,0.00,4375977.92
2026-01-06,Debit Card,FAILED,1,214116.52,0.00,214116.52
2026-01-06,Debit Card,PENDING,1,117010.12,0.00,117010.12
2026-01-06,Debit Card,REFUNDED,2,842243.67,842243.67,0.00
2026-01-06,Debit Card,SUCCESS,14,3594499.57,0.00,3594499.57
2026-01-06,Net Banking,FAILED,2,662677.73,0.00,662677.73
2026-01-06,Net Banking,REFUNDED,1,155844.69,155844.69,0.00
2026-01-06,Net Banking,SUCCESS,4,1417883.16,0.00,1417883.16
2026-01-06,Upi,FAILED,2,411630.42,0.00,411630.42
2026-01-06,Upi,REFUNDED,3,1160222.49,1160222.49,0.00
2026-01-06,Upi,SUCCESS,4,1303202.40,0.00,1303202.40
2026-01-06,Wallet,REFUNDED,2,104701.98,104701.98,0.00
2026-01-06,Wallet,SUCCESS,7,1810839.27,0.00,1810839.27
2026-01-07,Credit Card,FAILED,2,571698.57,0.00,571698.57
2026-01-07,Credit Card,PENDING,1,374698.16,0.00,374698.16
2026-01-07,Credit Card,REFUNDED,2,557832.32,557832.32,0.00
2026-01-07,Credit Card,SUCCESS,7,2857073.26,0.00,2857073.26
2026-01-07,Debit Card,FAILED,1,430940.07,0.00,430940.07
2026-01-07,Debit Card,REFUNDED,3,580876.36,580876.36,0.00
2026-01-07,Debit Card,SUCCESS,7,1635485.75,0.00,1635485.75
2026-01-07,Net Banking,FAILED,1,349687.33,0.00,349687.33
2026-01-07,Net Banking,PENDING,1,380494.31,0.00,380494.31
2026-01-07,Net Banking,SUCCESS,3,753696.54,0.00,753696.54
2026-01-07,Upi,FAILED,2,675272.03,0.00,675272.03
2026-01-07,Upi,REFUNDED,3,988595.31,988595.31,0.00
2026-01-07,Upi,SUCCESS,7,1406054.47,0.00,1406054.47
2026-01-07,Wallet,FAILED,3,1114420.28,0.00,1114420.28
2026-01-07,Wallet,REFUNDED,1,132206.43,132206.43,0.00
2026-01-07,Wallet,SUCCESS,8,2388505.17,0.00,2388505.17
2026-01-08,Credit Card,FAILED,3,1361829.58,0.00,1361829.58
2026-01-08,Credit Card,REFUNDED,1,206241.08,206241.08,0.00
2026-01-08,Credit Card,SUCCESS,6,1159455.15,0.00,1159455.15
2026-01-08,Debit Card,SUCCESS,4,1177212.15,0.00,1177212.15
2026-01-08,Net Banking,FAILED,1,316183.08,0.00,316183.08
2026-01-08,Net Banking,REFUNDED,1,285772.72,285772.72,0.00
2026-01-08,Net Banking,SUCCESS,6,548061.94,0.00,548061.94
2026-01-08,Upi,SUCCESS,8,2043144.04,0.00,2043144.04
2026-01-08,Wallet,FAILED,2,377420.40,0.00,377420.40
2026-01-08,Wallet,REFUNDED,2,317275.70,317275.70,0.00
2026-01-08,Wallet,SUCCESS,7,2138502.74,0.00,2138502.74
2026-01-09,Credit Card,REFUNDED,3,520953.34,520953.34,0.00
2026-01-09,Credit Card,SUCCESS,8,1897238.76,0.00,1897238.76
2026-01-09,Debit Card,FAILED,2,297024.57,0.00,297024.57
2026-01-09,Debit Card,REFUNDED,1,529468.11,529468.11,0.00
2026-01-09,Debit Card,SUCCESS,5,1400837.87,0.00,1400837.87
2026-01-09,Net Banking,FAILED,1,192934.62,0.00,192934.62
2026-01-09,Net Banking,PENDING,1,161134.44,0.00,161134.44
2026-01-09,Net Banking,REFUNDED,3,1157528.75,1157528.75,0.00
2026-01-09,Net Banking,SUCCESS,5,871923.03,0.00,871923.03
2026-01-09,Upi,FAILED,1,244451.14,0.00,244451.14
2026-01-09,Upi,REFUNDED,2,489662.68,489662.68,0.00
2026-01-09,Upi,SUCCESS,5,977802.76,0.00,977802.76
2026-01-09,Wallet,REFUNDED,2,609586.45,609586.45,0.00
2026-01-09,Wallet,SUCCESS,8,2264985.25,0.00,2264985.25
2026-01-10,Credit Card,REFUNDED,1,221205.13,221205.13,0.00
2026-01-10,Credit Card,SUCCESS,3,583175.48,0.00,583175.48
2026-01-10,Debit Card,FAILED,2,259283.87,0.00,259283.87
2026-01-10,Debit Card,REFUNDED,7,2119409.42,2119409.42,0.00
2026-01-10,Debit Card,SUCCESS,9,2289575.35,0.00,2289575.35
2026-01-10,Net Banking,FAILED,2,406400.19,0.00,406400.19
2026-01-10,Net Banking,REFUNDED,1,508868.35,508868.35,0.00
2026-01-10,Net Banking,SUCCESS,9,2655385.95,0.00,2655385.95
2026-01-10,Upi,FAILED,1,309527.64,0.00,309527.64
2026-01-10,Upi,PENDING,1,462495.94,0.00,462495.94
2026-01-10,Upi,SUCCESS,8,2505751.77,0.00,2505751.77
2026-01-10,Wallet,FAILED,1,532568.56,0.00,532568.56
2026-01-10,Wallet,REFUNDED,3,869073.82,869073.82,0.00
2026-01-10,Wallet,SUCCESS,9,2149055.41,0.00,2149055.41
2026-01-11,Credit Card,FAILED,1,132387.14,0.00,132387.14
2026-01-11,Credit Card,REFUNDED,5,1237603.66,1237603.66,0.00
2026-01-11,Credit Card,SUCCESS,8,1733562.63,0.00,1733562.63
2026-01-11,Debit Card,PENDING,2,642449.91,0.00,642449.91
2026-01-11,Debit Card,REFUNDED,1,347393.55,347393.55,0.00
2026-01-11,Debit Card,SUCCESS,9,1954857.80,0.00,1954857.80
2026-01-11,Net Banking,FAILED,2,238366.25,0.00,238366.25
2026-01-11,Net Banking,SUCCESS,1,445402.33,0.00,445402.33
2026-01-11,Upi,FAILED,2,681450.02,0.00,681450.02
2026-01-11,Upi,PENDING,1,326948.06,0.00,326948.06
2026-01-11,Upi,REFUNDED,3,994457.69,994457.69,0.00
2026-01-11,Upi,SUCCESS,10,2699385.89,0.00,2699385.89
2026-01-11,Wallet,FAILED,2,530014.83,0.00,530014.83
2026-01-11,Wallet,PENDING,1,243762.35,0.00,243762.35
2026-01-11,Wallet,SUCCESS,6,883995.08,0.00,883995.08
2026-01-12,Credit Card,REFUNDED,1,459594.06,459594.06,0.00
2026-01-12,Credit Card,SUCCESS,8,2902285.41,0.00,2902285.41
2026-01-12,Debit Card,FAILED,2,437285.09,0.00,437285.09
2026-01-12,Debit Card,REFUNDED,2,153105.16,153105.16,0.00
2026-01-12,Debit Card,SUCCESS,7,1711547.09,0.00,1711547.09
2026-01-12,Net Banking,PENDING,1,20362.85,0.00,20362.85
2026-01-12,Net Banking,REFUNDED,2,502289.73,502289.73,0.00
2026-01-12,Net Banking,SUCCESS,8,1740887.95,0.00,1740887.95
2026-01-12,Upi,FAILED,1,225211.17,0.00,225211.17
2026-01-12,Upi,REFUNDED,3,490689.61,490689.61,0.00
2026-01-12,Upi,SUCCESS,5,1395067.29,0.00,1395067.29
2026-01-12,Wallet,REFUNDED,2,295565.62,295565.62,0.00
2026-01-12,Wallet,SUCCESS,7,1996366.57,0.00,1996366.57
2026-01-13,Credit Card,FAILED,1,86235.60,0.00,86235.60
2026-01-13,Credit Card,PENDING,1,385641.66,0.00,385641.66
2026-01-13,Credit Card,REFUNDED,1,260140.51,260140.51,0.00
2026-01-13,Credit Card,SUCCESS,10,2919623.33,0.00,2919623.33
2026-01-13,Debit Card,FAILED,1,349936.41,0.00,349936.41
2026-01-13,Debit Card,SUCCESS,8,2835020.70,0.00,2835020.70
2026-01-13,Net Banking,PENDING,1,142730.91,0.00,142730.91
2026-01-13,Net Banking,SUCCESS,10,2349658.55,0.00,2349658.55
2026-01-13,Upi,FAILED,2,390714.01,0.00,390714.01
2026-01-13,Upi,PENDING,1,286782.20,0.00,286782.20
2026-01-13,Upi,REFUNDED,1,319455.40,319455.40,0.00
2026-01-13,Upi,SUCCESS,9,2063646.22,0.00,2063646.22
2026-01-13,Wallet,FAILED,1,175571.89,0.00,175571.89
2026-01-13,Wallet,REFUNDED,1,501659.86,501659.86,0.00
2026-01-13,Wallet,SUCCESS,5,1701637.83,0.00,1701637.83
2026-01-14,Credit Card,FAILED,1,193850.87,0.00,193850.87
2026-01-14,Credit Card,PENDING,1,3663.34,0.00,3663.34
2026-01-14,Credit Card,REFUNDED,1,225624.34,225624.34,0.00
2026-01-14,Credit Card,SUCCESS,9,1768801.16,0.00,1768801.16
2026-01-14,Debit Card,REFUNDED,1,288341.53,288341.53,0.00
2026-01-14,Debit Card,SUCCESS,6,1638152.72,0.00,1638152.72
2026-01-14,Net Banking,FAILED,3,650586.81,0.00,650586.81
2026-01-14,Net Banking,REFUNDED,3,693746.69,693746.69,0.00
2026-01-14,Net Banking,SUCCESS,10,2254969.85,0.00,2254969.85
2026-01-14,Upi,FAILED,1,59298.00,0.00,59298.00
2026-01-14,Upi,PENDING,1,117256.84,0.00,117256.84
2026-01-14,Upi,REFUNDED,1,681929.63,681929.63,0.00
2026-01-14,Upi,SUCCESS,5,1061817.07,0.00,1061817.07
2026-01-14,Wallet,FAILED,1,156689.81,0.00,156689.81
2026-01-14,Wallet,PENDING,1,414084.24,0.00,414084.24
2026-01-14,Wallet,REFUNDED,3,1402870.13,1402870.13,0.00
2026-01-14,Wallet,SUCCESS,4,1527411.64,0.00,1527411.64
2026-01-15,Credit Card,FAILED,1,166956.72,0.00,166956.72
2026-01-15,Credit Card,PENDING,1,182494.14,0.00,182494.14
2026-01-15,Credit Card,REFUNDED,3,643713.61,643713.61,0.00
2026-01-15,Credit Card,SUCCESS,11,2324887.34,0.00,2324887.34
2026-01-15,Debit Card,FAILED,1,191859.83,0.00,191859.83
2026-01-15,Debit Card,PENDING,1,409854.21,0.00,409854.21
2026-01-15,Debit Card,REFUNDED,5,1295481.05,1295481.05,0.00
2026-01-15,Debit Card,SUCCESS,11,3149190.62,0.00,3149190.62
2026-01-15,Net Banking,FAILED,2,972195.25,0.00,972195.25
2026-01-15,Net Banking,PENDING,1,375878.47,0.00,375878.47
2026-01-15,Net Banking,REFUNDED,4,723687.30,723687.30,0.00
2026-01-15,Net Banking,SUCCESS,8,2165744.20,0.00,2165744.20
2026-01-15,Upi,REFUNDED,3,313471.99,313471.99,0.00
2026-01-15,Upi,SUCCESS,7,1216112.84,0.00,1216112.84
2026-01-15,Wallet,REFUNDED,1,323360.72,323360.72,0.00
2026-01-15,Wallet,SUCCESS,9,2537429.85,0.00,2537429.85
2026-01-16,Credit Card,REFUNDED,1,158251.54,158251.54,0.00
2026-01-16,Credit Card,SUCCESS,9,3406112.53,0.00,3406112.53
2026-01-16,Debit Card,FAILED,1,96231.00,0.00,96231.00
2026-01-16,Debit Card,PENDING,1,251103.38,0.00,251103.38
2026-01-16,Debit Card,SUCCESS,10,3406496.25,0.00,3406496.25
2026-01-16,Net Banking,FAILED,2,552183.97,0.00,552183.97
2026-01-16,Net Banking,REFUNDED,3,875926.14,875926.14,0.00
2026-01-16,Net Banking,SUCCESS,6,1929651.56,0.00,1929651.56
2026-01-16,Upi,FAILED,1,28323.09,0.00,28323.09
2026-01-16,Upi,PENDING,1,336512.80,0.00,336512.80
2026-01-16,Upi,REFUNDED,2,586566.30,586566.30,0.00
2026-01-16,Upi,SUCCESS,9,1660733.04,0.00,1660733.04
2026-01-16,Wallet,FAILED,4,933434.45,0.00,933434.45
2026-01-16,Wallet,PENDING,1,209621.95,0.00,209621.95
2026-01-16,Wallet,REFUNDED,1,336598.48,336598.48,0.00
2026-01-16,Wallet,SUCCESS,7,1654963.78,0.00,1654963.78
2026-01-17,Credit Card,FAILED,4,1045404.88,0.00,1045404.88
2026-01-17,Credit Card,PENDING,1,229471.09,0.00,229471.09
2026-01-17,Credit Card,REFUNDED,5,2053783.63,2053783.63,0.00
2026-01-17,Credit Card,SUCCESS,6,1617713.10,0.00,1617713.10
2026-01-17,Debit Card,FAILED,2,435296.36,0.00,435296.36
2026-01-17,Debit Card,REFUNDED,1,286516.46,286516.46,0.00
2026-01-17,Debit Card,SUCCESS,4,1088623.40,0.00,1088623.40
2026-01-17,Net Banking,FAILED,2,443478.14,0.00,443478.14
2026-01-17,Net Banking,REFUNDED,1,56662.20,56662.20,0.00
2026-01-17,Net Banking,SUCCESS,7,1624374.30,0.00,1624374.30
2026-01-17,Upi,FAILED,2,403055.64,0.00,403055.64
2026-01-17,Upi,REFUNDED,2,375994.85,375994.85,0.00
2026-01-17,Upi,SUCCESS,8,1950979.21,0.00,1950979.21
2026-01-17,Wallet,FAILED,1,383446.61,0.00,383446.61
2026-01-17,Wallet,PENDING,1,259335.58,0.00,259335.58
2026-01-17,Wallet,REFUNDED,2,135185.14,135185.14,0.00
2026-01-17,Wallet,SUCCESS,4,1167189.87,0.00,1167189.87
2026-01-18,Credit Card,FAILED,2,323241.86,0.00,323241.86
2026-01-18,Credit Card,REFUNDED,1,273523.90,273523.90,0.00
2026-01-18,Credit Card,SUCCESS,10,2743514.58,0.00,2743514.58
2026-01-18,Debit Card,REFUNDED,2,925496.44,925496.44,0.00
2026-01-18,Debit Card,SUCCESS,10,2450630.99,0.00,2450630.99
2026-01-18,Net Banking,FAILED,3,551624.68,0.00,551624.68
2026-01-18,Net Banking,REFUNDED,4,965000.44,965000.44,0.00
2026-01-18,Net Banking,SUCCESS,8,2773153.99,0.00,2773153.99
2026-01-18,Upi,PENDING,2,518973.38,0.00,518973.38
2026-01-18,Upi,REFUNDED,3,965537.01,965537.01,0.00
2026-01-18,Upi,SUCCESS,9,1711717.32,0.00,1711717.32
2026-01-18,Wallet,PENDING,1,16005.77,0.00,16005.77
2026-01-18,Wallet,REFUNDED,2,545300.21,545300.21,0.00
2026-01-18,Wallet,SUCCESS,11,3981642.31,0.00,3981642.31
2026-01-19,Credit Card,FAILED,1,287117.97,0.00,287117.97
2026-01-19,Credit Card,REFUNDED,3,559179.46,559179.46,0.00
2026-01-19,Credit Card,SUCCESS,9,2976610.04,0.00,2976610.04
2026-01-19,Debit Card,FAILED,1,34119.06,0.00,34119.06
2026-01-19,Debit Card,PENDING,1,39866.63,0.00,39866.63
2026-01-19,Debit Card,SUCCESS,10,2973739.95,0.00,2973739.95
2026-01-19,Net Banking,FAILED,1,273907.53,0.00,273907.53
2026-01-19,Net Banking,REFUNDED,1,170401.43,170401.43,0.00
2026-01-19,Net Banking,SUCCESS,9,3115893.52,0.00,3115893.52
2026-01-19,Upi,FAILED,3,732929.26,0.00,732929.26
2026-01-19,Upi,REFUNDED,2,597454.37,597454.37,0.00
2026-01-19,Upi,SUCCESS,6,1962960.02,0.00,1962960.02
2026-01-19,Wallet,PENDING,1,79962.20,0.00,79962.20
2026-01-19,Wallet,REFUNDED,4,1081260.85,1081260.85,0.00
2026-01-19,Wallet,SUCCESS,6,1328182.38,0.00,1328182.38
2026-01-20,Credit Card,FAILED,1,434273.87,0.00,434273.87
2026-01-20,Credit Card,REFUNDED,1,344106.47,344106.47,0.00
2026-01-20,Credit Card,SUCCESS,4,771416.48,0.00,771416.48
2026-01-20,Debit Card,FAILED,2,460008.76,0.00,460008.76
2026-01-20,Debit Card,PENDING,1,256227.43,0.00,256227.43
2026-01-20,Debit Card,SUCCESS,13,3699620.16,0.00,3699620.16
2026-01-20,Net Banking,FAILED,1,212405.26,0.00,212405.26
2026-01-20,Net Banking,PENDING,2,859386.06,0.00,859386.06
2026-01-20,Net Banking,REFUNDED,1,161241.57,161241.57,0.00
2026-01-20,Net Banking,SUCCESS,10,3002861.78,0.00,3002861.78
2026-01-20,Upi,FAILED,1,91078.38,0.00,91078.38
2026-01-20,Upi,REFUNDED,1,197032.95,197032.95,0.00
2026-01-20,Upi,SUCCESS,11,3079013.84,0.00,3079013.84
2026-01-20,Wallet,REFUNDED,1,819069.71,819069.71,0.00
2026-01-20,Wallet,SUCCESS,6,1748102.87,0.00,1748102.87
2026-01-21,Credit Card,FAILED,2,913733.18,0.00,913733.18
2026-01-21,Credit Card,REFUNDED,1,206109.44,206109.44,0.00
2026-01-21,Credit Card,SUCCESS,3,92361.66,0.00,92361.66
2026-01-21,Debit Card,FAILED,1,471773.07,0.00,471773.07
2026-01-21,Debit Card,REFUNDED,4,1007405.02,1007405.02,0.00
2026-01-21,Debit Card,SUCCESS,11,3105686.28,0.00,3105686.28
2026-01-21,Net Banking,REFUNDED,4,1193838.47,1193838.47,0.00
2026-01-21,Net Banking,SUCCESS,8,3262480.05,0.00,3262480.05
2026-01-21,Upi,FAILED,1,71895.23,0.00,71895.23
2026-01-21,Upi,PENDING,1,176140.27,0.00,176140.27
2026-01-21,Upi,REFUNDED,2,418287.24,418287.24,0.00
2026-01-21,Upi,SUCCESS,9,2772037.80,0.00,2772037.80
2026-01-21,Wallet,REFUNDED,2,699858.44,699858.44,0.00
2026-01-21,Wallet,SUCCESS,14,3465916.35,0.00,3465916.35
2026-01-22,Credit Card,PENDING,1,128746.10,0.00,128746.10
2026-01-22,Credit Card,REFUNDED,3,541674.76,541674.76,0.00
2026-01-22,Credit Card,SUCCESS,10,2286555.28,0.00,2286555.28
2026-01-22,Debit Card,FAILED,2,238904.91,0.00,238904.91
2026-01-22,Debit Card,REFUNDED,5,1181143.97,1181143.97,0.00
2026-01-22,Debit Card,SUCCESS,6,2076832.32,0.00,2076832.32
2026-01-22,Net Banking,PENDING,2,144195.98,0.00,144195.98
2026-01-22,Net Banking,REFUNDED,1,265620.57,265620.57,0.00
2026-01-22,Net Banking,SUCCESS,12,3410527.09,0.00,3410527.09
2026-01-22,Upi,FAILED,2,402203.44,0.00,402203.44
2026-01-22,Upi,REFUNDED,2,1145980.58,1145980.58,0.00
2026-01-22,Upi,SUCCESS,5,1292229.42,0.00,1292229.42
2026-01-22,Wallet,PENDING,1,353596.49,0.00,353596.49
2026-01-22,Wallet,REFUNDED,2,325290.36,325290.36,0.00
2026-01-22,Wallet,SUCCESS,6,1240662.16,0.00,1240662.16
2026-01-23,Credit Card,FAILED,1,273033.36,0.00,273033.36
2026-01-23,Credit Card,PENDING,2,626984.33,0.00,626984.33
2026-01-23,Credit Card,SUCCESS,13,4323723.15,0.00,4323723.15
2026-01-23,Debit Card,FAILED,1,169681.45,0.00,169681.45
2026-01-23,Debit Card,PENDING,1,252868.05,0.00,252868.05
2026-01-23,Debit Card,REFUNDED,2,499697.79,499697.79,0.00
2026-01-23,Debit Card,SUCCESS,5,1086847.30,0.00,1086847.30
2026-01-23,Net Banking,PENDING,1,447001.66,0.00,447001.66
2026-01-23,Net Banking,REFUNDED,1,239434.88,239434.88,0.00
2026-01-23,Net Banking,SUCCESS,7,1281984.42,0.00,1281984.42
2026-01-23,Upi,PENDING,1,109399.91,0.00,109399.91
2026-01-23,Upi,REFUNDED,1,137929.25,137929.25,0.00
2026-01-23,Upi,SUCCESS,7,1770698.87,0.00,1770698.87
2026-01-23,Wallet,FAILED,5,1369071.33,0.00,1369071.33
2026-01-23,Wallet,SUCCESS,8,1777717.87,0.00,1777717.87
2026-01-24,Credit Card,REFUNDED,2,297197.02,297197.02,0.00
2026-01-24,Credit Card,SUCCESS,4,856179.55,0.00,856179.55
2026-01-24,Debit Card,REFUNDED,3,1300331.52,1300331.52,0.00
2026-01-24,Debit Card,SUCCESS,6,1617106.44,0.00,1617106.44
2026-01-24,Net Banking,FAILED,2,101483.12,0.00,101483.12
2026-01-24,Net Banking,PENDING,1,52660.24,0.00,52660.24
2026-01-24,Net Banking,REFUNDED,1,429042.08,429042.08,0.00
2026-01-24,Net Banking,SUCCESS,8,2497986.19,0.00,2497986.19
2026-01-24,Upi,FAILED,1,361859.08,0.00,361859.08
2026-01-24,Upi,PENDING,1,32413.84,0.00,32413.84
2026-01-24,Upi,REFUNDED,2,286494.53,286494.53,0.00
2026-01-24,Upi,SUCCESS,8,2295827.20,0.00,2295827.20
2026-01-24,Wallet,FAILED,5,1067898.96,0.00,1067898.96
2026-01-24,Wallet,PENDING,2,507830.81,0.00,507830.81
2026-01-24,Wallet,REFUNDED,1,266218.98,266218.98,0.00
2026-01-24,Wallet,SUCCESS,5,1632856.77,0.00,1632856.77
2026-01-25,Credit Card,REFUNDED,4,729375.42,729375.42,0.00
2026-01-25,Credit Card,SUCCESS,5,1068980.74,0.00,1068980.74
2026-01-25,Debit Card,FAILED,1,347948.12,0.00,347948.12
2026-01-25,Debit Card,PENDING,3,797207.93,0.00,797207.93
2026-01-25,Debit Card,REFUNDED,1,176365.61,176365.61,0.00
2026-01-25,Debit Card,SUCCESS,3,1511687.94,0.00,1511687.94
2026-01-25,Net Banking,PENDING,2,413399.43,0.00,413399.43
2026-01-25,Net Banking,REFUNDED,1,187315.66,187315.66,0.00
2026-01-25,Net Banking,SUCCESS,13,2963092.79,0.00,2963092.79
2026-01-25,Upi,REFUNDED,2,121528.13,121528.13,0.00
2026-01-25,Upi,SUCCESS,5,1106880.22,0.00,1106880.22
2026-01-25,Wallet,FAILED,4,1586453.95,0.00,1586453.95
2026-01-25,Wallet,SUCCESS,6,1040004.44,0.00,1040004.44
2026-01-26,Credit Card,FAILED,2,855842.90,0.00,855842.90
2026-01-26,Credit Card,SUCCESS,10,3201006.90,0.00,3201006.90
2026-01-26,Debit Card,FAILED,3,616449.21,0.00,616449.21
2026-01-26,Debit Card,PENDING,1,523227.04,0.00,523227.04
2026-01-26,Debit Card,SUCCESS,7,1310501.50,0.00,1310501.50
2026-01-26,Net Banking,FAILED,1,116887.98,0.00,116887.98
2026-01-26,Net Banking,PENDING,1,350811.26,0.00,350811.26
2026-01-26,Net Banking,REFUNDED,1,242419.66,242419.66,0.00
2026-01-26,Net Banking,SUCCESS,8,2542490.01,0.00,2542490.01
2026-01-26,Upi,PENDING,1,23291.82,0.00,23291.82
2026-01-26,Upi,SUCCESS,12,3363136.97,0.00,3363136.97
2026-01-26,Wallet,FAILED,1,429268.84,0.00,429268.84
2026-01-26,Wallet,PENDING,1,473552.56,0.00,473552.56
2026-01-26,Wallet,REFUNDED,1,107793.85,107793.85,0.00
2026-01-26,Wallet,SUCCESS,6,2112927.30,0.00,2112927.30
2026-01-27,Credit Card,FAILED,1,276527.87,0.00,276527.87
2026-01-27,Credit Card,REFUNDED,1,205440.06,205440.06,0.00
2026-01-27,Credit Card,SUCCESS,10,2490379.89,0.00,2490379.89
2026-01-27,Debit Card,REFUNDED,2,283094.30,283094.30,0.00
2026-01-27,Debit Card,SUCCESS,8,2391502.14,0.00,2391502.14
2026-01-27,Net Banking,PENDING,1,226632.40,0.00,226632.40
2026-01-27,Net Banking,REFUNDED,1,138818.63,138818.63,0.00
2026-01-27,Net Banking,SUCCESS,12,3018842.35,0.00,3018842.35
2026-01-27,Upi,FAILED,3,1170763.07,0.00,1170763.07
2026-01-27,Upi,SUCCESS,4,1538579.14,0.00,1538579.14
2026-01-27,Wallet,FAILED,1,667485.67,0.00,667485.67
2026-01-27,Wallet,SUCCESS,7,2089216.42,0.00,2089216.42
2026-01-28,Credit Card,REFUNDED,2,889436.85,889436.85,0.00
2026-01-28,Credit Card,SUCCESS,7,2123827.63,0.00,2123827.63
2026-01-28,Debit Card,FAILED,1,403257.64,0.00,403257.64
2026-01-28,Debit Card,REFUNDED,1,368016.16,368016.16,0.00
2026-01-28,Debit Card,SUCCESS,6,1207152.92,0.00,1207152.92
2026-01-28,Net Banking,FAILED,1,92577.41,0.00,92577.41
2026-01-28,Net Banking,REFUNDED,2,192649.99,192649.99,0.00
2026-01-28,Net Banking,SUCCESS,4,1705096.32,0.00,1705096.32
2026-01-28,Upi,PENDING,1,16355.56,0.00,16355.56
2026-01-28,Upi,REFUNDED,1,252513.80,252513.80,0.00
2026-01-28,Upi,SUCCESS,9,1807892.50,0.00,1807892.50
2026-01-28,Wallet,FAILED,2,1008870.83,0.00,1008870.83
2026-01-28,Wallet,PENDING,1,274346.48,0.00,274346.48
2026-01-28,Wallet,REFUNDED,1,156875.08,156875.08,0.00
2026-01-28,Wallet,SUCCESS,10,3315687.46,0.00,3315687.46
2026-01-29,Credit Card,PENDING,1,174350.53,0.00,174350.53
2026-01-29,Credit Card,REFUNDED,1,132846.31,132846.31,0.00
2026-01-29,Credit Card,SUCCESS,6,1778254.48,0.00,1778254.48
2026-01-29,Debit Card,REFUNDED,1,322915.71,322915.71,0.00
2026-01-29,Debit Card,SUCCESS,7,1593714.54,0.00,1593714.54
2026-01-29,Net Banking,FAILED,1,191864.76,0.00,191864.76
2026-01-29,Net Banking,REFUNDED,4,533481.87,533481.87,0.00
2026-01-29,Net Banking,SUCCESS,5,1255539.20,0.00,1255539.20
2026-01-29,Upi,FAILED,4,1123206.90,0.00,1123206.90
2026-01-29,Upi,PENDING,2,639339.52,0.00,639339.52
2026-01-29,Upi,SUCCESS,4,1149461.00,0.00,1149461.00
2026-01-29,Wallet,REFUNDED,2,217585.03,217585.03,0.00
2026-01-29,Wallet,SUCCESS,11,2955121.59,0.00,2955121.59
2026-01-30,Credit Card,FAILED,1,287321.19,0.00,287321.19
2026-01-30,Credit Card,REFUNDED,3,674038.83,674038.83,0.00
2026-01-30,Credit Card,SUCCESS,14,3978127.78,0.00,3978127.78
2026-01-30,Debit Card,FAILED,3,1102174.84,0.00,1102174.84
2026-01-30,Debit Card,PENDING,1,261051.99,0.00,261051.99
2026-01-30,Debit Card,SUCCESS,8,3311662.10,0.00,3311662.10
2026-01-30,Net Banking,FAILED,2,915639.16,0.00,915639.16
2026-01-30,Net Banking,REFUNDED,1,52842.52,52842.52,0.00
2026-01-30,Net Banking,SUCCESS,3,518946.46,0.00,518946.46
2026-01-30,Upi,FAILED,1,31683.22,0.00,31683.22
2026-01-30,Upi,PENDING,1,376630.43,0.00,376630.43
2026-01-30,Upi,REFUNDED,3,979160.69,979160.69,0.00
2026-01-30,Upi,SUCCESS,6,1601725.49,0.00,1601725.49
2026-01-30,Wallet,PENDING,1,462674.82,0.00,462674.82
2026-01-30,Wallet,SUCCESS,8,3080846.27,0.00,3080846.27
2026-01-31,Credit Card,FAILED,3,964531.08,0.00,964531.08
2026-01-31,Credit Card,PENDING,2,761106.73,0.00,761106.73
2026-01-31,Credit Card,REFUNDED,2,800429.18,800429.18,0.00
2026-01-31,Credit Card,SUCCESS,9,2588123.36,0.00,2588123.36
2026-01-31,Debit Card,FAILED,1,133672.58,0.00,133672.58
2026-01-31,Debit Card,SUCCESS,6,1500071.35,0.00,1500071.35
2026-01-31,Net Banking,FAILED,3,866291.94,0.00,866291.94
2026-01-31,Net Banking,REFUNDED,1,190928.88,190928.88,0.00
2026-01-31,Net Banking,SUCCESS,6,2021510.33,0.00,2021510.33
2026-01-31,Upi,FAILED,2,649656.89,0.00,649656.89
2026-01-31,Upi,REFUNDED,2,461608.57,461608.57,0.00
2026-01-31,Upi,SUCCESS,12,3151842.21,0.00,3151842.21
2026-01-31,Wallet,FAILED,4,546632.08,0.00,546632.08
2026-01-31,Wallet,REFUNDED,1,70951.64,70951.64,0.00
2026-01-31,Wallet,SUCCESS,3,1000619.55,0.00,1000619.55
2026-02-01,Credit Card,FAILED,3,334904.28,0.00,334904.28
2026-02-01,Credit Card,REFUNDED,1,356024.95,356024.95,0.00
2026-02-01,Credit Card,SUCCESS,9,2096137.43,0.00,2096137.43
2026-02-01,Debit Card,FAILED,1,505538.18,0.00,505538.18
2026-02-01,Debit Card,REFUNDED,2,729276.44,729276.44,0.00
2026-02-01,Debit Card,SUCCESS,11,3833736.01,0.00,3833736.01
2026-02-01,Net Banking,FAILED,1,270505.32,0.00,270505.32
2026-02-01,Net Banking,PENDING,1,538026.65,0.00,538026.65
2026-02-01,Net Banking,SUCCESS,10,3152097.89,0.00,3152097.89
2026-02-01,Upi,FAILED,1,338963.19,0.00,338963.19
2026-02-01,Upi,REFUNDED,3,911824.34,911824.34,0.00
2026-02-01,Upi,SUCCESS,9,1986878.08,0.00,1986878.08
2026-02-01,Wallet,FAILED,1,155427.41,0.00,155427.41
2026-02-01,Wallet,SUCCESS,9,2422142.11,0.00,2422142.11
2026-02-02,Credit Card,FAILED,1,61022.74,0.00,61022.74
2026-02-02,Credit Card,REFUNDED,3,1369155.08,1369155.08,0.00
2026-02-02,Credit Card,SUCCESS,10,3057502.12,0.00,3057502.12
2026-02-02,Debit Card,FAILED,1,22124.16,0.00,22124.16
2026-02-02,Debit Card,PENDING,1,243875.12,0.00,243875.12
2026-02-02,Debit Card,REFUNDED,3,937429.30,937429.30,0.00
2026-02-02,Debit Card,SUCCESS,7,1558698.49,0.00,1558698.49
2026-02-02,Net Banking,REFUNDED,4,627666.29,627666.29,0.00
2026-02-02,Net Banking,SUCCESS,11,2795037.51,0.00,2795037.51
2026-02-02,Upi,FAILED,2,566564.28,0.00,566564.28
2026-02-02,Upi,REFUNDED,3,547227.56,547227.56,0.00
2026-02-02,Upi,SUCCESS,4,1251418.48,0.00,1251418.48
2026-02-02,Wallet,REFUNDED,1,298664.71,298664.71,0.00
2026-02-02,Wallet,SUCCESS,10,2438010.16,0.00,2438010.16
2026-02-03,Credit Card,FAILED,1,276822.31,0.00,276822.31
2026-02-03,Credit Card,PENDING,1,121637.48,0.00,121637.48
2026-02-03,Credit Card,REFUNDED,1,352518.35,352518.35,0.00
2026-02-03,Credit Card,SUCCESS,12,3638128.46,0.00,3638128.46
2026-02-03,Debit Card,PENDING,1,306578.74,0.00,306578.74
2026-02-03,Debit Card,REFUNDED,1,6096.62,6096.62,0.00
2026-02-03,Debit Card,SUCCESS,7,1595226.89,0.00,1595226.89
2026-02-03,Net Banking,FAILED,1,228248.27,0.00,228248.27
2026-02-03,Net Banking,PENDING,1,139442.18,0.00,139442.18
2026-02-03,Net Banking,REFUNDED,2,575495.62,575495.62,0.00
2026-02-03,Net Banking,SUCCESS,7,2381054.18,0.00,2381054.18
2026-02-03,Upi,PENDING,2,280792.98,0.00,280792.98
2026-02-03,Upi,REFUNDED,2,657758.06,657758.06,0.00
2026-02-03,Upi,SUCCESS,9,3049158.93,0.00,3049158.93
2026-02-03,Wallet,PENDING,1,633064.60,0.00,633064.60
2026-02-03,Wallet,REFUNDED,1,324919.94,324919.94,0.00
2026-02-03,Wallet,SUCCESS,4,830287.71,0.00,830287.71
2026-02-04,Credit Card,FAILED,1,512678.85,0.00,512678.85
2026-02-04,Credit Card,PENDING,1,289816.43,0.00,289816.43
2026-02-04,Credit Card,REFUNDED,1,289865.91,289865.91,0.00
2026-02-04,Credit Card,SUCCESS,5,1263837.42,0.00,1263837.42
2026-02-04,Debit Card,FAILED,2,430504.48,0.00,430504.48
2026-02-04,Debit Card,SUCCESS,12,3441514.53,0.00,3441514.53
2026-02-04,Net Banking,PENDING,1,429157.47,0.00,429157.47
2026-02-04,Net Banking,REFUNDED,3,984602.84,984602.84,0.00
2026-02-04,Net Banking,SUCCESS,7,2014629.47,0.00,2014629.47
2026-02-04,Upi,FAILED,1,133943.29,0.00,133943.29
2026-02-04,Upi,PENDING,2,622766.57,0.00,622766.57
2026-02-04,Upi,REFUNDED,1,444714.87,444714.87,0.00
2026-02-04,Upi,SUCCESS,5,2275364.37,0.00,2275364.37
2026-02-04,Wallet,FAILED,1,259218.23,0.00,259218.23
2026-02-04,Wallet,PENDING,1,410950.64,0.00,410950.64
2026-02-04,Wallet,SUCCESS,9,2173384.00,0.00,2173384.00
2026-02-05,Credit Card,REFUNDED,3,599811.38,599811.38,0.00
2026-02-05,Credit Card,SUCCESS,10,1868399.31,0.00,1868399.31
2026-02-05,Debit Card,FAILED,3,860804.79,0.00,860804.79
2026-02-05,Debit Card,REFUNDED,1,116202.08,116202.08,0.00
2026-02-05,Debit Card,SUCCESS,7,1266684.08,0.00,1266684.08
2026-02-05,Net Banking,REFUNDED,1,121541.16,121541.16,0.00
2026-02-05,Net Banking,SUCCESS,6,1262874.60,0.00,1262874.60
2026-02-05,Upi,FAILED,2,611643.91,0.00,611643.91
2026-02-05,Upi,REFUNDED,2,495685.62,495685.62,0.00
2026-02-05,Upi,SUCCESS,8,2427203.61,0.00,2427203.61
2026-02-05,Wallet,FAILED,1,55055.39,0.00,55055.39
2026-02-05,Wallet,SUCCESS,4,758937.41,0.00,758937.41
2026-02-06,Credit Card,PENDING,1,91692.33,0.00,91692.33
2026-02-06,Credit Card,REFUNDED,2,635010.66,635010.66,0.00
2026-02-06,Credit Card,SUCCESS,6,2041515.25,0.00,2041515.25
2026-02-06,Debit Card,REFUNDED,4,1325558.65,1325558.65,0.00
2026-02-06,Debit Card,SUCCESS,8,2502396.54,0.00,2502396.54
2026-02-06,Net Banking,FAILED,1,69399.74,0.00,69399.74
2026-02-06,Net Banking,REFUNDED,3,268761.46,268761.46,0.00
2026-02-06,Net Banking,SUCCESS,7,1929232.41,0.00,1929232.41
2026-02-06,Upi,FAILED,2,350093.67,0.00,350093.67
2026-02-06,Upi,SUCCESS,7,1556776.89,0.00,1556776.89
2026-02-06,Wallet,FAILED,2,639180.07,0.00,639180.07
2026-02-06,Wallet,PENDING,1,357799.89,0.00,357799.89
2026-02-06,Wallet,SUCCESS,11,3879591.50,0.00,3879591.50
2026-02-07,Credit Card,FAILED,1,496118.01,0.00,496118.01
2026-02-07,Credit Card,PENDING,1,74622.67,0.00,74622.67
2026-02-07,Credit Card,SUCCESS,8,1894749.73,0.00,1894749.73
2026-02-07,Debit Card,SUCCESS,10,3432268.19,0.00,3432268.19
2026-02-07,Net Banking,FAILED,1,139628.16,0.00,139628.16
2026-02-07,Net Banking,PENDING,1,365713.02,0.00,365713.02
2026-02-07,Net Banking,REFUNDED,3,439958.91,439958.91,0.00
2026-02-07,Net Banking,SUCCESS,5,1522902.26,0.00,1522902.26
2026-02-07,Upi,FAILED,1,53970.39,0.00,53970.39
2026-02-07,Upi,REFUNDED,1,165531.85,165531.85,0.00
2026-02-07,Upi,SUCCESS,10,1561276.41,0.00,1561276.41
2026-02-07,Wallet,FAILED,1,117201.65,0.00,117201.65
2026-02-07,Wallet,REFUNDED,2,407605.41,407605.41,0.00
2026-02-07,Wallet,SUCCESS,7,2603416.53,0.00,2603416.53
2026-02-08,Credit Card,FAILED,2,399528.28,0.00,399528.28
2026-02-08,Credit Card,REFUNDED,1,335259.44,335259.44,0.00
2026-02-08,Credit Card,SUCCESS,14,4593303.58,0.00,4593303.58
2026-02-08,Debit Card,FAILED,1,210011.10,0.00,210011.10
2026-02-08,Debit Card,SUCCESS,9,2231036.57,0.00,2231036.57
2026-02-08,Net Banking,FAILED,3,696413.31,0.00,696413.31
2026-02-08,Net Banking,SUCCESS,5,735586.72,0.00,735586.72
2026-02-08,Upi,FAILED,1,216644.16,0.00,216644.16
2026-02-08,Upi,PENDING,1,411394.60,0.00,411394.60
2026-02-08,Upi,REFUNDED,2,398642.91,398642.91,0.00
2026-02-08,Upi,SUCCESS,5,1231915.09,0.00,1231915.09
2026-02-08,Wallet,SUCCESS,13,3991183.50,0.00,3991183.50
2026-02-09,Credit Card,FAILED,1,253095.44,0.00,253095.44
2026-02-09,Credit Card,PENDING,2,312048.59,0.00,312048.59
2026-02-09,Credit Card,REFUNDED,2,350976.66,350976.66,0.00
2026-02-09,Credit Card,SUCCESS,9,2567098.84,0.00,2567098.84
2026-02-09,Debit Card,FAILED,2,240976.34,0.00,240976.34
2026-02-09,Debit Card,PENDING,1,284501.54,0.00,284501.54
2026-02-09,Debit Card,SUCCESS,9,3120632.93,0.00,3120632.93
2026-02-09,Net Banking,REFUNDED,3,391729.74,391729.74,0.00
2026-02-09,Net Banking,SUCCESS,5,1452340.43,0.00,1452340.43
2026-02-09,Upi,REFUNDED,1,464788.16,464788.16,0.00
2026-02-09,Upi,SUCCESS,7,2050067.00,0.00,2050067.00
2026-02-09,Wallet,REFUNDED,2,641578.59,641578.59,0.00
2026-02-09,Wallet,SUCCESS,5,1481029.03,0.00,1481029.03
2026-02-10,Credit Card,REFUNDED,1,514794.89,514794.89,0.00
2026-02-10,Credit Card,SUCCESS,9,2310256.22,0.00,2310256.22
2026-02-10,Debit Card,REFUNDED,1,63362.04,63362.04,0.00
2026-02-10,Debit Card,SUCCESS,9,1951735.35,0.00,1951735.35
2026-02-10,Net Banking,FAILED,3,896320.09,0.00,896320.09
2026-02-10,Net Banking,PENDING,1,446524.55,0.00,446524.55
2026-02-10,Net Banking,REFUNDED,2,720156.53,720156.53,0.00
2026-02-10,Net Banking,SUCCESS,11,1866971.97,0.00,1866971.97
2026-02-10,Upi,FAILED,3,638681.53,0.00,638681.53
2026-02-10,Upi,REFUNDED,2,816250.32,816250.32,0.00
2026-02-10,Upi,SUCCESS,10,2643286.28,0.00,2643286.28
2026-02-10,Wallet,FAILED,1,225162.98,0.00,225162.98
2026-02-10,Wallet,REFUNDED,3,716922.46,716922.46,0.00
2026-02-10,Wallet,SUCCESS,9,2130737.73,0.00,2130737.73
2026-02-11,Credit Card,FAILED,2,809572.77,0.00,809572.77
2026-02-11,Credit Card,PENDING,2,469647.79,0.00,469647.79
2026-02-11,Credit Card,REFUNDED,3,336686.60,336686.60,0.00
2026-02-11,Credit Card,SUCCESS,5,1115060.97,0.00,1115060.97
2026-02-11,Debit Card,REFUNDED,1,26801.96,26801.96,0.00
2026-02-11,Debit Card,SUCCESS,11,3228211.36,0.00,3228211.36
2026-02-11,Net Banking,PENDING,2,239834.39,0.00,239834.39
2026-02-11,Net Banking,SUCCESS,4,1153635.29,0.00,1153635.29
2026-02-11,Upi,FAILED,1,37084.08,0.00,37084.08
2026-02-11,Upi,REFUNDED,3,535742.45,535742.45,0.00
2026-02-11,Upi,SUCCESS,8,2768531.86,0.00,2768531.86
2026-02-11,Wallet,REFUNDED,1,350797.69,350797.69,0.00
2026-02-11,Wallet,SUCCESS,5,1590103.14,0.00,1590103.14
2026-02-12,Credit Card,FAILED,3,1158333.41,0.00,1158333.41
2026-02-12,Credit Card,REFUNDED,1,207857.39,207857.39,0.00
2026-02-12,Credit Card,SUCCESS,6,1111907.29,0.00,1111907.29
2026-02-12,Debit Card,FAILED,2,1162194.13,0.00,1162194.13
2026-02-12,Debit Card,REFUNDED,3,286961.61,286961.61,0.00
2026-02-12,Debit Card,SUCCESS,8,2481724.78,0.00,2481724.78
2026-02-12,Net Banking,PENDING,2,170291.35,0.00,170291.35
2026-02-12,Net Banking,REFUNDED,2,176845.32,176845.32,0.00
2026-02-12,Net Banking,SUCCESS,10,3341488.15,0.00,3341488.15
2026-02-12,Upi,PENDING,1,19204.64,0.00,19204.64
2026-02-12,Upi,REFUNDED,3,732453.88,732453.88,0.00
2026-02-12,Upi,SUCCESS,11,3008636.74,0.00,3008636.74
2026-02-12,Wallet,REFUNDED,4,1334379.19,1334379.19,0.00
2026-02-12,Wallet,SUCCESS,8,2573945.64,0.00,2573945.64
2026-02-13,Credit Card,FAILED,2,174569.07,0.00,174569.07
2026-02-13,Credit Card,PENDING,1,226762.16,0.00,226762.16
2026-02-13,Credit Card,REFUNDED,2,430008.57,430008.57,0.00
2026-02-13,Credit Card,SUCCESS,5,1578768.76,0.00,1578768.76
2026-02-13,Debit Card,FAILED,1,228935.89,0.00,228935.89
2026-02-13,Debit Card,SUCCESS,5,1207835.17,0.00,1207835.17
2026-02-13,Net Banking,FAILED,1,208811.74,0.00,208811.74
2026-02-13,Net Banking,REFUNDED,1,637229.72,637229.72,0.00
2026-02-13,Net Banking,SUCCESS,7,1610731.02,0.00,1610731.02
2026-02-13,Upi,REFUNDED,2,480345.24,480345.24,0.00
2026-02-13,Upi,SUCCESS,9,2361287.42,0.00,2361287.42
2026-02-13,Wallet,FAILED,2,552619.08,0.00,552619.08
2026-02-13,Wallet,REFUNDED,4,1187585.21,1187585.21,0.00
2026-02-13,Wallet,SUCCESS,4,687174.48,0.00,687174.48
2026-02-14,Credit Card,SUCCESS,5,1462964.86,0.00,1462964.86
2026-02-14,Debit Card,FAILED,1,271028.57,0.00,271028.57
2026-02-14,Debit Card,REFUNDED,2,405521.79,405521.79,0.00
2026-02-14,Debit Card,SUCCESS,4,1307799.33,0.00,1307799.33
2026-02-14,Net Banking,FAILED,2,553002.21,0.00,553002.21
2026-02-14,Net Banking,REFUNDED,1,268275.73,268275.73,0.00
2026-02-14,Net Banking,SUCCESS,13,4355154.31,0.00,4355154.31
2026-02-14,Upi,FAILED,1,462296.64,0.00,462296.64
2026-02-14,Upi,REFUNDED,1,73633.35,73633.35,0.00
2026-02-14,Upi,SUCCESS,10,2496466.63,0.00,2496466.63
2026-02-14,Wallet,SUCCESS,2,217334.11,0.00,217334.11
2026-02-15,Credit Card,FAILED,1,410598.99,0.00,410598.99
2026-02-15,Credit Card,PENDING,1,225654.28,0.00,225654.28
2026-02-15,Credit Card,REFUNDED,1,284444.46,284444.46,0.00
2026-02-15,Credit Card,SUCCESS,10,1823973.69,0.00,1823973.69
2026-02-15,Debit Card,FAILED,1,379586.24,0.00,379586.24
2026-02-15,Debit Card,SUCCESS,4,1564455.93,0.00,1564455.93
2026-02-15,Net Banking,FAILED,2,519690.77,0.00,519690.77
2026-02-15,Net Banking,SUCCESS,8,2401933.80,0.00,2401933.80
2026-02-15,Upi,FAILED,1,256048.18,0.00,256048.18
2026-02-15,Upi,PENDING,1,301958.03,0.00,301958.03
2026-02-15,Upi,REFUNDED,1,167286.96,167286.96,0.00
2026-02-15,Upi,SUCCESS,10,2359429.71,0.00,2359429.71
2026-02-15,Wallet,FAILED,1,31436.22,0.00,31436.22
2026-02-15,Wallet,REFUNDED,1,61497.33,61497.33,0.00
2026-02-15,Wallet,SUCCESS,10,2666978.93,0.00,2666978.93
2026-02-16,Credit Card,FAILED,1,254342.25,0.00,254342.25
2026-02-16,Credit Card,PENDING,1,185146.91,0.00,185146.91
2026-02-16,Credit Card,REFUNDED,1,317783.60,317783.60,0.00
2026-02-16,Credit Card,SUCCESS,7,2947521.32,0.00,2947521.32
2026-02-16,Debit Card,REFUNDED,2,260978.25,260978.25,0.00
2026-02-16,Debit Card,SUCCESS,4,1049627.18,0.00,1049627.18
2026-02-16,Net Banking,REFUNDED,2,831772.12,831772.12,0.00
2026-02-16,Net Banking,SUCCESS,8,1960405.39,0.00,1960405.39
2026-02-16,Upi,FAILED,2,326535.61,0.00,326535.61
2026-02-16,Upi,PENDING,1,84612.09,0.00,84612.09
2026-02-16,Upi,REFUNDED,4,1435754.68,1435754.68,0.00
2026-02-16,Upi,SUCCESS,6,2208108.30,0.00,2208108.30
2026-02-16,Wallet,SUCCESS,10,2349153.48,0.00,2349153.48
2026-02-17,Credit Card,FAILED,1,434412.51,0.00,434412.51
2026-02-17,Credit Card,PENDING,1,295906.37,0.00,295906.37
2026-02-17,Credit Card,SUCCESS,7,1774294.85,0.00,1774294.85
2026-02-17,Debit Card,FAILED,1,277723.58,0.00,277723.58
2026-02-17,Debit Card,REFUNDED,3,879658.78,879658.78,0.00
2026-02-17,Debit Card,SUCCESS,8,2183467.20,0.00,2183467.20
2026-02-17,Net Banking,FAILED,1,225116.48,0.00,225116.48
2026-02-17,Net Banking,PENDING,1,241847.82,0.00,241847.82
2026-02-17,Net Banking,REFUNDED,3,962995.98,962995.98,0.00
2026-02-17,Net Banking,SUCCESS,6,1536736.79,0.00,1536736.79
2026-02-17,Upi,PENDING,1,598101.84,0.00,598101.84
2026-02-17,Upi,REFUNDED,4,1212725.31,1212725.31,0.00
2026-02-17,Upi,SUCCESS,7,1643442.99,0.00,1643442.99
2026-02-17,Wallet,FAILED,3,795134.20,0.00,795134.20
2026-02-17,Wallet,PENDING,1,142687.87,0.00,142687.87
2026-02-17,Wallet,REFUNDED,1,563687.85,563687.85,0.00
2026-02-17,Wallet,SUCCESS,7,2393575.78,0.00,2393575.78
2026-02-18,Credit Card,FAILED,2,245323.57,0.00,245323.57
2026-02-18,Credit Card,REFUNDED,1,301529.03,301529.03,0.00
2026-02-18,Credit Card,SUCCESS,8,2184997.16,0.00,2184997.16
2026-02-18,Debit Card,FAILED,3,938310.68,0.00,938310.68
2026-02-18,Debit Card,REFUNDED,3,915220.79,915220.79,0.00
2026-02-18,Debit Card,SUCCESS,8,2509918.12,0.00,2509918.12
2026-02-18,Net Banking,REFUNDED,1,142147.43,142147.43,0.00
2026-02-18,Net Banking,SUCCESS,7,1432734.75,0.00,1432734.75
2026-02-18,Upi,PENDING,1,89837.86,0.00,89837.86
2026-02-18,Upi,REFUNDED,3,553227.59,553227.59,0.00
2026-02-18,Upi,SUCCESS,7,1903719.59,0.00,1903719.59
2026-02-18,Wallet,REFUNDED,1,467463.74,467463.74,0.00
2026-02-18,Wallet,SUCCESS,12,2813283.35,0.00,2813283.35
2026-02-19,Credit Card,PENDING,1,406248.49,0.00,406248.49
2026-02-19,Credit Card,REFUNDED,2,412299.10,412299.10,0.00
2026-02-19,Credit Card,SUCCESS,14,5387258.14,0.00,5387258.14
2026-02-19,Debit Card,FAILED,1,288283.40,0.00,288283.40
2026-02-19,Debit Card,PENDING,1,19112.24,0.00,19112.24
2026-02-19,Debit Card,REFUNDED,1,178170.90,178170.90,0.00
2026-02-19,Debit Card,SUCCESS,8,2169957.08,0.00,2169957.08
2026-02-19,Net Banking,FAILED,1,180055.92,0.00,180055.92
2026-02-19,Net Banking,PENDING,1,256435.34,0.00,256435.34
2026-02-19,Net Banking,REFUNDED,3,866108.19,866108.19,0.00
2026-02-19,Net Banking,SUCCESS,11,3444252.21,0.00,3444252.21
2026-02-19,Upi,FAILED,1,147756.69,0.00,147756.69
2026-02-19,Upi,PENDING,1,671530.16,0.00,671530.16
2026-02-19,Upi,REFUNDED,1,162726.89,162726.89,0.00
2026-02-19,Upi,SUCCESS,11,3001947.36,0.00,3001947.36
2026-02-19,Wallet,FAILED,2,593123.87,0.00,593123.87
2026-02-19,Wallet,PENDING,1,504592.89,0.00,504592.89
2026-02-19,Wallet,SUCCESS,8,2011205.83,0.00,2011205.83
2026-02-20,Credit Card,FAILED,2,114667.81,0.00,114667.81
2026-02-20,Credit Card,PENDING,1,241893.61,0.00,241893.61
2026-02-20,Credit Card,REFUNDED,3,785087.19,785087.19,0.00
2026-02-20,Credit Card,SUCCESS,5,855671.26,0.00,855671.26
2026-02-20,Debit Card,FAILED,1,115546.66,0.00,115546.66
2026-02-20,Debit Card,REFUNDED,3,551760.01,551760.01,0.00
2026-02-20,Debit Card,SUCCESS,14,2408898.15,0.00,2408898.15
2026-02-20,Net Banking,SUCCESS,5,1036096.19,0.00,1036096.19
2026-02-20,Upi,FAILED,1,257131.92,0.00,257131.92
2026-02-20,Upi,REFUNDED,1,193529.58,193529.58,0.00
2026-02-20,Upi,SUCCESS,9,2087286.69,0.00,2087286.69
2026-02-20,Wallet,FAILED,3,537505.51,0.00,537505.51
2026-02-20,Wallet,REFUNDED,3,875939.56,875939.56,0.00
2026-02-20,Wallet,SUCCESS,2,309450.37,0.00,309450.37
2026-02-21,Credit Card,FAILED,1,2851.16,0.00,2851.16
2026-02-21,Credit Card,PENDING,1,134488.98,0.00,134488.98
2026-02-21,Credit Card,SUCCESS,10,2622004.62,0.00,2622004.62
2026-02-21,Debit Card,FAILED,1,82208.04,0.00,82208.04
2026-02-21,Debit Card,REFUNDED,1,54933.06,54933.06,0.00
2026-02-21,Debit Card,SUCCESS,7,1944903.52,0.00,1944903.52
2026-02-21,Net Banking,PENDING,1,304618.23,0.00,304618.23
2026-02-21,Net Banking,REFUNDED,2,582599.41,582599.41,0.00
2026-02-21,Net Banking,SUCCESS,11,3674614.01,0.00,3674614.01
2026-02-21,Upi,PENDING,1,348659.00,0.00,348659.00
2026-02-21,Upi,SUCCESS,6,455567.69,0.00,455567.69
2026-02-21,Wallet,REFUNDED,2,474872.78,474872.78,0.00
2026-02-21,Wallet,SUCCESS,8,2539809.37,0.00,2539809.37
2026-02-22,Credit Card,FAILED,1,436038.84,0.00,436038.84
2026-02-22,Credit Card,REFUNDED,1,342154.53,342154.53,0.00
2026-02-22,Credit Card,SUCCESS,7,1715546.22,0.00,1715546.22
2026-02-22,Debit Card,FAILED,4,667578.10,0.00,667578.10
2026-02-22,Debit Card,PENDING,1,500108.16,0.00,500108.16
2026-02-22,Debit Card,REFUNDED,1,355105.81,355105.81,0.00
2026-02-22,Debit Card,SUCCESS,8,2023385.66,0.00,2023385.66
2026-02-22,Net Banking,FAILED,4,1385943.94,0.00,1385943.94
2026-02-22,Net Banking,PENDING,1,3817.31,0.00,3817.31
2026-02-22,Net Banking,REFUNDED,1,438228.61,438228.61,0.00
2026-02-22,Net Banking,SUCCESS,5,1563239.06,0.00,1563239.06
2026-02-22,Upi,FAILED,3,609181.04,0.00,609181.04
2026-02-22,Upi,PENDING,1,171855.95,0.00,171855.95
2026-02-22,Upi,REFUNDED,2,509738.57,509738.57,0.00
2026-02-22,Upi,SUCCESS,14,3501705.88,0.00,3501705.88
2026-02-22,Wallet,FAILED,1,516439.08,0.00,516439.08
2026-02-22,Wallet,REFUNDED,1,89181.47,89181.47,0.00
2026-02-22,Wallet,SUCCESS,2,405177.43,0.00,405177.43
2026-02-23,Credit Card,FAILED,1,171991.01,0.00,171991.01
2026-02-23,Credit Card,REFUNDED,2,410991.66,410991.66,0.00
2026-02-23,Credit Card,SUCCESS,6,1303858.94,0.00,1303858.94
2026-02-23,Debit Card,FAILED,1,503070.63,0.00,503070.63
2026-02-23,Debit Card,PENDING,1,46846.13,0.00,46846.13
2026-02-23,Debit Card,REFUNDED,6,1557954.73,1557954.73,0.00
2026-02-23,Debit Card,SUCCESS,5,1615945.85,0.00,1615945.85
2026-02-23,Net Banking,FAILED,3,429802.00,0.00,429802.00
2026-02-23,Net Banking,PENDING,1,44436.87,0.00,44436.87
2026-02-23,Net Banking,REFUNDED,1,640286.03,640286.03,0.00
2026-02-23,Net Banking,SUCCESS,9,2423876.41,0.00,2423876.41
2026-02-23,Upi,REFUNDED,2,320650.07,320650.07,0.00
2026-02-23,Upi,SUCCESS,6,1563656.54,0.00,1563656.54
2026-02-23,Wallet,FAILED,3,213376.68,0.00,213376.68
2026-02-23,Wallet,SUCCESS,8,2785578.27,0.00,2785578.27
2026-02-24,Credit Card,FAILED,2,732682.45,0.00,732682.45
2026-02-24,Credit Card,SUCCESS,7,1649512.65,0.00,1649512.65
2026-02-24,Debit Card,SUCCESS,7,1145779.56,0.00,1145779.56
2026-02-24,Net Banking,REFUNDED,1,170809.12,170809.12,0.00
2026-02-24,Net Banking,SUCCESS,5,1321836.90,0.00,1321836.90
2026-02-24,Upi,FAILED,1,243792.10,0.00,243792.10
2026-02-24,Upi,REFUNDED,2,686094.91,686094.91,0.00
2026-02-24,Upi,SUCCESS,4,1240338.84,0.00,1240338.84
2026-02-24,Wallet,FAILED,1,82973.03,0.00,82973.03
2026-02-24,Wallet,REFUNDED,3,1029572.42,1029572.42,0.00
2026-02-24,Wallet,SUCCESS,6,1801813.30,0.00,1801813.30
2026-02-25,Credit Card,PENDING,1,3059.22,0.00,3059.22
2026-02-25,Credit Card,REFUNDED,2,553104.24,553104.24,0.00
2026-02-25,Credit Card,SUCCESS,7,1850658.45,0.00,1850658.45
2026-02-25,Debit Card,FAILED,2,248548.62,0.00,248548.62
2026-02-25,Debit Card,REFUNDED,1,470381.28,470381.28,0.00
2026-02-25,Debit Card,SUCCESS,14,3711669.03,0.00,3711669.03
2026-02-25,Net Banking,REFUNDED,3,525492.85,525492.85,0.00
2026-02-25,Net Banking,SUCCESS,10,2133067.60,0.00,2133067.60
2026-02-25,Upi,FAILED,1,262814.95,0.00,262814.95
2026-02-25,Upi,REFUNDED,2,259113.77,259113.77,0.00
2026-02-25,Upi,SUCCESS,7,1961030.62,0.00,1961030.62
2026-02-25,Wallet,FAILED,2,624410.68,0.00,624410.68
2026-02-25,Wallet,REFUNDED,1,618510.51,618510.51,0.00
2026-02-25,Wallet,SUCCESS,8,3289204.10,0.00,3289204.10
2026-02-26,Credit Card,FAILED,2,112309.76,0.00,112309.76
2026-02-26,Credit Card,SUCCESS,7,2215822.64,0.00,2215822.64
2026-02-26,Debit Card,PENDING,1,224629.47,0.00,224629.47
2026-02-26,Debit Card,REFUNDED,2,495503.97,495503.97,0.00
2026-02-26,Debit Card,SUCCESS,10,2451654.88,0.00,2451654.88
2026-02-26,Net Banking,FAILED,2,219494.86,0.00,219494.86
2026-02-26,Net Banking,REFUNDED,1,246844.24,246844.24,0.00
2026-02-26,Net Banking,SUCCESS,5,1117287.36,0.00,1117287.36
2026-02-26,Upi,FAILED,1,723578.75,0.00,723578.75
2026-02-26,Upi,REFUNDED,2,791616.41,791616.41,0.00
2026-02-26,Upi,SUCCESS,8,1591974.78,0.00,1591974.78
2026-02-26,Wallet,FAILED,1,260805.77,0.00,260805.77
2026-02-26,Wallet,PENDING,1,272600.21,0.00,272600.21
2026-02-26,Wallet,SUCCESS,10,2535759.17,0.00,2535759.17
2026-02-27,Credit Card,PENDING,2,405417.06,0.00,405417.06
2026-02-27,Credit Card,REFUNDED,2,207554.59,207554.59,0.00
2026-02-27,Credit Card,SUCCESS,5,1469574.17,0.00,1469574.17
2026-02-27,Debit Card,FAILED,2,687739.72,0.00,687739.72
2026-02-27,Debit Card,REFUNDED,3,1275858.40,1275858.40,0.00
2026-02-27,Debit Card,SUCCESS,10,2956841.29,0.00,2956841.29
2026-02-27,Net Banking,REFUNDED,1,258952.48,258952.48,0.00
2026-02-27,Net Banking,SUCCESS,4,1021135.97,0.00,1021135.97
2026-02-27,Upi,FAILED,1,481751.13,0.00,481751.13
2026-02-27,Upi,REFUNDED,3,621225.97,621225.97,0.00
2026-02-27,Upi,SUCCESS,5,1507869.96,0.00,1507869.96
2026-02-27,Wallet,PENDING,2,875834.77,0.00,875834.77
2026-02-27,Wallet,REFUNDED,3,622906.53,622906.53,0.00
2026-02-27,Wallet,SUCCESS,9,2418097.03,0.00,2418097.03
2026-02-28,Credit Card,REFUNDED,2,346780.94,346780.94,0.00
2026-02-28,Credit Card,SUCCESS,7,2435437.18,0.00,2435437.18
2026-02-28,Debit Card,FAILED,2,426102.23,0.00,426102.23
2026-02-28,Debit Card,REFUNDED,3,564215.57,564215.57,0.00
2026-02-28,Debit Card,SUCCESS,10,2685402.82,0.00,2685402.82
2026-02-28,Net Banking,FAILED,4,671109.73,0.00,671109.73
2026-02-28,Net Banking,PENDING,1,286421.89,0.00,286421.89
2026-02-28,Net Banking,REFUNDED,3,1049620.23,1049620.23,0.00
2026-02-28,Net Banking,SUCCESS,7,2142887.33,0.00,2142887.33
2026-02-28,Upi,FAILED,1,374142.08,0.00,374142.08
2026-02-28,Upi,REFUNDED,1,503145.53,503145.53,0.00
2026-02-28,Upi,SUCCESS,6,594019.00,0.00,594019.00
2026-02-28,Wallet,REFUNDED,2,442632.43,442632.43,0.00
2026-02-28,Wallet,SUCCESS,5,1450524.21,0.00,1450524.21
2026-03-01,Credit Card,FAILED,1,157113.35,0.00,157113.35
2026-03-01,Credit Card,SUCCESS,8,2206200.42,0.00,2206200.42
2026-03-01,Debit Card,FAILED,1,148805.74,0.00,148805.74
2026-03-01,Debit Card,REFUNDED,1,437750.50,437750.50,0.00
2026-03-01,Debit Card,SUCCESS,10,1990594.04,0.00,1990594.04
2026-03-01,Net Banking,FAILED,1,395192.54,0.00,395192.54
2026-03-01,Net Banking,PENDING,1,132971.26,0.00,132971.26
2026-03-01,Net Banking,REFUNDED,4,989950.18,989950.18,0.00
2026-03-01,Net Banking,SUCCESS,2,1138732.95,0.00,1138732.95
2026-03-01,Upi,FAILED,2,670539.32,0.00,670539.32
2026-03-01,Upi,PENDING,2,211296.84,0.00,211296.84
2026-03-01,Upi,REFUNDED,1,455441.62,455441.62,0.00
2026-03-01,Upi,SUCCESS,4,1274907.71,0.00,1274907.71
2026-03-01,Wallet,FAILED,2,419150.75,0.00,419150.75
2026-03-01,Wallet,SUCCESS,12,3185105.76,0.00,3185105.76
2026-03-02,Credit Card,FAILED,2,93710.59,0.00,93710.59
2026-03-02,Credit Card,REFUNDED,1,7209.03,7209.03,0.00
2026-03-02,Credit Card,SUCCESS,10,3013196.15,0.00,3013196.15
2026-03-02,Debit Card,FAILED,1,165921.03,0.00,165921.03
2026-03-02,Debit Card,PENDING,1,406657.56,0.00,406657.56
2026-03-02,Debit Card,REFUNDED,2,387529.46,387529.46,0.00
2026-03-02,Debit Card,SUCCESS,2,1068803.76,0.00,1068803.76
2026-03-02,Net Banking,REFUNDED,1,185761.61,185761.61,0.00
2026-03-02,Net Banking,SUCCESS,10,3178192.95,0.00,3178192.95
2026-03-02,Upi,FAILED,2,744580.79,0.00,744580.79
2026-03-02,Upi,REFUNDED,1,234280.52,234280.52,0.00
2026-03-02,Upi,SUCCESS,9,2816950.56,0.00,2816950.56
2026-03-02,Wallet,REFUNDED,1,439541.39,439541.39,0.00
2026-03-02,Wallet,SUCCESS,9,2797984.84,0.00,2797984.84
2026-03-03,Credit Card,FAILED,1,345053.16,0.00,345053.16
2026-03-03,Credit Card,PENDING,1,167360.70,0.00,167360.70
2026-03-03,Credit Card,REFUNDED,2,849910.32,849910.32,0.00
2026-03-03,Credit Card,SUCCESS,11,3585333.10,0.00,3585333.10
2026-03-03,Debit Card,PENDING,1,228480.35,0.00,228480.35
2026-03-03,Debit Card,REFUNDED,3,769389.93,769389.93,0.00
2026-03-03,Debit Card,SUCCESS,9,1774781.04,0.00,1774781.04
2026-03-03,Net Banking,FAILED,1,615024.02,0.00,615024.02
2026-03-03,Net Banking,REFUNDED,2,363286.78,363286.78,0.00
2026-03-03,Net Banking,SUCCESS,8,1262270.95,0.00,1262270.95
2026-03-03,Upi,FAILED,1,158430.31,0.00,158430.31
2026-03-03,Upi,PENDING,1,273366.35,0.00,273366.35
2026-03-03,Upi,REFUNDED,2,729905.30,729905.30,0.00
2026-03-03,Upi,SUCCESS,7,1844406.15,0.00,1844406.15
2026-03-03,Wallet,FAILED,2,399983.04,0.00,399983.04
2026-03-03,Wallet,REFUNDED,2,565924.73,565924.73,0.00
2026-03-03,Wallet,SUCCESS,7,2146646.05,0.00,2146646.05
2026-03-04,Credit Card,FAILED,3,768172.92,0.00,768172.92
2026-03-04,Credit Card,REFUNDED,2,618519.10,618519.10,0.00
2026-03-04,Credit Card,SUCCESS,2,396990.28,0.00,396990.28
2026-03-04,Debit Card,REFUNDED,2,527956.58,527956.58,0.00
2026-03-04,Debit Card,SUCCESS,9,2208710.13,0.00,2208710.13
2026-03-04,Net Banking,SUCCESS,9,3076697.45,0.00,3076697.45
2026-03-04,Upi,FAILED,2,551449.73,0.00,551449.73
2026-03-04,Upi,PENDING,1,433743.79,0.00,433743.79
2026-03-04,Upi,REFUNDED,2,678289.06,678289.06,0.00
2026-03-04,Upi,SUCCESS,6,1135657.60,0.00,1135657.60
2026-03-04,Wallet,FAILED,1,297857.03,0.00,297857.03
2026-03-04,Wallet,PENDING,1,215582.01,0.00,215582.01
2026-03-04,Wallet,REFUNDED,2,400883.86,400883.86,0.00
2026-03-04,Wallet,SUCCESS,10,3000752.82,0.00,3000752.82
2026-03-05,Credit Card,FAILED,1,209466.33,0.00,209466.33
2026-03-05,Credit Card,PENDING,3,632684.47,0.00,632684.47
2026-03-05,Credit Card,REFUNDED,2,639620.29,639620.29,0.00
2026-03-05,Credit Card,SUCCESS,5,1512878.83,0.00,1512878.83
2026-03-05,Debit Card,FAILED,1,201549.59,0.00,201549.59
2026-03-05,Debit Card,PENDING,1,557710.89,0.00,557710.89
2026-03-05,Debit Card,SUCCESS,8,1663403.66,0.00,1663403.66
2026-03-05,Net Banking,PENDING,2,386412.22,0.00,386412.22
2026-03-05,Net Banking,REFUNDED,2,672637.24,672637.24,0.00
2026-03-05,Net Banking,SUCCESS,7,1894700.89,0.00,1894700.89
2026-03-05,Upi,PENDING,1,333960.71,0.00,333960.71
2026-03-05,Upi,REFUNDED,2,703595.50,703595.50,0.00
2026-03-05,Upi,SUCCESS,8,2743659.13,0.00,2743659.13
2026-03-05,Wallet,FAILED,2,727485.77,0.00,727485.77
2026-03-05,Wallet,REFUNDED,4,1371839.06,1371839.06,0.00
2026-03-05,Wallet,SUCCESS,8,2260077.41,0.00,2260077.41
2026-03-06,Credit Card,FAILED,1,366907.87,0.00,366907.87
2026-03-06,Credit Card,PENDING,1,170864.57,0.00,170864.57
2026-03-06,Credit Card,REFUNDED,2,474146.82,474146.82,0.00
2026-03-06,Credit Card,SUCCESS,7,2013224.32,0.00,2013224.32
2026-03-06,Debit Card,FAILED,2,809735.67,0.00,809735.67
2026-03-06,Debit Card,REFUNDED,1,84306.26,84306.26,0.00
2026-03-06,Debit Card,SUCCESS,9,3321612.39,0.00,3321612.39
2026-03-06,Net Banking,SUCCESS,10,2133932.63,0.00,2133932.63
2026-03-06,Upi,FAILED,1,120856.48,0.00,120856.48
2026-03-06,Upi,SUCCESS,6,1205730.15,0.00,1205730.15
2026-03-06,Wallet,FAILED,2,601885.75,0.00,601885.75
2026-03-06,Wallet,REFUNDED,1,190356.94,190356.94,0.00
2026-03-06,Wallet,SUCCESS,11,2953941.64,0.00,2953941.64
2026-03-07,Credit Card,PENDING,1,390594.23,0.00,390594.23
2026-03-07,Credit Card,REFUNDED,3,485133.57,485133.57,0.00
2026-03-07,Credit Card,SUCCESS,13,3250791.47,0.00,3250791.47
2026-03-07,Debit Card,FAILED,1,259409.87,0.00,259409.87
2026-03-07,Debit Card,REFUNDED,2,483419.45,483419.45,0.00
2026-03-07,Debit Card,SUCCESS,8,2538442.16,0.00,2538442.16
2026-03-07,Net Banking,FAILED,2,452037.47,0.00,452037.47
2026-03-07,Net Banking,PENDING,1,271295.04,0.00,271295.04
2026-03-07,Net Banking,REFUNDED,2,1139225.97,1139225.97,0.00
2026-03-07,Net Banking,SUCCESS,10,1913591.25,0.00,1913591.25
2026-03-07,Upi,FAILED,1,89315.48,0.00,89315.48
2026-03-07,Upi,PENDING,1,175587.04,0.00,175587.04
2026-03-07,Upi,REFUNDED,4,980979.95,980979.95,0.00
2026-03-07,Upi,SUCCESS,8,1560925.02,0.00,1560925.02
2026-03-07,Wallet,FAILED,3,385252.97,0.00,385252.97
2026-03-07,Wallet,REFUNDED,2,606194.42,606194.42,0.00
2026-03-07,Wallet,SUCCESS,7,1277393.93,0.00,1277393.93
2026-03-08,Credit Card,PENDING,1,660388.78,0.00,660388.78
2026-03-08,Credit Card,REFUNDED,1,430267.02,430267.02,0.00
2026-03-08,Credit Card,SUCCESS,11,3212193.68,0.00,3212193.68
2026-03-08,Debit Card,REFUNDED,3,1029608.53,1029608.53,0.00
2026-03-08,Debit Card,SUCCESS,7,1417887.53,0.00,1417887.53
2026-03-08,Net Banking,FAILED,1,208804.30,0.00,208804.30
2026-03-08,Net Banking,PENDING,1,22532.06,0.00,22532.06
2026-03-08,Net Banking,REFUNDED,1,127184.45,127184.45,0.00
2026-03-08,Net Banking,SUCCESS,8,1767812.64,0.00,1767812.64
2026-03-08,Upi,FAILED,2,504121.52,0.00,504121.52
2026-03-08,Upi,SUCCESS,5,1561712.09,0.00,1561712.09
2026-03-08,Wallet,REFUNDED,2,780911.02,780911.02,0.00
2026-03-08,Wallet,SUCCESS,8,2738307.85,0.00,2738307.85
2026-03-09,Credit Card,SUCCESS,14,3073022.32,0.00,3073022.32
2026-03-09,Debit Card,FAILED,1,360146.67,0.00,360146.67
2026-03-09,Debit Card,PENDING,1,279544.62,0.00,279544.62
2026-03-09,Debit Card,REFUNDED,2,460538.15,460538.15,0.00
2026-03-09,Debit Card,SUCCESS,6,761954.02,0.00,761954.02
2026-03-09,Net Banking,FAILED,3,1086651.54,0.00,1086651.54
2026-03-09,Net Banking,REFUNDED,2,550551.21,550551.21,0.00
2026-03-09,Net Banking,SUCCESS,10,2559631.15,0.00,2559631.15
2026-03-09,Upi,SUCCESS,9,2304999.75,0.00,2304999.75
2026-03-09,Wallet,FAILED,1,288471.36,0.00,288471.36
2026-03-09,Wallet,REFUNDED,2,129232.28,129232.28,0.00
2026-03-09,Wallet,SUCCESS,6,1035897.73,0.00,1035897.73
2026-03-10,Credit Card,FAILED,1,364695.77,0.00,364695.77
2026-03-10,Credit Card,REFUNDED,1,133425.90,133425.90,0.00
2026-03-10,Credit Card,SUCCESS,9,2084895.08,0.00,2084895.08
2026-03-10,Debit Card,REFUNDED,1,319681.23,319681.23,0.00
2026-03-10,Debit Card,SUCCESS,6,1255649.32,0.00,1255649.32
2026-03-10,Net Banking,PENDING,1,57295.22,0.00,57295.22
2026-03-10,Net Banking,REFUNDED,2,425981.52,425981.52,0.00
2026-03-10,Net Banking,SUCCESS,7,1692250.70,0.00,1692250.70
2026-03-10,Upi,FAILED,2,279127.37,0.00,279127.37
2026-03-10,Upi,PENDING,1,144353.27,0.00,144353.27
2026-03-10,Upi,SUCCESS,8,1493841.48,0.00,1493841.48
2026-03-10,Wallet,SUCCESS,7,964636.15,0.00,964636.15
2026-03-11,Credit Card,REFUNDED,1,455941.32,455941.32,0.00
2026-03-11,Credit Card,SUCCESS,7,1247333.67,0.00,1247333.67
2026-03-11,Debit Card,FAILED,2,876433.35,0.00,876433.35
2026-03-11,Debit Card,REFUNDED,1,201728.34,201728.34,0.00
2026-03-11,Debit Card,SUCCESS,8,1851889.19,0.00,1851889.19
2026-03-11,Net Banking,FAILED,2,320715.44,0.00,320715.44
2026-03-11,Net Banking,REFUNDED,2,525437.89,525437.89,0.00
2026-03-11,Net Banking,SUCCESS,7,1857505.83,0.00,1857505.83
2026-03-11,Upi,FAILED,1,181705.21,0.00,181705.21
2026-03-11,Upi,PENDING,1,191201.80,0.00,191201.80
2026-03-11,Upi,REFUNDED,5,1464734.23,1464734.23,0.00
2026-03-11,Upi,SUCCESS,7,1754904.82,0.00,1754904.82
2026-03-11,Wallet,REFUNDED,2,254097.14,254097.14,0.00
2026-03-11,Wallet,SUCCESS,10,2533764.11,0.00,2533764.11
2026-03-12,Credit Card,FAILED,2,724601.94,0.00,724601.94
2026-03-12,Credit Card,PENDING,1,102769.63,0.00,102769.63
2026-03-12,Credit Card,SUCCESS,6,1877238.81,0.00,1877238.81
2026-03-12,Debit Card,FAILED,1,62646.74,0.00,62646.74
2026-03-12,Debit Card,REFUNDED,3,306289.49,306289.49,0.00
2026-03-12,Debit Card,SUCCESS,5,1779657.13,0.00,1779657.13
2026-03-12,Net Banking,FAILED,1,794442.58,0.00,794442.58
2026-03-12,Net Banking,PENDING,1,180936.23,0.00,180936.23
2026-03-12,Net Banking,SUCCESS,9,1907660.51,0.00,1907660.51
2026-03-12,Upi,FAILED,2,258691.01,0.00,258691.01
2026-03-12,Upi,PENDING,1,338380.90,0.00,338380.90
2026-03-12,Upi,REFUNDED,1,51902.07,51902.07,0.00
2026-03-12,Upi,SUCCESS,9,1916979.51,0.00,1916979.51
2026-03-12,Wallet,FAILED,2,469956.52,0.00,469956.52
2026-03-12,Wallet,PENDING,1,14560.39,0.00,14560.39
2026-03-12,Wallet,REFUNDED,1,510583.85,510583.85,0.00
2026-03-12,Wallet,SUCCESS,6,1569455.14,0.00,1569455.14
2026-03-13,Credit Card,PENDING,1,126671.94,0.00,126671.94
2026-03-13,Credit Card,SUCCESS,11,3558226.13,0.00,3558226.13
2026-03-13,Debit Card,PENDING,1,50341.28,0.00,50341.28
2026-03-13,Debit Card,REFUNDED,1,334299.55,334299.55,0.00
2026-03-13,Debit Card,SUCCESS,9,2629729.24,0.00,2629729.24
2026-03-13,Net Banking,FAILED,3,917283.72,0.00,917283.72
2026-03-13,Net Banking,SUCCESS,6,717527.54,0.00,717527.54
2026-03-13,Upi,FAILED,1,506151.88,0.00,506151.88
2026-03-13,Upi,PENDING,2,712665.80,0.00,712665.80
2026-03-13,Upi,REFUNDED,2,478538.58,478538.58,0.00
2026-03-13,Upi,SUCCESS,8,2924160.63,0.00,2924160.63
2026-03-13,Wallet,FAILED,1,230765.77,0.00,230765.77
2026-03-13,Wallet,SUCCESS,9,1901914.56,0.00,1901914.56
2026-03-14,Credit Card,FAILED,1,62357.65,0.00,62357.65
2026-03-14,Credit Card,REFUNDED,1,35450.49,35450.49,0.00
2026-03-14,Credit Card,SUCCESS,6,1303653.58,0.00,1303653.58
2026-03-14,Debit Card,PENDING,1,186205.64,0.00,186205.64
2026-03-14,Debit Card,REFUNDED,3,785836.72,785836.72,0.00
2026-03-14,Debit Card,SUCCESS,7,1249087.82,0.00,1249087.82
2026-03-14,Net Banking,REFUNDED,2,356182.24,356182.24,0.00
2026-03-14,Net Banking,SUCCESS,8,1731217.93,0.00,1731217.93
2026-03-14,Upi,REFUNDED,1,215952.33,215952.33,0.00
2026-03-14,Upi,SUCCESS,7,990386.49,0.00,990386.49
2026-03-14,Wallet,REFUNDED,2,588175.23,588175.23,0.00
2026-03-14,Wallet,SUCCESS,8,1622971.53,0.00,1622971.53
2026-03-15,Credit Card,PENDING,2,802537.03,0.00,802537.03
2026-03-15,Credit Card,REFUNDED,2,147294.02,147294.02,0.00
2026-03-15,Credit Card,SUCCESS,7,1700442.17,0.00,1700442.17
2026-03-15,Debit Card,FAILED,2,324758.51,0.00,324758.51
2026-03-15,Debit Card,REFUNDED,1,196822.47,196822.47,0.00
2026-03-15,Debit Card,SUCCESS,5,943347.78,0.00,943347.78
2026-03-15,Net Banking,SUCCESS,10,2416765.66,0.00,2416765.66
2026-03-15,Upi,PENDING,2,460447.72,0.00,460447.72
2026-03-15,Upi,REFUNDED,4,1176788.70,1176788.70,0.00
2026-03-15,Upi,SUCCESS,5,1904333.68,0.00,1904333.68
2026-03-15,Wallet,FAILED,2,629139.84,0.00,629139.84
2026-03-15,Wallet,REFUNDED,4,555171.91,555171.91,0.00
2026-03-15,Wallet,SUCCESS,11,3683859.03,0.00,3683859.03
2026-03-16,Credit Card,FAILED,2,279079.79,0.00,279079.79
2026-03-16,Credit Card,SUCCESS,7,1908956.16,0.00,1908956.16
2026-03-16,Debit Card,PENDING,2,227399.76,0.00,227399.76
2026-03-16,Debit Card,REFUNDED,3,716727.78,716727.78,0.00
2026-03-16,Debit Card,SUCCESS,7,1563372.15,0.00,1563372.15
2026-03-16,Net Banking,FAILED,1,300107.22,0.00,300107.22
2026-03-16,Net Banking,SUCCESS,6,2155699.83,0.00,2155699.83
2026-03-16,Upi,FAILED,1,115156.91,0.00,115156.91
2026-03-16,Upi,REFUNDED,2,275700.62,275700.62,0.00
2026-03-16,Upi,SUCCESS,5,1338698.06,0.00,1338698.06
2026-03-16,Wallet,PENDING,1,361102.94,0.00,361102.94
2026-03-16,Wallet,REFUNDED,1,197374.87,197374.87,0.00
2026-03-16,Wallet,SUCCESS,5,1163723.29,0.00,1163723.29
2026-03-17,Credit Card,FAILED,1,57047.10,0.00,57047.10
2026-03-17,Credit Card,REFUNDED,1,136816.56,136816.56,0.00
2026-03-17,Credit Card,SUCCESS,2,740919.76,0.00,740919.76
2026-03-17,Debit Card,FAILED,1,538339.58,0.00,538339.58
2026-03-17,Debit Card,REFUNDED,2,490752.52,490752.52,0.00
2026-03-17,Debit Card,SUCCESS,5,1269511.64,0.00,1269511.64
2026-03-17,Net Banking,PENDING,1,117021.99,0.00,117021.99
2026-03-17,Net Banking,SUCCESS,5,1017357.87,0.00,1017357.87
2026-03-17,Upi,FAILED,1,592100.90,0.00,592100.90
2026-03-17,Upi,SUCCESS,5,1323920.15,0.00,1323920.15
2026-03-17,Wallet,FAILED,3,864888.69,0.00,864888.69
2026-03-17,Wallet,PENDING,1,155084.96,0.00,155084.96
2026-03-17,Wallet,REFUNDED,2,867954.21,867954.21,0.00
2026-03-17,Wallet,SUCCESS,6,2438522.88,0.00,2438522.88
2026-03-18,Credit Card,FAILED,1,405155.16,0.00,405155.16
2026-03-18,Credit Card,PENDING,2,330020.29,0.00,330020.29
2026-03-18,Credit Card,REFUNDED,2,964289.86,964289.86,0.00
2026-03-18,Credit Card,SUCCESS,8,1947206.09,0.00,1947206.09
2026-03-18,Debit Card,PENDING,1,247173.19,0.00,247173.19
2026-03-18,Debit Card,REFUNDED,2,419739.46,419739.46,0.00
2026-03-18,Debit Card,SUCCESS,12,2654712.37,0.00,2654712.37
2026-03-18,Net Banking,FAILED,1,359743.90,0.00,359743.90
2026-03-18,Net Banking,REFUNDED,1,100232.07,100232.07,0.00
2026-03-18,Net Banking,SUCCESS,7,2084181.89,0.00,2084181.89
2026-03-18,Upi,FAILED,2,575664.56,0.00,575664.56
2026-03-18,Upi,REFUNDED,1,144208.57,144208.57,0.00
2026-03-18,Upi,SUCCESS,6,1906136.11,0.00,1906136.11
2026-03-18,Wallet,FAILED,1,204586.02,0.00,204586.02
2026-03-18,Wallet,REFUNDED,3,430780.90,430780.90,0.00
2026-03-18,Wallet,SUCCESS,3,978673.52,0.00,978673.52
2026-03-19,Credit Card,FAILED,2,728670.70,0.00,728670.70
2026-03-19,Credit Card,SUCCESS,9,3220919.45,0.00,3220919.45
2026-03-19,Debit Card,FAILED,3,458169.23,0.00,458169.23
2026-03-19,Debit Card,PENDING,1,452405.24,0.00,452405.24
2026-03-19,Debit Card,REFUNDED,1,3221.41,3221.41,0.00
2026-03-19,Debit Card,SUCCESS,12,3754338.50,0.00,3754338.50
2026-03-19,Net Banking,FAILED,3,634330.27,0.00,634330.27
2026-03-19,Net Banking,PENDING,1,229403.21,0.00,229403.21
2026-03-19,Net Banking,SUCCESS,9,1452638.37,0.00,1452638.37
2026-03-19,Upi,FAILED,5,1365772.30,0.00,1365772.30
2026-03-19,Upi,REFUNDED,3,745683.58,745683.58,0.00
2026-03-19,Upi,SUCCESS,10,2626847.48,0.00,2626847.48
2026-03-19,Wallet,FAILED,1,127959.72,0.00,127959.72
2026-03-19,Wallet,REFUNDED,3,708278.02,708278.02,0.00
2026-03-19,Wallet,SUCCESS,6,1260944.90,0.00,1260944.90
2026-03-20,Credit Card,FAILED,1,107596.26,0.00,107596.26
2026-03-20,Credit Card,REFUNDED,3,445518.63,445518.63,0.00
2026-03-20,Credit Card,SUCCESS,12,2627999.16,0.00,2627999.16
2026-03-20,Debit Card,FAILED,1,290901.16,0.00,290901.16
2026-03-20,Debit Card,REFUNDED,1,578486.38,578486.38,0.00
2026-03-20,Debit Card,SUCCESS,10,2911780.48,0.00,2911780.48
2026-03-20,Net Banking,PENDING,1,227147.81,0.00,227147.81
2026-03-20,Net Banking,REFUNDED,1,37237.12,37237.12,0.00
2026-03-20,Net Banking,SUCCESS,6,1257696.37,0.00,1257696.37
2026-03-20,Upi,FAILED,1,325300.25,0.00,325300.25
2026-03-20,Upi,PENDING,1,471636.68,0.00,471636.68
2026-03-20,Upi,REFUNDED,2,549157.64,549157.64,0.00
2026-03-20,Upi,SUCCESS,6,1530430.03,0.00,1530430.03
2026-03-20,Wallet,REFUNDED,3,1285651.09,1285651.09,0.00
2026-03-20,Wallet,SUCCESS,10,2668825.85,0.00,2668825.85
2026-03-21,Credit Card,FAILED,2,645012.91,0.00,645012.91
2026-03-21,Credit Card,REFUNDED,1,58426.85,58426.85,0.00
2026-03-21,Credit Card,SUCCESS,3,1043724.02,0.00,1043724.02
2026-03-21,Debit Card,FAILED,2,117038.95,0.00,117038.95
2026-03-21,Debit Card,SUCCESS,3,1270681.90,0.00,1270681.90
2026-03-21,Net Banking,FAILED,3,739058.58,0.00,739058.58
2026-03-21,Net Banking,REFUNDED,4,773801.74,773801.74,0.00
2026-03-21,Net Banking,SUCCESS,7,1666580.69,0.00,1666580.69
2026-03-21,Upi,PENDING,1,623749.40,0.00,623749.40
2026-03-21,Upi,SUCCESS,6,1842207.76,0.00,1842207.76
2026-03-21,Wallet,REFUNDED,5,1567104.60,1567104.60,0.00
2026-03-21,Wallet,SUCCESS,4,448869.80,0.00,448869.80
2026-03-22,Credit Card,FAILED,3,803122.41,0.00,803122.41
2026-03-22,Credit Card,REFUNDED,3,870980.35,870980.35,0.00
2026-03-22,Credit Card,SUCCESS,9,2570076.12,0.00,2570076.12
2026-03-22,Debit Card,FAILED,2,778884.86,0.00,778884.86
2026-03-22,Debit Card,PENDING,1,644264.84,0.00,644264.84
2026-03-22,Debit Card,REFUNDED,2,939198.95,939198.95,0.00
2026-03-22,Debit Card,SUCCESS,7,1492289.56,0.00,1492289.56
2026-03-22,Net Banking,FAILED,3,553359.52,0.00,553359.52
2026-03-22,Net Banking,PENDING,1,412432.99,0.00,412432.99
2026-03-22,Net Banking,REFUNDED,1,82466.27,82466.27,0.00
2026-03-22,Net Banking,SUCCESS,4,794852.10,0.00,794852.10
2026-03-22,Upi,FAILED,2,480444.00,0.00,480444.00
2026-03-22,Upi,PENDING,1,396561.64,0.00,396561.64
2026-03-22,Upi,REFUNDED,2,438478.29,438478.29,0.00
2026-03-22,Upi,SUCCESS,5,1309879.44,0.00,1309879.44
2026-03-22,Wallet,REFUNDED,2,388606.13,388606.13,0.00
2026-03-22,Wallet,SUCCESS,9,1244230.70,0.00,1244230.70
2026-03-23,Credit Card,FAILED,2,608610.69,0.00,608610.69
2026-03-23,Credit Card,REFUNDED,2,765239.14,765239.14,0.00
2026-03-23,Credit Card,SUCCESS,13,3122808.56,0.00,3122808.56
2026-03-23,Debit Card,FAILED,1,157512.55,0.00,157512.55
2026-03-23,Debit Card,REFUNDED,4,990062.53,990062.53,0.00
2026-03-23,Debit Card,SUCCESS,13,3854964.88,0.00,3854964.88
2026-03-23,Net Banking,FAILED,3,1111749.74,0.00,1111749.74
2026-03-23,Net Banking,SUCCESS,7,909015.26,0.00,909015.26
2026-03-23,Upi,FAILED,1,159225.93,0.00,159225.93
2026-03-23,Upi,SUCCESS,8,1926271.00,0.00,1926271.00
2026-03-23,Wallet,PENDING,1,27045.96,0.00,27045.96
2026-03-23,Wallet,SUCCESS,6,1284570.61,0.00,1284570.61
2026-03-24,Credit Card,FAILED,1,649068.19,0.00,649068.19
2026-03-24,Credit Card,PENDING,2,890838.51,0.00,890838.51
2026-03-24,Credit Card,REFUNDED,1,155208.64,155208.64,0.00
2026-03-24,Credit Card,SUCCESS,6,1296915.50,0.00,1296915.50
2026-03-24,Debit Card,SUCCESS,4,1151999.62,0.00,1151999.62
2026-03-24,Net Banking,FAILED,2,513230.69,0.00,513230.69
2026-03-24,Net Banking,PENDING,1,799797.19,0.00,799797.19
2026-03-24,Net Banking,REFUNDED,2,250059.91,250059.91,0.00
2026-03-24,Net Banking,SUCCESS,12,3782808.40,0.00,3782808.40
2026-03-24,Upi,REFUNDED,2,375228.34,375228.34,0.00
2026-03-24,Upi,SUCCESS,7,1166656.56,0.00,1166656.56
2026-03-24,Wallet,FAILED,1,109279.12,0.00,109279.12
2026-03-24,Wallet,PENDING,1,537067.80,0.00,537067.80
2026-03-24,Wallet,REFUNDED,1,589993.38,589993.38,0.00
2026-03-24,Wallet,SUCCESS,12,3424806.35,0.00,3424806.35
2026-03-25,Credit Card,FAILED,2,466353.09,0.00,466353.09
2026-03-25,Credit Card,PENDING,1,322960.11,0.00,322960.11
2026-03-25,Credit Card,SUCCESS,8,2079686.82,0.00,2079686.82
2026-03-25,Debit Card,PENDING,1,65507.30,0.00,65507.30
2026-03-25,Debit Card,REFUNDED,2,732609.32,732609.32,0.00
2026-03-25,Debit Card,SUCCESS,6,1280634.75,0.00,1280634.75
2026-03-25,Net Banking,FAILED,3,284227.76,0.00,284227.76
2026-03-25,Net Banking,PENDING,1,163367.59,0.00,163367.59
2026-03-25,Net Banking,REFUNDED,4,691548.62,691548.62,0.00
2026-03-25,Net Banking,SUCCESS,11,2687003.45,0.00,2687003.45
2026-03-25,Upi,SUCCESS,9,2947657.96,0.00,2947657.96
2026-03-25,Wallet,FAILED,1,284732.98,0.00,284732.98
2026-03-25,Wallet,REFUNDED,1,299518.99,299518.99,0.00
2026-03-25,Wallet,SUCCESS,6,1790073.94,0.00,1790073.94
2026-03-26,Credit Card,PENDING,1,170609.22,0.00,170609.22
2026-03-26,Credit Card,REFUNDED,2,631332.90,631332.90,0.00
2026-03-26,Credit Card,SUCCESS,6,1044911.89,0.00,1044911.89
2026-03-26,Debit Card,FAILED,1,531492.76,0.00,531492.76
2026-03-26,Debit Card,REFUNDED,1,257877.78,257877.78,0.00
2026-03-26,Debit Card,SUCCESS,8,1755806.81,0.00,1755806.81
2026-03-26,Net Banking,REFUNDED,2,653653.86,653653.86,0.00
2026-03-26,Net Banking,SUCCESS,8,3074165.92,0.00,3074165.92
2026-03-26,Upi,REFUNDED,1,7018.67,7018.67,0.00
2026-03-26,Upi,SUCCESS,13,4478657.86,0.00,4478657.86
2026-03-26,Wallet,FAILED,1,323007.20,0.00,323007.20
2026-03-26,Wallet,PENDING,2,565601.16,0.00,565601.16
2026-03-26,Wallet,REFUNDED,2,707024.97,707024.97,0.00
2026-03-26,Wallet,SUCCESS,5,1567469.77,0.00,1567469.77
2026-03-27,Credit Card,FAILED,3,890862.44,0.00,890862.44
2026-03-27,Credit Card,PENDING,1,125099.21,0.00,125099.21
2026-03-27,Credit Card,REFUNDED,1,269109.60,269109.60,0.00
2026-03-27,Credit Card,SUCCESS,8,2210523.18,0.00,2210523.18
2026-03-27,Debit Card,PENDING,3,1678143.33,0.00,1678143.33
2026-03-27,Debit Card,REFUNDED,3,797123.77,797123.77,0.00
2026-03-27,Debit Card,SUCCESS,9,2409349.46,0.00,2409349.46
2026-03-27,Net Banking,PENDING,1,179170.14,0.00,179170.14
2026-03-27,Net Banking,SUCCESS,7,2359248.78,0.00,2359248.78
2026-03-27,Upi,FAILED,2,739946.14,0.00,739946.14
2026-03-27,Upi,REFUNDED,1,121662.82,121662.82,0.00
2026-03-27,Upi,SUCCESS,9,2472435.88,0.00,2472435.88
2026-03-27,Wallet,FAILED,2,216467.35,0.00,216467.35
2026-03-27,Wallet,REFUNDED,2,828218.00,828218.00,0.00
2026-03-27,Wallet,SUCCESS,5,1751847.33,0.00,1751847.33
2026-03-28,Credit Card,FAILED,2,245006.57,0.00,245006.57
2026-03-28,Credit Card,REFUNDED,1,191097.93,191097.93,0.00
2026-03-28,Credit Card,SUCCESS,7,2059051.35,0.00,2059051.35
2026-03-28,Debit Card,SUCCESS,8,2444265.15,0.00,2444265.15
2026-03-28,Net Banking,FAILED,1,45697.61,0.00,45697.61
2026-03-28,Net Banking,PENDING,1,392051.14,0.00,392051.14
2026-03-28,Net Banking,REFUNDED,3,578804.55,578804.55,0.00
2026-03-28,Net Banking,SUCCESS,8,1837317.38,0.00,1837317.38
2026-03-28,Upi,FAILED,3,922271.16,0.00,922271.16
2026-03-28,Upi,PENDING,1,224860.64,0.00,224860.64
2026-03-28,Upi,SUCCESS,7,1301673.69,0.00,1301673.69
2026-03-28,Wallet,PENDING,1,285854.05,0.00,285854.05
2026-03-28,Wallet,REFUNDED,5,1188521.21,1188521.21,0.00
2026-03-28,Wallet,SUCCESS,4,1340191.72,0.00,1340191.72
2026-03-29,Credit Card,REFUNDED,2,471232.63,471232.63,0.00
2026-03-29,Credit Card,SUCCESS,6,758240.07,0.00,758240.07
2026-03-29,Debit Card,FAILED,1,194049.86,0.00,194049.86
2026-03-29,Debit Card,SUCCESS,9,2061035.86,0.00,2061035.86
2026-03-29,Net Banking,FAILED,2,398724.16,0.00,398724.16
2026-03-29,Net Banking,REFUNDED,1,236441.06,236441.06,0.00
2026-03-29,Net Banking,SUCCESS,4,1020395.18,0.00,1020395.18
2026-03-29,Upi,REFUNDED,3,1106077.87,1106077.87,0.00
2026-03-29,Upi,SUCCESS,9,3117097.68,0.00,3117097.68
2026-03-29,Wallet,FAILED,4,1001823.22,0.00,1001823.22
2026-03-29,Wallet,REFUNDED,2,946948.24,946948.24,0.00
2026-03-29,Wallet,SUCCESS,12,1843601.18,0.00,1843601.18
2026-03-30,Credit Card,FAILED,2,582141.06,0.00,582141.06
2026-03-30,Credit Card,REFUNDED,2,490147.59,490147.59,0.00
2026-03-30,Credit Card,SUCCESS,8,2658291.84,0.00,2658291.84
2026-03-30,Debit Card,FAILED,3,621631.47,0.00,621631.47
2026-03-30,Debit Card,SUCCESS,4,972538.91,0.00,972538.91
2026-03-30,Net Banking,REFUNDED,3,371732.52,371732.52,0.00
2026-03-30,Net Banking,SUCCESS,6,1023605.91,0.00,1023605.91
2026-03-30,Upi,PENDING,1,522129.13,0.00,522129.13
2026-03-30,Upi,REFUNDED,2,321647.50,321647.50,0.00
2026-03-30,Upi,SUCCESS,4,796573.23,0.00,796573.23
2026-03-30,Wallet,REFUNDED,1,309529.26,309529.26,0.00
2026-03-30,Wallet,SUCCESS,11,2713770.18,0.00,2713770.18
2026-03-31,Credit Card,FAILED,1,253662.12,0.00,253662.12
2026-03-31,Credit Card,REFUNDED,1,64998.28,64998.28,0.00
2026-03-31,Credit Card,SUCCESS,8,2807043.70,0.00,2807043.70
2026-03-31,Debit Card,REFUNDED,2,383459.49,383459.49,0.00
2026-03-31,Debit Card,SUCCESS,4,1333582.57,0.00,1333582.57
2026-03-31,Net Banking,FAILED,1,380374.00,0.00,380374.00
2026-03-31,Net Banking,REFUNDED,2,264879.27,264879.27,0.00
2026-03-31,Net Banking,SUCCESS,8,2341138.34,0.00,2341138.34
2026-03-31,Upi,FAILED,3,473883.23,0.00,473883.23
2026-03-31,Upi,SUCCESS,7,2165209.89,0.00,2165209.89
2026-03-31,Wallet,REFUNDED,5,1926101.32,1926101.32,0.00
2026-03-31,Wallet,SUCCESS,5,1672413.43,0.00,1672413.43
2026-04-01,Credit Card,FAILED,4,855811.45,0.00,855811.45
2026-04-01,Credit Card,PENDING,2,742762.73,0.00,742762.73
2026-04-01,Credit Card,REFUNDED,3,1019697.26,1019697.26,0.00
2026-04-01,Credit Card,SUCCESS,8,2347573.18,0.00,2347573.18
2026-04-01,Debit Card,FAILED,2,518031.91,0.00,518031.91
2026-04-01,Debit Card,PENDING,1,466063.50,0.00,466063.50
2026-04-01,Debit Card,SUCCESS,2,455833.13,0.00,455833.13
2026-04-01,Net Banking,FAILED,1,269482.02,0.00,269482.02
2026-04-01,Net Banking,REFUNDED,1,370436.99,370436.99,0.00
2026-04-01,Net Banking,SUCCESS,7,2101533.04,0.00,2101533.04
2026-04-01,Upi,FAILED,2,470336.85,0.00,470336.85
2026-04-01,Upi,PENDING,1,53886.88,0.00,53886.88
2026-04-01,Upi,REFUNDED,2,239790.84,239790.84,0.00
2026-04-01,Upi,SUCCESS,9,2200106.75,0.00,2200106.75
2026-04-01,Wallet,FAILED,1,341969.02,0.00,341969.02
2026-04-01,Wallet,REFUNDED,3,997631.16,997631.16,0.00
2026-04-01,Wallet,SUCCESS,14,4379950.51,0.00,4379950.51
2026-04-02,Credit Card,FAILED,1,278474.44,0.00,278474.44
2026-04-02,Credit Card,SUCCESS,9,2208239.73,0.00,2208239.73
2026-04-02,Debit Card,FAILED,1,516453.20,0.00,516453.20
2026-04-02,Debit Card,PENDING,1,186861.69,0.00,186861.69
2026-04-02,Debit Card,REFUNDED,1,321413.93,321413.93,0.00
2026-04-02,Debit Card,SUCCESS,9,2872092.48,0.00,2872092.48
2026-04-02,Net Banking,REFUNDED,2,465955.17,465955.17,0.00
2026-04-02,Net Banking,SUCCESS,11,2431833.76,0.00,2431833.76
2026-04-02,Upi,FAILED,1,539397.09,0.00,539397.09
2026-04-02,Upi,REFUNDED,4,528589.66,528589.66,0.00
2026-04-02,Upi,SUCCESS,7,2307840.30,0.00,2307840.30
2026-04-02,Wallet,PENDING,1,100317.34,0.00,100317.34
2026-04-02,Wallet,REFUNDED,2,565986.07,565986.07,0.00
2026-04-02,Wallet,SUCCESS,5,956850.20,0.00,956850.20
2026-04-03,Credit Card,FAILED,1,18364.47,0.00,18364.47
2026-04-03,Credit Card,REFUNDED,1,9839.00,9839.00,0.00
2026-04-03,Credit Card,SUCCESS,5,1284220.74,0.00,1284220.74
2026-04-03,Debit Card,FAILED,1,323528.41,0.00,323528.41
2026-04-03,Debit Card,PENDING,1,234402.36,0.00,234402.36
2026-04-03,Debit Card,SUCCESS,5,1096180.64,0.00,1096180.64
2026-04-03,Net Banking,PENDING,2,588446.13,0.00,588446.13
2026-04-03,Net Banking,REFUNDED,1,169987.19,169987.19,0.00
2026-04-03,Net Banking,SUCCESS,12,4436283.17,0.00,4436283.17
2026-04-03,Upi,FAILED,3,327302.72,0.00,327302.72
2026-04-03,Upi,REFUNDED,1,266021.83,266021.83,0.00
2026-04-03,Upi,SUCCESS,8,1814088.69,0.00,1814088.69
2026-04-03,Wallet,FAILED,1,69982.49,0.00,69982.49
2026-04-03,Wallet,REFUNDED,1,100719.46,100719.46,0.00
2026-04-03,Wallet,SUCCESS,3,943868.51,0.00,943868.51
2026-04-04,Credit Card,FAILED,1,212001.99,0.00,212001.99
2026-04-04,Credit Card,SUCCESS,9,2941000.50,0.00,2941000.50
2026-04-04,Debit Card,FAILED,1,361884.93,0.00,361884.93
2026-04-04,Debit Card,PENDING,2,791922.76,0.00,791922.76
2026-04-04,Debit Card,REFUNDED,1,389559.41,389559.41,0.00
2026-04-04,Debit Card,SUCCESS,12,3598083.32,0.00,3598083.32
2026-04-04,Net Banking,PENDING,2,785609.42,0.00,785609.42
2026-04-04,Net Banking,REFUNDED,1,184877.06,184877.06,0.00
2026-04-04,Net Banking,SUCCESS,10,2367157.72,0.00,2367157.72
2026-04-04,Upi,FAILED,2,358282.91,0.00,358282.91
2026-04-04,Upi,REFUNDED,3,662118.56,662118.56,0.00
2026-04-04,Upi,SUCCESS,4,557235.64,0.00,557235.64
2026-04-04,Wallet,FAILED,1,75804.54,0.00,75804.54
2026-04-04,Wallet,REFUNDED,2,705658.50,705658.50,0.00
2026-04-04,Wallet,SUCCESS,8,2093351.67,0.00,2093351.67
2026-04-05,Credit Card,REFUNDED,3,664677.25,664677.25,0.00
2026-04-05,Credit Card,SUCCESS,5,823913.40,0.00,823913.40
2026-04-05,Debit Card,FAILED,2,539444.50,0.00,539444.50
2026-04-05,Debit Card,REFUNDED,1,277693.72,277693.72,0.00
2026-04-05,Debit Card,SUCCESS,7,1241948.20,0.00,1241948.20
2026-04-05,Net Banking,FAILED,1,318273.99,0.00,318273.99
2026-04-05,Net Banking,REFUNDED,1,8610.49,8610.49,0.00
2026-04-05,Net Banking,SUCCESS,11,3242551.69,0.00,3242551.69
2026-04-05,Upi,FAILED,1,698037.13,0.00,698037.13
2026-04-05,Upi,REFUNDED,2,582909.09,582909.09,0.00
2026-04-05,Upi,SUCCESS,3,776509.82,0.00,776509.82
2026-04-05,Wallet,REFUNDED,3,506829.23,506829.23,0.00
2026-04-05,Wallet,SUCCESS,6,980311.13,0.00,980311.13
2026-04-06,Credit Card,FAILED,3,1383362.74,0.00,1383362.74
2026-04-06,Credit Card,PENDING,1,82662.02,0.00,82662.02
2026-04-06,Credit Card,REFUNDED,1,142926.21,142926.21,0.00
2026-04-06,Credit Card,SUCCESS,4,825909.24,0.00,825909.24
2026-04-06,Debit Card,REFUNDED,2,872020.25,872020.25,0.00
2026-04-06,Debit Card,SUCCESS,10,1839965.59,0.00,1839965.59
2026-04-06,Net Banking,FAILED,1,239682.77,0.00,239682.77
2026-04-06,Net Banking,REFUNDED,1,619033.56,619033.56,0.00
2026-04-06,Net Banking,SUCCESS,9,3138287.80,0.00,3138287.80
2026-04-06,Upi,PENDING,1,65942.25,0.00,65942.25
2026-04-06,Upi,REFUNDED,3,804080.74,804080.74,0.00
2026-04-06,Upi,SUCCESS,5,959856.75,0.00,959856.75
2026-04-06,Wallet,REFUNDED,1,153467.63,153467.63,0.00
2026-04-06,Wallet,SUCCESS,5,1185689.47,0.00,1185689.47
2026-04-07,Credit Card,FAILED,2,490390.51,0.00,490390.51
2026-04-07,Credit Card,SUCCESS,9,2017454.52,0.00,2017454.52
2026-04-07,Debit Card,PENDING,1,438220.05,0.00,438220.05
2026-04-07,Debit Card,REFUNDED,3,834525.94,834525.94,0.00
2026-04-07,Debit Card,SUCCESS,8,2303968.55,0.00,2303968.55
2026-04-07,Net Banking,PENDING,1,410121.91,0.00,410121.91
2026-04-07,Net Banking,REFUNDED,4,753325.41,753325.41,0.00
2026-04-07,Net Banking,SUCCESS,7,1251990.35,0.00,1251990.35
2026-04-07,Upi,FAILED,1,369824.33,0.00,369824.33
2026-04-07,Upi,SUCCESS,5,655210.93,0.00,655210.93
2026-04-07,Wallet,FAILED,2,139475.56,0.00,139475.56
2026-04-07,Wallet,PENDING,1,232001.21,0.00,232001.21
2026-04-07,Wallet,REFUNDED,1,225538.83,225538.83,0.00
2026-04-07,Wallet,SUCCESS,6,1183003.62,0.00,1183003.62
2026-04-08,Credit Card,FAILED,1,443932.49,0.00,443932.49
2026-04-08,Credit Card,REFUNDED,4,1004921.52,1004921.52,0.00
2026-04-08,Credit Card,SUCCESS,4,993643.72,0.00,993643.72
2026-04-08,Debit Card,FAILED,2,571923.51,0.00,571923.51
2026-04-08,Debit Card,REFUNDED,1,91973.99,91973.99,0.00
2026-04-08,Debit Card,SUCCESS,5,1495961.18,0.00,1495961.18
2026-04-08,Net Banking,FAILED,1,377218.99,0.00,377218.99
2026-04-08,Net Banking,REFUNDED,1,180436.19,180436.19,0.00
2026-04-08,Net Banking,SUCCESS,8,2008140.94,0.00,2008140.94
2026-04-08,Upi,FAILED,1,563899.92,0.00,563899.92
2026-04-08,Upi,REFUNDED,1,510183.38,510183.38,0.00
2026-04-08,Upi,SUCCESS,12,2452405.16,0.00,2452405.16
2026-04-08,Wallet,REFUNDED,2,337785.53,337785.53,0.00
2026-04-08,Wallet,SUCCESS,8,1686647.67,0.00,1686647.67
2026-04-09,Credit Card,PENDING,1,314358.12,0.00,314358.12
2026-04-09,Credit Card,REFUNDED,1,340701.86,340701.86,0.00
2026-04-09,Credit Card,SUCCESS,8,2256742.92,0.00,2256742.92
2026-04-09,Debit Card,REFUNDED,1,435012.08,435012.08,0.00
2026-04-09,Debit Card,SUCCESS,6,2135525.11,0.00,2135525.11
2026-04-09,Net Banking,FAILED,4,1761119.80,0.00,1761119.80
2026-04-09,Net Banking,PENDING,2,299262.71,0.00,299262.71
2026-04-09,Net Banking,REFUNDED,1,294941.56,294941.56,0.00
2026-04-09,Net Banking,SUCCESS,13,3652472.87,0.00,3652472.87
2026-04-09,Upi,FAILED,1,135033.65,0.00,135033.65
2026-04-09,Upi,REFUNDED,1,126792.71,126792.71,0.00
2026-04-09,Upi,SUCCESS,13,2909100.60,0.00,2909100.60
2026-04-09,Wallet,PENDING,1,501181.55,0.00,501181.55
2026-04-09,Wallet,REFUNDED,3,1372117.07,1372117.07,0.00
2026-04-09,Wallet,SUCCESS,6,1244538.05,0.00,1244538.05
2026-04-10,Credit Card,FAILED,1,363303.50,0.00,363303.50
2026-04-10,Credit Card,REFUNDED,1,488712.13,488712.13,0.00
2026-04-10,Credit Card,SUCCESS,6,781064.06,0.00,781064.06
2026-04-10,Debit Card,FAILED,2,537465.83,0.00,537465.83
2026-04-10,Debit Card,REFUNDED,2,733032.48,733032.48,0.00
2026-04-10,Debit Card,SUCCESS,10,2747004.28,0.00,2747004.28
2026-04-10,Net Banking,REFUNDED,4,1445074.35,1445074.35,0.00
2026-04-10,Net Banking,SUCCESS,4,733612.15,0.00,733612.15
2026-04-10,Upi,PENDING,1,280492.44,0.00,280492.44
2026-04-10,Upi,REFUNDED,2,125087.94,125087.94,0.00
2026-04-10,Upi,SUCCESS,7,1840467.30,0.00,1840467.30
2026-04-10,Wallet,FAILED,2,584986.69,0.00,584986.69
2026-04-10,Wallet,REFUNDED,1,127169.30,127169.30,0.00
2026-04-10,Wallet,SUCCESS,10,3218090.62,0.00,3218090.62
2026-04-11,Credit Card,FAILED,3,282700.58,0.00,282700.58
2026-04-11,Credit Card,REFUNDED,3,757817.00,757817.00,0.00
2026-04-11,Credit Card,SUCCESS,12,2965627.42,0.00,2965627.42
2026-04-11,Debit Card,FAILED,1,468103.49,0.00,468103.49
2026-04-11,Debit Card,PENDING,1,472780.95,0.00,472780.95
2026-04-11,Debit Card,REFUNDED,1,83645.78,83645.78,0.00
2026-04-11,Debit Card,SUCCESS,5,1326208.02,0.00,1326208.02
2026-04-11,Net Banking,FAILED,1,454500.30,0.00,454500.30
2026-04-11,Net Banking,PENDING,1,543577.21,0.00,543577.21
2026-04-11,Net Banking,REFUNDED,2,405622.74,405622.74,0.00
2026-04-11,Net Banking,SUCCESS,6,1387596.36,0.00,1387596.36
2026-04-11,Upi,FAILED,1,629197.47,0.00,629197.47
2026-04-11,Upi,REFUNDED,1,706995.14,706995.14,0.00
2026-04-11,Upi,SUCCESS,6,1450839.59,0.00,1450839.59
2026-04-11,Wallet,FAILED,1,54514.47,0.00,54514.47
2026-04-11,Wallet,REFUNDED,1,173392.26,173392.26,0.00
2026-04-11,Wallet,SUCCESS,7,1674748.35,0.00,1674748.35
2026-04-12,Credit Card,REFUNDED,2,773908.72,773908.72,0.00
2026-04-12,Credit Card,SUCCESS,10,2307197.02,0.00,2307197.02
2026-04-12,Debit Card,FAILED,1,165685.05,0.00,165685.05
2026-04-12,Debit Card,SUCCESS,8,2593459.01,0.00,2593459.01
2026-04-12,Net Banking,SUCCESS,9,1814728.01,0.00,1814728.01
2026-04-12,Upi,PENDING,1,285799.94,0.00,285799.94
2026-04-12,Upi,REFUNDED,2,941659.03,941659.03,0.00
2026-04-12,Upi,SUCCESS,10,2086448.88,0.00,2086448.88
2026-04-12,Wallet,FAILED,3,767322.40,0.00,767322.40
2026-04-12,Wallet,REFUNDED,5,1738342.93,1738342.93,0.00
2026-04-12,Wallet,SUCCESS,11,4209878.82,0.00,4209878.82
2026-04-13,Credit Card,SUCCESS,5,1943400.43,0.00,1943400.43
2026-04-13,Debit Card,FAILED,2,216961.92,0.00,216961.92
2026-04-13,Debit Card,REFUNDED,1,224562.83,224562.83,0.00
2026-04-13,Debit Card,SUCCESS,11,2860841.00,0.00,2860841.00
2026-04-13,Net Banking,FAILED,1,421725.25,0.00,421725.25
2026-04-13,Net Banking,REFUNDED,1,255144.72,255144.72,0.00
2026-04-13,Net Banking,SUCCESS,10,1845122.10,0.00,1845122.10
2026-04-13,Upi,REFUNDED,1,284705.72,284705.72,0.00
2026-04-13,Upi,SUCCESS,5,928308.50,0.00,928308.50
2026-04-13,Wallet,FAILED,2,372732.38,0.00,372732.38
2026-04-13,Wallet,REFUNDED,1,334436.51,334436.51,0.00
2026-04-13,Wallet,SUCCESS,8,1647663.85,0.00,1647663.85
2026-04-14,Credit Card,REFUNDED,3,471557.79,471557.79,0.00
2026-04-14,Credit Card,SUCCESS,5,1462303.38,0.00,1462303.38
2026-04-14,Debit Card,REFUNDED,1,178703.74,178703.74,0.00
2026-04-14,Debit Card,SUCCESS,9,2827310.67,0.00,2827310.67
2026-04-14,Net Banking,PENDING,1,595073.46,0.00,595073.46
2026-04-14,Net Banking,REFUNDED,3,775397.80,775397.80,0.00
2026-04-14,Net Banking,SUCCESS,9,2829219.16,0.00,2829219.16
2026-04-14,Upi,FAILED,1,223431.24,0.00,223431.24
2026-04-14,Upi,PENDING,1,567634.46,0.00,567634.46
2026-04-14,Upi,REFUNDED,1,286483.69,286483.69,0.00
2026-04-14,Upi,SUCCESS,8,2519630.73,0.00,2519630.73
2026-04-14,Wallet,FAILED,2,497377.76,0.00,497377.76
2026-04-14,Wallet,PENDING,2,871831.69,0.00,871831.69
2026-04-14,Wallet,REFUNDED,4,1649666.56,1649666.56,0.00
2026-04-14,Wallet,SUCCESS,3,1234196.56,0.00,1234196.56
2026-04-15,Credit Card,FAILED,1,113147.17,0.00,113147.17
2026-04-15,Credit Card,SUCCESS,3,652121.06,0.00,652121.06
2026-04-15,Debit Card,FAILED,1,427146.57,0.00,427146.57
2026-04-15,Debit Card,REFUNDED,4,835097.91,835097.91,0.00
2026-04-15,Debit Card,SUCCESS,7,1920152.87,0.00,1920152.87
2026-04-15,Net Banking,FAILED,2,311762.90,0.00,311762.90
2026-04-15,Net Banking,REFUNDED,4,1375988.99,1375988.99,0.00
2026-04-15,Net Banking,SUCCESS,10,2397781.56,0.00,2397781.56
2026-04-15,Upi,FAILED,2,732020.44,0.00,732020.44
2026-04-15,Upi,PENDING,1,373677.51,0.00,373677.51
2026-04-15,Upi,REFUNDED,2,357990.69,357990.69,0.00
2026-04-15,Upi,SUCCESS,4,1460745.14,0.00,1460745.14
2026-04-15,Wallet,FAILED,2,320788.35,0.00,320788.35
2026-04-15,Wallet,REFUNDED,1,66791.12,66791.12,0.00
2026-04-15,Wallet,SUCCESS,2,424292.39,0.00,424292.39
2026-04-16,Credit Card,FAILED,2,444338.67,0.00,444338.67
2026-04-16,Credit Card,SUCCESS,4,1154334.37,0.00,1154334.37
2026-04-16,Debit Card,FAILED,3,517798.69,0.00,517798.69
2026-04-16,Debit Card,REFUNDED,1,80784.72,80784.72,0.00
2026-04-16,Debit Card,SUCCESS,7,2376996.32,0.00,2376996.32
2026-04-16,Net Banking,FAILED,2,310554.27,0.00,310554.27
2026-04-16,Net Banking,REFUNDED,1,223453.84,223453.84,0.00
2026-04-16,Net Banking,SUCCESS,8,2189198.17,0.00,2189198.17
2026-04-16,Upi,FAILED,1,160021.86,0.00,160021.86
2026-04-16,Upi,REFUNDED,5,951555.85,951555.85,0.00
2026-04-16,Upi,SUCCESS,10,3010604.57,0.00,3010604.57
2026-04-16,Wallet,FAILED,1,15511.24,0.00,15511.24
2026-04-16,Wallet,SUCCESS,5,1034737.49,0.00,1034737.49
2026-04-17,Credit Card,FAILED,1,32288.70,0.00,32288.70
2026-04-17,Credit Card,REFUNDED,2,678454.57,678454.57,0.00
2026-04-17,Credit Card,SUCCESS,3,407479.48,0.00,407479.48
2026-04-17,Debit Card,FAILED,2,507414.92,0.00,507414.92
2026-04-17,Debit Card,REFUNDED,2,451821.78,451821.78,0.00
2026-04-17,Debit Card,SUCCESS,9,3396057.65,0.00,3396057.65
2026-04-17,Net Banking,REFUNDED,2,703589.83,703589.83,0.00
2026-04-17,Net Banking,SUCCESS,6,2020348.20,0.00,2020348.20
2026-04-17,Upi,REFUNDED,1,360776.80,360776.80,0.00
2026-04-17,Upi,SUCCESS,7,1928754.53,0.00,1928754.53
2026-04-17,Wallet,FAILED,2,915161.88,0.00,915161.88
2026-04-17,Wallet,REFUNDED,1,299002.28,299002.28,0.00
2026-04-17,Wallet,SUCCESS,8,1745161.64,0.00,1745161.64
2026-04-18,Credit Card,REFUNDED,3,868418.51,868418.51,0.00
2026-04-18,Credit Card,SUCCESS,6,1093764.32,0.00,1093764.32
2026-04-18,Debit Card,FAILED,4,1827978.89,0.00,1827978.89
2026-04-18,Debit Card,SUCCESS,13,3367769.86,0.00,3367769.86
2026-04-18,Net Banking,FAILED,2,497809.76,0.00,497809.76
2026-04-18,Net Banking,REFUNDED,2,493569.11,493569.11,0.00
2026-04-18,Net Banking,SUCCESS,11,3141959.75,0.00,3141959.75
2026-04-18,Upi,FAILED,1,227343.25,0.00,227343.25
2026-04-18,Upi,REFUNDED,1,94637.23,94637.23,0.00
2026-04-18,Upi,SUCCESS,11,3723287.53,0.00,3723287.53
2026-04-18,Wallet,FAILED,1,572852.39,0.00,572852.39
2026-04-18,Wallet,PENDING,1,45496.16,0.00,45496.16
2026-04-18,Wallet,SUCCESS,11,3107617.78,0.00,3107617.78
2026-04-19,Credit Card,REFUNDED,2,514266.62,514266.62,0.00
2026-04-19,Credit Card,SUCCESS,8,1432135.81,0.00,1432135.81
2026-04-19,Debit Card,PENDING,1,397626.81,0.00,397626.81
2026-04-19,Debit Card,REFUNDED,3,322687.10,322687.10,0.00
2026-04-19,Debit Card,SUCCESS,7,1530871.54,0.00,1530871.54
2026-04-19,Net Banking,REFUNDED,4,855478.41,855478.41,0.00
2026-04-19,Net Banking,SUCCESS,7,1441355.32,0.00,1441355.32
2026-04-19,Upi,FAILED,2,532123.62,0.00,532123.62
2026-04-19,Upi,REFUNDED,2,555861.11,555861.11,0.00
2026-04-19,Upi,SUCCESS,9,2919098.33,0.00,2919098.33
2026-04-19,Wallet,FAILED,2,734969.08,0.00,734969.08
2026-04-19,Wallet,REFUNDED,1,161283.55,161283.55,0.00
2026-04-19,Wallet,SUCCESS,11,2479304.63,0.00,2479304.63
2026-04-20,Credit Card,REFUNDED,2,681971.74,681971.74,0.00
2026-04-20,Credit Card,SUCCESS,7,1952835.93,0.00,1952835.93
2026-04-20,Debit Card,FAILED,3,1254737.87,0.00,1254737.87
2026-04-20,Debit Card,PENDING,3,975256.71,0.00,975256.71
2026-04-20,Debit Card,REFUNDED,2,654726.17,654726.17,0.00
2026-04-20,Debit Card,SUCCESS,14,3473069.96,0.00,3473069.96
2026-04-20,Net Banking,FAILED,1,813435.15,0.00,813435.15
2026-04-20,Net Banking,REFUNDED,2,709313.27,709313.27,0.00
2026-04-20,Net Banking,SUCCESS,8,1949523.88,0.00,1949523.88
2026-04-20,Upi,FAILED,2,600295.58,0.00,600295.58
2026-04-20,Upi,REFUNDED,2,277235.03,277235.03,0.00
2026-04-20,Upi,SUCCESS,7,1468167.38,0.00,1468167.38
2026-04-20,Wallet,FAILED,2,467602.92,0.00,467602.92
2026-04-20,Wallet,PENDING,1,411501.74,0.00,411501.74
2026-04-20,Wallet,SUCCESS,6,1969959.70,0.00,1969959.70
2026-04-21,Credit Card,FAILED,1,303416.75,0.00,303416.75
2026-04-21,Credit Card,PENDING,2,486590.35,0.00,486590.35
2026-04-21,Credit Card,REFUNDED,1,222050.10,222050.10,0.00
2026-04-21,Credit Card,SUCCESS,7,2647873.62,0.00,2647873.62
2026-04-21,Debit Card,FAILED,1,302110.00,0.00,302110.00
2026-04-21,Debit Card,PENDING,1,303663.06,0.00,303663.06
2026-04-21,Debit Card,REFUNDED,2,567007.45,567007.45,0.00
2026-04-21,Debit Card,SUCCESS,12,3272625.02,0.00,3272625.02
2026-04-21,Net Banking,FAILED,1,600045.04,0.00,600045.04
2026-04-21,Net Banking,PENDING,1,214107.30,0.00,214107.30
2026-04-21,Net Banking,REFUNDED,3,710772.07,710772.07,0.00
2026-04-21,Net Banking,SUCCESS,15,3344443.83,0.00,3344443.83
2026-04-21,Upi,FAILED,3,618300.45,0.00,618300.45
2026-04-21,Upi,REFUNDED,2,577115.31,577115.31,0.00
2026-04-21,Upi,SUCCESS,7,2111386.82,0.00,2111386.82
2026-04-21,Wallet,FAILED,1,211719.21,0.00,211719.21
2026-04-21,Wallet,REFUNDED,6,1661231.80,1661231.80,0.00
2026-04-21,Wallet,SUCCESS,7,1966298.42,0.00,1966298.42
2026-04-22,Credit Card,FAILED,1,294223.36,0.00,294223.36
2026-04-22,Credit Card,PENDING,1,152177.41,0.00,152177.41
2026-04-22,Credit Card,SUCCESS,3,1221068.24,0.00,1221068.24
2026-04-22,Debit Card,FAILED,1,150929.11,0.00,150929.11
2026-04-22,Debit Card,PENDING,1,223077.44,0.00,223077.44
2026-04-22,Debit Card,REFUNDED,2,330463.61,330463.61,0.00
2026-04-22,Debit Card,SUCCESS,8,2702454.42,0.00,2702454.42
2026-04-22,Net Banking,FAILED,1,213185.15,0.00,213185.15
2026-04-22,Net Banking,PENDING,1,304895.25,0.00,304895.25
2026-04-22,Net Banking,SUCCESS,6,2116875.87,0.00,2116875.87
2026-04-22,Upi,FAILED,2,67914.37,0.00,67914.37
2026-04-22,Upi,SUCCESS,7,2031325.50,0.00,2031325.50
2026-04-22,Wallet,FAILED,1,324050.32,0.00,324050.32
2026-04-22,Wallet,SUCCESS,7,1341014.82,0.00,1341014.82
2026-04-23,Credit Card,FAILED,4,1705095.39,0.00,1705095.39
2026-04-23,Credit Card,REFUNDED,1,169268.67,169268.67,0.00
2026-04-23,Credit Card,SUCCESS,4,1061762.50,0.00,1061762.50
2026-04-23,Debit Card,FAILED,2,783117.77,0.00,783117.77
2026-04-23,Debit Card,SUCCESS,11,1960844.30,0.00,1960844.30
2026-04-23,Net Banking,PENDING,2,457120.32,0.00,457120.32
2026-04-23,Net Banking,REFUNDED,2,448067.35,448067.35,0.00
2026-04-23,Net Banking,SUCCESS,4,723649.94,0.00,723649.94
2026-04-23,Upi,FAILED,2,673225.32,0.00,673225.32
2026-04-23,Upi,PENDING,1,385340.86,0.00,385340.86
2026-04-23,Upi,REFUNDED,2,670742.64,670742.64,0.00
2026-04-23,Upi,SUCCESS,5,1600915.43,0.00,1600915.43
2026-04-23,Wallet,FAILED,1,201472.16,0.00,201472.16
2026-04-23,Wallet,SUCCESS,5,2006378.71,0.00,2006378.71
2026-04-24,Credit Card,FAILED,1,180822.15,0.00,180822.15
2026-04-24,Credit Card,PENDING,1,272507.13,0.00,272507.13
2026-04-24,Credit Card,REFUNDED,4,993796.10,993796.10,0.00
2026-04-24,Credit Card,SUCCESS,2,429358.26,0.00,429358.26
2026-04-24,Debit Card,FAILED,1,146037.75,0.00,146037.75
2026-04-24,Debit Card,REFUNDED,2,586447.55,586447.55,0.00
2026-04-24,Debit Card,SUCCESS,5,1048315.21,0.00,1048315.21
2026-04-24,Net Banking,REFUNDED,2,367805.51,367805.51,0.00
2026-04-24,Net Banking,SUCCESS,9,874681.35,0.00,874681.35
2026-04-24,Upi,FAILED,2,380307.09,0.00,380307.09
2026-04-24,Upi,REFUNDED,4,785771.86,785771.86,0.00
2026-04-24,Upi,SUCCESS,12,4157768.04,0.00,4157768.04
2026-04-24,Wallet,FAILED,1,324843.02,0.00,324843.02
2026-04-24,Wallet,PENDING,1,245559.28,0.00,245559.28
2026-04-24,Wallet,SUCCESS,4,1496058.36,0.00,1496058.36
2026-04-25,Credit Card,PENDING,1,279562.36,0.00,279562.36
2026-04-25,Credit Card,REFUNDED,2,207008.96,207008.96,0.00
2026-04-25,Credit Card,SUCCESS,9,2187344.45,0.00,2187344.45
2026-04-25,Debit Card,FAILED,1,253050.66,0.00,253050.66
2026-04-25,Debit Card,PENDING,2,207173.13,0.00,207173.13
2026-04-25,Debit Card,REFUNDED,2,707087.12,707087.12,0.00
2026-04-25,Debit Card,SUCCESS,6,1582131.29,0.00,1582131.29
2026-04-25,Net Banking,FAILED,3,463700.72,0.00,463700.72
2026-04-25,Net Banking,REFUNDED,3,1260327.51,1260327.51,0.00
2026-04-25,Net Banking,SUCCESS,5,1074700.99,0.00,1074700.99
2026-04-25,Upi,FAILED,1,65570.39,0.00,65570.39
2026-04-25,Upi,REFUNDED,1,590155.76,590155.76,0.00
2026-04-25,Upi,SUCCESS,6,1570894.95,0.00,1570894.95
2026-04-25,Wallet,FAILED,1,131194.06,0.00,131194.06
2026-04-25,Wallet,PENDING,1,138467.75,0.00,138467.75
2026-04-25,Wallet,REFUNDED,1,350213.00,350213.00,0.00
2026-04-25,Wallet,SUCCESS,9,3016596.40,0.00,3016596.40
2026-04-26,Credit Card,FAILED,2,230934.14,0.00,230934.14
2026-04-26,Credit Card,REFUNDED,1,378334.96,378334.96,0.00
2026-04-26,Credit Card,SUCCESS,4,1045767.41,0.00,1045767.41
2026-04-26,Debit Card,FAILED,1,233820.49,0.00,233820.49
2026-04-26,Debit Card,PENDING,1,503064.12,0.00,503064.12
2026-04-26,Debit Card,REFUNDED,4,1243807.93,1243807.93,0.00
2026-04-26,Debit Card,SUCCESS,10,2299034.12,0.00,2299034.12
2026-04-26,Net Banking,FAILED,2,418987.40,0.00,418987.40
2026-04-26,Net Banking,PENDING,1,87848.48,0.00,87848.48
2026-04-26,Net Banking,SUCCESS,8,2025483.06,0.00,2025483.06
2026-04-26,Upi,SUCCESS,3,1092554.60,0.00,1092554.60
2026-04-26,Wallet,FAILED,1,446277.14,0.00,446277.14
2026-04-26,Wallet,REFUNDED,3,782849.67,782849.67,0.00
2026-04-26,Wallet,SUCCESS,2,348219.77,0.00,348219.77
2026-04-27,Credit Card,FAILED,2,644632.83,0.00,644632.83
2026-04-27,Credit Card,REFUNDED,1,140285.98,140285.98,0.00
2026-04-27,Credit Card,SUCCESS,6,2454389.45,0.00,2454389.45
2026-04-27,Debit Card,FAILED,1,290674.15,0.00,290674.15
2026-04-27,Debit Card,SUCCESS,8,2243079.26,0.00,2243079.26
2026-04-27,Net Banking,PENDING,3,484822.69,0.00,484822.69
2026-04-27,Net Banking,SUCCESS,13,4286232.15,0.00,4286232.15
2026-04-27,Upi,FAILED,1,489634.93,0.00,489634.93
2026-04-27,Upi,REFUNDED,1,29185.14,29185.14,0.00
2026-04-27,Upi,SUCCESS,10,2581244.78,0.00,2581244.78
2026-04-27,Wallet,PENDING,1,438590.21,0.00,438590.21
2026-04-27,Wallet,REFUNDED,4,916189.41,916189.41,0.00
2026-04-27,Wallet,SUCCESS,9,2441306.87,0.00,2441306.87
2026-04-28,Credit Card,FAILED,2,231027.92,0.00,231027.92
2026-04-28,Credit Card,PENDING,1,548331.12,0.00,548331.12
2026-04-28,Credit Card,REFUNDED,6,1705237.98,1705237.98,0.00
2026-04-28,Credit Card,SUCCESS,9,2382763.00,0.00,2382763.00
2026-04-28,Debit Card,FAILED,1,339029.30,0.00,339029.30
2026-04-28,Debit Card,PENDING,1,155957.88,0.00,155957.88
2026-04-28,Debit Card,REFUNDED,2,597288.91,597288.91,0.00
2026-04-28,Debit Card,SUCCESS,9,3460492.48,0.00,3460492.48
2026-04-28,Net Banking,PENDING,1,451964.16,0.00,451964.16
2026-04-28,Net Banking,REFUNDED,1,93651.15,93651.15,0.00
2026-04-28,Net Banking,SUCCESS,5,1659680.52,0.00,1659680.52
2026-04-28,Upi,FAILED,2,189122.03,0.00,189122.03
2026-04-28,Upi,PENDING,2,337344.94,0.00,337344.94
2026-04-28,Upi,REFUNDED,1,199187.66,199187.66,0.00
2026-04-28,Upi,SUCCESS,9,2246235.95,0.00,2246235.95
2026-04-28,Wallet,FAILED,1,533062.28,0.00,533062.28
2026-04-28,Wallet,PENDING,1,194505.24,0.00,194505.24
2026-04-28,Wallet,REFUNDED,1,207385.95,207385.95,0.00
2026-04-28,Wallet,SUCCESS,7,2347870.96,0.00,2347870.96
2026-04-29,Credit Card,FAILED,1,42712.64,0.00,42712.64
2026-04-29,Credit Card,SUCCESS,5,919095.77,0.00,919095.77
2026-04-29,Debit Card,FAILED,1,300171.96,0.00,300171.96
2026-04-29,Debit Card,REFUNDED,1,536098.77,536098.77,0.00
2026-04-29,Debit Card,SUCCESS,8,1702407.60,0.00,1702407.60
2026-04-29,Net Banking,FAILED,1,200268.33,0.00,200268.33
2026-04-29,Net Banking,REFUNDED,1,278489.22,278489.22,0.00
2026-04-29,Net Banking,SUCCESS,4,696706.37,0.00,696706.37
2026-04-29,Upi,FAILED,2,357877.36,0.00,357877.36
2026-04-29,Upi,SUCCESS,10,1960329.60,0.00,1960329.60
2026-04-29,Wallet,REFUNDED,2,351693.04,351693.04,0.00
2026-04-29,Wallet,SUCCESS,5,1051869.72,0.00,1051869.72
2026-04-30,Credit Card,FAILED,2,812704.04,0.00,812704.04
2026-04-30,Credit Card,SUCCESS,6,1453491.88,0.00,1453491.88
2026-04-30,Debit Card,PENDING,1,301427.88,0.00,301427.88
2026-04-30,Debit Card,SUCCESS,9,2141416.68,0.00,2141416.68
2026-04-30,Net Banking,FAILED,2,237993.48,0.00,237993.48
2026-04-30,Net Banking,PENDING,2,376048.67,0.00,376048.67
2026-04-30,Net Banking,REFUNDED,1,131789.61,131789.61,0.00
2026-04-30,Net Banking,SUCCESS,5,1532494.09,0.00,1532494.09
2026-04-30,Upi,FAILED,1,354058.96,0.00,354058.96
2026-04-30,Upi,PENDING,1,124163.53,0.00,124163.53
2026-04-30,Upi,REFUNDED,2,1067148.82,1067148.82,0.00
2026-04-30,Upi,SUCCESS,9,3005243.89,0.00,3005243.89
2026-04-30,Wallet,REFUNDED,1,325297.15,325297.15,0.00
2026-04-30,Wallet,SUCCESS,8,1521636.37,0.00,1521636.37
2026-05-01,Credit Card,PENDING,1,74139.54,0.00,74139.54
2026-05-01,Credit Card,REFUNDED,3,545730.26,545730.26,0.00
2026-05-01,Credit Card,SUCCESS,5,1053265.99,0.00,1053265.99
2026-05-01,Debit Card,FAILED,4,1067902.30,0.00,1067902.30
2026-05-01,Debit Card,REFUNDED,2,310394.95,310394.95,0.00
2026-05-01,Debit Card,SUCCESS,6,1791806.57,0.00,1791806.57
2026-05-01,Net Banking,FAILED,1,554245.85,0.00,554245.85
2026-05-01,Net Banking,REFUNDED,2,75587.64,75587.64,0.00
2026-05-01,Net Banking,SUCCESS,14,4033413.20,0.00,4033413.20
2026-05-01,Upi,FAILED,1,422808.27,0.00,422808.27
2026-05-01,Upi,SUCCESS,6,1556963.15,0.00,1556963.15
2026-05-01,Wallet,FAILED,2,523834.52,0.00,523834.52
2026-05-01,Wallet,PENDING,1,541444.96,0.00,541444.96
2026-05-01,Wallet,REFUNDED,3,723199.44,723199.44,0.00
2026-05-01,Wallet,SUCCESS,7,1673415.89,0.00,1673415.89
2026-05-02,Credit Card,FAILED,1,358919.44,0.00,358919.44
2026-05-02,Credit Card,REFUNDED,2,482910.86,482910.86,0.00
2026-05-02,Credit Card,SUCCESS,9,2393900.15,0.00,2393900.15
2026-05-02,Debit Card,SUCCESS,6,2065575.36,0.00,2065575.36
2026-05-02,Net Banking,REFUNDED,2,225299.74,225299.74,0.00
2026-05-02,Net Banking,SUCCESS,5,1469438.24,0.00,1469438.24
2026-05-02,Upi,REFUNDED,1,71406.92,71406.92,0.00
2026-05-02,Upi,SUCCESS,8,1940945.66,0.00,1940945.66
2026-05-02,Wallet,FAILED,1,109746.48,0.00,109746.48
2026-05-02,Wallet,REFUNDED,1,67945.67,67945.67,0.00
2026-05-02,Wallet,SUCCESS,8,2393478.54,0.00,2393478.54
2026-05-03,Credit Card,REFUNDED,1,437904.67,437904.67,0.00
2026-05-03,Credit Card,SUCCESS,9,1853278.57,0.00,1853278.57
2026-05-03,Debit Card,SUCCESS,10,2526444.86,0.00,2526444.86
2026-05-03,Net Banking,FAILED,2,590502.55,0.00,590502.55
2026-05-03,Net Banking,REFUNDED,3,1489039.37,1489039.37,0.00
2026-05-03,Net Banking,SUCCESS,3,453177.44,0.00,453177.44
2026-05-03,Upi,FAILED,4,631114.06,0.00,631114.06
2026-05-03,Upi,REFUNDED,3,607086.57,607086.57,0.00
2026-05-03,Upi,SUCCESS,6,1260697.41,0.00,1260697.41
2026-05-03,Wallet,FAILED,3,1027389.52,0.00,1027389.52
2026-05-03,Wallet,PENDING,1,492835.28,0.00,492835.28
2026-05-03,Wallet,REFUNDED,1,60129.13,60129.13,0.00
2026-05-03,Wallet,SUCCESS,6,2115534.37,0.00,2115534.37
2026-05-04,Credit Card,FAILED,1,213551.59,0.00,213551.59
2026-05-04,Credit Card,PENDING,1,524623.98,0.00,524623.98
2026-05-04,Credit Card,REFUNDED,1,186890.03,186890.03,0.00
2026-05-04,Credit Card,SUCCESS,12,2977716.63,0.00,2977716.63
2026-05-04,Debit Card,PENDING,2,912377.46,0.00,912377.46
2026-05-04,Debit Card,REFUNDED,3,848249.10,848249.10,0.00
2026-05-04,Debit Card,SUCCESS,4,484473.77,0.00,484473.77
2026-05-04,Net Banking,REFUNDED,1,46934.38,46934.38,0.00
2026-05-04,Net Banking,SUCCESS,8,2034433.02,0.00,2034433.02
2026-05-04,Upi,FAILED,1,233669.64,0.00,233669.64
2026-05-04,Upi,PENDING,1,93284.76,0.00,93284.76
2026-05-04,Upi,REFUNDED,1,433394.92,433394.92,0.00
2026-05-04,Upi,SUCCESS,7,2196533.43,0.00,2196533.43
2026-05-04,Wallet,REFUNDED,3,1229216.53,1229216.53,0.00
2026-05-04,Wallet,SUCCESS,9,2130365.77,0.00,2130365.77
2026-05-05,Credit Card,FAILED,1,408557.63,0.00,408557.63
2026-05-05,Credit Card,PENDING,2,975889.34,0.00,975889.34
2026-05-05,Credit Card,REFUNDED,1,239693.40,239693.40,0.00
2026-05-05,Credit Card,SUCCESS,4,1044748.70,0.00,1044748.70
2026-05-05,Debit Card,FAILED,1,208514.10,0.00,208514.10
2026-05-05,Debit Card,REFUNDED,2,186228.47,186228.47,0.00
2026-05-05,Debit Card,SUCCESS,12,2885154.70,0.00,2885154.70
2026-05-05,Net Banking,FAILED,2,549319.92,0.00,549319.92
2026-05-05,Net Banking,SUCCESS,5,1824073.08,0.00,1824073.08
2026-05-05,Upi,FAILED,2,521578.12,0.00,521578.12
2026-05-05,Upi,PENDING,1,268889.28,0.00,268889.28
2026-05-05,Upi,REFUNDED,1,311506.37,311506.37,0.00
2026-05-05,Upi,SUCCESS,9,2291193.14,0.00,2291193.14
2026-05-05,Wallet,FAILED,2,833561.92,0.00,833561.92
2026-05-05,Wallet,PENDING,1,277033.81,0.00,277033.81
2026-05-05,Wallet,REFUNDED,1,299275.79,299275.79,0.00
2026-05-05,Wallet,SUCCESS,6,2416500.38,0.00,2416500.38
2026-05-06,Credit Card,REFUNDED,3,638596.18,638596.18,0.00
2026-05-06,Credit Card,SUCCESS,9,1835300.96,0.00,1835300.96
2026-05-06,Debit Card,FAILED,3,937542.93,0.00,937542.93
2026-05-06,Debit Card,SUCCESS,4,1087411.26,0.00,1087411.26
2026-05-06,Net Banking,FAILED,2,656832.22,0.00,656832.22
2026-05-06,Net Banking,REFUNDED,1,64475.34,64475.34,0.00
2026-05-06,Net Banking,SUCCESS,6,1472789.80,0.00,1472789.80
2026-05-06,Upi,PENDING,1,292719.92,0.00,292719.92
2026-05-06,Upi,REFUNDED,1,211585.04,211585.04,0.00
2026-05-06,Upi,SUCCESS,6,1231778.90,0.00,1231778.90
2026-05-06,Wallet,FAILED,1,179991.41,0.00,179991.41
2026-05-06,Wallet,PENDING,2,922725.55,0.00,922725.55
2026-05-06,Wallet,SUCCESS,8,2846054.49,0.00,2846054.49
2026-05-07,Credit Card,FAILED,1,226667.17,0.00,226667.17
2026-05-07,Credit Card,REFUNDED,1,328228.13,328228.13,0.00
2026-05-07,Credit Card,SUCCESS,5,1448954.07,0.00,1448954.07
2026-05-07,Debit Card,REFUNDED,2,123246.00,123246.00,0.00
2026-05-07,Debit Card,SUCCESS,5,1186557.70,0.00,1186557.70
2026-05-07,Net Banking,FAILED,1,102218.00,0.00,102218.00
2026-05-07,Net Banking,REFUNDED,3,678883.56,678883.56,0.00
2026-05-07,Net Banking,SUCCESS,7,1940253.96,0.00,1940253.96
2026-05-07,Upi,FAILED,4,959633.15,0.00,959633.15
2026-05-07,Upi,REFUNDED,3,509894.82,509894.82,0.00
2026-05-07,Upi,SUCCESS,9,1820487.89,0.00,1820487.89
2026-05-07,Wallet,FAILED,3,1007839.23,0.00,1007839.23
2026-05-07,Wallet,REFUNDED,1,149539.88,149539.88,0.00
2026-05-07,Wallet,SUCCESS,10,2813831.78,0.00,2813831.78
2026-05-08,Credit Card,REFUNDED,3,662309.53,662309.53,0.00
2026-05-08,Credit Card,SUCCESS,5,1895735.52,0.00,1895735.52
2026-05-08,Debit Card,SUCCESS,3,709932.04,0.00,709932.04
2026-05-08,Net Banking,FAILED,1,49959.98,0.00,49959.98
2026-05-08,Net Banking,PENDING,1,262068.07,0.00,262068.07
2026-05-08,Net Banking,REFUNDED,4,1350670.04,1350670.04,0.00
2026-05-08,Net Banking,SUCCESS,7,2342734.60,0.00,2342734.60
2026-05-08,Upi,REFUNDED,1,631672.82,631672.82,0.00
2026-05-08,Upi,SUCCESS,14,3627247.31,0.00,3627247.31
2026-05-08,Wallet,PENDING,1,525883.52,0.00,525883.52
2026-05-08,Wallet,REFUNDED,3,487419.70,487419.70,0.00
2026-05-08,Wallet,SUCCESS,8,3153473.97,0.00,3153473.97
2026-05-09,Credit Card,FAILED,1,145068.78,0.00,145068.78
2026-05-09,Credit Card,PENDING,1,39421.29,0.00,39421.29
2026-05-09,Credit Card,REFUNDED,3,496302.18,496302.18,0.00
2026-05-09,Credit Card,SUCCESS,6,1565707.36,0.00,1565707.36
2026-05-09,Debit Card,REFUNDED,3,1215689.30,1215689.30,0.00
2026-05-09,Debit Card,SUCCESS,3,570698.38,0.00,570698.38
2026-05-09,Net Banking,PENDING,2,415963.50,0.00,415963.50
2026-05-09,Net Banking,REFUNDED,2,704856.91,704856.91,0.00
2026-05-09,Net Banking,SUCCESS,5,1705238.16,0.00,1705238.16
2026-05-09,Upi,FAILED,1,414598.98,0.00,414598.98
2026-05-09,Upi,REFUNDED,3,763673.21,763673.21,0.00
2026-05-09,Upi,SUCCESS,12,2956407.59,0.00,2956407.59
2026-05-09,Wallet,REFUNDED,2,677169.73,677169.73,0.00
2026-05-09,Wallet,SUCCESS,9,2787761.83,0.00,2787761.83
2026-05-10,Credit Card,FAILED,2,727948.47,0.00,727948.47
2026-05-10,Credit Card,SUCCESS,6,1253585.10,0.00,1253585.10
2026-05-10,Debit Card,FAILED,1,365242.46,0.00,365242.46
2026-05-10,Debit Card,PENDING,1,278485.51,0.00,278485.51
2026-05-10,Debit Card,REFUNDED,1,402534.49,402534.49,0.00
2026-05-10,Debit Card,SUCCESS,7,2443064.26,0.00,2443064.26
2026-05-10,Net Banking,FAILED,1,386414.68,0.00,386414.68
2026-05-10,Net Banking,REFUNDED,2,727203.70,727203.70,0.00
2026-05-10,Net Banking,SUCCESS,6,1671188.37,0.00,1671188.37
2026-05-10,Upi,PENDING,2,111505.86,0.00,111505.86
2026-05-10,Upi,REFUNDED,1,233014.29,233014.29,0.00
2026-05-10,Upi,SUCCESS,8,2267896.23,0.00,2267896.23
2026-05-10,Wallet,REFUNDED,4,992819.05,992819.05,0.00
2026-05-10,Wallet,SUCCESS,7,1481420.02,0.00,1481420.02
2026-05-11,Credit Card,FAILED,1,89931.48,0.00,89931.48
2026-05-11,Credit Card,PENDING,2,496687.22,0.00,496687.22
2026-05-11,Credit Card,REFUNDED,3,949210.64,949210.64,0.00
2026-05-11,Credit Card,SUCCESS,7,1281019.40,0.00,1281019.40
2026-05-11,Debit Card,FAILED,1,605965.41,0.00,605965.41
2026-05-11,Debit Card,REFUNDED,3,901991.14,901991.14,0.00
2026-05-11,Debit Card,SUCCESS,9,2453046.97,0.00,2453046.97
2026-05-11,Net Banking,FAILED,2,192222.07,0.00,192222.07
2026-05-11,Net Banking,REFUNDED,1,305230.90,305230.90,0.00
2026-05-11,Net Banking,SUCCESS,6,2593355.33,0.00,2593355.33
2026-05-11,Upi,FAILED,1,293804.06,0.00,293804.06
2026-05-11,Upi,REFUNDED,3,463378.90,463378.90,0.00
2026-05-11,Upi,SUCCESS,10,2244563.95,0.00,2244563.95
2026-05-11,Wallet,FAILED,2,509692.61,0.00,509692.61
2026-05-11,Wallet,REFUNDED,4,682730.78,682730.78,0.00
2026-05-11,Wallet,SUCCESS,7,2495250.49,0.00,2495250.49
2026-05-12,Credit Card,REFUNDED,2,999609.17,999609.17,0.00
2026-05-12,Credit Card,SUCCESS,8,1658449.67,0.00,1658449.67
2026-05-12,Debit Card,FAILED,1,116965.18,0.00,116965.18
2026-05-12,Debit Card,PENDING,2,180725.43,0.00,180725.43
2026-05-12,Debit Card,REFUNDED,2,499724.56,499724.56,0.00
2026-05-12,Debit Card,SUCCESS,3,820547.02,0.00,820547.02
2026-05-12,Net Banking,FAILED,3,1562223.76,0.00,1562223.76
2026-05-12,Net Banking,PENDING,1,32639.18,0.00,32639.18
2026-05-12,Net Banking,REFUNDED,2,501918.12,501918.12,0.00
2026-05-12,Net Banking,SUCCESS,7,1071654.25,0.00,1071654.25
2026-05-12,Upi,FAILED,1,8929.52,0.00,8929.52
2026-05-12,Upi,SUCCESS,14,3344313.91,0.00,3344313.91
2026-05-12,Wallet,FAILED,1,576761.08,0.00,576761.08
2026-05-12,Wallet,PENDING,2,471421.45,0.00,471421.45
2026-05-12,Wallet,REFUNDED,1,217570.37,217570.37,0.00
2026-05-12,Wallet,SUCCESS,4,808156.56,0.00,808156.56
2026-05-13,Credit Card,FAILED,2,596793.19,0.00,596793.19
2026-05-13,Credit Card,REFUNDED,2,558601.80,558601.80,0.00
2026-05-13,Credit Card,SUCCESS,6,1911410.05,0.00,1911410.05
2026-05-13,Debit Card,FAILED,2,715271.62,0.00,715271.62
2026-05-13,Debit Card,PENDING,3,829043.76,0.00,829043.76
2026-05-13,Debit Card,REFUNDED,2,876759.17,876759.17,0.00
2026-05-13,Debit Card,SUCCESS,6,2006361.79,0.00,2006361.79
2026-05-13,Net Banking,PENDING,1,531799.64,0.00,531799.64
2026-05-13,Net Banking,REFUNDED,4,1350484.13,1350484.13,0.00
2026-05-13,Net Banking,SUCCESS,3,789349.71,0.00,789349.71
2026-05-13,Upi,FAILED,2,388878.39,0.00,388878.39
2026-05-13,Upi,REFUNDED,1,285002.39,285002.39,0.00
2026-05-13,Upi,SUCCESS,8,1985999.37,0.00,1985999.37
2026-05-13,Wallet,FAILED,4,1367075.79,0.00,1367075.79
2026-05-13,Wallet,REFUNDED,4,713499.02,713499.02,0.00
2026-05-13,Wallet,SUCCESS,6,838962.00,0.00,838962.00
2026-05-14,Credit Card,FAILED,3,1183663.03,0.00,1183663.03
2026-05-14,Credit Card,REFUNDED,2,686301.02,686301.02,0.00
2026-05-14,Credit Card,SUCCESS,8,1914533.46,0.00,1914533.46
2026-05-14,Debit Card,FAILED,1,325930.49,0.00,325930.49
2026-05-14,Debit Card,PENDING,1,655292.20,0.00,655292.20
2026-05-14,Debit Card,REFUNDED,2,424081.19,424081.19,0.00
2026-05-14,Debit Card,SUCCESS,6,1891316.96,0.00,1891316.96
2026-05-14,Net Banking,FAILED,3,116047.28,0.00,116047.28
2026-05-14,Net Banking,REFUNDED,2,609338.90,609338.90,0.00
2026-05-14,Net Banking,SUCCESS,4,336795.83,0.00,336795.83
2026-05-14,Upi,FAILED,3,961179.41,0.00,961179.41
2026-05-14,Upi,PENDING,1,83401.60,0.00,83401.60
2026-05-14,Upi,REFUNDED,4,616770.39,616770.39,0.00
2026-05-14,Upi,SUCCESS,10,2435039.66,0.00,2435039.66
2026-05-14,Wallet,FAILED,1,332532.67,0.00,332532.67
2026-05-14,Wallet,REFUNDED,2,263829.75,263829.75,0.00
2026-05-14,Wallet,SUCCESS,8,1845761.09,0.00,1845761.09
2026-05-15,Credit Card,FAILED,1,42478.88,0.00,42478.88
2026-05-15,Credit Card,SUCCESS,3,870629.98,0.00,870629.98
2026-05-15,Debit Card,FAILED,2,608391.75,0.00,608391.75
2026-05-15,Debit Card,PENDING,1,466549.10,0.00,466549.10
2026-05-15,Debit Card,SUCCESS,5,1043233.66,0.00,1043233.66
2026-05-15,Net Banking,FAILED,1,174474.69,0.00,174474.69
2026-05-15,Net Banking,REFUNDED,1,245289.70,245289.70,0.00
2026-05-15,Net Banking,SUCCESS,6,1134249.63,0.00,1134249.63
2026-05-15,Upi,REFUNDED,3,1190038.31,1190038.31,0.00
2026-05-15,Upi,SUCCESS,8,1632003.36,0.00,1632003.36
2026-05-15,Wallet,FAILED,1,319516.27,0.00,319516.27
2026-05-15,Wallet,SUCCESS,11,2672403.39,0.00,2672403.39
2026-05-16,Credit Card,FAILED,4,1143955.86,0.00,1143955.86
2026-05-16,Credit Card,PENDING,1,359101.93,0.00,359101.93
2026-05-16,Credit Card,REFUNDED,2,301790.54,301790.54,0.00
2026-05-16,Credit Card,SUCCESS,11,3263412.08,0.00,3263412.08
2026-05-16,Debit Card,FAILED,1,444917.27,0.00,444917.27
2026-05-16,Debit Card,PENDING,3,646593.50,0.00,646593.50
2026-05-16,Debit Card,REFUNDED,1,278175.42,278175.42,0.00
2026-05-16,Debit Card,SUCCESS,6,1088666.31,0.00,1088666.31
2026-05-16,Net Banking,FAILED,1,359042.63,0.00,359042.63
2026-05-16,Net Banking,REFUNDED,3,569902.43,569902.43,0.00
2026-05-16,Net Banking,SUCCESS,6,2178349.58,0.00,2178349.58
2026-05-16,Upi,FAILED,1,268252.85,0.00,268252.85
2026-05-16,Upi,REFUNDED,2,421303.57,421303.57,0.00
2026-05-16,Upi,SUCCESS,9,2845412.04,0.00,2845412.04
2026-05-16,Wallet,PENDING,1,474124.38,0.00,474124.38
2026-05-16,Wallet,REFUNDED,3,557122.54,557122.54,0.00
2026-05-16,Wallet,SUCCESS,4,946214.36,0.00,946214.36
2026-05-17,Credit Card,PENDING,2,320048.14,0.00,320048.14
2026-05-17,Credit Card,REFUNDED,1,102490.88,102490.88,0.00
2026-05-17,Credit Card,SUCCESS,9,2440269.24,0.00,2440269.24
2026-05-17,Debit Card,FAILED,1,297477.50,0.00,297477.50
2026-05-17,Debit Card,PENDING,3,974745.13,0.00,974745.13
2026-05-17,Debit Card,SUCCESS,9,2085751.88,0.00,2085751.88
2026-05-17,Net Banking,FAILED,1,52598.23,0.00,52598.23
2026-05-17,Net Banking,REFUNDED,3,672878.19,672878.19,0.00
2026-05-17,Net Banking,SUCCESS,8,2454747.59,0.00,2454747.59
2026-05-17,Upi,REFUNDED,1,153273.41,153273.41,0.00
2026-05-17,Upi,SUCCESS,8,1472230.94,0.00,1472230.94
2026-05-17,Wallet,FAILED,2,342582.51,0.00,342582.51
2026-05-17,Wallet,REFUNDED,2,552987.24,552987.24,0.00
2026-05-17,Wallet,SUCCESS,3,1450530.85,0.00,1450530.85
2026-05-18,Credit Card,SUCCESS,7,1675134.22,0.00,1675134.22
2026-05-18,Debit Card,REFUNDED,1,100204.13,100204.13,0.00
2026-05-18,Debit Card,SUCCESS,7,2667802.65,0.00,2667802.65
2026-05-18,Net Banking,FAILED,1,33339.61,0.00,33339.61
2026-05-18,Net Banking,REFUNDED,1,153925.35,153925.35,0.00
2026-05-18,Net Banking,SUCCESS,4,609745.12,0.00,609745.12
2026-05-18,Upi,FAILED,2,679849.02,0.00,679849.02
2026-05-18,Upi,REFUNDED,1,306593.04,306593.04,0.00
2026-05-18,Upi,SUCCESS,6,2362705.39,0.00,2362705.39
2026-05-18,Wallet,FAILED,2,263225.12,0.00,263225.12
2026-05-18,Wallet,REFUNDED,3,585473.91,585473.91,0.00
2026-05-18,Wallet,SUCCESS,7,1810789.88,0.00,1810789.88
2026-05-19,Credit Card,FAILED,1,3581.84,0.00,3581.84
2026-05-19,Credit Card,PENDING,1,857245.41,0.00,857245.41
2026-05-19,Credit Card,REFUNDED,1,517408.03,517408.03,0.00
2026-05-19,Credit Card,SUCCESS,8,3310875.61,0.00,3310875.61
2026-05-19,Debit Card,REFUNDED,2,548337.00,548337.00,0.00
2026-05-19,Debit Card,SUCCESS,6,1289369.80,0.00,1289369.80
2026-05-19,Net Banking,FAILED,2,659011.35,0.00,659011.35
2026-05-19,Net Banking,REFUNDED,2,373869.32,373869.32,0.00
2026-05-19,Net Banking,SUCCESS,3,983176.11,0.00,983176.11
2026-05-19,Upi,PENDING,1,407543.85,0.00,407543.85
2026-05-19,Upi,REFUNDED,1,260528.28,260528.28,0.00
2026-05-19,Upi,SUCCESS,11,2569123.62,0.00,2569123.62
2026-05-19,Wallet,PENDING,1,103491.12,0.00,103491.12
2026-05-19,Wallet,REFUNDED,2,667838.80,667838.80,0.00
2026-05-19,Wallet,SUCCESS,7,2360775.86,0.00,2360775.86
2026-05-20,Credit Card,FAILED,1,297028.52,0.00,297028.52
2026-05-20,Credit Card,PENDING,1,72120.28,0.00,72120.28
2026-05-20,Credit Card,REFUNDED,1,512825.28,512825.28,0.00
2026-05-20,Credit Card,SUCCESS,4,1276704.81,0.00,1276704.81
2026-05-20,Debit Card,FAILED,2,808276.59,0.00,808276.59
2026-05-20,Debit Card,REFUNDED,1,464936.92,464936.92,0.00
2026-05-20,Debit Card,SUCCESS,6,1613800.48,0.00,1613800.48
2026-05-20,Net Banking,FAILED,1,191557.14,0.00,191557.14
2026-05-20,Net Banking,PENDING,1,455807.63,0.00,455807.63
2026-05-20,Net Banking,SUCCESS,13,3810755.72,0.00,3810755.72
2026-05-20,Upi,FAILED,1,310148.02,0.00,310148.02
2026-05-20,Upi,PENDING,1,206724.21,0.00,206724.21
2026-05-20,Upi,REFUNDED,3,218795.21,218795.21,0.00
2026-05-20,Upi,SUCCESS,6,889409.78,0.00,889409.78
2026-05-20,Wallet,FAILED,1,333482.91,0.00,333482.91
2026-05-20,Wallet,PENDING,1,193417.39,0.00,193417.39
2026-05-20,Wallet,SUCCESS,13,4015851.61,0.00,4015851.61
2026-05-21,Credit Card,FAILED,1,425964.57,0.00,425964.57
2026-05-21,Credit Card,PENDING,1,251894.19,0.00,251894.19
2026-05-21,Credit Card,REFUNDED,2,896905.77,896905.77,0.00
2026-05-21,Credit Card,SUCCESS,7,2853573.36,0.00,2853573.36
2026-05-21,Debit Card,SUCCESS,5,902568.45,0.00,902568.45
2026-05-21,Net Banking,FAILED,1,27307.14,0.00,27307.14
2026-05-21,Net Banking,REFUNDED,3,1016230.12,1016230.12,0.00
2026-05-21,Net Banking,SUCCESS,5,1694608.63,0.00,1694608.63
2026-05-21,Upi,FAILED,1,28426.19,0.00,28426.19
2026-05-21,Upi,REFUNDED,2,434069.28,434069.28,0.00
2026-05-21,Upi,SUCCESS,7,1957345.26,0.00,1957345.26
2026-05-21,Wallet,FAILED,1,19292.46,0.00,19292.46
2026-05-21,Wallet,REFUNDED,1,243232.18,243232.18,0.00
2026-05-21,Wallet,SUCCESS,10,2403323.45,0.00,2403323.45
2026-05-22,Credit Card,FAILED,1,385703.79,0.00,385703.79
2026-05-22,Credit Card,REFUNDED,2,459549.56,459549.56,0.00
2026-05-22,Credit Card,SUCCESS,10,3211927.73,0.00,3211927.73
2026-05-22,Debit Card,FAILED,1,492361.54,0.00,492361.54
2026-05-22,Debit Card,PENDING,1,111416.38,0.00,111416.38
2026-05-22,Debit Card,REFUNDED,2,551733.04,551733.04,0.00
2026-05-22,Debit Card,SUCCESS,8,2763532.72,0.00,2763532.72
2026-05-22,Net Banking,FAILED,1,156481.81,0.00,156481.81
2026-05-22,Net Banking,REFUNDED,3,1069607.09,1069607.09,0.00
2026-05-22,Net Banking,SUCCESS,6,1404839.02,0.00,1404839.02
2026-05-22,Upi,FAILED,1,161180.68,0.00,161180.68
2026-05-22,Upi,REFUNDED,1,98983.54,98983.54,0.00
2026-05-22,Upi,SUCCESS,6,1385811.54,0.00,1385811.54
2026-05-22,Wallet,FAILED,2,406885.56,0.00,406885.56
2026-05-22,Wallet,REFUNDED,1,347385.22,347385.22,0.00
2026-05-22,Wallet,SUCCESS,3,852322.83,0.00,852322.83
2026-05-23,Credit Card,FAILED,2,590180.38,0.00,590180.38
2026-05-23,Credit Card,REFUNDED,1,4207.95,4207.95,0.00
2026-05-23,Credit Card,SUCCESS,3,995854.25,0.00,995854.25
2026-05-23,Debit Card,FAILED,1,582254.56,0.00,582254.56
2026-05-23,Debit Card,PENDING,1,365546.60,0.00,365546.60
2026-05-23,Debit Card,REFUNDED,1,263836.32,263836.32,0.00
2026-05-23,Debit Card,SUCCESS,8,2255814.34,0.00,2255814.34
2026-05-23,Net Banking,FAILED,1,311285.98,0.00,311285.98
2026-05-23,Net Banking,SUCCESS,6,1362015.76,0.00,1362015.76
2026-05-23,Upi,REFUNDED,1,326681.87,326681.87,0.00
2026-05-23,Upi,SUCCESS,7,2199479.54,0.00,2199479.54
2026-05-23,Wallet,FAILED,1,436074.19,0.00,436074.19
2026-05-23,Wallet,PENDING,1,330412.25,0.00,330412.25
2026-05-23,Wallet,REFUNDED,1,231346.30,231346.30,0.00
2026-05-23,Wallet,SUCCESS,8,848726.53,0.00,848726.53
2026-05-24,Credit Card,REFUNDED,1,344201.04,344201.04,0.00
2026-05-24,Credit Card,SUCCESS,11,2768921.33,0.00,2768921.33
2026-05-24,Debit Card,FAILED,1,188998.89,0.00,188998.89
2026-05-24,Debit Card,REFUNDED,1,106495.67,106495.67,0.00
2026-05-24,Debit Card,SUCCESS,8,2934919.60,0.00,2934919.60
2026-05-24,Net Banking,REFUNDED,2,81123.56,81123.56,0.00
2026-05-24,Net Banking,SUCCESS,11,3304114.80,0.00,3304114.80
2026-05-24,Upi,FAILED,1,148557.14,0.00,148557.14
2026-05-24,Upi,PENDING,1,23400.80,0.00,23400.80
2026-05-24,Upi,REFUNDED,1,194245.23,194245.23,0.00
2026-05-24,Upi,SUCCESS,3,941185.21,0.00,941185.21
2026-05-24,Wallet,FAILED,3,429737.12,0.00,429737.12
2026-05-24,Wallet,SUCCESS,15,3373250.49,0.00,3373250.49
2026-05-25,Credit Card,FAILED,1,196310.78,0.00,196310.78
2026-05-25,Credit Card,PENDING,2,189476.54,0.00,189476.54
2026-05-25,Credit Card,REFUNDED,1,98544.68,98544.68,0.00
2026-05-25,Credit Card,SUCCESS,6,1165041.60,0.00,1165041.60
2026-05-25,Debit Card,FAILED,2,1249462.69,0.00,1249462.69
2026-05-25,Debit Card,REFUNDED,2,664417.26,664417.26,0.00
2026-05-25,Debit Card,SUCCESS,6,1517917.80,0.00,1517917.80
2026-05-25,Net Banking,FAILED,1,425944.82,0.00,425944.82
2026-05-25,Net Banking,SUCCESS,11,3137104.80,0.00,3137104.80
2026-05-25,Upi,FAILED,2,395573.20,0.00,395573.20
2026-05-25,Upi,PENDING,1,121810.35,0.00,121810.35
2026-05-25,Upi,REFUNDED,1,488090.63,488090.63,0.00
2026-05-25,Upi,SUCCESS,4,1214927.66,0.00,1214927.66
2026-05-25,Wallet,FAILED,2,741684.82,0.00,741684.82
2026-05-25,Wallet,REFUNDED,2,207371.47,207371.47,0.00
2026-05-25,Wallet,SUCCESS,8,1967046.96,0.00,1967046.96
2026-05-26,Credit Card,FAILED,1,41442.85,0.00,41442.85
2026-05-26,Credit Card,REFUNDED,2,470704.33,470704.33,0.00
2026-05-26,Credit Card,SUCCESS,6,1558906.43,0.00,1558906.43
2026-05-26,Debit Card,REFUNDED,1,193136.95,193136.95,0.00
2026-05-26,Debit Card,SUCCESS,9,1621519.96,0.00,1621519.96
2026-05-26,Net Banking,FAILED,2,154348.68,0.00,154348.68
2026-05-26,Net Banking,PENDING,1,42968.04,0.00,42968.04
2026-05-26,Net Banking,REFUNDED,2,229490.87,229490.87,0.00
2026-05-26,Net Banking,SUCCESS,4,686078.04,0.00,686078.04
2026-05-26,Upi,FAILED,1,452116.57,0.00,452116.57
2026-05-26,Upi,REFUNDED,1,306224.70,306224.70,0.00
2026-05-26,Upi,SUCCESS,7,1169988.54,0.00,1169988.54
2026-05-26,Wallet,FAILED,1,102958.82,0.00,102958.82
2026-05-26,Wallet,PENDING,1,435249.97,0.00,435249.97
2026-05-26,Wallet,REFUNDED,4,734497.73,734497.73,0.00
2026-05-26,Wallet,SUCCESS,4,844291.64,0.00,844291.64
2026-05-27,Credit Card,SUCCESS,7,2189864.47,0.00,2189864.47
2026-05-27,Debit Card,FAILED,1,464609.31,0.00,464609.31
2026-05-27,Debit Card,PENDING,1,45487.04,0.00,45487.04
2026-05-27,Debit Card,REFUNDED,1,455530.10,455530.10,0.00
2026-05-27,Debit Card,SUCCESS,9,2599738.62,0.00,2599738.62
2026-05-27,Net Banking,FAILED,1,316541.45,0.00,316541.45
2026-05-27,Net Banking,PENDING,2,74347.27,0.00,74347.27
2026-05-27,Net Banking,REFUNDED,1,192543.76,192543.76,0.00
2026-05-27,Net Banking,SUCCESS,12,3908233.70,0.00,3908233.70
2026-05-27,Upi,REFUNDED,3,301231.84,301231.84,0.00
2026-05-27,Upi,SUCCESS,6,1851281.09,0.00,1851281.09
2026-05-27,Wallet,PENDING,1,54256.41,0.00,54256.41
2026-05-27,Wallet,SUCCESS,7,2255531.32,0.00,2255531.32
2026-05-28,Credit Card,FAILED,3,1179528.21,0.00,1179528.21
2026-05-28,Credit Card,REFUNDED,3,651831.86,651831.86,0.00
2026-05-28,Credit Card,SUCCESS,2,496542.52,0.00,496542.52
2026-05-28,Debit Card,FAILED,1,221885.75,0.00,221885.75
2026-05-28,Debit Card,REFUNDED,5,1208132.89,1208132.89,0.00
2026-05-28,Debit Card,SUCCESS,8,2620599.16,0.00,2620599.16
2026-05-28,Net Banking,FAILED,1,172284.71,0.00,172284.71
2026-05-28,Net Banking,REFUNDED,2,119045.06,119045.06,0.00
2026-05-28,Net Banking,SUCCESS,9,2646760.98,0.00,2646760.98
2026-05-28,Upi,SUCCESS,5,1589530.96,0.00,1589530.96
2026-05-28,Wallet,REFUNDED,3,868588.29,868588.29,0.00
2026-05-28,Wallet,SUCCESS,12,3123670.23,0.00,3123670.23
2026-05-29,Credit Card,FAILED,2,309664.70,0.00,309664.70
2026-05-29,Credit Card,PENDING,2,494236.67,0.00,494236.67
2026-05-29,Credit Card,REFUNDED,2,296270.85,296270.85,0.00
2026-05-29,Credit Card,SUCCESS,5,903296.54,0.00,903296.54
2026-05-29,Debit Card,REFUNDED,2,788229.15,788229.15,0.00
2026-05-29,Debit Card,SUCCESS,13,3519521.50,0.00,3519521.50
2026-05-29,Net Banking,FAILED,1,311826.39,0.00,311826.39
2026-05-29,Net Banking,REFUNDED,3,1541331.43,1541331.43,0.00
2026-05-29,Net Banking,SUCCESS,13,3188566.90,0.00,3188566.90
2026-05-29,Upi,FAILED,1,262540.15,0.00,262540.15
2026-05-29,Upi,SUCCESS,7,2588878.25,0.00,2588878.25
2026-05-29,Wallet,PENDING,1,244721.13,0.00,244721.13
2026-05-29,Wallet,REFUNDED,5,880161.53,880161.53,0.00
2026-05-29,Wallet,SUCCESS,8,1563505.64,0.00,1563505.64
2026-05-30,Credit Card,FAILED,3,1347853.55,0.00,1347853.55
2026-05-30,Credit Card,REFUNDED,2,461368.86,461368.86,0.00
2026-05-30,Credit Card,SUCCESS,5,1338704.92,0.00,1338704.92
2026-05-30,Debit Card,FAILED,1,681131.88,0.00,681131.88
2026-05-30,Debit Card,SUCCESS,6,2074124.30,0.00,2074124.30
2026-05-30,Net Banking,PENDING,2,169932.76,0.00,169932.76
2026-05-30,Net Banking,REFUNDED,2,199938.25,199938.25,0.00
2026-05-30,Net Banking,SUCCESS,5,1373005.32,0.00,1373005.32
2026-05-30,Upi,FAILED,1,322990.01,0.00,322990.01
2026-05-30,Upi,REFUNDED,1,587425.45,587425.45,0.00
2026-05-30,Upi,SUCCESS,1,48611.91,0.00,48611.91
2026-05-30,Wallet,FAILED,2,633134.11,0.00,633134.11
2026-05-30,Wallet,SUCCESS,7,3530539.48,0.00,3530539.48
2026-05-31,Credit Card,FAILED,2,781556.92,0.00,781556.92
2026-05-31,Credit Card,SUCCESS,9,2028108.08,0.00,2028108.08
2026-05-31,Debit Card,FAILED,1,244552.72,0.00,244552.72
2026-05-31,Debit Card,REFUNDED,2,505094.34,505094.34,0.00
2026-05-31,Debit Card,SUCCESS,11,1859304.78,0.00,1859304.78
2026-05-31,Net Banking,SUCCESS,4,951065.00,0.00,951065.00
2026-05-31,Upi,FAILED,4,1148844.39,0.00,1148844.39
2026-05-31,Upi,REFUNDED,2,864832.64,864832.64,0.00
2026-05-31,Upi,SUCCESS,9,1861690.94,0.00,1861690.94
2026-05-31,Wallet,FAILED,2,718762.24,0.00,718762.24
2026-05-31,Wallet,PENDING,1,143078.89,0.00,143078.89
2026-05-31,Wallet,REFUNDED,1,394124.19,394124.19,0.00
2026-05-31,Wallet,SUCCESS,8,2495476.05,0.00,2495476.05
2026-06-01,Credit Card,FAILED,2,380649.51,0.00,380649.51
2026-06-01,Credit Card,REFUNDED,4,1001463.44,1001463.44,0.00
2026-06-01,Credit Card,SUCCESS,5,1512673.58,0.00,1512673.58
2026-06-01,Debit Card,FAILED,1,128818.88,0.00,128818.88
2026-06-01,Debit Card,SUCCESS,9,2169423.24,0.00,2169423.24
2026-06-01,Net Banking,PENDING,1,131328.72,0.00,131328.72
2026-06-01,Net Banking,REFUNDED,1,446605.15,446605.15,0.00
2026-06-01,Net Banking,SUCCESS,9,2593139.41,0.00,2593139.41
2026-06-01,Upi,SUCCESS,9,2171718.60,0.00,2171718.60
2026-06-01,Wallet,PENDING,2,506088.80,0.00,506088.80
2026-06-01,Wallet,REFUNDED,4,1312945.11,1312945.11,0.00
2026-06-01,Wallet,SUCCESS,7,1903192.77,0.00,1903192.77
2026-06-02,Credit Card,FAILED,2,1148451.78,0.00,1148451.78
2026-06-02,Credit Card,PENDING,1,116638.21,0.00,116638.21
2026-06-02,Credit Card,REFUNDED,1,179248.58,179248.58,0.00
2026-06-02,Credit Card,SUCCESS,7,1451223.69,0.00,1451223.69
2026-06-02,Debit Card,PENDING,1,249108.43,0.00,249108.43
2026-06-02,Debit Card,SUCCESS,2,452194.26,0.00,452194.26
2026-06-02,Net Banking,FAILED,1,251476.92,0.00,251476.92
2026-06-02,Net Banking,PENDING,1,26032.03,0.00,26032.03
2026-06-02,Net Banking,REFUNDED,2,250428.23,250428.23,0.00
2026-06-02,Net Banking,SUCCESS,7,1585940.70,0.00,1585940.70
2026-06-02,Upi,FAILED,1,82436.81,0.00,82436.81
2026-06-02,Upi,PENDING,2,734786.95,0.00,734786.95
2026-06-02,Upi,SUCCESS,8,2013198.58,0.00,2013198.58
2026-06-02,Wallet,FAILED,1,7897.70,0.00,7897.70
2026-06-02,Wallet,PENDING,1,177026.13,0.00,177026.13
2026-06-02,Wallet,REFUNDED,3,563365.90,563365.90,0.00
2026-06-02,Wallet,SUCCESS,9,2697508.51,0.00,2697508.51
2026-06-03,Credit Card,FAILED,1,4008.50,0.00,4008.50
2026-06-03,Credit Card,PENDING,1,410940.91,0.00,410940.91
2026-06-03,Credit Card,REFUNDED,3,520397.58,520397.58,0.00
2026-06-03,Credit Card,SUCCESS,8,2124088.09,0.00,2124088.09
2026-06-03,Debit Card,FAILED,1,66065.97,0.00,66065.97
2026-06-03,Debit Card,REFUNDED,2,525038.19,525038.19,0.00
2026-06-03,Debit Card,SUCCESS,13,3039316.02,0.00,3039316.02
2026-06-03,Net Banking,SUCCESS,9,2155463.54,0.00,2155463.54
2026-06-03,Upi,REFUNDED,1,486381.06,486381.06,0.00
2026-06-03,Upi,SUCCESS,9,3653270.92,0.00,3653270.92
2026-06-03,Wallet,REFUNDED,1,165828.16,165828.16,0.00
2026-06-03,Wallet,SUCCESS,7,1165426.97,0.00,1165426.97
2026-06-04,Credit Card,SUCCESS,8,1867546.15,0.00,1867546.15
2026-06-04,Debit Card,REFUNDED,2,1052757.49,1052757.49,0.00
2026-06-04,Debit Card,SUCCESS,6,2381927.21,0.00,2381927.21
2026-06-04,Net Banking,FAILED,2,276149.32,0.00,276149.32
2026-06-04,Net Banking,PENDING,1,296179.74,0.00,296179.74
2026-06-04,Net Banking,REFUNDED,2,341189.76,341189.76,0.00
2026-06-04,Net Banking,SUCCESS,7,2104970.28,0.00,2104970.28
2026-06-04,Upi,FAILED,2,449303.08,0.00,449303.08
2026-06-04,Upi,REFUNDED,2,562103.58,562103.58,0.00
2026-06-04,Upi,SUCCESS,15,4410788.49,0.00,4410788.49
2026-06-04,Wallet,PENDING,1,106269.48,0.00,106269.48
2026-06-04,Wallet,REFUNDED,1,270559.92,270559.92,0.00
2026-06-04,Wallet,SUCCESS,6,874660.91,0.00,874660.91
2026-06-05,Credit Card,FAILED,4,902462.37,0.00,902462.37
2026-06-05,Credit Card,REFUNDED,1,110310.02,110310.02,0.00
2026-06-05,Credit Card,SUCCESS,10,2751533.55,0.00,2751533.55
2026-06-05,Debit Card,FAILED,1,236142.83,0.00,236142.83
2026-06-05,Debit Card,REFUNDED,4,432149.06,432149.06,0.00
2026-06-05,Debit Card,SUCCESS,13,3518182.60,0.00,3518182.60
2026-06-05,Net Banking,FAILED,1,480377.03,0.00,480377.03
2026-06-05,Net Banking,REFUNDED,1,92535.00,92535.00,0.00
2026-06-05,Net Banking,SUCCESS,9,2043023.08,0.00,2043023.08
2026-06-05,Upi,FAILED,2,749827.97,0.00,749827.97
2026-06-05,Upi,PENDING,1,74978.02,0.00,74978.02
2026-06-05,Upi,REFUNDED,3,539680.90,539680.90,0.00
2026-06-05,Upi,SUCCESS,11,3509323.55,0.00,3509323.55
2026-06-05,Wallet,PENDING,1,107902.54,0.00,107902.54
2026-06-05,Wallet,SUCCESS,8,1851029.18,0.00,1851029.18
2026-06-06,Credit Card,REFUNDED,1,215337.13,215337.13,0.00
2026-06-06,Credit Card,SUCCESS,9,1980152.58,0.00,1980152.58
2026-06-06,Debit Card,FAILED,2,997841.77,0.00,997841.77
2026-06-06,Debit Card,REFUNDED,2,547980.52,547980.52,0.00
2026-06-06,Debit Card,SUCCESS,14,3455626.70,0.00,3455626.70
2026-06-06,Net Banking,FAILED,3,1345666.70,0.00,1345666.70
2026-06-06,Net Banking,REFUNDED,2,1167136.55,1167136.55,0.00
2026-06-06,Net Banking,SUCCESS,5,904746.72,0.00,904746.72
2026-06-06,Upi,FAILED,1,347861.80,0.00,347861.80
2026-06-06,Upi,SUCCESS,10,2921794.55,0.00,2921794.55
2026-06-06,Wallet,FAILED,5,1974365.01,0.00,1974365.01
2026-06-06,Wallet,SUCCESS,11,2923825.82,0.00,2923825.82
2026-06-07,Credit Card,FAILED,1,254733.74,0.00,254733.74
2026-06-07,Credit Card,PENDING,1,252446.79,0.00,252446.79
2026-06-07,Credit Card,REFUNDED,1,171727.30,171727.30,0.00
2026-06-07,Credit Card,SUCCESS,3,800108.64,0.00,800108.64
2026-06-07,Debit Card,FAILED,2,423435.16,0.00,423435.16
2026-06-07,Debit Card,PENDING,1,281576.26,0.00,281576.26
2026-06-07,Debit Card,REFUNDED,2,381239.98,381239.98,0.00
2026-06-07,Debit Card,SUCCESS,9,2254044.81,0.00,2254044.81
2026-06-07,Net Banking,REFUNDED,1,157876.11,157876.11,0.00
2026-06-07,Net Banking,SUCCESS,6,1926851.24,0.00,1926851.24
2026-06-07,Upi,FAILED,1,343816.27,0.00,343816.27
2026-06-07,Upi,PENDING,2,435007.57,0.00,435007.57
2026-06-07,Upi,REFUNDED,1,28502.02,28502.02,0.00
2026-06-07,Upi,SUCCESS,6,1270221.91,0.00,1270221.91
2026-06-07,Wallet,FAILED,2,643149.15,0.00,643149.15
2026-06-07,Wallet,REFUNDED,2,583058.99,583058.99,0.00
2026-06-07,Wallet,SUCCESS,3,1075014.11,0.00,1075014.11
2026-06-08,Credit Card,FAILED,2,341238.29,0.00,341238.29
2026-06-08,Credit Card,PENDING,1,3704.30,0.00,3704.30
2026-06-08,Credit Card,REFUNDED,3,720623.51,720623.51,0.00
2026-06-08,Credit Card,SUCCESS,6,1750785.57,0.00,1750785.57
2026-06-08,Debit Card,FAILED,1,414160.21,0.00,414160.21
2026-06-08,Debit Card,REFUNDED,5,1631322.58,1631322.58,0.00
2026-06-08,Debit Card,SUCCESS,7,1399273.68,0.00,1399273.68
2026-06-08,Net Banking,PENDING,1,100956.01,0.00,100956.01
2026-06-08,Net Banking,REFUNDED,1,550728.94,550728.94,0.00
2026-06-08,Net Banking,SUCCESS,7,1740870.83,0.00,1740870.83
2026-06-08,Upi,FAILED,1,136356.10,0.00,136356.10
2026-06-08,Upi,PENDING,1,37357.02,0.00,37357.02
2026-06-08,Upi,REFUNDED,2,645205.39,645205.39,0.00
2026-06-08,Upi,SUCCESS,11,2133794.34,0.00,2133794.34
2026-06-08,Wallet,REFUNDED,1,222954.63,222954.63,0.00
2026-06-08,Wallet,SUCCESS,11,2642971.03,0.00,2642971.03
2026-06-09,Credit Card,REFUNDED,1,484728.30,484728.30,0.00
2026-06-09,Credit Card,SUCCESS,8,1103389.87,0.00,1103389.87
2026-06-09,Debit Card,FAILED,1,574141.79,0.00,574141.79
2026-06-09,Debit Card,REFUNDED,1,324695.55,324695.55,0.00
2026-06-09,Debit Card,SUCCESS,9,2520431.20,0.00,2520431.20
2026-06-09,Net Banking,FAILED,1,96898.98,0.00,96898.98
2026-06-09,Net Banking,REFUNDED,4,1562859.44,1562859.44,0.00
2026-06-09,Net Banking,SUCCESS,11,3444038.04,0.00,3444038.04
2026-06-09,Upi,REFUNDED,1,428384.78,428384.78,0.00
2026-06-09,Upi,SUCCESS,6,1333854.19,0.00,1333854.19
2026-06-09,Wallet,FAILED,1,166552.76,0.00,166552.76
2026-06-09,Wallet,SUCCESS,11,2842996.40,0.00,2842996.40
2026-06-10,Credit Card,FAILED,1,102644.06,0.00,102644.06
2026-06-10,Credit Card,REFUNDED,1,48003.72,48003.72,0.00
2026-06-10,Credit Card,SUCCESS,8,3464739.17,0.00,3464739.17
2026-06-10,Debit Card,FAILED,3,1679427.88,0.00,1679427.88
2026-06-10,Debit Card,REFUNDED,3,561972.02,561972.02,0.00
2026-06-10,Debit Card,SUCCESS,11,2665601.83,0.00,2665601.83
2026-06-10,Net Banking,FAILED,1,455773.10,0.00,455773.10
2026-06-10,Net Banking,REFUNDED,1,449394.69,449394.69,0.00
2026-06-10,Net Banking,SUCCESS,9,2432901.77,0.00,2432901.77
2026-06-10,Upi,FAILED,1,4386.67,0.00,4386.67
2026-06-10,Upi,PENDING,2,495395.50,0.00,495395.50
2026-06-10,Upi,REFUNDED,2,881561.80,881561.80,0.00
2026-06-10,Upi,SUCCESS,4,597936.11,0.00,597936.11
2026-06-10,Wallet,REFUNDED,2,613088.71,613088.71,0.00
2026-06-10,Wallet,SUCCESS,6,1039666.29,0.00,1039666.29
2026-06-11,Credit Card,FAILED,2,540556.70,0.00,540556.70
2026-06-11,Credit Card,REFUNDED,1,132193.69,132193.69,0.00
2026-06-11,Credit Card,SUCCESS,8,2321771.08,0.00,2321771.08
2026-06-11,Debit Card,PENDING,1,30621.78,0.00,30621.78
2026-06-11,Debit Card,REFUNDED,1,137767.63,137767.63,0.00
2026-06-11,Debit Card,SUCCESS,3,527238.65,0.00,527238.65
2026-06-11,Net Banking,FAILED,3,489763.75,0.00,489763.75
2026-06-11,Net Banking,REFUNDED,1,410199.29,410199.29,0.00
2026-06-11,Net Banking,SUCCESS,11,2898150.55,0.00,2898150.55
2026-06-11,Upi,FAILED,2,563229.46,0.00,563229.46
2026-06-11,Upi,SUCCESS,8,1927698.65,0.00,1927698.65
2026-06-11,Wallet,REFUNDED,5,1517023.29,1517023.29,0.00
2026-06-11,Wallet,SUCCESS,9,3076390.97,0.00,3076390.97
2026-06-12,Credit Card,FAILED,1,316996.52,0.00,316996.52
2026-06-12,Credit Card,SUCCESS,3,967910.04,0.00,967910.04
2026-06-12,Debit Card,REFUNDED,3,1041012.44,1041012.44,0.00
2026-06-12,Debit Card,SUCCESS,11,2921171.01,0.00,2921171.01
2026-06-12,Net Banking,FAILED,1,558370.06,0.00,558370.06
2026-06-12,Net Banking,PENDING,1,340415.41,0.00,340415.41
2026-06-12,Net Banking,REFUNDED,1,79996.83,79996.83,0.00
2026-06-12,Net Banking,SUCCESS,4,805095.07,0.00,805095.07
2026-06-12,Upi,FAILED,2,566354.44,0.00,566354.44
2026-06-12,Upi,REFUNDED,3,768683.33,768683.33,0.00
2026-06-12,Upi,SUCCESS,11,3691424.89,0.00,3691424.89
2026-06-12,Wallet,FAILED,3,656395.06,0.00,656395.06
2026-06-12,Wallet,PENDING,1,257752.21,0.00,257752.21
2026-06-12,Wallet,REFUNDED,1,136618.91,136618.91,0.00
2026-06-12,Wallet,SUCCESS,6,1328291.12,0.00,1328291.12
2026-06-13,Credit Card,SUCCESS,6,1252600.26,0.00,1252600.26
2026-06-13,Debit Card,FAILED,2,342868.22,0.00,342868.22
2026-06-13,Debit Card,REFUNDED,3,583468.94,583468.94,0.00
2026-06-13,Debit Card,SUCCESS,7,2105199.90,0.00,2105199.90
2026-06-13,Net Banking,FAILED,1,451263.57,0.00,451263.57
2026-06-13,Net Banking,REFUNDED,1,208951.89,208951.89,0.00
2026-06-13,Net Banking,SUCCESS,11,2971215.09,0.00,2971215.09
2026-06-13,Upi,FAILED,3,1625518.59,0.00,1625518.59
2026-06-13,Upi,PENDING,1,225473.91,0.00,225473.91
2026-06-13,Upi,REFUNDED,3,603467.01,603467.01,0.00
2026-06-13,Upi,SUCCESS,8,1807495.12,0.00,1807495.12
2026-06-13,Wallet,REFUNDED,4,1068308.83,1068308.83,0.00
2026-06-13,Wallet,SUCCESS,9,2493511.66,0.00,2493511.66
2026-06-14,Credit Card,PENDING,2,317717.59,0.00,317717.59
2026-06-14,Credit Card,SUCCESS,8,1690855.24,0.00,1690855.24
2026-06-14,Debit Card,FAILED,1,336275.38,0.00,336275.38
2026-06-14,Debit Card,REFUNDED,1,425390.39,425390.39,0.00
2026-06-14,Debit Card,SUCCESS,12,2880721.40,0.00,2880721.40
2026-06-14,Net Banking,PENDING,1,257684.89,0.00,257684.89
2026-06-14,Net Banking,REFUNDED,2,329988.87,329988.87,0.00
2026-06-14,Net Banking,SUCCESS,9,2436298.14,0.00,2436298.14
2026-06-14,Upi,FAILED,1,404520.55,0.00,404520.55
2026-06-14,Upi,PENDING,1,231617.31,0.00,231617.31
2026-06-14,Upi,REFUNDED,3,1046814.89,1046814.89,0.00
2026-06-14,Upi,SUCCESS,10,2592497.10,0.00,2592497.10
2026-06-14,Wallet,REFUNDED,3,873215.59,873215.59,0.00
2026-06-14,Wallet,SUCCESS,11,3070903.82,0.00,3070903.82
2026-06-15,Credit Card,REFUNDED,1,379352.15,379352.15,0.00
2026-06-15,Credit Card,SUCCESS,5,1577728.36,0.00,1577728.36
2026-06-15,Debit Card,FAILED,1,80830.32,0.00,80830.32
2026-06-15,Debit Card,PENDING,1,399709.81,0.00,399709.81
2026-06-15,Debit Card,REFUNDED,2,864024.76,864024.76,0.00
2026-06-15,Debit Card,SUCCESS,8,1577633.02,0.00,1577633.02
2026-06-15,Net Banking,FAILED,2,605711.20,0.00,605711.20
2026-06-15,Net Banking,REFUNDED,2,673573.03,673573.03,0.00
2026-06-15,Net Banking,SUCCESS,5,1244560.50,0.00,1244560.50
2026-06-15,Upi,REFUNDED,1,197628.45,197628.45,0.00
2026-06-15,Upi,SUCCESS,8,2264596.68,0.00,2264596.68
2026-06-15,Wallet,REFUNDED,1,74270.38,74270.38,0.00
2026-06-15,Wallet,SUCCESS,10,2420106.93,0.00,2420106.93
2026-06-16,Credit Card,REFUNDED,1,430485.31,430485.31,0.00
2026-06-16,Credit Card,SUCCESS,6,1749962.86,0.00,1749962.86
2026-06-16,Debit Card,REFUNDED,5,1565178.72,1565178.72,0.00
2026-06-16,Debit Card,SUCCESS,7,1806255.83,0.00,1806255.83
2026-06-16,Net Banking,FAILED,2,401803.17,0.00,401803.17
2026-06-16,Net Banking,REFUNDED,3,1091341.93,1091341.93,0.00
2026-06-16,Net Banking,SUCCESS,13,3088025.67,0.00,3088025.67
2026-06-16,Upi,FAILED,1,447740.82,0.00,447740.82
2026-06-16,Upi,REFUNDED,1,293871.41,293871.41,0.00
2026-06-16,Upi,SUCCESS,5,714909.41,0.00,714909.41
2026-06-16,Wallet,PENDING,1,15411.06,0.00,15411.06
2026-06-16,Wallet,REFUNDED,2,852608.03,852608.03,0.00
2026-06-16,Wallet,SUCCESS,5,1467608.97,0.00,1467608.97
2026-06-17,Credit Card,FAILED,1,244113.32,0.00,244113.32
2026-06-17,Credit Card,PENDING,1,317226.20,0.00,317226.20
2026-06-17,Credit Card,REFUNDED,1,456417.37,456417.37,0.00
2026-06-17,Credit Card,SUCCESS,10,2261297.23,0.00,2261297.23
2026-06-17,Debit Card,FAILED,1,171114.40,0.00,171114.40
2026-06-17,Debit Card,PENDING,2,169006.39,0.00,169006.39
2026-06-17,Debit Card,SUCCESS,8,1911072.34,0.00,1911072.34
2026-06-17,Net Banking,FAILED,3,910168.36,0.00,910168.36
2026-06-17,Net Banking,PENDING,1,33451.37,0.00,33451.37
2026-06-17,Net Banking,SUCCESS,12,2469771.80,0.00,2469771.80
2026-06-17,Upi,FAILED,1,130506.12,0.00,130506.12
2026-06-17,Upi,REFUNDED,1,262149.19,262149.19,0.00
2026-06-17,Upi,SUCCESS,10,2568893.65,0.00,2568893.65
2026-06-17,Wallet,FAILED,1,265468.38,0.00,265468.38
2026-06-17,Wallet,PENDING,1,757600.64,0.00,757600.64
2026-06-17,Wallet,REFUNDED,1,439346.39,439346.39,0.00
2026-06-17,Wallet,SUCCESS,9,3386383.58,0.00,3386383.58
2026-06-18,Credit Card,FAILED,1,432587.78,0.00,432587.78
2026-06-18,Credit Card,PENDING,1,90860.60,0.00,90860.60
2026-06-18,Credit Card,REFUNDED,4,1047667.89,1047667.89,0.00
2026-06-18,Credit Card,SUCCESS,5,1164126.05,0.00,1164126.05
2026-06-18,Debit Card,PENDING,1,686267.08,0.00,686267.08
2026-06-18,Debit Card,REFUNDED,3,573748.85,573748.85,0.00
2026-06-18,Debit Card,SUCCESS,15,3495254.14,0.00,3495254.14
2026-06-18,Net Banking,FAILED,1,42874.09,0.00,42874.09
2026-06-18,Net Banking,REFUNDED,1,234379.66,234379.66,0.00
2026-06-18,Net Banking,SUCCESS,11,2608263.49,0.00,2608263.49
2026-06-18,Upi,FAILED,1,21107.77,0.00,21107.77
2026-06-18,Upi,REFUNDED,2,368026.68,368026.68,0.00
2026-06-18,Upi,SUCCESS,10,3052591.46,0.00,3052591.46
2026-06-18,Wallet,FAILED,1,454082.90,0.00,454082.90
2026-06-18,Wallet,REFUNDED,1,225270.88,225270.88,0.00
2026-06-18,Wallet,SUCCESS,4,737508.29,0.00,737508.29
2026-06-19,Credit Card,FAILED,1,81249.25,0.00,81249.25
2026-06-19,Credit Card,REFUNDED,2,1105288.11,1105288.11,0.00
2026-06-19,Credit Card,SUCCESS,5,768999.58,0.00,768999.58
2026-06-19,Debit Card,FAILED,1,217844.88,0.00,217844.88
2026-06-19,Debit Card,PENDING,1,405704.50,0.00,405704.50
2026-06-19,Debit Card,REFUNDED,1,764931.41,764931.41,0.00
2026-06-19,Debit Card,SUCCESS,4,1298981.74,0.00,1298981.74
2026-06-19,Net Banking,PENDING,2,713901.13,0.00,713901.13
2026-06-19,Net Banking,REFUNDED,2,660158.73,660158.73,0.00
2026-06-19,Net Banking,SUCCESS,7,1278146.11,0.00,1278146.11
2026-06-19,Upi,FAILED,2,563080.66,0.00,563080.66
2026-06-19,Upi,REFUNDED,2,451727.40,451727.40,0.00
2026-06-19,Upi,SUCCESS,11,2683633.02,0.00,2683633.02
2026-06-19,Wallet,FAILED,2,349284.06,0.00,349284.06
2026-06-19,Wallet,PENDING,1,617840.98,0.00,617840.98
2026-06-19,Wallet,REFUNDED,1,216192.00,216192.00,0.00
2026-06-19,Wallet,SUCCESS,7,2507424.50,0.00,2507424.50
2026-06-20,Credit Card,FAILED,1,183116.39,0.00,183116.39
2026-06-20,Credit Card,REFUNDED,2,334683.58,334683.58,0.00
2026-06-20,Credit Card,SUCCESS,7,1542179.70,0.00,1542179.70
2026-06-20,Debit Card,FAILED,3,852327.03,0.00,852327.03
2026-06-20,Debit Card,REFUNDED,2,494828.93,494828.93,0.00
2026-06-20,Debit Card,SUCCESS,9,1408797.91,0.00,1408797.91
2026-06-20,Net Banking,FAILED,1,339510.95,0.00,339510.95
2026-06-20,Net Banking,PENDING,1,201411.54,0.00,201411.54
2026-06-20,Net Banking,REFUNDED,3,566066.36,566066.36,0.00
2026-06-20,Net Banking,SUCCESS,8,1951070.37,0.00,1951070.37
2026-06-20,Upi,SUCCESS,13,2235931.69,0.00,2235931.69
2026-06-20,Wallet,FAILED,4,733914.00,0.00,733914.00
2026-06-20,Wallet,REFUNDED,3,532049.48,532049.48,0.00
2026-06-20,Wallet,SUCCESS,10,2904665.94,0.00,2904665.94
2026-06-21,Credit Card,REFUNDED,1,298333.59,298333.59,0.00
2026-06-21,Credit Card,SUCCESS,7,2252358.14,0.00,2252358.14
2026-06-21,Debit Card,FAILED,1,117344.85,0.00,117344.85
2026-06-21,Debit Card,REFUNDED,4,1161687.02,1161687.02,0.00
2026-06-21,Debit Card,SUCCESS,8,2492051.24,0.00,2492051.24
2026-06-21,Net Banking,PENDING,2,228453.39,0.00,228453.39
2026-06-21,Net Banking,REFUNDED,3,704837.92,704837.92,0.00
2026-06-21,Net Banking,SUCCESS,8,1333518.26,0.00,1333518.26
2026-06-21,Upi,PENDING,1,439338.96,0.00,439338.96
2026-06-21,Upi,SUCCESS,9,3287018.76,0.00,3287018.76
2026-06-21,Wallet,FAILED,2,598636.04,0.00,598636.04
2026-06-21,Wallet,REFUNDED,2,288282.62,288282.62,0.00
2026-06-21,Wallet,SUCCESS,4,1193496.91,0.00,1193496.91
2026-06-22,Credit Card,FAILED,2,417484.09,0.00,417484.09
2026-06-22,Credit Card,PENDING,1,126082.93,0.00,126082.93
2026-06-22,Credit Card,REFUNDED,2,776086.93,776086.93,0.00
2026-06-22,Credit Card,SUCCESS,12,3416448.02,0.00,3416448.02
2026-06-22,Debit Card,FAILED,4,1073460.09,0.00,1073460.09
2026-06-22,Debit Card,PENDING,1,47259.45,0.00,47259.45
2026-06-22,Debit Card,REFUNDED,2,629290.63,629290.63,0.00
2026-06-22,Debit Card,SUCCESS,3,1003177.45,0.00,1003177.45
2026-06-22,Net Banking,FAILED,1,18451.94,0.00,18451.94
2026-06-22,Net Banking,REFUNDED,1,249588.31,249588.31,0.00
2026-06-22,Net Banking,SUCCESS,11,2947971.15,0.00,2947971.15
2026-06-22,Upi,FAILED,3,470251.23,0.00,470251.23
2026-06-22,Upi,REFUNDED,2,461264.30,461264.30,0.00
2026-06-22,Upi,SUCCESS,8,1773855.19,0.00,1773855.19
2026-06-22,Wallet,FAILED,1,310465.51,0.00,310465.51
2026-06-22,Wallet,REFUNDED,1,196504.67,196504.67,0.00
2026-06-22,Wallet,SUCCESS,8,2473491.42,0.00,2473491.42
2026-06-23,Credit Card,REFUNDED,3,354141.57,354141.57,0.00
2026-06-23,Credit Card,SUCCESS,3,913382.42,0.00,913382.42
2026-06-23,Debit Card,FAILED,4,1343850.51,0.00,1343850.51
2026-06-23,Debit Card,REFUNDED,1,129096.42,129096.42,0.00
2026-06-23,Debit Card,SUCCESS,7,2312358.18,0.00,2312358.18
2026-06-23,Net Banking,FAILED,1,489359.67,0.00,489359.67
2026-06-23,Net Banking,REFUNDED,1,32959.88,32959.88,0.00
2026-06-23,Net Banking,SUCCESS,6,1001652.86,0.00,1001652.86
2026-06-23,Upi,FAILED,2,873708.89,0.00,873708.89
2026-06-23,Upi,SUCCESS,9,2658985.31,0.00,2658985.31
2026-06-23,Wallet,FAILED,2,736927.39,0.00,736927.39
2026-06-23,Wallet,REFUNDED,1,401112.16,401112.16,0.00
2026-06-23,Wallet,SUCCESS,8,1734652.17,0.00,1734652.17
2026-06-24,Credit Card,PENDING,1,155873.95,0.00,155873.95
2026-06-24,Credit Card,SUCCESS,8,2740753.38,0.00,2740753.38
2026-06-24,Debit Card,FAILED,1,371785.30,0.00,371785.30
2026-06-24,Debit Card,PENDING,1,447934.40,0.00,447934.40
2026-06-24,Debit Card,REFUNDED,2,483897.63,483897.63,0.00
2026-06-24,Debit Card,SUCCESS,9,1451237.16,0.00,1451237.16
2026-06-24,Net Banking,FAILED,1,191778.68,0.00,191778.68
2026-06-24,Net Banking,REFUNDED,1,571622.38,571622.38,0.00
2026-06-24,Net Banking,SUCCESS,6,1278582.53,0.00,1278582.53
2026-06-24,Upi,FAILED,1,160513.36,0.00,160513.36
2026-06-24,Upi,PENDING,1,467332.14,0.00,467332.14
2026-06-24,Upi,REFUNDED,1,224746.37,224746.37,0.00
2026-06-24,Upi,SUCCESS,7,2229528.97,0.00,2229528.97
2026-06-24,Wallet,FAILED,2,661814.80,0.00,661814.80
2026-06-24,Wallet,PENDING,1,439937.42,0.00,439937.42
2026-06-24,Wallet,REFUNDED,1,64837.13,64837.13,0.00
2026-06-24,Wallet,SUCCESS,5,2204136.56,0.00,2204136.56
2026-06-25,Credit Card,FAILED,2,639490.80,0.00,639490.80
2026-06-25,Credit Card,REFUNDED,1,439593.75,439593.75,0.00
2026-06-25,Credit Card,SUCCESS,5,1187108.51,0.00,1187108.51
2026-06-25,Debit Card,FAILED,4,1124266.70,0.00,1124266.70
2026-06-25,Debit Card,REFUNDED,3,1455861.73,1455861.73,0.00
2026-06-25,Debit Card,SUCCESS,9,2015797.92,0.00,2015797.92
2026-06-25,Net Banking,REFUNDED,2,738668.15,738668.15,0.00
2026-06-25,Net Banking,SUCCESS,12,2788338.79,0.00,2788338.79
2026-06-25,Upi,FAILED,1,275290.38,0.00,275290.38
2026-06-25,Upi,PENDING,1,142968.20,0.00,142968.20
2026-06-25,Upi,REFUNDED,2,634647.11,634647.11,0.00
2026-06-25,Upi,SUCCESS,6,1555453.86,0.00,1555453.86
2026-06-25,Wallet,FAILED,1,215671.01,0.00,215671.01
2026-06-25,Wallet,REFUNDED,1,371512.61,371512.61,0.00
2026-06-25,Wallet,SUCCESS,7,1889105.26,0.00,1889105.26
2026-06-26,Credit Card,FAILED,1,112194.84,0.00,112194.84
2026-06-26,Credit Card,SUCCESS,9,2874440.44,0.00,2874440.44
2026-06-26,Debit Card,FAILED,3,1394714.54,0.00,1394714.54
2026-06-26,Debit Card,REFUNDED,1,289888.47,289888.47,0.00
2026-06-26,Debit Card,SUCCESS,8,2139043.24,0.00,2139043.24
2026-06-26,Net Banking,FAILED,3,916843.84,0.00,916843.84
2026-06-26,Net Banking,PENDING,1,280165.60,0.00,280165.60
2026-06-26,Net Banking,REFUNDED,2,530447.91,530447.91,0.00
2026-06-26,Net Banking,SUCCESS,4,695259.49,0.00,695259.49
2026-06-26,Upi,FAILED,4,970683.27,0.00,970683.27
2026-06-26,Upi,REFUNDED,2,396075.71,396075.71,0.00
2026-06-26,Upi,SUCCESS,6,2006322.83,0.00,2006322.83
2026-06-26,Wallet,FAILED,1,528727.80,0.00,528727.80
2026-06-26,Wallet,REFUNDED,1,306480.02,306480.02,0.00
2026-06-26,Wallet,SUCCESS,7,2154983.86,0.00,2154983.86
2026-06-27,Credit Card,PENDING,1,427023.07,0.00,427023.07
2026-06-27,Credit Card,REFUNDED,3,828700.43,828700.43,0.00
2026-06-27,Credit Card,SUCCESS,7,2423891.24,0.00,2423891.24
2026-06-27,Debit Card,PENDING,2,269049.74,0.00,269049.74
2026-06-27,Debit Card,REFUNDED,3,633332.37,633332.37,0.00
2026-06-27,Debit Card,SUCCESS,11,3140228.73,0.00,3140228.73
2026-06-27,Net Banking,FAILED,2,721514.91,0.00,721514.91
2026-06-27,Net Banking,PENDING,1,276819.10,0.00,276819.10
2026-06-27,Net Banking,REFUNDED,1,94170.37,94170.37,0.00
2026-06-27,Net Banking,SUCCESS,8,2820153.28,0.00,2820153.28
2026-06-27,Upi,FAILED,2,272712.36,0.00,272712.36
2026-06-27,Upi,REFUNDED,2,246743.55,246743.55,0.00
2026-06-27,Upi,SUCCESS,8,1307170.00,0.00,1307170.00
2026-06-27,Wallet,REFUNDED,1,388499.03,388499.03,0.00
2026-06-27,Wallet,SUCCESS,5,1323549.41,0.00,1323549.41
2026-06-28,Credit Card,PENDING,1,72803.25,0.00,72803.25
2026-06-28,Credit Card,REFUNDED,1,411283.14,411283.14,0.00
2026-06-28,Credit Card,SUCCESS,6,1185746.64,0.00,1185746.64
2026-06-28,Debit Card,FAILED,1,309051.23,0.00,309051.23
2026-06-28,Debit Card,REFUNDED,2,958013.58,958013.58,0.00
2026-06-28,Debit Card,SUCCESS,9,2084706.30,0.00,2084706.30
2026-06-28,Net Banking,FAILED,3,334096.35,0.00,334096.35
2026-06-28,Net Banking,SUCCESS,7,1787136.68,0.00,1787136.68
2026-06-28,Upi,FAILED,1,250827.17,0.00,250827.17
2026-06-28,Upi,REFUNDED,2,460828.97,460828.97,0.00
2026-06-28,Upi,SUCCESS,3,442596.43,0.00,442596.43
2026-06-28,Wallet,FAILED,2,699008.19,0.00,699008.19
2026-06-28,Wallet,PENDING,1,115277.22,0.00,115277.22
2026-06-28,Wallet,REFUNDED,2,623274.97,623274.97,0.00
2026-06-28,Wallet,SUCCESS,7,3299289.07,0.00,3299289.07
2026-06-29,Credit Card,PENDING,1,238458.00,0.00,238458.00
2026-06-29,Credit Card,SUCCESS,9,2843370.29,0.00,2843370.29
2026-06-29,Debit Card,FAILED,1,606320.41,0.00,606320.41
2026-06-29,Debit Card,REFUNDED,3,608541.69,608541.69,0.00
2026-06-29,Debit Card,SUCCESS,5,739673.06,0.00,739673.06
2026-06-29,Net Banking,FAILED,2,351514.94,0.00,351514.94
2026-06-29,Net Banking,PENDING,1,221308.38,0.00,221308.38
2026-06-29,Net Banking,REFUNDED,4,1034571.56,1034571.56,0.00
2026-06-29,Net Banking,SUCCESS,10,3060085.21,0.00,3060085.21
2026-06-29,Upi,FAILED,1,296563.09,0.00,296563.09
2026-06-29,Upi,REFUNDED,1,35576.77,35576.77,0.00
2026-06-29,Upi,SUCCESS,7,1125821.11,0.00,1125821.11
2026-06-29,Wallet,FAILED,1,164443.75,0.00,164443.75
2026-06-29,Wallet,REFUNDED,1,216475.65,216475.65,0.00
2026-06-29,Wallet,SUCCESS,6,1280689.42,0.00,1280689.42
2026-06-30,Credit Card,REFUNDED,2,342424.60,342424.60,0.00
2026-06-30,Credit Card,SUCCESS,6,2638984.97,0.00,2638984.97
2026-06-30,Debit Card,FAILED,2,754877.81,0.00,754877.81
2026-06-30,Debit Card,SUCCESS,5,1268387.25,0.00,1268387.25
2026-06-30,Net Banking,FAILED,1,239236.81,0.00,239236.81
2026-06-30,Net Banking,PENDING,2,641876.90,0.00,641876.90
2026-06-30,Net Banking,REFUNDED,1,250919.94,250919.94,0.00
2026-06-30,Net Banking,SUCCESS,9,2262137.82,0.00,2262137.82
2026-06-30,Upi,FAILED,1,380022.40,0.00,380022.40
2026-06-30,Upi,REFUNDED,2,756959.58,756959.58,0.00
2026-06-30,Upi,SUCCESS,7,1485426.74,0.00,1485426.74
2026-06-30,Wallet,FAILED,1,277319.01,0.00,277319.01
2026-06-30,Wallet,REFUNDED,1,233724.00,233724.00,0.00
2026-06-30,Wallet,SUCCESS,3,903481.00,0.00,903481.00
2026-07-01,Credit Card,FAILED,1,303764.46,0.00,303764.46
2026-07-01,Credit Card,REFUNDED,1,152397.99,152397.99,0.00
2026-07-01,Credit Card,SUCCESS,7,2035507.29,0.00,2035507.29
2026-07-01,Debit Card,FAILED,1,170674.59,0.00,170674.59
2026-07-01,Debit Card,PENDING,1,453786.23,0.00,453786.23
2026-07-01,Debit Card,SUCCESS,7,1605895.69,0.00,1605895.69
2026-07-01,Net Banking,FAILED,1,195367.85,0.00,195367.85
2026-07-01,Net Banking,PENDING,1,107431.51,0.00,107431.51
2026-07-01,Net Banking,REFUNDED,2,765892.13,765892.13,0.00
2026-07-01,Net Banking,SUCCESS,12,4190242.36,0.00,4190242.36
2026-07-01,Upi,FAILED,1,326388.78,0.00,326388.78
2026-07-01,Upi,PENDING,1,73257.35,0.00,73257.35
2026-07-01,Upi,SUCCESS,13,4275347.99,0.00,4275347.99
2026-07-01,Wallet,REFUNDED,4,563116.90,563116.90,0.00
2026-07-01,Wallet,SUCCESS,6,1398714.93,0.00,1398714.93
2026-07-02,Credit Card,FAILED,1,259272.78,0.00,259272.78
2026-07-02,Credit Card,REFUNDED,1,267437.10,267437.10,0.00
2026-07-02,Credit Card,SUCCESS,5,1213068.52,0.00,1213068.52
2026-07-02,Debit Card,REFUNDED,2,901050.62,901050.62,0.00
2026-07-02,Debit Card,SUCCESS,4,942935.64,0.00,942935.64
2026-07-02,Net Banking,REFUNDED,1,30881.00,30881.00,0.00
2026-07-02,Net Banking,SUCCESS,4,1312412.14,0.00,1312412.14
2026-07-02,Upi,PENDING,2,327591.24,0.00,327591.24
2026-07-02,Upi,REFUNDED,1,209685.89,209685.89,0.00
2026-07-02,Upi,SUCCESS,9,2190433.65,0.00,2190433.65
2026-07-02,Wallet,PENDING,1,419037.10,0.00,419037.10
2026-07-02,Wallet,REFUNDED,1,79742.34,79742.34,0.00
2026-07-02,Wallet,SUCCESS,6,1624050.41,0.00,1624050.41
2026-07-03,Credit Card,FAILED,2,263135.43,0.00,263135.43
2026-07-03,Credit Card,PENDING,1,198758.07,0.00,198758.07
2026-07-03,Credit Card,REFUNDED,1,711783.84,711783.84,0.00
2026-07-03,Credit Card,SUCCESS,4,1462753.20,0.00,1462753.20
2026-07-03,Debit Card,FAILED,4,1545560.36,0.00,1545560.36
2026-07-03,Debit Card,REFUNDED,2,786189.46,786189.46,0.00
2026-07-03,Debit Card,SUCCESS,6,1928096.25,0.00,1928096.25
2026-07-03,Net Banking,PENDING,3,716737.56,0.00,716737.56
2026-07-03,Net Banking,REFUNDED,2,1000189.88,1000189.88,0.00
2026-07-03,Net Banking,SUCCESS,6,1142076.80,0.00,1142076.80
2026-07-03,Upi,FAILED,1,125762.02,0.00,125762.02
2026-07-03,Upi,REFUNDED,1,184397.29,184397.29,0.00
2026-07-03,Upi,SUCCESS,2,785549.94,0.00,785549.94
2026-07-03,Wallet,FAILED,2,458341.58,0.00,458341.58
2026-07-03,Wallet,REFUNDED,3,755887.19,755887.19,0.00
2026-07-03,Wallet,SUCCESS,10,1770194.47,0.00,1770194.47
2026-07-04,Credit Card,FAILED,3,419518.22,0.00,419518.22
2026-07-04,Credit Card,REFUNDED,2,421109.68,421109.68,0.00
2026-07-04,Credit Card,SUCCESS,12,2752478.42,0.00,2752478.42
2026-07-04,Debit Card,FAILED,3,933412.16,0.00,933412.16
2026-07-04,Debit Card,REFUNDED,3,810495.79,810495.79,0.00
2026-07-04,Debit Card,SUCCESS,6,1597255.56,0.00,1597255.56
2026-07-04,Net Banking,FAILED,2,338229.06,0.00,338229.06
2026-07-04,Net Banking,PENDING,1,164374.58,0.00,164374.58
2026-07-04,Net Banking,REFUNDED,2,889214.55,889214.55,0.00
2026-07-04,Net Banking,SUCCESS,13,3200706.37,0.00,3200706.37
2026-07-04,Upi,FAILED,1,291225.39,0.00,291225.39
2026-07-04,Upi,REFUNDED,2,931369.23,931369.23,0.00
2026-07-04,Upi,SUCCESS,7,1453552.77,0.00,1453552.77
2026-07-04,Wallet,PENDING,2,415328.91,0.00,415328.91
2026-07-04,Wallet,REFUNDED,3,1295970.31,1295970.31,0.00
2026-07-04,Wallet,SUCCESS,8,2349317.65,0.00,2349317.65
2026-07-05,Credit Card,REFUNDED,2,101605.97,101605.97,0.00
2026-07-05,Credit Card,SUCCESS,5,992405.71,0.00,992405.71
2026-07-05,Debit Card,REFUNDED,2,153101.59,153101.59,0.00
2026-07-05,Debit Card,SUCCESS,10,2970320.42,0.00,2970320.42
2026-07-05,Net Banking,FAILED,3,773804.69,0.00,773804.69
2026-07-05,Net Banking,REFUNDED,1,18510.92,18510.92,0.00
2026-07-05,Net Banking,SUCCESS,4,593101.27,0.00,593101.27
2026-07-05,Upi,FAILED,1,122201.73,0.00,122201.73
2026-07-05,Upi,REFUNDED,1,38118.07,38118.07,0.00
2026-07-05,Upi,SUCCESS,19,5127969.32,0.00,5127969.32
2026-07-05,Wallet,FAILED,2,518650.11,0.00,518650.11
2026-07-05,Wallet,SUCCESS,4,498372.01,0.00,498372.01
2026-07-06,Credit Card,REFUNDED,1,168672.46,168672.46,0.00
2026-07-06,Credit Card,SUCCESS,4,1149445.24,0.00,1149445.24
2026-07-06,Debit Card,FAILED,1,25830.94,0.00,25830.94
2026-07-06,Debit Card,REFUNDED,2,652452.53,652452.53,0.00
2026-07-06,Debit Card,SUCCESS,13,3257583.91,0.00,3257583.91
2026-07-06,Net Banking,FAILED,1,220270.75,0.00,220270.75
2026-07-06,Net Banking,REFUNDED,3,1120082.98,1120082.98,0.00
2026-07-06,Net Banking,SUCCESS,10,2454170.19,0.00,2454170.19
2026-07-06,Upi,REFUNDED,2,380628.49,380628.49,0.00
2026-07-06,Upi,SUCCESS,9,2600927.41,0.00,2600927.41
2026-07-06,Wallet,FAILED,1,128031.54,0.00,128031.54
2026-07-06,Wallet,SUCCESS,6,1168316.05,0.00,1168316.05
2026-07-07,Credit Card,REFUNDED,1,103981.94,103981.94,0.00
2026-07-07,Credit Card,SUCCESS,10,2372793.86,0.00,2372793.86
2026-07-07,Debit Card,FAILED,2,256173.10,0.00,256173.10
2026-07-07,Debit Card,PENDING,1,6383.65,0.00,6383.65
2026-07-07,Debit Card,REFUNDED,3,676861.77,676861.77,0.00
2026-07-07,Debit Card,SUCCESS,14,3309138.17,0.00,3309138.17
2026-07-07,Net Banking,REFUNDED,1,253071.09,253071.09,0.00
2026-07-07,Net Banking,SUCCESS,6,1401091.33,0.00,1401091.33
2026-07-07,Upi,FAILED,1,322445.75,0.00,322445.75
2026-07-07,Upi,PENDING,1,683537.66,0.00,683537.66
2026-07-07,Upi,SUCCESS,9,1509182.89,0.00,1509182.89
2026-07-07,Wallet,FAILED,3,1273927.68,0.00,1273927.68
2026-07-07,Wallet,PENDING,1,47416.49,0.00,47416.49
2026-07-07,Wallet,SUCCESS,5,519814.41,0.00,519814.41
2026-07-08,Credit Card,REFUNDED,3,629587.29,629587.29,0.00
2026-07-08,Credit Card,SUCCESS,4,842265.52,0.00,842265.52
2026-07-08,Debit Card,FAILED,1,357588.50,0.00,357588.50
2026-07-08,Debit Card,REFUNDED,3,506884.80,506884.80,0.00
2026-07-08,Debit Card,SUCCESS,8,2194147.39,0.00,2194147.39
2026-07-08,Net Banking,FAILED,1,117813.24,0.00,117813.24
2026-07-08,Net Banking,SUCCESS,10,2558229.05,0.00,2558229.05
2026-07-08,Upi,FAILED,1,139437.15,0.00,139437.15
2026-07-08,Upi,PENDING,1,163163.56,0.00,163163.56
2026-07-08,Upi,REFUNDED,1,11729.41,11729.41,0.00
2026-07-08,Upi,SUCCESS,10,1833471.03,0.00,1833471.03
2026-07-08,Wallet,FAILED,3,591587.64,0.00,591587.64
2026-07-08,Wallet,SUCCESS,5,1661272.95,0.00,1661272.95
2026-07-09,Credit Card,REFUNDED,3,783941.96,783941.96,0.00
2026-07-09,Credit Card,SUCCESS,8,1464474.09,0.00,1464474.09
2026-07-09,Debit Card,FAILED,1,59655.08,0.00,59655.08
2026-07-09,Debit Card,PENDING,1,143038.62,0.00,143038.62
2026-07-09,Debit Card,REFUNDED,2,110931.25,110931.25,0.00
2026-07-09,Debit Card,SUCCESS,5,1136795.63,0.00,1136795.63
2026-07-09,Net Banking,FAILED,2,352229.15,0.00,352229.15
2026-07-09,Net Banking,SUCCESS,7,1316085.86,0.00,1316085.86
2026-07-09,Upi,PENDING,1,182842.40,0.00,182842.40
2026-07-09,Upi,REFUNDED,2,726951.61,726951.61,0.00
2026-07-09,Upi,SUCCESS,9,2383124.78,0.00,2383124.78
2026-07-09,Wallet,FAILED,3,671281.74,0.00,671281.74
2026-07-09,Wallet,REFUNDED,1,400829.01,400829.01,0.00
2026-07-09,Wallet,SUCCESS,3,814972.66,0.00,814972.66
2026-07-10,Credit Card,PENDING,1,354486.15,0.00,354486.15
2026-07-10,Credit Card,REFUNDED,3,765790.68,765790.68,0.00
2026-07-10,Credit Card,SUCCESS,6,1907047.77,0.00,1907047.77
2026-07-10,Debit Card,FAILED,2,147085.92,0.00,147085.92
2026-07-10,Debit Card,PENDING,1,269193.50,0.00,269193.50
2026-07-10,Debit Card,REFUNDED,4,1482791.03,1482791.03,0.00
2026-07-10,Debit Card,SUCCESS,10,2818686.42,0.00,2818686.42
2026-07-10,Net Banking,REFUNDED,3,869976.17,869976.17,0.00
2026-07-10,Net Banking,SUCCESS,9,2290928.89,0.00,2290928.89
2026-07-10,Upi,FAILED,1,88609.67,0.00,88609.67
2026-07-10,Upi,REFUNDED,2,515132.19,515132.19,0.00
2026-07-10,Upi,SUCCESS,9,1691099.71,0.00,1691099.71
2026-07-10,Wallet,FAILED,2,472746.22,0.00,472746.22
2026-07-10,Wallet,SUCCESS,5,1507731.73,0.00,1507731.73
2026-07-11,Credit Card,PENDING,1,561398.42,0.00,561398.42
2026-07-11,Credit Card,REFUNDED,2,390085.76,390085.76,0.00
2026-07-11,Credit Card,SUCCESS,6,1026476.83,0.00,1026476.83
2026-07-11,Debit Card,PENDING,1,164961.73,0.00,164961.73
2026-07-11,Debit Card,REFUNDED,1,381383.84,381383.84,0.00
2026-07-11,Debit Card,SUCCESS,9,1968979.47,0.00,1968979.47
2026-07-11,Net Banking,SUCCESS,11,2897169.96,0.00,2897169.96
2026-07-11,Upi,FAILED,3,623443.76,0.00,623443.76
2026-07-11,Upi,REFUNDED,2,286346.31,286346.31,0.00
2026-07-11,Upi,SUCCESS,8,2109865.09,0.00,2109865.09
2026-07-11,Wallet,FAILED,1,386432.98,0.00,386432.98
2026-07-11,Wallet,REFUNDED,1,130562.11,130562.11,0.00
2026-07-11,Wallet,SUCCESS,9,1954234.84,0.00,1954234.84
2026-07-12,Credit Card,FAILED,6,2074862.87,0.00,2074862.87
2026-07-12,Credit Card,SUCCESS,8,2919471.69,0.00,2919471.69
2026-07-12,Debit Card,FAILED,2,546908.15,0.00,546908.15
2026-07-12,Debit Card,REFUNDED,3,1312501.92,1312501.92,0.00
2026-07-12,Debit Card,SUCCESS,10,3321628.47,0.00,3321628.47
2026-07-12,Net Banking,FAILED,1,294943.32,0.00,294943.32
2026-07-12,Net Banking,REFUNDED,3,662520.77,662520.77,0.00
2026-07-12,Net Banking,SUCCESS,6,1595937.17,0.00,1595937.17
2026-07-12,Upi,FAILED,1,68538.86,0.00,68538.86
2026-07-12,Upi,PENDING,1,9742.59,0.00,9742.59
2026-07-12,Upi,REFUNDED,3,1030246.96,1030246.96,0.00
2026-07-12,Upi,SUCCESS,7,1513237.67,0.00,1513237.67
2026-07-12,Wallet,FAILED,2,449636.53,0.00,449636.53
2026-07-12,Wallet,REFUNDED,2,271156.86,271156.86,0.00
2026-07-12,Wallet,SUCCESS,9,2521243.12,0.00,2521243.12
2026-07-13,Credit Card,FAILED,3,577234.48,0.00,577234.48
2026-07-13,Credit Card,REFUNDED,1,108797.96,108797.96,0.00
2026-07-13,Credit Card,SUCCESS,5,1435120.22,0.00,1435120.22
2026-07-13,Debit Card,PENDING,1,172417.31,0.00,172417.31
2026-07-13,Debit Card,REFUNDED,3,1023599.30,1023599.30,0.00
2026-07-13,Debit Card,SUCCESS,5,2138681.11,0.00,2138681.11
2026-07-13,Net Banking,REFUNDED,2,887929.06,887929.06,0.00
2026-07-13,Net Banking,SUCCESS,7,2117764.01,0.00,2117764.01
2026-07-13,Upi,FAILED,1,254517.90,0.00,254517.90
2026-07-13,Upi,PENDING,4,1898851.40,0.00,1898851.40
2026-07-13,Upi,REFUNDED,1,125697.93,125697.93,0.00
2026-07-13,Upi,SUCCESS,5,917446.80,0.00,917446.80
2026-07-13,Wallet,FAILED,1,237442.59,0.00,237442.59
2026-07-13,Wallet,REFUNDED,4,882820.60,882820.60,0.00
2026-07-13,Wallet,SUCCESS,12,2973997.63,0.00,2973997.63
2026-07-14,Credit Card,FAILED,2,400158.91,0.00,400158.91
2026-07-14,Credit Card,REFUNDED,4,712941.86,712941.86,0.00
2026-07-14,Credit Card,SUCCESS,5,1308094.30,0.00,1308094.30
2026-07-14,Debit Card,FAILED,1,488900.26,0.00,488900.26
2026-07-14,Debit Card,REFUNDED,2,1009731.92,1009731.92,0.00
2026-07-14,Debit Card,SUCCESS,8,1986591.62,0.00,1986591.62
2026-07-14,Net Banking,PENDING,1,719493.82,0.00,719493.82
2026-07-14,Net Banking,REFUNDED,2,990575.45,990575.45,0.00
2026-07-14,Net Banking,SUCCESS,5,818809.05,0.00,818809.05
2026-07-14,Upi,REFUNDED,3,223606.74,223606.74,0.00
2026-07-14,Upi,SUCCESS,6,1660114.44,0.00,1660114.44
2026-07-14,Wallet,FAILED,4,1597135.39,0.00,1597135.39
2026-07-14,Wallet,PENDING,1,442623.64,0.00,442623.64
2026-07-14,Wallet,REFUNDED,2,769101.76,769101.76,0.00
2026-07-14,Wallet,SUCCESS,11,2728774.45,0.00,2728774.45
2026-07-15,Credit Card,FAILED,2,189105.07,0.00,189105.07
2026-07-15,Credit Card,REFUNDED,2,333069.49,333069.49,0.00
2026-07-15,Credit Card,SUCCESS,6,1286506.53,0.00,1286506.53
2026-07-15,Debit Card,FAILED,1,142862.53,0.00,142862.53
2026-07-15,Debit Card,REFUNDED,1,183818.08,183818.08,0.00
2026-07-15,Debit Card,SUCCESS,4,1422176.51,0.00,1422176.51
2026-07-15,Net Banking,PENDING,2,694364.74,0.00,694364.74
2026-07-15,Net Banking,SUCCESS,6,1317688.10,0.00,1317688.10
2026-07-15,Upi,FAILED,2,394419.97,0.00,394419.97
2026-07-15,Upi,PENDING,1,336855.08,0.00,336855.08
2026-07-15,Upi,REFUNDED,4,1108223.77,1108223.77,0.00
2026-07-15,Upi,SUCCESS,7,1257981.21,0.00,1257981.21
2026-07-15,Wallet,REFUNDED,1,142318.62,142318.62,0.00
2026-07-15,Wallet,SUCCESS,15,3719935.27,0.00,3719935.27
2026-07-16,Credit Card,FAILED,1,276753.48,0.00,276753.48
2026-07-16,Credit Card,PENDING,1,29611.93,0.00,29611.93
2026-07-16,Credit Card,REFUNDED,3,1005379.59,1005379.59,0.00
2026-07-16,Credit Card,SUCCESS,8,1806707.31,0.00,1806707.31
2026-07-16,Debit Card,FAILED,3,301761.00,0.00,301761.00
2026-07-16,Debit Card,PENDING,2,654329.36,0.00,654329.36
2026-07-16,Debit Card,REFUNDED,2,726179.63,726179.63,0.00
2026-07-16,Debit Card,SUCCESS,8,1656930.74,0.00,1656930.74
2026-07-16,Net Banking,FAILED,1,368126.02,0.00,368126.02
2026-07-16,Net Banking,REFUNDED,2,276516.20,276516.20,0.00
2026-07-16,Net Banking,SUCCESS,13,2745898.55,0.00,2745898.55
2026-07-16,Upi,PENDING,1,366969.69,0.00,366969.69
2026-07-16,Upi,SUCCESS,5,1134772.97,0.00,1134772.97
2026-07-16,Wallet,FAILED,1,177292.22,0.00,177292.22
2026-07-16,Wallet,REFUNDED,2,723894.43,723894.43,0.00
2026-07-16,Wallet,SUCCESS,9,2809171.80,0.00,2809171.80
2026-07-17,Credit Card,REFUNDED,2,948629.24,948629.24,0.00
2026-07-17,Credit Card,SUCCESS,12,2821662.71,0.00,2821662.71
2026-07-17,Debit Card,FAILED,1,122452.65,0.00,122452.65
2026-07-17,Debit Card,SUCCESS,3,897309.53,0.00,897309.53
2026-07-17,Net Banking,PENDING,1,110677.43,0.00,110677.43
2026-07-17,Net Banking,REFUNDED,1,57083.94,57083.94,0.00
2026-07-17,Net Banking,SUCCESS,7,1517720.17,0.00,1517720.17
2026-07-17,Upi,FAILED,2,338993.38,0.00,338993.38
2026-07-17,Upi,REFUNDED,2,349710.79,349710.79,0.00
2026-07-17,Upi,SUCCESS,5,1564485.21,0.00,1564485.21
2026-07-17,Wallet,SUCCESS,7,1185523.11,0.00,1185523.11
2026-07-18,Credit Card,FAILED,1,145722.93,0.00,145722.93
2026-07-18,Credit Card,REFUNDED,2,405846.23,405846.23,0.00
2026-07-18,Credit Card,SUCCESS,8,2009029.64,0.00,2009029.64
2026-07-18,Debit Card,FAILED,2,544986.51,0.00,544986.51
2026-07-18,Debit Card,SUCCESS,8,2802692.39,0.00,2802692.39
2026-07-18,Net Banking,FAILED,1,463310.49,0.00,463310.49
2026-07-18,Net Banking,PENDING,2,586559.43,0.00,586559.43
2026-07-18,Net Banking,REFUNDED,2,541609.37,541609.37,0.00
2026-07-18,Net Banking,SUCCESS,6,1768037.10,0.00,1768037.10
2026-07-18,Upi,REFUNDED,2,462934.25,462934.25,0.00
2026-07-18,Upi,SUCCESS,8,2429129.24,0.00,2429129.24
2026-07-18,Wallet,FAILED,1,378084.10,0.00,378084.10
2026-07-18,Wallet,REFUNDED,1,164099.87,164099.87,0.00
2026-07-18,Wallet,SUCCESS,11,1282892.90,0.00,1282892.90
2026-07-19,Credit Card,PENDING,1,42980.88,0.00,42980.88
2026-07-19,Credit Card,REFUNDED,3,443639.00,443639.00,0.00
2026-07-19,Credit Card,SUCCESS,4,1612103.55,0.00,1612103.55
2026-07-19,Debit Card,FAILED,2,251876.90,0.00,251876.90
2026-07-19,Debit Card,SUCCESS,7,1493452.21,0.00,1493452.21
2026-07-19,Net Banking,FAILED,4,1126721.78,0.00,1126721.78
2026-07-19,Net Banking,PENDING,1,388096.96,0.00,388096.96
2026-07-19,Net Banking,REFUNDED,2,290424.82,290424.82,0.00
2026-07-19,Net Banking,SUCCESS,5,2126327.00,0.00,2126327.00
2026-07-19,Upi,FAILED,1,528494.84,0.00,528494.84
2026-07-19,Upi,REFUNDED,1,117992.42,117992.42,0.00
2026-07-19,Upi,SUCCESS,12,3314495.75,0.00,3314495.75
2026-07-19,Wallet,FAILED,1,289539.38,0.00,289539.38
2026-07-19,Wallet,REFUNDED,2,484120.68,484120.68,0.00
2026-07-19,Wallet,SUCCESS,4,1602207.94,0.00,1602207.94
2026-07-20,Debit Card,REFUNDED,1,59842.71,59842.71,0.00
2026-07-21,Credit Card,FAILED,8,1026940.78,0.00,1026940.78
2026-07-21,Credit Card,PENDING,34,8320671.92,0.00,8320671.92
2026-07-21,Credit Card,REFUNDED,1,77411.28,77411.28,0.00
2026-07-21,Credit Card,SUCCESS,68,19736393.14,0.00,19736393.14
2026-07-21,Debit Card,FAILED,8,1819754.76,0.00,1819754.76
2026-07-21,Debit Card,PENDING,37,9204156.08,0.00,9204156.08
2026-07-21,Debit Card,REFUNDED,5,933180.18,933180.18,0.00
2026-07-21,Debit Card,SUCCESS,68,17488839.49,0.00,17488839.49
2026-07-21,Net Banking,FAILED,7,2124097.66,0.00,2124097.66
2026-07-21,Net Banking,PENDING,37,9992126.04,0.00,9992126.04
2026-07-21,Net Banking,REFUNDED,2,814508.37,814508.37,0.00
2026-07-21,Net Banking,SUCCESS,77,16082416.02,0.00,16082416.02
2026-07-21,Upi,FAILED,4,1563299.47,0.00,1563299.47
2026-07-21,Upi,PENDING,39,9588807.49,0.00,9588807.49
2026-07-21,Upi,REFUNDED,1,201733.10,201733.10,0.00
2026-07-21,Upi,SUCCESS,76,18531578.87,0.00,18531578.87
2026-07-21,Wallet,FAILED,3,1288603.15,0.00,1288603.15
2026-07-21,Wallet,PENDING,27,6241869.92,0.00,6241869.92
2026-07-21,Wallet,REFUNDED,2,900373.23,900373.23,0.00
2026-07-21,Wallet,SUCCESS,64,14898189.02,0.00,14898189.02
2026-07-22,Credit Card,PENDING,2,297303.28,0.00,297303.28
2026-07-22,Credit Card,SUCCESS,5,763568.59,0.00,763568.59
2026-07-22,Debit Card,FAILED,1,410403.43,0.00,410403.43
2026-07-22,Debit Card,PENDING,1,113434.69,0.00,113434.69
2026-07-22,Debit Card,SUCCESS,3,523349.98,0.00,523349.98
2026-07-22,Net Banking,SUCCESS,1,252067.84,0.00,252067.84
2026-07-22,Upi,FAILED,1,61308.00,0.00,61308.00
2026-07-22,Upi,SUCCESS,1,33850.08,0.00,33850.08
2026-07-22,Wallet,PENDING,2,514476.99,0.00,514476.99
2026-07-22,Wallet,SUCCESS,4,1210197.77,0.00,1210197.77
